last_update,station,city,state,country,latitude,longitude,pollutant_id,min_value,max_value,avg_value
05-09-2026," Indira Nagar, Raebareli - NTPC Unchahar",Raebareli,Uttar Pradesh,India,26.207781,81.245571,CO,47.0,64.0,55.0
05-09-2026," Indira Nagar, Raebareli - NTPC Unchahar",Raebareli,Uttar Pradesh,India,26.207781,81.245571,NH3,8.0,15.0,11.0
05-09-2026," Indira Nagar, Raebareli - NTPC Unchahar",Raebareli,Uttar Pradesh,India,26.207781,81.245571,NO2,16.0,35.0,23.0
05-09-2026," Indira Nagar, Raebareli - NTPC Unchahar",Raebareli,Uttar Pradesh,India,26.207781,81.245571,OZONE,26.0,45.0,35.0
05-09-2026," Indira Nagar, Raebareli - NTPC Unchahar",Raebareli,Uttar Pradesh,India,26.207781,81.245571,PM10,63.0,99.0,83.0
05-09-2026," Indira Nagar, Raebareli - NTPC Unchahar",Raebareli,Uttar Pradesh,India,26.207781,81.245571,PM2.5,28.0,49.0,41.0
05-09-2026," Indira Nagar, Raebareli - NTPC Unchahar",Raebareli,Uttar Pradesh,India,26.207781,81.245571,SO2,11.0,18.0,14.0
05-09-2026,"32Bungalows, Bhilai - CECB",Bhilai,Chhattisgarh,India,21.194815,81.31477,CO,9.0,18.0,12.0
05-09-2026,"32Bungalows, Bhilai - CECB",Bhilai,Chhattisgarh,India,21.194815,81.31477,NH3,3.0,5.0,4.0
05-09-2026,"32Bungalows, Bhilai - CECB",Bhilai,Chhattisgarh,India,21.194815,81.31477,NO2,4.0,11.0,6.0
05-09-2026,"32Bungalows, Bhilai - CECB",Bhilai,Chhattisgarh,India,21.194815,81.31477,OZONE,12.0,24.0,18.0
05-09-2026,"32Bungalows, Bhilai - CECB",Bhilai,Chhattisgarh,India,21.194815,81.31477,PM10,,,
05-09-2026,"32Bungalows, Bhilai - CECB",Bhilai,Chhattisgarh,India,21.194815,81.31477,PM2.5,6.0,24.0,15.0
05-09-2026,"32Bungalows, Bhilai - CECB",Bhilai,Chhattisgarh,India,21.194815,81.31477,SO2,5.0,13.0,7.0
05-09-2026,"AIIMS, Raipur - CECB",Raipur,Chhattisgarh,India,21.258815,81.578979,CO,21.0,22.0,21.0
05-09-2026,"AIIMS, Raipur - CECB",Raipur,Chhattisgarh,India,21.258815,81.578979,NH3,2.0,2.0,2.0
05-09-2026,"AIIMS, Raipur - CECB",Raipur,Chhattisgarh,India,21.258815,81.578979,NO2,0.0,2.0,1.0
05-09-2026,"AIIMS, Raipur - CECB",Raipur,Chhattisgarh,India,21.258815,81.578979,OZONE,13.0,17.0,14.0
05-09-2026,"AIIMS, Raipur - CECB",Raipur,Chhattisgarh,India,21.258815,81.578979,PM10,14.0,36.0,23.0
05-09-2026,"AIIMS, Raipur - CECB",Raipur,Chhattisgarh,India,21.258815,81.578979,PM2.5,7.0,28.0,15.0
05-09-2026,"AIIMS, Raipur - CECB",Raipur,Chhattisgarh,India,21.258815,81.578979,SO2,4.0,5.0,4.0
05-09-2026,"Adarsh Nagar, Jaipur - RSPCB",Jaipur,Rajasthan,India,26.902909,75.836858,CO,13.0,100.0,45.0
05-09-2026,"Adarsh Nagar, Jaipur - RSPCB",Jaipur,Rajasthan,India,26.902909,75.836858,NH3,5.0,12.0,8.0
05-09-2026,"Adarsh Nagar, Jaipur - RSPCB",Jaipur,Rajasthan,India,26.902909,75.836858,NO2,14.0,65.0,26.0
05-09-2026,"Adarsh Nagar, Jaipur - RSPCB",Jaipur,Rajasthan,India,26.902909,75.836858,OZONE,17.0,21.0,19.0
05-09-2026,"Adarsh Nagar, Jaipur - RSPCB",Jaipur,Rajasthan,India,26.902909,75.836858,PM10,13.0,54.0,34.0
05-09-2026,"Adarsh Nagar, Jaipur - RSPCB",Jaipur,Rajasthan,India,26.902909,75.836858,PM2.5,5.0,66.0,33.0
05-09-2026,"Adarsh Nagar, Jaipur - RSPCB",Jaipur,Rajasthan,India,26.902909,75.836858,SO2,6.0,78.0,26.0
05-09-2026,"Airport Area, Indore - IMC",Indore,Madhya Pradesh,India,22.7289,75.8076,CO,35.0,40.0,36.0
05-09-2026,"Airport Area, Indore - IMC",Indore,Madhya Pradesh,India,22.7289,75.8076,NH3,0.0,0.0,0.0
05-09-2026,"Airport Area, Indore - IMC",Indore,Madhya Pradesh,India,22.7289,75.8076,NO2,20.0,21.0,20.0
05-09-2026,"Airport Area, Indore - IMC",Indore,Madhya Pradesh,India,22.7289,75.8076,OZONE,5.0,8.0,6.0
05-09-2026,"Airport Area, Indore - IMC",Indore,Madhya Pradesh,India,22.7289,75.8076,PM10,28.0,72.0,44.0
05-09-2026,"Airport Area, Indore - IMC",Indore,Madhya Pradesh,India,22.7289,75.8076,PM2.5,32.0,80.0,47.0
05-09-2026,"Airport Area, Indore - IMC",Indore,Madhya Pradesh,India,22.7289,75.8076,SO2,9.0,10.0,10.0
05-09-2026,"Ambazari, Nagpur - MPCB",Nagpur,Maharashtra,India,21.121801,79.04952,CO,14.0,24.0,20.0
05-09-2026,"Ambazari, Nagpur - MPCB",Nagpur,Maharashtra,India,21.121801,79.04952,NH3,2.0,2.0,2.0
05-09-2026,"Ambazari, Nagpur - MPCB",Nagpur,Maharashtra,India,21.121801,79.04952,NO2,9.0,16.0,11.0
05-09-2026,"Ambazari, Nagpur - MPCB",Nagpur,Maharashtra,India,21.121801,79.04952,OZONE,11.0,18.0,13.0
05-09-2026,"Ambazari, Nagpur - MPCB",Nagpur,Maharashtra,India,21.121801,79.04952,PM10,34.0,62.0,44.0
05-09-2026,"Ambazari, Nagpur - MPCB",Nagpur,Maharashtra,India,21.121801,79.04952,PM2.5,21.0,51.0,33.0
05-09-2026,"Ambazari, Nagpur - MPCB",Nagpur,Maharashtra,India,21.121801,79.04952,SO2,11.0,12.0,11.0
05-09-2026,"Ambedkar Nagar, Nellore - APPCB ",Nellore,Andhra Pradesh,India,14.438164,79.966814,CO,32.0,32.0,32.0
05-09-2026,"Ambedkar Nagar, Nellore - APPCB ",Nellore,Andhra Pradesh,India,14.438164,79.966814,NH3,5.0,6.0,6.0
05-09-2026,"Ambedkar Nagar, Nellore - APPCB ",Nellore,Andhra Pradesh,India,14.438164,79.966814,NO2,32.0,34.0,33.0
05-09-2026,"Ambedkar Nagar, Nellore - APPCB ",Nellore,Andhra Pradesh,India,14.438164,79.966814,OZONE,28.0,31.0,30.0
05-09-2026,"Ambedkar Nagar, Nellore - APPCB ",Nellore,Andhra Pradesh,India,14.438164,79.966814,PM10,54.0,69.0,60.0
05-09-2026,"Ambedkar Nagar, Nellore - APPCB ",Nellore,Andhra Pradesh,India,14.438164,79.966814,PM2.5,52.0,55.0,53.0
05-09-2026,"Ambedkar Nagar, Nellore - APPCB ",Nellore,Andhra Pradesh,India,14.438164,79.966814,SO2,18.0,23.0,19.0
05-09-2026,"Amity University, Panchgaon - IITM",Panchgaon,Haryana,India,28.3153,76.9143,CO,23.0,59.0,47.0
05-09-2026,"Amity University, Panchgaon - IITM",Panchgaon,Haryana,India,28.3153,76.9143,NH3,4.0,15.0,8.0
05-09-2026,"Amity University, Panchgaon - IITM",Panchgaon,Haryana,India,28.3153,76.9143,NO2,38.0,237.0,103.0
05-09-2026,"Amity University, Panchgaon - IITM",Panchgaon,Haryana,India,28.3153,76.9143,OZONE,34.0,69.0,52.0
05-09-2026,"Amity University, Panchgaon - IITM",Panchgaon,Haryana,India,28.3153,76.9143,PM10,27.0,500.0,80.0
05-09-2026,"Amity University, Panchgaon - IITM",Panchgaon,Haryana,India,28.3153,76.9143,PM2.5,31.0,500.0,91.0
05-09-2026,"Amity University, Panchgaon - IITM",Panchgaon,Haryana,India,28.3153,76.9143,SO2,5.0,24.0,15.0
05-09-2026,"Anand Kala Kshetram, Rajamahendravaram - APPCB",Rajamahendravaram,Andhra Pradesh,India,16.9872867,81.7363176,CO,11.0,32.0,21.0
05-09-2026,"Anand Kala Kshetram, Rajamahendravaram - APPCB",Rajamahendravaram,Andhra Pradesh,India,16.9872867,81.7363176,NH3,2.0,3.0,2.0
05-09-2026,"Anand Kala Kshetram, Rajamahendravaram - APPCB",Rajamahendravaram,Andhra Pradesh,India,16.9872867,81.7363176,NO2,4.0,16.0,9.0
05-09-2026,"Anand Kala Kshetram, Rajamahendravaram - APPCB",Rajamahendravaram,Andhra Pradesh,India,16.9872867,81.7363176,OZONE,32.0,76.0,50.0
05-09-2026,"Anand Kala Kshetram, Rajamahendravaram - APPCB",Rajamahendravaram,Andhra Pradesh,India,16.9872867,81.7363176,PM10,43.0,81.0,61.0
05-09-2026,"Anand Kala Kshetram, Rajamahendravaram - APPCB",Rajamahendravaram,Andhra Pradesh,India,16.9872867,81.7363176,PM2.5,24.0,50.0,37.0
05-09-2026,"Anand Kala Kshetram, Rajamahendravaram - APPCB",Rajamahendravaram,Andhra Pradesh,India,16.9872867,81.7363176,SO2,2.0,8.0,4.0
05-09-2026,"Anand Nagar, Raebareli - UPPCB",Raebareli,Uttar Pradesh,India,26.219512,81.237648,CO,82.0,84.0,82.0
05-09-2026,"Anand Nagar, Raebareli - UPPCB",Raebareli,Uttar Pradesh,India,26.219512,81.237648,NH3,,,
05-09-2026,"Anand Nagar, Raebareli - UPPCB",Raebareli,Uttar Pradesh,India,26.219512,81.237648,NO2,4.0,20.0,8.0
05-09-2026,"Anand Nagar, Raebareli - UPPCB",Raebareli,Uttar Pradesh,India,26.219512,81.237648,OZONE,54.0,71.0,68.0
05-09-2026,"Anand Nagar, Raebareli - UPPCB",Raebareli,Uttar Pradesh,India,26.219512,81.237648,PM10,48.0,92.0,74.0
05-09-2026,"Anand Nagar, Raebareli - UPPCB",Raebareli,Uttar Pradesh,India,26.219512,81.237648,PM2.5,25.0,42.0,35.0
05-09-2026,"Anand Nagar, Raebareli - UPPCB",Raebareli,Uttar Pradesh,India,26.219512,81.237648,SO2,13.0,13.0,13.0
05-09-2026,"Anand Vihar, Delhi - DPCC",Delhi,Delhi,India,28.647622,77.315809,CO,1.0,18.0,7.0
05-09-2026,"Anand Vihar, Delhi - DPCC",Delhi,Delhi,India,28.647622,77.315809,NH3,2.0,6.0,4.0
05-09-2026,"Anand Vihar, Delhi - DPCC",Delhi,Delhi,India,28.647622,77.315809,NO2,8.0,38.0,18.0
05-09-2026,"Anand Vihar, Delhi - DPCC",Delhi,Delhi,India,28.647622,77.315809,OZONE,11.0,23.0,13.0
05-09-2026,"Anand Vihar, Delhi - DPCC",Delhi,Delhi,India,28.647622,77.315809,PM10,3.0,135.0,66.0
05-09-2026,"Anand Vihar, Delhi - DPCC",Delhi,Delhi,India,28.647622,77.315809,PM2.5,2.0,2.0,2.0
05-09-2026,"Anand Vihar, Delhi - DPCC",Delhi,Delhi,India,28.647622,77.315809,SO2,19.0,42.0,29.0
05-09-2026,"Anand Vihar, Hapur - UPPCB",Hapur,Uttar Pradesh,India,28.725645,77.749675,CO,29.0,35.0,32.0
05-09-2026,"Anand Vihar, Hapur - UPPCB",Hapur,Uttar Pradesh,India,28.725645,77.749675,NH3,0.0,1.0,1.0
05-09-2026,"Anand Vihar, Hapur - UPPCB",Hapur,Uttar Pradesh,India,28.725645,77.749675,NO2,0.0,10.0,4.0
05-09-2026,"Anand Vihar, Hapur - UPPCB",Hapur,Uttar Pradesh,India,28.725645,77.749675,OZONE,10.0,20.0,14.0
05-09-2026,"Anand Vihar, Hapur - UPPCB",Hapur,Uttar Pradesh,India,28.725645,77.749675,PM10,13.0,46.0,29.0
05-09-2026,"Anand Vihar, Hapur - UPPCB",Hapur,Uttar Pradesh,India,28.725645,77.749675,PM2.5,6.0,42.0,21.0
05-09-2026,"Anand Vihar, Hapur - UPPCB",Hapur,Uttar Pradesh,India,28.725645,77.749675,SO2,3.0,15.0,10.0
05-09-2026,"Anthoni Pillai Nagar, Gummidipoondi - TNPCB",Gummidipoondi,Tamil Nadu,India,13.4127,80.1081,CO,,,
05-09-2026,"Anthoni Pillai Nagar, Gummidipoondi - TNPCB",Gummidipoondi,Tamil Nadu,India,13.4127,80.1081,NH3,0.0,1.0,1.0
05-09-2026,"Anthoni Pillai Nagar, Gummidipoondi - TNPCB",Gummidipoondi,Tamil Nadu,India,13.4127,80.1081,NO2,12.0,26.0,19.0
05-09-2026,"Anthoni Pillai Nagar, Gummidipoondi - TNPCB",Gummidipoondi,Tamil Nadu,India,13.4127,80.1081,OZONE,,,
05-09-2026,"Anthoni Pillai Nagar, Gummidipoondi - TNPCB",Gummidipoondi,Tamil Nadu,India,13.4127,80.1081,PM10,53.0,142.0,93.0
05-09-2026,"Anthoni Pillai Nagar, Gummidipoondi - TNPCB",Gummidipoondi,Tamil Nadu,India,13.4127,80.1081,PM2.5,37.0,309.0,101.0
05-09-2026,"Anthoni Pillai Nagar, Gummidipoondi - TNPCB",Gummidipoondi,Tamil Nadu,India,13.4127,80.1081,SO2,2.0,71.0,22.0
05-09-2026,"Ardhali Bazar, Varanasi - UPPCB",Varanasi,Uttar Pradesh,India,25.3505986,82.9083074,CO,14.0,20.0,15.0
05-09-2026,"Ardhali Bazar, Varanasi - UPPCB",Varanasi,Uttar Pradesh,India,25.3505986,82.9083074,NH3,,,
05-09-2026,"Ardhali Bazar, Varanasi - UPPCB",Varanasi,Uttar Pradesh,India,25.3505986,82.9083074,NO2,20.0,24.0,22.0
05-09-2026,"Ardhali Bazar, Varanasi - UPPCB",Varanasi,Uttar Pradesh,India,25.3505986,82.9083074,OZONE,7.0,23.0,13.0
05-09-2026,"Ardhali Bazar, Varanasi - UPPCB",Varanasi,Uttar Pradesh,India,25.3505986,82.9083074,PM10,28.0,93.0,56.0
05-09-2026,"Ardhali Bazar, Varanasi - UPPCB",Varanasi,Uttar Pradesh,India,25.3505986,82.9083074,PM2.5,20.0,69.0,41.0
05-09-2026,"Ardhali Bazar, Varanasi - UPPCB",Varanasi,Uttar Pradesh,India,25.3505986,82.9083074,SO2,4.0,7.0,6.0
05-09-2026,"Arumbakkam, Chennai - TNPCB",Chennai,Tamil Nadu,India,13.0664,80.2112,CO,,,
05-09-2026,"Arumbakkam, Chennai - TNPCB",Chennai,Tamil Nadu,India,13.0664,80.2112,NH3,2.0,3.0,2.0
05-09-2026,"Arumbakkam, Chennai - TNPCB",Chennai,Tamil Nadu,India,13.0664,80.2112,NO2,12.0,22.0,17.0
05-09-2026,"Arumbakkam, Chennai - TNPCB",Chennai,Tamil Nadu,India,13.0664,80.2112,OZONE,,,
05-09-2026,"Arumbakkam, Chennai - TNPCB",Chennai,Tamil Nadu,India,13.0664,80.2112,PM10,54.0,109.0,76.0
05-09-2026,"Arumbakkam, Chennai - TNPCB",Chennai,Tamil Nadu,India,13.0664,80.2112,PM2.5,20.0,72.0,42.0
05-09-2026,"Arumbakkam, Chennai - TNPCB",Chennai,Tamil Nadu,India,13.0664,80.2112,SO2,0.0,2.0,1.0
05-09-2026,"Arya Nagar, Bahadurgarh - HSPCB",Bahadurgarh,Haryana,India,28.6701,76.9254,CO,24.0,28.0,26.0
05-09-2026,"Arya Nagar, Bahadurgarh - HSPCB",Bahadurgarh,Haryana,India,28.6701,76.9254,NH3,7.0,8.0,8.0
05-09-2026,"Arya Nagar, Bahadurgarh - HSPCB",Bahadurgarh,Haryana,India,28.6701,76.9254,NO2,23.0,29.0,26.0
05-09-2026,"Arya Nagar, Bahadurgarh - HSPCB",Bahadurgarh,Haryana,India,28.6701,76.9254,OZONE,20.0,45.0,35.0
05-09-2026,"Arya Nagar, Bahadurgarh - HSPCB",Bahadurgarh,Haryana,India,28.6701,76.9254,PM10,27.0,47.0,35.0
05-09-2026,"Arya Nagar, Bahadurgarh - HSPCB",Bahadurgarh,Haryana,India,28.6701,76.9254,PM2.5,28.0,46.0,36.0
05-09-2026,"Arya Nagar, Bahadurgarh - HSPCB",Bahadurgarh,Haryana,India,28.6701,76.9254,SO2,5.0,7.0,6.0
05-09-2026,"Asansol Court Area, Asansol - WBPCB",Asansol,West Bengal,India,23.685297,86.945968,CO,20.0,53.0,33.0
05-09-2026,"Asansol Court Area, Asansol - WBPCB",Asansol,West Bengal,India,23.685297,86.945968,NH3,2.0,6.0,4.0
05-09-2026,"Asansol Court Area, Asansol - WBPCB",Asansol,West Bengal,India,23.685297,86.945968,NO2,28.0,38.0,33.0
05-09-2026,"Asansol Court Area, Asansol - WBPCB",Asansol,West Bengal,India,23.685297,86.945968,OZONE,21.0,34.0,28.0
05-09-2026,"Asansol Court Area, Asansol - WBPCB",Asansol,West Bengal,India,23.685297,86.945968,PM10,40.0,57.0,48.0
05-09-2026,"Asansol Court Area, Asansol - WBPCB",Asansol,West Bengal,India,23.685297,86.945968,PM2.5,33.0,51.0,42.0
05-09-2026,"Asansol Court Area, Asansol - WBPCB",Asansol,West Bengal,India,23.685297,86.945968,SO2,11.0,16.0,13.0
05-09-2026,"Ashok Nagar, Udaipur - RSPCB",Udaipur,Rajasthan,India,24.5886166,73.6321397,CO,12.0,48.0,28.0
05-09-2026,"Ashok Nagar, Udaipur - RSPCB",Udaipur,Rajasthan,India,24.5886166,73.6321397,NH3,3.0,7.0,4.0
05-09-2026,"Ashok Nagar, Udaipur - RSPCB",Udaipur,Rajasthan,India,24.5886166,73.6321397,NO2,6.0,38.0,21.0
05-09-2026,"Ashok Nagar, Udaipur - RSPCB",Udaipur,Rajasthan,India,24.5886166,73.6321397,OZONE,4.0,12.0,8.0
05-09-2026,"Ashok Nagar, Udaipur - RSPCB",Udaipur,Rajasthan,India,24.5886166,73.6321397,PM10,69.0,106.0,87.0
05-09-2026,"Ashok Nagar, Udaipur - RSPCB",Udaipur,Rajasthan,India,24.5886166,73.6321397,PM2.5,16.0,125.0,55.0
05-09-2026,"Ashok Nagar, Udaipur - RSPCB",Udaipur,Rajasthan,India,24.5886166,73.6321397,SO2,2.0,21.0,8.0
05-09-2026,"Ashok Vihar, Delhi - DPCC",Delhi,Delhi,India,28.695381,77.181665,CO,37.0,106.0,74.0
05-09-2026,"Ashok Vihar, Delhi - DPCC",Delhi,Delhi,India,28.695381,77.181665,NH3,4.0,7.0,5.0
05-09-2026,"Ashok Vihar, Delhi - DPCC",Delhi,Delhi,India,28.695381,77.181665,NO2,16.0,38.0,21.0
05-09-2026,"Ashok Vihar, Delhi - DPCC",Delhi,Delhi,India,28.695381,77.181665,OZONE,5.0,7.0,6.0
05-09-2026,"Ashok Vihar, Delhi - DPCC",Delhi,Delhi,India,28.695381,77.181665,PM10,28.0,55.0,40.0
05-09-2026,"Ashok Vihar, Delhi - DPCC",Delhi,Delhi,India,28.695381,77.181665,PM2.5,8.0,48.0,33.0
05-09-2026,"Ashok Vihar, Delhi - DPCC",Delhi,Delhi,India,28.695381,77.181665,SO2,20.0,32.0,30.0
05-09-2026,"Ashta Vinayak Nagar, Hingoli - MPCB",Hingoli,Maharashtra,India,19.710842,77.151824,CO,14.0,32.0,20.0
05-09-2026,"Ashta Vinayak Nagar, Hingoli - MPCB",Hingoli,Maharashtra,India,19.710842,77.151824,NH3,1.0,4.0,2.0
05-09-2026,"Ashta Vinayak Nagar, Hingoli - MPCB",Hingoli,Maharashtra,India,19.710842,77.151824,NO2,4.0,23.0,8.0
05-09-2026,"Ashta Vinayak Nagar, Hingoli - MPCB",Hingoli,Maharashtra,India,19.710842,77.151824,OZONE,13.0,38.0,30.0
05-09-2026,"Ashta Vinayak Nagar, Hingoli - MPCB",Hingoli,Maharashtra,India,19.710842,77.151824,PM10,25.0,105.0,60.0
05-09-2026,"Ashta Vinayak Nagar, Hingoli - MPCB",Hingoli,Maharashtra,India,19.710842,77.151824,PM2.5,18.0,48.0,32.0
05-09-2026,"Ashta Vinayak Nagar, Hingoli - MPCB",Hingoli,Maharashtra,India,19.710842,77.151824,SO2,3.0,12.0,5.0
05-09-2026,"Aya Nagar, Delhi - IITM",Delhi,Delhi,India,28.4706914,77.1099364,CO,26.0,40.0,32.0
05-09-2026,"Aya Nagar, Delhi - IITM",Delhi,Delhi,India,28.4706914,77.1099364,NH3,,,
05-09-2026,"Aya Nagar, Delhi - IITM",Delhi,Delhi,India,28.4706914,77.1099364,NO2,13.0,35.0,21.0
05-09-2026,"Aya Nagar, Delhi - IITM",Delhi,Delhi,India,28.4706914,77.1099364,OZONE,7.0,23.0,15.0
05-09-2026,"Aya Nagar, Delhi - IITM",Delhi,Delhi,India,28.4706914,77.1099364,PM10,8.0,81.0,34.0
05-09-2026,"Aya Nagar, Delhi - IITM",Delhi,Delhi,India,28.4706914,77.1099364,PM2.5,6.0,75.0,31.0
05-09-2026,"Aya Nagar, Delhi - IITM",Delhi,Delhi,India,28.4706914,77.1099364,SO2,,,
05-09-2026,"B R Ambedkar University, Lucknow - UPPCB",Lucknow,Uttar Pradesh,India,26.766433,80.927299,CO,22.0,25.0,24.0
05-09-2026,"B R Ambedkar University, Lucknow - UPPCB",Lucknow,Uttar Pradesh,India,26.766433,80.927299,NH3,3.0,3.0,3.0
05-09-2026,"B R Ambedkar University, Lucknow - UPPCB",Lucknow,Uttar Pradesh,India,26.766433,80.927299,NO2,12.0,12.0,12.0
05-09-2026,"B R Ambedkar University, Lucknow - UPPCB",Lucknow,Uttar Pradesh,India,26.766433,80.927299,OZONE,11.0,33.0,20.0
05-09-2026,"B R Ambedkar University, Lucknow - UPPCB",Lucknow,Uttar Pradesh,India,26.766433,80.927299,PM10,13.0,45.0,22.0
05-09-2026,"B R Ambedkar University, Lucknow - UPPCB",Lucknow,Uttar Pradesh,India,26.766433,80.927299,PM2.5,3.0,29.0,19.0
05-09-2026,"B R Ambedkar University, Lucknow - UPPCB",Lucknow,Uttar Pradesh,India,26.766433,80.927299,SO2,28.0,36.0,31.0
05-09-2026,"Ballygunge, Kolkata - WBPCB",Kolkata,West Bengal,India,22.5367507,88.3638022,CO,21.0,57.0,36.0
05-09-2026,"Ballygunge, Kolkata - WBPCB",Kolkata,West Bengal,India,22.5367507,88.3638022,NH3,8.0,13.0,9.0
05-09-2026,"Ballygunge, Kolkata - WBPCB",Kolkata,West Bengal,India,22.5367507,88.3638022,NO2,19.0,76.0,34.0
05-09-2026,"Ballygunge, Kolkata - WBPCB",Kolkata,West Bengal,India,22.5367507,88.3638022,OZONE,15.0,17.0,16.0
05-09-2026,"Ballygunge, Kolkata - WBPCB",Kolkata,West Bengal,India,22.5367507,88.3638022,PM10,41.0,80.0,58.0
05-09-2026,"Ballygunge, Kolkata - WBPCB",Kolkata,West Bengal,India,22.5367507,88.3638022,PM2.5,22.0,65.0,43.0
05-09-2026,"Ballygunge, Kolkata - WBPCB",Kolkata,West Bengal,India,22.5367507,88.3638022,SO2,2.0,7.0,5.0
05-09-2026,"Bamboliya, Baran - RSPCB",Baran,Rajasthan,India,25.106006,76.469948,CO,35.0,38.0,36.0
05-09-2026,"Bamboliya, Baran - RSPCB",Baran,Rajasthan,India,25.106006,76.469948,NH3,6.0,7.0,6.0
05-09-2026,"Bamboliya, Baran - RSPCB",Baran,Rajasthan,India,25.106006,76.469948,NO2,26.0,37.0,30.0
05-09-2026,"Bamboliya, Baran - RSPCB",Baran,Rajasthan,India,25.106006,76.469948,OZONE,3.0,49.0,22.0
05-09-2026,"Bamboliya, Baran - RSPCB",Baran,Rajasthan,India,25.106006,76.469948,PM10,14.0,44.0,33.0
05-09-2026,"Bamboliya, Baran - RSPCB",Baran,Rajasthan,India,25.106006,76.469948,PM2.5,3.0,12.0,9.0
05-09-2026,"Bamboliya, Baran - RSPCB",Baran,Rajasthan,India,25.106006,76.469948,SO2,4.0,8.0,6.0
05-09-2026,"Bandhavgar Colony, Satna - Birla Cement",Satna,Madhya Pradesh,India,24.58434363,80.8549414,CO,13.0,16.0,14.0
05-09-2026,"Bandhavgar Colony, Satna - Birla Cement",Satna,Madhya Pradesh,India,24.58434363,80.8549414,NH3,,,
05-09-2026,"Bandhavgar Colony, Satna - Birla Cement",Satna,Madhya Pradesh,India,24.58434363,80.8549414,NO2,12.0,13.0,13.0
05-09-2026,"Bandhavgar Colony, Satna - Birla Cement",Satna,Madhya Pradesh,India,24.58434363,80.8549414,OZONE,54.0,60.0,59.0
05-09-2026,"Bandhavgar Colony, Satna - Birla Cement",Satna,Madhya Pradesh,India,24.58434363,80.8549414,PM10,69.0,71.0,70.0
05-09-2026,"Bandhavgar Colony, Satna - Birla Cement",Satna,Madhya Pradesh,India,24.58434363,80.8549414,PM2.5,48.0,51.0,50.0
05-09-2026,"Bandhavgar Colony, Satna - Birla Cement",Satna,Madhya Pradesh,India,24.58434363,80.8549414,SO2,,,
05-09-2026,"Bandra Kurla Complex, Mumbai - IITM",Mumbai,Maharashtra,India,19.053536,72.84643,CO,23.0,42.0,32.0
05-09-2026,"Bandra Kurla Complex, Mumbai - IITM",Mumbai,Maharashtra,India,19.053536,72.84643,NH3,4.0,18.0,8.0
05-09-2026,"Bandra Kurla Complex, Mumbai - IITM",Mumbai,Maharashtra,India,19.053536,72.84643,NO2,7.0,23.0,12.0
05-09-2026,"Bandra Kurla Complex, Mumbai - IITM",Mumbai,Maharashtra,India,19.053536,72.84643,OZONE,14.0,19.0,18.0
05-09-2026,"Bandra Kurla Complex, Mumbai - IITM",Mumbai,Maharashtra,India,19.053536,72.84643,PM10,39.0,83.0,57.0
05-09-2026,"Bandra Kurla Complex, Mumbai - IITM",Mumbai,Maharashtra,India,19.053536,72.84643,PM2.5,3.0,30.0,14.0
05-09-2026,"Bandra Kurla Complex, Mumbai - IITM",Mumbai,Maharashtra,India,19.053536,72.84643,SO2,3.0,5.0,4.0
05-09-2026,"Bandra Kurla Complex, Mumbai - MPCB",Mumbai,Maharashtra,India,19.065931,72.862131,CO,19.0,24.0,23.0
05-09-2026,"Bandra Kurla Complex, Mumbai - MPCB",Mumbai,Maharashtra,India,19.065931,72.862131,NH3,0.0,0.0,0.0
05-09-2026,"Bandra Kurla Complex, Mumbai - MPCB",Mumbai,Maharashtra,India,19.065931,72.862131,NO2,0.0,0.0,0.0
05-09-2026,"Bandra Kurla Complex, Mumbai - MPCB",Mumbai,Maharashtra,India,19.065931,72.862131,OZONE,10.0,16.0,13.0
05-09-2026,"Bandra Kurla Complex, Mumbai - MPCB",Mumbai,Maharashtra,India,19.065931,72.862131,PM10,28.0,47.0,37.0
05-09-2026,"Bandra Kurla Complex, Mumbai - MPCB",Mumbai,Maharashtra,India,19.065931,72.862131,PM2.5,6.0,33.0,19.0
05-09-2026,"Bandra Kurla Complex, Mumbai - MPCB",Mumbai,Maharashtra,India,19.065931,72.862131,SO2,2.0,3.0,3.0
05-09-2026,"Bapuji Nagar, Bengaluru - KSPCB",Bengaluru,Karnataka,India,12.951913,77.539784,CO,31.0,50.0,40.0
05-09-2026,"Bapuji Nagar, Bengaluru - KSPCB",Bengaluru,Karnataka,India,12.951913,77.539784,NH3,2.0,3.0,3.0
05-09-2026,"Bapuji Nagar, Bengaluru - KSPCB",Bengaluru,Karnataka,India,12.951913,77.539784,NO2,21.0,33.0,23.0
05-09-2026,"Bapuji Nagar, Bengaluru - KSPCB",Bengaluru,Karnataka,India,12.951913,77.539784,OZONE,17.0,29.0,24.0
05-09-2026,"Bapuji Nagar, Bengaluru - KSPCB",Bengaluru,Karnataka,India,12.951913,77.539784,PM10,25.0,113.0,47.0
05-09-2026,"Bapuji Nagar, Bengaluru - KSPCB",Bengaluru,Karnataka,India,12.951913,77.539784,PM2.5,10.0,73.0,25.0
05-09-2026,"Bapuji Nagar, Bengaluru - KSPCB",Bengaluru,Karnataka,India,12.951913,77.539784,SO2,16.0,41.0,26.0
05-09-2026,"Bapunagar, Vadodara - Nexteng Enviro",Vadodara,Gujarat,India,22.320153,73.216285,CO,77.0,80.0,78.0
05-09-2026,"Bapunagar, Vadodara - Nexteng Enviro",Vadodara,Gujarat,India,22.320153,73.216285,NH3,2.0,2.0,2.0
05-09-2026,"Bapunagar, Vadodara - Nexteng Enviro",Vadodara,Gujarat,India,22.320153,73.216285,NO2,11.0,13.0,11.0
05-09-2026,"Bapunagar, Vadodara - Nexteng Enviro",Vadodara,Gujarat,India,22.320153,73.216285,OZONE,3.0,5.0,4.0
05-09-2026,"Bapunagar, Vadodara - Nexteng Enviro",Vadodara,Gujarat,India,22.320153,73.216285,PM10,36.0,92.0,60.0
05-09-2026,"Bapunagar, Vadodara - Nexteng Enviro",Vadodara,Gujarat,India,22.320153,73.216285,PM2.5,24.0,66.0,47.0
05-09-2026,"Bapunagar, Vadodara - Nexteng Enviro",Vadodara,Gujarat,India,22.320153,73.216285,SO2,7.0,8.0,8.0
05-09-2026,"Bardowali, Agartala - Tripura SPCB",Agartala,Tripura,India,23.8175497,91.2726974,CO,21.0,36.0,31.0
05-09-2026,"Bardowali, Agartala - Tripura SPCB",Agartala,Tripura,India,23.8175497,91.2726974,NH3,,,
05-09-2026,"Bardowali, Agartala - Tripura SPCB",Agartala,Tripura,India,23.8175497,91.2726974,NO2,13.0,14.0,13.0
05-09-2026,"Bardowali, Agartala - Tripura SPCB",Agartala,Tripura,India,23.8175497,91.2726974,OZONE,2.0,5.0,3.0
05-09-2026,"Bardowali, Agartala - Tripura SPCB",Agartala,Tripura,India,23.8175497,91.2726974,PM10,61.0,126.0,92.0
05-09-2026,"Bardowali, Agartala - Tripura SPCB",Agartala,Tripura,India,23.8175497,91.2726974,PM2.5,26.0,68.0,52.0
05-09-2026,"Bardowali, Agartala - Tripura SPCB",Agartala,Tripura,India,23.8175497,91.2726974,SO2,12.0,14.0,13.0
05-09-2026,"Barsua Iron Ore Mines, Tensa - OSPCB",Tensa,Odisha,India,21.869985,85.167016,CO,15.0,15.0,15.0
05-09-2026,"Barsua Iron Ore Mines, Tensa - OSPCB",Tensa,Odisha,India,21.869985,85.167016,NH3,,,
05-09-2026,"Barsua Iron Ore Mines, Tensa - OSPCB",Tensa,Odisha,India,21.869985,85.167016,NO2,,,
05-09-2026,"Barsua Iron Ore Mines, Tensa - OSPCB",Tensa,Odisha,India,21.869985,85.167016,OZONE,12.0,18.0,14.0
05-09-2026,"Barsua Iron Ore Mines, Tensa - OSPCB",Tensa,Odisha,India,21.869985,85.167016,PM10,28.0,50.0,42.0
05-09-2026,"Barsua Iron Ore Mines, Tensa - OSPCB",Tensa,Odisha,India,21.869985,85.167016,PM2.5,10.0,23.0,13.0
05-09-2026,"Barsua Iron Ore Mines, Tensa - OSPCB",Tensa,Odisha,India,21.869985,85.167016,SO2,0.0,42.0,25.0
05-09-2026,"Bata Chowk, Nalbari - PCBA",Nalbari,Assam,India,26.446912,91.439057,CO,21.0,22.0,21.0
05-09-2026,"Bata Chowk, Nalbari - PCBA",Nalbari,Assam,India,26.446912,91.439057,NH3,6.0,6.0,6.0
05-09-2026,"Bata Chowk, Nalbari - PCBA",Nalbari,Assam,India,26.446912,91.439057,NO2,14.0,15.0,15.0
05-09-2026,"Bata Chowk, Nalbari - PCBA",Nalbari,Assam,India,26.446912,91.439057,OZONE,19.0,19.0,19.0
05-09-2026,"Bata Chowk, Nalbari - PCBA",Nalbari,Assam,India,26.446912,91.439057,PM10,15.0,72.0,23.0
05-09-2026,"Bata Chowk, Nalbari - PCBA",Nalbari,Assam,India,26.446912,91.439057,PM2.5,20.0,98.0,31.0
05-09-2026,"Bata Chowk, Nalbari - PCBA",Nalbari,Assam,India,26.446912,91.439057,SO2,8.0,8.0,8.0
05-09-2026,"Bawana, Delhi - DPCC",Delhi,Delhi,India,28.7762,77.051074,CO,44.0,51.0,47.0
05-09-2026,"Bawana, Delhi - DPCC",Delhi,Delhi,India,28.7762,77.051074,NH3,4.0,6.0,5.0
05-09-2026,"Bawana, Delhi - DPCC",Delhi,Delhi,India,28.7762,77.051074,NO2,4.0,8.0,6.0
05-09-2026,"Bawana, Delhi - DPCC",Delhi,Delhi,India,28.7762,77.051074,OZONE,15.0,17.0,16.0
05-09-2026,"Bawana, Delhi - DPCC",Delhi,Delhi,India,28.7762,77.051074,PM10,12.0,74.0,31.0
05-09-2026,"Bawana, Delhi - DPCC",Delhi,Delhi,India,28.7762,77.051074,PM2.5,,,
05-09-2026,"Bawana, Delhi - DPCC",Delhi,Delhi,India,28.7762,77.051074,SO2,7.0,8.0,8.0
05-09-2026,"Belur Math, Howrah - WBPCB",Howrah,West Bengal,India,22.629801,88.352017,CO,13.0,83.0,42.0
05-09-2026,"Belur Math, Howrah - WBPCB",Howrah,West Bengal,India,22.629801,88.352017,NH3,3.0,4.0,4.0
05-09-2026,"Belur Math, Howrah - WBPCB",Howrah,West Bengal,India,22.629801,88.352017,NO2,26.0,64.0,40.0
05-09-2026,"Belur Math, Howrah - WBPCB",Howrah,West Bengal,India,22.629801,88.352017,OZONE,8.0,9.0,9.0
05-09-2026,"Belur Math, Howrah - WBPCB",Howrah,West Bengal,India,22.629801,88.352017,PM10,55.0,107.0,80.0
05-09-2026,"Belur Math, Howrah - WBPCB",Howrah,West Bengal,India,22.629801,88.352017,PM2.5,41.0,96.0,62.0
05-09-2026,"Belur Math, Howrah - WBPCB",Howrah,West Bengal,India,22.629801,88.352017,SO2,7.0,9.0,8.0
05-09-2026,"Bhatagaon New ISBT, Raipur - CECB",Raipur,Chhattisgarh,India,21.219665,81.630094,CO,16.0,49.0,26.0
05-09-2026,"Bhatagaon New ISBT, Raipur - CECB",Raipur,Chhattisgarh,India,21.219665,81.630094,NH3,2.0,2.0,2.0
05-09-2026,"Bhatagaon New ISBT, Raipur - CECB",Raipur,Chhattisgarh,India,21.219665,81.630094,NO2,6.0,24.0,12.0
05-09-2026,"Bhatagaon New ISBT, Raipur - CECB",Raipur,Chhattisgarh,India,21.219665,81.630094,OZONE,3.0,4.0,3.0
05-09-2026,"Bhatagaon New ISBT, Raipur - CECB",Raipur,Chhattisgarh,India,21.219665,81.630094,PM10,9.0,62.0,29.0
05-09-2026,"Bhatagaon New ISBT, Raipur - CECB",Raipur,Chhattisgarh,India,21.219665,81.630094,PM2.5,4.0,33.0,15.0
05-09-2026,"Bhatagaon New ISBT, Raipur - CECB",Raipur,Chhattisgarh,India,21.219665,81.630094,SO2,3.0,4.0,3.0
05-09-2026,"Bhayandar West, Mira-Bhayandar - MPCB",Mira-Bhayandar,Maharashtra,India,19.296481,72.840923,CO,10.0,11.0,10.0
05-09-2026,"Bhayandar West, Mira-Bhayandar - MPCB",Mira-Bhayandar,Maharashtra,India,19.296481,72.840923,NH3,1.0,25.0,6.0
05-09-2026,"Bhayandar West, Mira-Bhayandar - MPCB",Mira-Bhayandar,Maharashtra,India,19.296481,72.840923,NO2,3.0,17.0,8.0
05-09-2026,"Bhayandar West, Mira-Bhayandar - MPCB",Mira-Bhayandar,Maharashtra,India,19.296481,72.840923,OZONE,9.0,12.0,10.0
05-09-2026,"Bhayandar West, Mira-Bhayandar - MPCB",Mira-Bhayandar,Maharashtra,India,19.296481,72.840923,PM10,17.0,61.0,36.0
05-09-2026,"Bhayandar West, Mira-Bhayandar - MPCB",Mira-Bhayandar,Maharashtra,India,19.296481,72.840923,PM2.5,14.0,41.0,27.0
05-09-2026,"Bhayandar West, Mira-Bhayandar - MPCB",Mira-Bhayandar,Maharashtra,India,19.296481,72.840923,SO2,0.0,4.0,1.0
05-09-2026,"Bhelupur, Varanasi - UPPCB",Varanasi,Uttar Pradesh,India,25.301778,82.996789,CO,9.0,47.0,26.0
05-09-2026,"Bhelupur, Varanasi - UPPCB",Varanasi,Uttar Pradesh,India,25.301778,82.996789,NH3,1.0,1.0,1.0
05-09-2026,"Bhelupur, Varanasi - UPPCB",Varanasi,Uttar Pradesh,India,25.301778,82.996789,NO2,8.0,8.0,8.0
05-09-2026,"Bhelupur, Varanasi - UPPCB",Varanasi,Uttar Pradesh,India,25.301778,82.996789,OZONE,8.0,10.0,9.0
05-09-2026,"Bhelupur, Varanasi - UPPCB",Varanasi,Uttar Pradesh,India,25.301778,82.996789,PM10,16.0,432.0,87.0
05-09-2026,"Bhelupur, Varanasi - UPPCB",Varanasi,Uttar Pradesh,India,25.301778,82.996789,PM2.5,13.0,500.0,99.0
05-09-2026,"Bhelupur, Varanasi - UPPCB",Varanasi,Uttar Pradesh,India,25.301778,82.996789,SO2,28.0,39.0,31.0
05-09-2026,"Bhoiwada, Dungarpur - RSPCB",Dungarpur,Rajasthan,India,23.837789,73.714926,CO,21.0,25.0,23.0
05-09-2026,"Bhoiwada, Dungarpur - RSPCB",Dungarpur,Rajasthan,India,23.837789,73.714926,NH3,7.0,8.0,8.0
05-09-2026,"Bhoiwada, Dungarpur - RSPCB",Dungarpur,Rajasthan,India,23.837789,73.714926,NO2,6.0,12.0,8.0
05-09-2026,"Bhoiwada, Dungarpur - RSPCB",Dungarpur,Rajasthan,India,23.837789,73.714926,OZONE,31.0,37.0,34.0
05-09-2026,"Bhoiwada, Dungarpur - RSPCB",Dungarpur,Rajasthan,India,23.837789,73.714926,PM10,19.0,96.0,64.0
05-09-2026,"Bhoiwada, Dungarpur - RSPCB",Dungarpur,Rajasthan,India,23.837789,73.714926,PM2.5,10.0,57.0,30.0
05-09-2026,"Bhoiwada, Dungarpur - RSPCB",Dungarpur,Rajasthan,India,23.837789,73.714926,SO2,3.0,5.0,4.0
05-09-2026,"Bhopal Chauraha, Dewas - MPPCB",Dewas,Madhya Pradesh,India,22.9682591,76.064118,CO,25.0,49.0,33.0
05-09-2026,"Bhopal Chauraha, Dewas - MPPCB",Dewas,Madhya Pradesh,India,22.9682591,76.064118,NH3,2.0,3.0,2.0
05-09-2026,"Bhopal Chauraha, Dewas - MPPCB",Dewas,Madhya Pradesh,India,22.9682591,76.064118,NO2,48.0,83.0,57.0
05-09-2026,"Bhopal Chauraha, Dewas - MPPCB",Dewas,Madhya Pradesh,India,22.9682591,76.064118,OZONE,31.0,42.0,38.0
05-09-2026,"Bhopal Chauraha, Dewas - MPPCB",Dewas,Madhya Pradesh,India,22.9682591,76.064118,PM10,20.0,76.0,47.0
05-09-2026,"Bhopal Chauraha, Dewas - MPPCB",Dewas,Madhya Pradesh,India,22.9682591,76.064118,PM2.5,9.0,58.0,28.0
05-09-2026,"Bhopal Chauraha, Dewas - MPPCB",Dewas,Madhya Pradesh,India,22.9682591,76.064118,SO2,41.0,80.0,57.0
05-09-2026,"Bhosari, Pune - IITM",Pimpri-Chinchwad,Maharashtra,India,18.640051,73.848956,CO,26.0,41.0,32.0
05-09-2026,"Bhosari, Pune - IITM",Pimpri-Chinchwad,Maharashtra,India,18.640051,73.848956,NH3,,,
05-09-2026,"Bhosari, Pune - IITM",Pimpri-Chinchwad,Maharashtra,India,18.640051,73.848956,NO2,20.0,36.0,28.0
05-09-2026,"Bhosari, Pune - IITM",Pimpri-Chinchwad,Maharashtra,India,18.640051,73.848956,OZONE,10.0,25.0,18.0
05-09-2026,"Bhosari, Pune - IITM",Pimpri-Chinchwad,Maharashtra,India,18.640051,73.848956,PM10,36.0,83.0,58.0
05-09-2026,"Bhosari, Pune - IITM",Pimpri-Chinchwad,Maharashtra,India,18.640051,73.848956,PM2.5,12.0,55.0,33.0
05-09-2026,"Bhosari, Pune - IITM",Pimpri-Chinchwad,Maharashtra,India,18.640051,73.848956,SO2,,,
05-09-2026,"Bhumkar Nagar, Pune - IITM",Pimpri-Chinchwad,Maharashtra,India,18.60577,73.749976,CO,15.0,18.0,17.0
05-09-2026,"Bhumkar Nagar, Pune - IITM",Pimpri-Chinchwad,Maharashtra,India,18.60577,73.749976,NH3,,,
05-09-2026,"Bhumkar Nagar, Pune - IITM",Pimpri-Chinchwad,Maharashtra,India,18.60577,73.749976,NO2,17.0,24.0,20.0
05-09-2026,"Bhumkar Nagar, Pune - IITM",Pimpri-Chinchwad,Maharashtra,India,18.60577,73.749976,OZONE,8.0,15.0,11.0
05-09-2026,"Bhumkar Nagar, Pune - IITM",Pimpri-Chinchwad,Maharashtra,India,18.60577,73.749976,PM10,27.0,117.0,54.0
05-09-2026,"Bhumkar Nagar, Pune - IITM",Pimpri-Chinchwad,Maharashtra,India,18.60577,73.749976,PM2.5,9.0,57.0,23.0
05-09-2026,"Bhumkar Nagar, Pune - IITM",Pimpri-Chinchwad,Maharashtra,India,18.60577,73.749976,SO2,,,
05-09-2026,"Bidhannagar, Kolkata - WBPCB",Kolkata,West Bengal,India,22.58157048,88.41002457,CO,24.0,38.0,29.0
05-09-2026,"Bidhannagar, Kolkata - WBPCB",Kolkata,West Bengal,India,22.58157048,88.41002457,NH3,,,
05-09-2026,"Bidhannagar, Kolkata - WBPCB",Kolkata,West Bengal,India,22.58157048,88.41002457,NO2,,,
05-09-2026,"Bidhannagar, Kolkata - WBPCB",Kolkata,West Bengal,India,22.58157048,88.41002457,OZONE,13.0,23.0,19.0
05-09-2026,"Bidhannagar, Kolkata - WBPCB",Kolkata,West Bengal,India,22.58157048,88.41002457,PM10,30.0,61.0,45.0
05-09-2026,"Bidhannagar, Kolkata - WBPCB",Kolkata,West Bengal,India,22.58157048,88.41002457,PM2.5,16.0,55.0,38.0
05-09-2026,"Bidhannagar, Kolkata - WBPCB",Kolkata,West Bengal,India,22.58157048,88.41002457,SO2,6.0,10.0,8.0
05-09-2026,"Bir, Beed - MPCB",Beed,Maharashtra,India,18.988474,75.753873,CO,14.0,38.0,22.0
05-09-2026,"Bir, Beed - MPCB",Beed,Maharashtra,India,18.988474,75.753873,NH3,3.0,4.0,3.0
05-09-2026,"Bir, Beed - MPCB",Beed,Maharashtra,India,18.988474,75.753873,NO2,7.0,30.0,14.0
05-09-2026,"Bir, Beed - MPCB",Beed,Maharashtra,India,18.988474,75.753873,OZONE,6.0,22.0,17.0
05-09-2026,"Bir, Beed - MPCB",Beed,Maharashtra,India,18.988474,75.753873,PM10,19.0,49.0,34.0
05-09-2026,"Bir, Beed - MPCB",Beed,Maharashtra,India,18.988474,75.753873,PM2.5,10.0,30.0,23.0
05-09-2026,"Bir, Beed - MPCB",Beed,Maharashtra,India,18.988474,75.753873,SO2,5.0,10.0,7.0
05-09-2026,"Bolinj, Virar - MPCB",Virar,Maharashtra,India,19.445821,72.7988231,CO,2.0,64.0,17.0
05-09-2026,"Bolinj, Virar - MPCB",Virar,Maharashtra,India,19.445821,72.7988231,NH3,4.0,6.0,5.0
05-09-2026,"Bolinj, Virar - MPCB",Virar,Maharashtra,India,19.445821,72.7988231,NO2,5.0,19.0,9.0
05-09-2026,"Bolinj, Virar - MPCB",Virar,Maharashtra,India,19.445821,72.7988231,OZONE,1.0,2.0,1.0
05-09-2026,"Bolinj, Virar - MPCB",Virar,Maharashtra,India,19.445821,72.7988231,PM10,16.0,71.0,33.0
05-09-2026,"Bolinj, Virar - MPCB",Virar,Maharashtra,India,19.445821,72.7988231,PM2.5,11.0,48.0,22.0
05-09-2026,"Bolinj, Virar - MPCB",Virar,Maharashtra,India,19.445821,72.7988231,SO2,1.0,8.0,4.0
05-09-2026,"Bollaram Industrial Area, Hyderabad - TSPCB",Hyderabad,Telangana,India,17.518,78.383,CO,52.0,71.0,59.0
05-09-2026,"Bollaram Industrial Area, Hyderabad - TSPCB",Hyderabad,Telangana,India,17.518,78.383,NH3,,,
05-09-2026,"Bollaram Industrial Area, Hyderabad - TSPCB",Hyderabad,Telangana,India,17.518,78.383,NO2,,,
05-09-2026,"Bollaram Industrial Area, Hyderabad - TSPCB",Hyderabad,Telangana,India,17.518,78.383,OZONE,26.0,27.0,26.0
05-09-2026,"Bollaram Industrial Area, Hyderabad - TSPCB",Hyderabad,Telangana,India,17.518,78.383,PM10,,,
05-09-2026,"Bollaram Industrial Area, Hyderabad - TSPCB",Hyderabad,Telangana,India,17.518,78.383,PM2.5,,,
05-09-2026,"Bollaram Industrial Area, Hyderabad - TSPCB",Hyderabad,Telangana,India,17.518,78.383,SO2,,,
05-09-2026,"Borivali East, Mumbai - IITM",Mumbai,Maharashtra,India,19.23241,72.86895,CO,21.0,29.0,25.0
05-09-2026,"Borivali East, Mumbai - IITM",Mumbai,Maharashtra,India,19.23241,72.86895,NH3,3.0,4.0,4.0
05-09-2026,"Borivali East, Mumbai - IITM",Mumbai,Maharashtra,India,19.23241,72.86895,NO2,5.0,12.0,8.0
05-09-2026,"Borivali East, Mumbai - IITM",Mumbai,Maharashtra,India,19.23241,72.86895,OZONE,12.0,32.0,22.0
05-09-2026,"Borivali East, Mumbai - IITM",Mumbai,Maharashtra,India,19.23241,72.86895,PM10,20.0,44.0,28.0
05-09-2026,"Borivali East, Mumbai - IITM",Mumbai,Maharashtra,India,19.23241,72.86895,PM2.5,10.0,30.0,18.0
05-09-2026,"Borivali East, Mumbai - IITM",Mumbai,Maharashtra,India,19.23241,72.86895,SO2,,,
05-09-2026,"Borivali East, Mumbai - MPCB",Mumbai,Maharashtra,India,19.2243333,72.8658113,CO,7.0,8.0,8.0
05-09-2026,"Borivali East, Mumbai - MPCB",Mumbai,Maharashtra,India,19.2243333,72.8658113,NH3,2.0,2.0,2.0
05-09-2026,"Borivali East, Mumbai - MPCB",Mumbai,Maharashtra,India,19.2243333,72.8658113,NO2,10.0,10.0,10.0
05-09-2026,"Borivali East, Mumbai - MPCB",Mumbai,Maharashtra,India,19.2243333,72.8658113,OZONE,,,
05-09-2026,"Borivali East, Mumbai - MPCB",Mumbai,Maharashtra,India,19.2243333,72.8658113,PM10,19.0,43.0,27.0
05-09-2026,"Borivali East, Mumbai - MPCB",Mumbai,Maharashtra,India,19.2243333,72.8658113,PM2.5,9.0,27.0,15.0
05-09-2026,"Borivali East, Mumbai - MPCB",Mumbai,Maharashtra,India,19.2243333,72.8658113,SO2,16.0,20.0,18.0
05-09-2026,"Botanical Garden, Howrah - WBPCB",Howrah,West Bengal,India,22.554954,88.292568,CO,13.0,76.0,34.0
05-09-2026,"Botanical Garden, Howrah - WBPCB",Howrah,West Bengal,India,22.554954,88.292568,NH3,2.0,5.0,3.0
05-09-2026,"Botanical Garden, Howrah - WBPCB",Howrah,West Bengal,India,22.554954,88.292568,NO2,5.0,20.0,11.0
05-09-2026,"Botanical Garden, Howrah - WBPCB",Howrah,West Bengal,India,22.554954,88.292568,OZONE,17.0,55.0,37.0
05-09-2026,"Botanical Garden, Howrah - WBPCB",Howrah,West Bengal,India,22.554954,88.292568,PM10,59.0,137.0,95.0
05-09-2026,"Botanical Garden, Howrah - WBPCB",Howrah,West Bengal,India,22.554954,88.292568,PM2.5,43.0,180.0,76.0
05-09-2026,"Botanical Garden, Howrah - WBPCB",Howrah,West Bengal,India,22.554954,88.292568,SO2,2.0,4.0,3.0
05-09-2026,"Buddha Colony, Muzaffarpur - BSPCB",Muzaffarpur,Bihar,India,26.11442,85.39813,CO,15.0,27.0,20.0
05-09-2026,"Buddha Colony, Muzaffarpur - BSPCB",Muzaffarpur,Bihar,India,26.11442,85.39813,NH3,12.0,16.0,14.0
05-09-2026,"Buddha Colony, Muzaffarpur - BSPCB",Muzaffarpur,Bihar,India,26.11442,85.39813,NO2,12.0,36.0,18.0
05-09-2026,"Buddha Colony, Muzaffarpur - BSPCB",Muzaffarpur,Bihar,India,26.11442,85.39813,OZONE,18.0,36.0,28.0
05-09-2026,"Buddha Colony, Muzaffarpur - BSPCB",Muzaffarpur,Bihar,India,26.11442,85.39813,PM10,37.0,75.0,55.0
05-09-2026,"Buddha Colony, Muzaffarpur - BSPCB",Muzaffarpur,Bihar,India,26.11442,85.39813,PM2.5,27.0,74.0,50.0
05-09-2026,"Buddha Colony, Muzaffarpur - BSPCB",Muzaffarpur,Bihar,India,26.11442,85.39813,SO2,3.0,6.0,4.0
05-09-2026,"Buddhi Vihar, Moradabad - UPPCB",Moradabad,Uttar Pradesh,India,28.83526,78.7446,CO,4.0,28.0,16.0
05-09-2026,"Buddhi Vihar, Moradabad - UPPCB",Moradabad,Uttar Pradesh,India,28.83526,78.7446,NH3,5.0,5.0,5.0
05-09-2026,"Buddhi Vihar, Moradabad - UPPCB",Moradabad,Uttar Pradesh,India,28.83526,78.7446,NO2,28.0,29.0,29.0
05-09-2026,"Buddhi Vihar, Moradabad - UPPCB",Moradabad,Uttar Pradesh,India,28.83526,78.7446,OZONE,21.0,29.0,24.0
05-09-2026,"Buddhi Vihar, Moradabad - UPPCB",Moradabad,Uttar Pradesh,India,28.83526,78.7446,PM10,14.0,78.0,42.0
05-09-2026,"Buddhi Vihar, Moradabad - UPPCB",Moradabad,Uttar Pradesh,India,28.83526,78.7446,PM2.5,11.0,68.0,27.0
05-09-2026,"Buddhi Vihar, Moradabad - UPPCB",Moradabad,Uttar Pradesh,India,28.83526,78.7446,SO2,33.0,35.0,34.0
05-09-2026,"Burari Crossing, Delhi - IITM",Delhi,Delhi,India,28.7256504,77.2011573,CO,19.0,33.0,28.0
05-09-2026,"Burari Crossing, Delhi - IITM",Delhi,Delhi,India,28.7256504,77.2011573,NH3,,,
05-09-2026,"Burari Crossing, Delhi - IITM",Delhi,Delhi,India,28.7256504,77.2011573,NO2,15.0,61.0,37.0
05-09-2026,"Burari Crossing, Delhi - IITM",Delhi,Delhi,India,28.7256504,77.2011573,OZONE,5.0,43.0,27.0
05-09-2026,"Burari Crossing, Delhi - IITM",Delhi,Delhi,India,28.7256504,77.2011573,PM10,23.0,51.0,35.0
05-09-2026,"Burari Crossing, Delhi - IITM",Delhi,Delhi,India,28.7256504,77.2011573,PM2.5,16.0,49.0,34.0
05-09-2026,"Burari Crossing, Delhi - IITM",Delhi,Delhi,India,28.7256504,77.2011573,SO2,,,
05-09-2026,"Byculla, Mumbai - BMC",Mumbai,Maharashtra,India,18.9767,72.838,CO,37.0,49.0,41.0
05-09-2026,"Byculla, Mumbai - BMC",Mumbai,Maharashtra,India,18.9767,72.838,NH3,2.0,3.0,2.0
05-09-2026,"Byculla, Mumbai - BMC",Mumbai,Maharashtra,India,18.9767,72.838,NO2,8.0,24.0,12.0
05-09-2026,"Byculla, Mumbai - BMC",Mumbai,Maharashtra,India,18.9767,72.838,OZONE,3.0,7.0,5.0
05-09-2026,"Byculla, Mumbai - BMC",Mumbai,Maharashtra,India,18.9767,72.838,PM10,14.0,41.0,23.0
05-09-2026,"Byculla, Mumbai - BMC",Mumbai,Maharashtra,India,18.9767,72.838,PM2.5,9.0,19.0,14.0
05-09-2026,"Byculla, Mumbai - BMC",Mumbai,Maharashtra,India,18.9767,72.838,SO2,0.0,3.0,2.0
05-09-2026,"CBD Belapur, Belapur - MPCB",Belapur,Maharashtra,India,19.0243902,73.0406721,CO,39.0,43.0,41.0
05-09-2026,"CBD Belapur, Belapur - MPCB",Belapur,Maharashtra,India,19.0243902,73.0406721,NH3,1.0,4.0,3.0
05-09-2026,"CBD Belapur, Belapur - MPCB",Belapur,Maharashtra,India,19.0243902,73.0406721,NO2,13.0,34.0,21.0
05-09-2026,"CBD Belapur, Belapur - MPCB",Belapur,Maharashtra,India,19.0243902,73.0406721,OZONE,9.0,14.0,12.0
05-09-2026,"CBD Belapur, Belapur - MPCB",Belapur,Maharashtra,India,19.0243902,73.0406721,PM10,30.0,58.0,43.0
05-09-2026,"CBD Belapur, Belapur - MPCB",Belapur,Maharashtra,India,19.0243902,73.0406721,PM2.5,21.0,40.0,29.0
05-09-2026,"CBD Belapur, Belapur - MPCB",Belapur,Maharashtra,India,19.0243902,73.0406721,SO2,5.0,8.0,7.0
05-09-2026,"CDA Area, Cuttack - OSPCB",Cuttack,Odisha,India,20.48891,85.84768,CO,18.0,22.0,20.0
05-09-2026,"CDA Area, Cuttack - OSPCB",Cuttack,Odisha,India,20.48891,85.84768,NH3,5.0,11.0,7.0
05-09-2026,"CDA Area, Cuttack - OSPCB",Cuttack,Odisha,India,20.48891,85.84768,NO2,8.0,42.0,17.0
05-09-2026,"CDA Area, Cuttack - OSPCB",Cuttack,Odisha,India,20.48891,85.84768,OZONE,32.0,48.0,43.0
05-09-2026,"CDA Area, Cuttack - OSPCB",Cuttack,Odisha,India,20.48891,85.84768,PM10,46.0,87.0,61.0
05-09-2026,"CDA Area, Cuttack - OSPCB",Cuttack,Odisha,India,20.48891,85.84768,PM2.5,23.0,62.0,36.0
05-09-2026,"CDA Area, Cuttack - OSPCB",Cuttack,Odisha,India,20.48891,85.84768,SO2,6.0,13.0,7.0
05-09-2026,"CRRI Mathura Road, Delhi - IITM",Delhi,Delhi,India,28.5512005,77.2735737,CO,36.0,62.0,45.0
05-09-2026,"CRRI Mathura Road, Delhi - IITM",Delhi,Delhi,India,28.5512005,77.2735737,NH3,,,
05-09-2026,"CRRI Mathura Road, Delhi - IITM",Delhi,Delhi,India,28.5512005,77.2735737,NO2,4.0,12.0,8.0
05-09-2026,"CRRI Mathura Road, Delhi - IITM",Delhi,Delhi,India,28.5512005,77.2735737,OZONE,17.0,24.0,21.0
05-09-2026,"CRRI Mathura Road, Delhi - IITM",Delhi,Delhi,India,28.5512005,77.2735737,PM10,9.0,57.0,34.0
05-09-2026,"CRRI Mathura Road, Delhi - IITM",Delhi,Delhi,India,28.5512005,77.2735737,PM2.5,8.0,54.0,32.0
05-09-2026,"CRRI Mathura Road, Delhi - IITM",Delhi,Delhi,India,28.5512005,77.2735737,SO2,,,
05-09-2026,"Cantonment Area, Delhi - DPCC",Delhi,Delhi,India,28.594169,77.1251,CO,47.0,65.0,58.0
05-09-2026,"Cantonment Area, Delhi - DPCC",Delhi,Delhi,India,28.594169,77.1251,NH3,2.0,4.0,3.0
05-09-2026,"Cantonment Area, Delhi - DPCC",Delhi,Delhi,India,28.594169,77.1251,NO2,4.0,11.0,7.0
05-09-2026,"Cantonment Area, Delhi - DPCC",Delhi,Delhi,India,28.594169,77.1251,OZONE,5.0,7.0,6.0
05-09-2026,"Cantonment Area, Delhi - DPCC",Delhi,Delhi,India,28.594169,77.1251,PM10,8.0,38.0,26.0
05-09-2026,"Cantonment Area, Delhi - DPCC",Delhi,Delhi,India,28.594169,77.1251,PM2.5,4.0,23.0,13.0
05-09-2026,"Cantonment Area, Delhi - DPCC",Delhi,Delhi,India,28.594169,77.1251,SO2,4.0,6.0,5.0
05-09-2026,"Central Academy for SFS, Byrnihat - PCBA",Byrnihat,Assam,India,26.071318,91.87488,CO,43.0,64.0,57.0
05-09-2026,"Central Academy for SFS, Byrnihat - PCBA",Byrnihat,Assam,India,26.071318,91.87488,NH3,4.0,4.0,4.0
05-09-2026,"Central Academy for SFS, Byrnihat - PCBA",Byrnihat,Assam,India,26.071318,91.87488,NO2,6.0,9.0,8.0
05-09-2026,"Central Academy for SFS, Byrnihat - PCBA",Byrnihat,Assam,India,26.071318,91.87488,OZONE,18.0,32.0,22.0
05-09-2026,"Central Academy for SFS, Byrnihat - PCBA",Byrnihat,Assam,India,26.071318,91.87488,PM10,73.0,127.0,87.0
05-09-2026,"Central Academy for SFS, Byrnihat - PCBA",Byrnihat,Assam,India,26.071318,91.87488,PM2.5,79.0,203.0,102.0
05-09-2026,"Central Academy for SFS, Byrnihat - PCBA",Byrnihat,Assam,India,26.071318,91.87488,SO2,6.0,32.0,30.0
05-09-2026,"Central University, Hyderabad - TSPCB",Hyderabad,Telangana,India,17.460103,78.334361,CO,14.0,26.0,19.0
05-09-2026,"Central University, Hyderabad - TSPCB",Hyderabad,Telangana,India,17.460103,78.334361,NH3,0.0,3.0,1.0
05-09-2026,"Central University, Hyderabad - TSPCB",Hyderabad,Telangana,India,17.460103,78.334361,NO2,2.0,23.0,10.0
05-09-2026,"Central University, Hyderabad - TSPCB",Hyderabad,Telangana,India,17.460103,78.334361,OZONE,10.0,13.0,11.0
05-09-2026,"Central University, Hyderabad - TSPCB",Hyderabad,Telangana,India,17.460103,78.334361,PM10,12.0,32.0,20.0
05-09-2026,"Central University, Hyderabad - TSPCB",Hyderabad,Telangana,India,17.460103,78.334361,PM2.5,14.0,30.0,20.0
05-09-2026,"Central University, Hyderabad - TSPCB",Hyderabad,Telangana,India,17.460103,78.334361,SO2,1.0,8.0,4.0
05-09-2026,"Chakala-Andheri East, Mumbai - IITM",Mumbai,Maharashtra,India,19.11074,72.86084,CO,18.0,33.0,25.0
05-09-2026,"Chakala-Andheri East, Mumbai - IITM",Mumbai,Maharashtra,India,19.11074,72.86084,NH3,6.0,8.0,7.0
05-09-2026,"Chakala-Andheri East, Mumbai - IITM",Mumbai,Maharashtra,India,19.11074,72.86084,NO2,24.0,37.0,30.0
05-09-2026,"Chakala-Andheri East, Mumbai - IITM",Mumbai,Maharashtra,India,19.11074,72.86084,OZONE,5.0,10.0,7.0
05-09-2026,"Chakala-Andheri East, Mumbai - IITM",Mumbai,Maharashtra,India,19.11074,72.86084,PM10,18.0,54.0,39.0
05-09-2026,"Chakala-Andheri East, Mumbai - IITM",Mumbai,Maharashtra,India,19.11074,72.86084,PM2.5,2.0,16.0,8.0
05-09-2026,"Chakala-Andheri East, Mumbai - IITM",Mumbai,Maharashtra,India,19.11074,72.86084,SO2,0.0,8.0,4.0
05-09-2026,"Chandkheda, Ahmedabad - IITM",Ahmedabad,Gujarat,India,23.107969,72.574648,CO,3.0,25.0,12.0
05-09-2026,"Chandkheda, Ahmedabad - IITM",Ahmedabad,Gujarat,India,23.107969,72.574648,NH3,4.0,6.0,5.0
05-09-2026,"Chandkheda, Ahmedabad - IITM",Ahmedabad,Gujarat,India,23.107969,72.574648,NO2,6.0,30.0,11.0
05-09-2026,"Chandkheda, Ahmedabad - IITM",Ahmedabad,Gujarat,India,23.107969,72.574648,OZONE,5.0,11.0,8.0
05-09-2026,"Chandkheda, Ahmedabad - IITM",Ahmedabad,Gujarat,India,23.107969,72.574648,PM10,54.0,112.0,82.0
05-09-2026,"Chandkheda, Ahmedabad - IITM",Ahmedabad,Gujarat,India,23.107969,72.574648,PM2.5,35.0,84.0,56.0
05-09-2026,"Chandkheda, Ahmedabad - IITM",Ahmedabad,Gujarat,India,23.107969,72.574648,SO2,4.0,8.0,6.0
05-09-2026,"Chandni Chowk, Delhi - IITM",Delhi,Delhi,India,28.656756,77.227234,CO,92.0,105.0,100.0
05-09-2026,"Chandni Chowk, Delhi - IITM",Delhi,Delhi,India,28.656756,77.227234,NH3,4.0,6.0,5.0
05-09-2026,"Chandni Chowk, Delhi - IITM",Delhi,Delhi,India,28.656756,77.227234,NO2,9.0,17.0,12.0
05-09-2026,"Chandni Chowk, Delhi - IITM",Delhi,Delhi,India,28.656756,77.227234,OZONE,2.0,10.0,6.0
05-09-2026,"Chandni Chowk, Delhi - IITM",Delhi,Delhi,India,28.656756,77.227234,PM10,44.0,101.0,65.0
05-09-2026,"Chandni Chowk, Delhi - IITM",Delhi,Delhi,India,28.656756,77.227234,PM2.5,36.0,86.0,66.0
05-09-2026,"Chandni Chowk, Delhi - IITM",Delhi,Delhi,India,28.656756,77.227234,SO2,6.0,22.0,10.0
05-09-2026,"Chauhan Colony, Chandrapur - MPCB",Chandrapur,Maharashtra,India,19.9629,79.298714,CO,31.0,38.0,33.0
05-09-2026,"Chauhan Colony, Chandrapur - MPCB",Chandrapur,Maharashtra,India,19.9629,79.298714,NH3,0.0,5.0,1.0
05-09-2026,"Chauhan Colony, Chandrapur - MPCB",Chandrapur,Maharashtra,India,19.9629,79.298714,NO2,14.0,30.0,17.0
05-09-2026,"Chauhan Colony, Chandrapur - MPCB",Chandrapur,Maharashtra,India,19.9629,79.298714,OZONE,0.0,53.0,13.0
05-09-2026,"Chauhan Colony, Chandrapur - MPCB",Chandrapur,Maharashtra,India,19.9629,79.298714,PM10,47.0,132.0,72.0
05-09-2026,"Chauhan Colony, Chandrapur - MPCB",Chandrapur,Maharashtra,India,19.9629,79.298714,PM2.5,28.0,137.0,57.0
05-09-2026,"Chauhan Colony, Chandrapur - MPCB",Chandrapur,Maharashtra,India,19.9629,79.298714,SO2,11.0,16.0,12.0
05-09-2026,"Chembur, Mumbai - MPCB",Mumbai,Maharashtra,India,19.0364585,72.8954371,CO,14.0,21.0,18.0
05-09-2026,"Chembur, Mumbai - MPCB",Mumbai,Maharashtra,India,19.0364585,72.8954371,NH3,11.0,16.0,14.0
05-09-2026,"Chembur, Mumbai - MPCB",Mumbai,Maharashtra,India,19.0364585,72.8954371,NO2,5.0,17.0,10.0
05-09-2026,"Chembur, Mumbai - MPCB",Mumbai,Maharashtra,India,19.0364585,72.8954371,OZONE,7.0,24.0,13.0
05-09-2026,"Chembur, Mumbai - MPCB",Mumbai,Maharashtra,India,19.0364585,72.8954371,PM10,20.0,35.0,28.0
05-09-2026,"Chembur, Mumbai - MPCB",Mumbai,Maharashtra,India,19.0364585,72.8954371,PM2.5,8.0,21.0,14.0
05-09-2026,"Chembur, Mumbai - MPCB",Mumbai,Maharashtra,India,19.0364585,72.8954371,SO2,1.0,4.0,3.0
05-09-2026,"Chhatrapati Shivaji Intl. Airport (T2), Mumbai - MPCB",Mumbai,Maharashtra,India,19.10078,72.87462,CO,,,
05-09-2026,"Chhatrapati Shivaji Intl. Airport (T2), Mumbai - MPCB",Mumbai,Maharashtra,India,19.10078,72.87462,NH3,1.0,1.0,1.0
05-09-2026,"Chhatrapati Shivaji Intl. Airport (T2), Mumbai - MPCB",Mumbai,Maharashtra,India,19.10078,72.87462,NO2,13.0,13.0,13.0
05-09-2026,"Chhatrapati Shivaji Intl. Airport (T2), Mumbai - MPCB",Mumbai,Maharashtra,India,19.10078,72.87462,OZONE,,,
05-09-2026,"Chhatrapati Shivaji Intl. Airport (T2), Mumbai - MPCB",Mumbai,Maharashtra,India,19.10078,72.87462,PM10,10.0,40.0,27.0
05-09-2026,"Chhatrapati Shivaji Intl. Airport (T2), Mumbai - MPCB",Mumbai,Maharashtra,India,19.10078,72.87462,PM2.5,11.0,34.0,24.0
05-09-2026,"Chhatrapati Shivaji Intl. Airport (T2), Mumbai - MPCB",Mumbai,Maharashtra,India,19.10078,72.87462,SO2,7.0,8.0,7.0
05-09-2026,"Chhoti Gwaltoli, Indore - MPPCB",Indore,Madhya Pradesh,India,22.431,75.5213,CO,34.0,44.0,40.0
05-09-2026,"Chhoti Gwaltoli, Indore - MPPCB",Indore,Madhya Pradesh,India,22.431,75.5213,NH3,7.0,9.0,7.0
05-09-2026,"Chhoti Gwaltoli, Indore - MPPCB",Indore,Madhya Pradesh,India,22.431,75.5213,NO2,32.0,76.0,61.0
05-09-2026,"Chhoti Gwaltoli, Indore - MPPCB",Indore,Madhya Pradesh,India,22.431,75.5213,OZONE,13.0,28.0,22.0
05-09-2026,"Chhoti Gwaltoli, Indore - MPPCB",Indore,Madhya Pradesh,India,22.431,75.5213,PM10,30.0,97.0,70.0
05-09-2026,"Chhoti Gwaltoli, Indore - MPPCB",Indore,Madhya Pradesh,India,22.431,75.5213,PM2.5,26.0,70.0,53.0
05-09-2026,"Chhoti Gwaltoli, Indore - MPPCB",Indore,Madhya Pradesh,India,22.431,75.5213,SO2,14.0,19.0,17.0
05-09-2026,"Chikkaballapur Rural, Chikkaballapur - KSPCB",Chikkaballapur,Karnataka,India,13.428828,77.731418,CO,21.0,31.0,24.0
05-09-2026,"Chikkaballapur Rural, Chikkaballapur - KSPCB",Chikkaballapur,Karnataka,India,13.428828,77.731418,NH3,1.0,1.0,1.0
05-09-2026,"Chikkaballapur Rural, Chikkaballapur - KSPCB",Chikkaballapur,Karnataka,India,13.428828,77.731418,NO2,3.0,4.0,4.0
05-09-2026,"Chikkaballapur Rural, Chikkaballapur - KSPCB",Chikkaballapur,Karnataka,India,13.428828,77.731418,OZONE,18.0,19.0,19.0
05-09-2026,"Chikkaballapur Rural, Chikkaballapur - KSPCB",Chikkaballapur,Karnataka,India,13.428828,77.731418,PM10,12.0,140.0,48.0
05-09-2026,"Chikkaballapur Rural, Chikkaballapur - KSPCB",Chikkaballapur,Karnataka,India,13.428828,77.731418,PM2.5,2.0,23.0,11.0
05-09-2026,"Chikkaballapur Rural, Chikkaballapur - KSPCB",Chikkaballapur,Karnataka,India,13.428828,77.731418,SO2,18.0,22.0,19.0
05-09-2026,"Chinchpada, Ambernath - MPCB",Ambernath,Maharashtra,India,19.215784,73.199781,CO,4.0,14.0,8.0
05-09-2026,"Chinchpada, Ambernath - MPCB",Ambernath,Maharashtra,India,19.215784,73.199781,NH3,2.0,5.0,3.0
05-09-2026,"Chinchpada, Ambernath - MPCB",Ambernath,Maharashtra,India,19.215784,73.199781,NO2,13.0,46.0,28.0
05-09-2026,"Chinchpada, Ambernath - MPCB",Ambernath,Maharashtra,India,19.215784,73.199781,OZONE,1.0,13.0,8.0
05-09-2026,"Chinchpada, Ambernath - MPCB",Ambernath,Maharashtra,India,19.215784,73.199781,PM10,28.0,104.0,67.0
05-09-2026,"Chinchpada, Ambernath - MPCB",Ambernath,Maharashtra,India,19.215784,73.199781,PM2.5,10.0,61.0,28.0
05-09-2026,"Chinchpada, Ambernath - MPCB",Ambernath,Maharashtra,India,19.215784,73.199781,SO2,23.0,29.0,26.0
05-09-2026,"Chinna Bharatham Colony, Srikakulam - APPCB",Srikakulam,Andhra Pradesh,India,18.292191,83.897173,CO,66.0,84.0,75.0
05-09-2026,"Chinna Bharatham Colony, Srikakulam - APPCB",Srikakulam,Andhra Pradesh,India,18.292191,83.897173,NH3,1.0,6.0,3.0
05-09-2026,"Chinna Bharatham Colony, Srikakulam - APPCB",Srikakulam,Andhra Pradesh,India,18.292191,83.897173,NO2,17.0,43.0,27.0
05-09-2026,"Chinna Bharatham Colony, Srikakulam - APPCB",Srikakulam,Andhra Pradesh,India,18.292191,83.897173,OZONE,19.0,94.0,45.0
05-09-2026,"Chinna Bharatham Colony, Srikakulam - APPCB",Srikakulam,Andhra Pradesh,India,18.292191,83.897173,PM10,49.0,95.0,65.0
05-09-2026,"Chinna Bharatham Colony, Srikakulam - APPCB",Srikakulam,Andhra Pradesh,India,18.292191,83.897173,PM2.5,31.0,164.0,54.0
05-09-2026,"Chinna Bharatham Colony, Srikakulam - APPCB",Srikakulam,Andhra Pradesh,India,18.292191,83.897173,SO2,14.0,19.0,16.0
05-09-2026,"Chitragupta Nagar, Siwan - BSPCB",Siwan,Bihar,India,26.2271665,84.3570427,CO,67.0,87.0,77.0
05-09-2026,"Chitragupta Nagar, Siwan - BSPCB",Siwan,Bihar,India,26.2271665,84.3570427,NH3,1.0,1.0,1.0
05-09-2026,"Chitragupta Nagar, Siwan - BSPCB",Siwan,Bihar,India,26.2271665,84.3570427,NO2,2.0,3.0,2.0
05-09-2026,"Chitragupta Nagar, Siwan - BSPCB",Siwan,Bihar,India,26.2271665,84.3570427,OZONE,7.0,9.0,8.0
05-09-2026,"Chitragupta Nagar, Siwan - BSPCB",Siwan,Bihar,India,26.2271665,84.3570427,PM10,,,
05-09-2026,"Chitragupta Nagar, Siwan - BSPCB",Siwan,Bihar,India,26.2271665,84.3570427,PM2.5,,,
05-09-2026,"Chitragupta Nagar, Siwan - BSPCB",Siwan,Bihar,India,26.2271665,84.3570427,SO2,,,
05-09-2026,"Christianpatty, Nagaon - PCBA",Nagaon,Assam,India,26.349082,92.68449,CO,11.0,28.0,23.0
05-09-2026,"Christianpatty, Nagaon - PCBA",Nagaon,Assam,India,26.349082,92.68449,NH3,4.0,5.0,5.0
05-09-2026,"Christianpatty, Nagaon - PCBA",Nagaon,Assam,India,26.349082,92.68449,NO2,1.0,1.0,1.0
05-09-2026,"Christianpatty, Nagaon - PCBA",Nagaon,Assam,India,26.349082,92.68449,OZONE,8.0,14.0,12.0
05-09-2026,"Christianpatty, Nagaon - PCBA",Nagaon,Assam,India,26.349082,92.68449,PM10,48.0,67.0,57.0
05-09-2026,"Christianpatty, Nagaon - PCBA",Nagaon,Assam,India,26.349082,92.68449,PM2.5,54.0,73.0,63.0
05-09-2026,"Christianpatty, Nagaon - PCBA",Nagaon,Assam,India,26.349082,92.68449,SO2,2.0,16.0,12.0
05-09-2026,"City Center, Gwalior - MPPCB",Gwalior,Madhya Pradesh,India,26.203442,78.193251,CO,20.0,53.0,39.0
05-09-2026,"City Center, Gwalior - MPPCB",Gwalior,Madhya Pradesh,India,26.203442,78.193251,NH3,1.0,3.0,2.0
05-09-2026,"City Center, Gwalior - MPPCB",Gwalior,Madhya Pradesh,India,26.203442,78.193251,NO2,45.0,66.0,53.0
05-09-2026,"City Center, Gwalior - MPPCB",Gwalior,Madhya Pradesh,India,26.203442,78.193251,OZONE,29.0,62.0,54.0
05-09-2026,"City Center, Gwalior - MPPCB",Gwalior,Madhya Pradesh,India,26.203442,78.193251,PM10,25.0,41.0,30.0
05-09-2026,"City Center, Gwalior - MPPCB",Gwalior,Madhya Pradesh,India,26.203442,78.193251,PM2.5,18.0,36.0,29.0
05-09-2026,"City Center, Gwalior - MPPCB",Gwalior,Madhya Pradesh,India,26.203442,78.193251,SO2,10.0,44.0,28.0
05-09-2026,"City Railway Station, Bengaluru - KSPCB",Bengaluru,Karnataka,India,12.9756843,77.5660749,CO,55.0,56.0,55.0
05-09-2026,"City Railway Station, Bengaluru - KSPCB",Bengaluru,Karnataka,India,12.9756843,77.5660749,NH3,,,
05-09-2026,"City Railway Station, Bengaluru - KSPCB",Bengaluru,Karnataka,India,12.9756843,77.5660749,NO2,27.0,37.0,31.0
05-09-2026,"City Railway Station, Bengaluru - KSPCB",Bengaluru,Karnataka,India,12.9756843,77.5660749,OZONE,,,
05-09-2026,"City Railway Station, Bengaluru - KSPCB",Bengaluru,Karnataka,India,12.9756843,77.5660749,PM10,85.0,101.0,100.0
05-09-2026,"City Railway Station, Bengaluru - KSPCB",Bengaluru,Karnataka,India,12.9756843,77.5660749,PM2.5,,,
05-09-2026,"City Railway Station, Bengaluru - KSPCB",Bengaluru,Karnataka,India,12.9756843,77.5660749,SO2,12.0,13.0,12.0
05-09-2026,"Civic Center, Bhilai - Bhilai Steel Plant",Bhilai,Chhattisgarh,India,21.185571,81.343175,CO,20.0,28.0,23.0
05-09-2026,"Civic Center, Bhilai - Bhilai Steel Plant",Bhilai,Chhattisgarh,India,21.185571,81.343175,NH3,1.0,2.0,1.0
05-09-2026,"Civic Center, Bhilai - Bhilai Steel Plant",Bhilai,Chhattisgarh,India,21.185571,81.343175,NO2,15.0,16.0,16.0
05-09-2026,"Civic Center, Bhilai - Bhilai Steel Plant",Bhilai,Chhattisgarh,India,21.185571,81.343175,OZONE,11.0,12.0,11.0
05-09-2026,"Civic Center, Bhilai - Bhilai Steel Plant",Bhilai,Chhattisgarh,India,21.185571,81.343175,PM10,7.0,33.0,14.0
05-09-2026,"Civic Center, Bhilai - Bhilai Steel Plant",Bhilai,Chhattisgarh,India,21.185571,81.343175,PM2.5,2.0,21.0,9.0
05-09-2026,"Civic Center, Bhilai - Bhilai Steel Plant",Bhilai,Chhattisgarh,India,21.185571,81.343175,SO2,6.0,14.0,10.0
05-09-2026,"Civil Line, Jalandhar - PPCB",Jalandhar,Punjab,India,31.321907,75.578914,CO,26.0,85.0,56.0
05-09-2026,"Civil Line, Jalandhar - PPCB",Jalandhar,Punjab,India,31.321907,75.578914,NH3,4.0,4.0,4.0
05-09-2026,"Civil Line, Jalandhar - PPCB",Jalandhar,Punjab,India,31.321907,75.578914,NO2,41.0,45.0,43.0
05-09-2026,"Civil Line, Jalandhar - PPCB",Jalandhar,Punjab,India,31.321907,75.578914,OZONE,19.0,46.0,35.0
05-09-2026,"Civil Line, Jalandhar - PPCB",Jalandhar,Punjab,India,31.321907,75.578914,PM10,33.0,95.0,55.0
05-09-2026,"Civil Line, Jalandhar - PPCB",Jalandhar,Punjab,India,31.321907,75.578914,PM2.5,37.0,115.0,62.0
05-09-2026,"Civil Line, Jalandhar - PPCB",Jalandhar,Punjab,India,31.321907,75.578914,SO2,9.0,10.0,9.0
05-09-2026,"Civil Lines,  Ajmer - RSPCB",Ajmer,Rajasthan,India,26.470859,74.646594,CO,37.0,57.0,46.0
05-09-2026,"Civil Lines,  Ajmer - RSPCB",Ajmer,Rajasthan,India,26.470859,74.646594,NH3,5.0,7.0,6.0
05-09-2026,"Civil Lines,  Ajmer - RSPCB",Ajmer,Rajasthan,India,26.470859,74.646594,NO2,16.0,19.0,17.0
05-09-2026,"Civil Lines,  Ajmer - RSPCB",Ajmer,Rajasthan,India,26.470859,74.646594,OZONE,11.0,12.0,12.0
05-09-2026,"Civil Lines,  Ajmer - RSPCB",Ajmer,Rajasthan,India,26.470859,74.646594,PM10,38.0,90.0,59.0
05-09-2026,"Civil Lines,  Ajmer - RSPCB",Ajmer,Rajasthan,India,26.470859,74.646594,PM2.5,47.0,64.0,55.0
05-09-2026,"Civil Lines,  Ajmer - RSPCB",Ajmer,Rajasthan,India,26.470859,74.646594,SO2,3.0,14.0,9.0
05-09-2026,"Civil Lines, Bareilly - UPPCB",Bareilly,Uttar Pradesh,India,28.359581,79.414455,CO,29.0,33.0,30.0
05-09-2026,"Civil Lines, Bareilly - UPPCB",Bareilly,Uttar Pradesh,India,28.359581,79.414455,NH3,0.0,0.0,0.0
05-09-2026,"Civil Lines, Bareilly - UPPCB",Bareilly,Uttar Pradesh,India,28.359581,79.414455,NO2,8.0,9.0,8.0
05-09-2026,"Civil Lines, Bareilly - UPPCB",Bareilly,Uttar Pradesh,India,28.359581,79.414455,OZONE,1.0,2.0,1.0
05-09-2026,"Civil Lines, Bareilly - UPPCB",Bareilly,Uttar Pradesh,India,28.359581,79.414455,PM10,20.0,34.0,28.0
05-09-2026,"Civil Lines, Bareilly - UPPCB",Bareilly,Uttar Pradesh,India,28.359581,79.414455,PM2.5,27.0,42.0,32.0
05-09-2026,"Civil Lines, Bareilly - UPPCB",Bareilly,Uttar Pradesh,India,28.359581,79.414455,SO2,22.0,51.0,33.0
05-09-2026,"Civil Lines, Sagar - MPPCB",Sagar,Madhya Pradesh,India,23.838586,78.759431,CO,9.0,23.0,18.0
05-09-2026,"Civil Lines, Sagar - MPPCB",Sagar,Madhya Pradesh,India,23.838586,78.759431,NH3,,,
05-09-2026,"Civil Lines, Sagar - MPPCB",Sagar,Madhya Pradesh,India,23.838586,78.759431,NO2,,,
05-09-2026,"Civil Lines, Sagar - MPPCB",Sagar,Madhya Pradesh,India,23.838586,78.759431,OZONE,21.0,34.0,27.0
05-09-2026,"Civil Lines, Sagar - MPPCB",Sagar,Madhya Pradesh,India,23.838586,78.759431,PM10,,,
05-09-2026,"Civil Lines, Sagar - MPPCB",Sagar,Madhya Pradesh,India,23.838586,78.759431,PM2.5,,,
05-09-2026,"Civil Lines, Sagar - MPPCB",Sagar,Madhya Pradesh,India,23.838586,78.759431,SO2,,,
05-09-2026,"Collector Office, Yadgir - KSPCB",Yadgir,Karnataka,India,16.7602,77.1428,CO,3.0,14.0,9.0
05-09-2026,"Collector Office, Yadgir - KSPCB",Yadgir,Karnataka,India,16.7602,77.1428,NH3,1.0,1.0,1.0
05-09-2026,"Collector Office, Yadgir - KSPCB",Yadgir,Karnataka,India,16.7602,77.1428,NO2,0.0,2.0,2.0
05-09-2026,"Collector Office, Yadgir - KSPCB",Yadgir,Karnataka,India,16.7602,77.1428,OZONE,19.0,20.0,20.0
05-09-2026,"Collector Office, Yadgir - KSPCB",Yadgir,Karnataka,India,16.7602,77.1428,PM10,30.0,47.0,37.0
05-09-2026,"Collector Office, Yadgir - KSPCB",Yadgir,Karnataka,India,16.7602,77.1428,PM2.5,3.0,21.0,10.0
05-09-2026,"Collector Office, Yadgir - KSPCB",Yadgir,Karnataka,India,16.7602,77.1428,SO2,11.0,28.0,16.0
05-09-2026,"Collectorate, Gaya - BSPCB",Gaya,Bihar,India,24.7955,84.9994,CO,11.0,12.0,12.0
05-09-2026,"Collectorate, Gaya - BSPCB",Gaya,Bihar,India,24.7955,84.9994,NH3,,,
05-09-2026,"Collectorate, Gaya - BSPCB",Gaya,Bihar,India,24.7955,84.9994,NO2,,,
05-09-2026,"Collectorate, Gaya - BSPCB",Gaya,Bihar,India,24.7955,84.9994,OZONE,27.0,28.0,28.0
05-09-2026,"Collectorate, Gaya - BSPCB",Gaya,Bihar,India,24.7955,84.9994,PM10,,,
05-09-2026,"Collectorate, Gaya - BSPCB",Gaya,Bihar,India,24.7955,84.9994,PM2.5,,,
05-09-2026,"Collectorate, Gaya - BSPCB",Gaya,Bihar,India,24.7955,84.9994,SO2,,,
05-09-2026,"Collectorate, Jodhpur - RSPCB",Jodhpur,Rajasthan,India,26.268249,73.0193853,CO,71.0,112.0,99.0
05-09-2026,"Collectorate, Jodhpur - RSPCB",Jodhpur,Rajasthan,India,26.268249,73.0193853,NH3,1.0,9.0,4.0
05-09-2026,"Collectorate, Jodhpur - RSPCB",Jodhpur,Rajasthan,India,26.268249,73.0193853,NO2,15.0,21.0,19.0
05-09-2026,"Collectorate, Jodhpur - RSPCB",Jodhpur,Rajasthan,India,26.268249,73.0193853,OZONE,13.0,15.0,14.0
05-09-2026,"Collectorate, Jodhpur - RSPCB",Jodhpur,Rajasthan,India,26.268249,73.0193853,PM10,23.0,89.0,53.0
05-09-2026,"Collectorate, Jodhpur - RSPCB",Jodhpur,Rajasthan,India,26.268249,73.0193853,PM2.5,20.0,57.0,37.0
05-09-2026,"Collectorate, Jodhpur - RSPCB",Jodhpur,Rajasthan,India,26.268249,73.0193853,SO2,1.0,15.0,7.0
05-09-2026,"Commonwealth Sports Complex, Delhi - DPCC",Delhi,Delhi,India,28.615828,77.271992,CO,63.0,89.0,76.0
05-09-2026,"Commonwealth Sports Complex, Delhi - DPCC",Delhi,Delhi,India,28.615828,77.271992,NH3,0.0,2.0,1.0
05-09-2026,"Commonwealth Sports Complex, Delhi - DPCC",Delhi,Delhi,India,28.615828,77.271992,NO2,16.0,44.0,26.0
05-09-2026,"Commonwealth Sports Complex, Delhi - DPCC",Delhi,Delhi,India,28.615828,77.271992,OZONE,7.0,18.0,13.0
05-09-2026,"Commonwealth Sports Complex, Delhi - DPCC",Delhi,Delhi,India,28.615828,77.271992,PM10,28.0,63.0,50.0
05-09-2026,"Commonwealth Sports Complex, Delhi - DPCC",Delhi,Delhi,India,28.615828,77.271992,PM2.5,32.0,65.0,49.0
05-09-2026,"Commonwealth Sports Complex, Delhi - DPCC",Delhi,Delhi,India,28.615828,77.271992,SO2,2.0,3.0,3.0
05-09-2026,"Corporation Ground, Thrissur - Kerala PCB",Thrissur,Kerala,India,10.5324,76.2159,CO,20.0,27.0,23.0
05-09-2026,"Corporation Ground, Thrissur - Kerala PCB",Thrissur,Kerala,India,10.5324,76.2159,NH3,0.0,0.0,0.0
05-09-2026,"Corporation Ground, Thrissur - Kerala PCB",Thrissur,Kerala,India,10.5324,76.2159,NO2,7.0,11.0,9.0
05-09-2026,"Corporation Ground, Thrissur - Kerala PCB",Thrissur,Kerala,India,10.5324,76.2159,OZONE,32.0,32.0,32.0
05-09-2026,"Corporation Ground, Thrissur - Kerala PCB",Thrissur,Kerala,India,10.5324,76.2159,PM10,43.0,79.0,50.0
05-09-2026,"Corporation Ground, Thrissur - Kerala PCB",Thrissur,Kerala,India,10.5324,76.2159,PM2.5,44.0,72.0,51.0
05-09-2026,"Corporation Ground, Thrissur - Kerala PCB",Thrissur,Kerala,India,10.5324,76.2159,SO2,0.0,1.0,0.0
05-09-2026,"D M Colony, Bihar Sharif - BSPCB",Bihar Sharif,Bihar,India,25.204762,85.51496,CO,1.0,75.0,63.0
05-09-2026,"D M Colony, Bihar Sharif - BSPCB",Bihar Sharif,Bihar,India,25.204762,85.51496,NH3,3.0,4.0,3.0
05-09-2026,"D M Colony, Bihar Sharif - BSPCB",Bihar Sharif,Bihar,India,25.204762,85.51496,NO2,,,
05-09-2026,"D M Colony, Bihar Sharif - BSPCB",Bihar Sharif,Bihar,India,25.204762,85.51496,OZONE,2.0,2.0,2.0
05-09-2026,"D M Colony, Bihar Sharif - BSPCB",Bihar Sharif,Bihar,India,25.204762,85.51496,PM10,6.0,37.0,17.0
05-09-2026,"D M Colony, Bihar Sharif - BSPCB",Bihar Sharif,Bihar,India,25.204762,85.51496,PM2.5,7.0,48.0,22.0
05-09-2026,"D M Colony, Bihar Sharif - BSPCB",Bihar Sharif,Bihar,India,25.204762,85.51496,SO2,1.0,86.0,33.0
05-09-2026,"DM Office_Kachari Chowk, Bhagalpur - BSPCB",Bhagalpur,Bihar,India,25.251013,86.989001,CO,27.0,30.0,28.0
05-09-2026,"DM Office_Kachari Chowk, Bhagalpur - BSPCB",Bhagalpur,Bihar,India,25.251013,86.989001,NH3,4.0,4.0,4.0
05-09-2026,"DM Office_Kachari Chowk, Bhagalpur - BSPCB",Bhagalpur,Bihar,India,25.251013,86.989001,NO2,20.0,23.0,21.0
05-09-2026,"DM Office_Kachari Chowk, Bhagalpur - BSPCB",Bhagalpur,Bihar,India,25.251013,86.989001,OZONE,18.0,19.0,19.0
05-09-2026,"DM Office_Kachari Chowk, Bhagalpur - BSPCB",Bhagalpur,Bihar,India,25.251013,86.989001,PM10,24.0,500.0,169.0
05-09-2026,"DM Office_Kachari Chowk, Bhagalpur - BSPCB",Bhagalpur,Bihar,India,25.251013,86.989001,PM2.5,10.0,500.0,159.0
05-09-2026,"DM Office_Kachari Chowk, Bhagalpur - BSPCB",Bhagalpur,Bihar,India,25.251013,86.989001,SO2,16.0,27.0,22.0
05-09-2026,"DM Office_Kasipur, Samastipur - BSPCB",Samastipur,Bihar,India,25.859655,85.77944,CO,4.0,21.0,13.0
05-09-2026,"DM Office_Kasipur, Samastipur - BSPCB",Samastipur,Bihar,India,25.859655,85.77944,NH3,1.0,1.0,1.0
05-09-2026,"DM Office_Kasipur, Samastipur - BSPCB",Samastipur,Bihar,India,25.859655,85.77944,NO2,8.0,9.0,8.0
05-09-2026,"DM Office_Kasipur, Samastipur - BSPCB",Samastipur,Bihar,India,25.859655,85.77944,OZONE,6.0,8.0,6.0
05-09-2026,"DM Office_Kasipur, Samastipur - BSPCB",Samastipur,Bihar,India,25.859655,85.77944,PM10,13.0,78.0,37.0
05-09-2026,"DM Office_Kasipur, Samastipur - BSPCB",Samastipur,Bihar,India,25.859655,85.77944,PM2.5,17.0,97.0,46.0
05-09-2026,"DM Office_Kasipur, Samastipur - BSPCB",Samastipur,Bihar,India,25.859655,85.77944,SO2,11.0,16.0,12.0
05-09-2026,"DRM Office Danapur, Patna - BSPCB",Patna,Bihar,India,25.586562,85.043586,CO,36.0,61.0,46.0
05-09-2026,"DRM Office Danapur, Patna - BSPCB",Patna,Bihar,India,25.586562,85.043586,NH3,9.0,9.0,9.0
05-09-2026,"DRM Office Danapur, Patna - BSPCB",Patna,Bihar,India,25.586562,85.043586,NO2,20.0,25.0,23.0
05-09-2026,"DRM Office Danapur, Patna - BSPCB",Patna,Bihar,India,25.586562,85.043586,OZONE,16.0,326.0,84.0
05-09-2026,"DRM Office Danapur, Patna - BSPCB",Patna,Bihar,India,25.586562,85.043586,PM10,34.0,59.0,45.0
05-09-2026,"DRM Office Danapur, Patna - BSPCB",Patna,Bihar,India,25.586562,85.043586,PM2.5,21.0,35.0,27.0
05-09-2026,"DRM Office Danapur, Patna - BSPCB",Patna,Bihar,India,25.586562,85.043586,SO2,5.0,7.0,6.0
05-09-2026,"DTU, Delhi - CPCB",Delhi,Delhi,India,28.7500499,77.1112615,CO,8.0,13.0,10.0
05-09-2026,"DTU, Delhi - CPCB",Delhi,Delhi,India,28.7500499,77.1112615,NH3,5.0,5.0,5.0
05-09-2026,"DTU, Delhi - CPCB",Delhi,Delhi,India,28.7500499,77.1112615,NO2,20.0,23.0,21.0
05-09-2026,"DTU, Delhi - CPCB",Delhi,Delhi,India,28.7500499,77.1112615,OZONE,16.0,22.0,19.0
05-09-2026,"DTU, Delhi - CPCB",Delhi,Delhi,India,28.7500499,77.1112615,PM10,23.0,43.0,33.0
05-09-2026,"DTU, Delhi - CPCB",Delhi,Delhi,India,28.7500499,77.1112615,PM2.5,17.0,55.0,34.0
05-09-2026,"DTU, Delhi - CPCB",Delhi,Delhi,India,28.7500499,77.1112615,SO2,29.0,31.0,30.0
05-09-2026,"Dabuna, Nayagarh - OSPCB",Nayagarh,Odisha,India,21.847279,85.416905,CO,4.0,11.0,5.0
05-09-2026,"Dabuna, Nayagarh - OSPCB",Nayagarh,Odisha,India,21.847279,85.416905,NH3,6.0,10.0,9.0
05-09-2026,"Dabuna, Nayagarh - OSPCB",Nayagarh,Odisha,India,21.847279,85.416905,NO2,6.0,8.0,7.0
05-09-2026,"Dabuna, Nayagarh - OSPCB",Nayagarh,Odisha,India,21.847279,85.416905,OZONE,13.0,19.0,15.0
05-09-2026,"Dabuna, Nayagarh - OSPCB",Nayagarh,Odisha,India,21.847279,85.416905,PM10,33.0,55.0,43.0
05-09-2026,"Dabuna, Nayagarh - OSPCB",Nayagarh,Odisha,India,21.847279,85.416905,PM2.5,26.0,55.0,40.0
05-09-2026,"Dabuna, Nayagarh - OSPCB",Nayagarh,Odisha,India,21.847279,85.416905,SO2,18.0,20.0,19.0
05-09-2026,"Dada Peer, Sasaram - BSPCB",Sasaram,Bihar,India,24.952822,84.002396,CO,10.0,14.0,12.0
05-09-2026,"Dada Peer, Sasaram - BSPCB",Sasaram,Bihar,India,24.952822,84.002396,NH3,2.0,4.0,3.0
05-09-2026,"Dada Peer, Sasaram - BSPCB",Sasaram,Bihar,India,24.952822,84.002396,NO2,2.0,5.0,2.0
05-09-2026,"Dada Peer, Sasaram - BSPCB",Sasaram,Bihar,India,24.952822,84.002396,OZONE,,,
05-09-2026,"Dada Peer, Sasaram - BSPCB",Sasaram,Bihar,India,24.952822,84.002396,PM10,1.0,91.0,31.0
05-09-2026,"Dada Peer, Sasaram - BSPCB",Sasaram,Bihar,India,24.952822,84.002396,PM2.5,2.0,113.0,40.0
05-09-2026,"Dada Peer, Sasaram - BSPCB",Sasaram,Bihar,India,24.952822,84.002396,SO2,3.0,5.0,4.0
05-09-2026,"Dadupura, Fatehpur Sikri - UPPCB",Fatehpur Sikri,Uttar Pradesh,India,27.097694,77.671335,CO,18.0,21.0,19.0
05-09-2026,"Dadupura, Fatehpur Sikri - UPPCB",Fatehpur Sikri,Uttar Pradesh,India,27.097694,77.671335,NH3,2.0,2.0,2.0
05-09-2026,"Dadupura, Fatehpur Sikri - UPPCB",Fatehpur Sikri,Uttar Pradesh,India,27.097694,77.671335,NO2,7.0,8.0,7.0
05-09-2026,"Dadupura, Fatehpur Sikri - UPPCB",Fatehpur Sikri,Uttar Pradesh,India,27.097694,77.671335,OZONE,14.0,31.0,23.0
05-09-2026,"Dadupura, Fatehpur Sikri - UPPCB",Fatehpur Sikri,Uttar Pradesh,India,27.097694,77.671335,PM10,,,
05-09-2026,"Dadupura, Fatehpur Sikri - UPPCB",Fatehpur Sikri,Uttar Pradesh,India,27.097694,77.671335,PM2.5,,,
05-09-2026,"Dadupura, Fatehpur Sikri - UPPCB",Fatehpur Sikri,Uttar Pradesh,India,27.097694,77.671335,SO2,10.0,11.0,10.0
05-09-2026,"Dangi Tola, Rajgir - BSPCB",Rajgir,Bihar,India,25.0328,85.41948,CO,30.0,48.0,42.0
05-09-2026,"Dangi Tola, Rajgir - BSPCB",Rajgir,Bihar,India,25.0328,85.41948,NH3,3.0,3.0,3.0
05-09-2026,"Dangi Tola, Rajgir - BSPCB",Rajgir,Bihar,India,25.0328,85.41948,NO2,12.0,15.0,14.0
05-09-2026,"Dangi Tola, Rajgir - BSPCB",Rajgir,Bihar,India,25.0328,85.41948,OZONE,3.0,43.0,20.0
05-09-2026,"Dangi Tola, Rajgir - BSPCB",Rajgir,Bihar,India,25.0328,85.41948,PM10,,,
05-09-2026,"Dangi Tola, Rajgir - BSPCB",Rajgir,Bihar,India,25.0328,85.41948,PM2.5,,,
05-09-2026,"Dangi Tola, Rajgir - BSPCB",Rajgir,Bihar,India,25.0328,85.41948,SO2,2.0,3.0,3.0
05-09-2026,"Darshan Nagar, Chhapra - BSPCB",Chhapra,Bihar,India,25.7808257,84.7446768,CO,98.0,104.0,102.0
05-09-2026,"Darshan Nagar, Chhapra - BSPCB",Chhapra,Bihar,India,25.7808257,84.7446768,NH3,0.0,1.0,0.0
05-09-2026,"Darshan Nagar, Chhapra - BSPCB",Chhapra,Bihar,India,25.7808257,84.7446768,NO2,0.0,1.0,1.0
05-09-2026,"Darshan Nagar, Chhapra - BSPCB",Chhapra,Bihar,India,25.7808257,84.7446768,OZONE,1.0,3.0,2.0
05-09-2026,"Darshan Nagar, Chhapra - BSPCB",Chhapra,Bihar,India,25.7808257,84.7446768,PM10,109.0,115.0,112.0
05-09-2026,"Darshan Nagar, Chhapra - BSPCB",Chhapra,Bihar,India,25.7808257,84.7446768,PM2.5,88.0,96.0,92.0
05-09-2026,"Darshan Nagar, Chhapra - BSPCB",Chhapra,Bihar,India,25.7808257,84.7446768,SO2,26.0,30.0,28.0
05-09-2026,"Dasnagar, Howrah - WBPCB",Howrah,West Bengal,India,22.6025571,88.3105664,CO,52.0,181.0,105.0
05-09-2026,"Dasnagar, Howrah - WBPCB",Howrah,West Bengal,India,22.6025571,88.3105664,NH3,1.0,8.0,3.0
05-09-2026,"Dasnagar, Howrah - WBPCB",Howrah,West Bengal,India,22.6025571,88.3105664,NO2,4.0,22.0,9.0
05-09-2026,"Dasnagar, Howrah - WBPCB",Howrah,West Bengal,India,22.6025571,88.3105664,OZONE,0.0,44.0,24.0
05-09-2026,"Dasnagar, Howrah - WBPCB",Howrah,West Bengal,India,22.6025571,88.3105664,PM10,49.0,126.0,89.0
05-09-2026,"Dasnagar, Howrah - WBPCB",Howrah,West Bengal,India,22.6025571,88.3105664,PM2.5,29.0,228.0,91.0
05-09-2026,"Dasnagar, Howrah - WBPCB",Howrah,West Bengal,India,22.6025571,88.3105664,SO2,3.0,4.0,3.0
05-09-2026,"Deen Dayal Nagar, Gwalior - MPPCB",Gwalior,Madhya Pradesh,India,26.259242,78.216432,CO,50.0,59.0,54.0
05-09-2026,"Deen Dayal Nagar, Gwalior - MPPCB",Gwalior,Madhya Pradesh,India,26.259242,78.216432,NH3,1.0,5.0,4.0
05-09-2026,"Deen Dayal Nagar, Gwalior - MPPCB",Gwalior,Madhya Pradesh,India,26.259242,78.216432,NO2,56.0,85.0,71.0
05-09-2026,"Deen Dayal Nagar, Gwalior - MPPCB",Gwalior,Madhya Pradesh,India,26.259242,78.216432,OZONE,28.0,45.0,35.0
05-09-2026,"Deen Dayal Nagar, Gwalior - MPPCB",Gwalior,Madhya Pradesh,India,26.259242,78.216432,PM10,12.0,52.0,25.0
05-09-2026,"Deen Dayal Nagar, Gwalior - MPPCB",Gwalior,Madhya Pradesh,India,26.259242,78.216432,PM2.5,5.0,24.0,12.0
05-09-2026,"Deen Dayal Nagar, Gwalior - MPPCB",Gwalior,Madhya Pradesh,India,26.259242,78.216432,SO2,8.0,12.0,9.0
05-09-2026,"Deonar, Mumbai - IITM",Mumbai,Maharashtra,India,19.04946,72.923,CO,31.0,41.0,36.0
05-09-2026,"Deonar, Mumbai - IITM",Mumbai,Maharashtra,India,19.04946,72.923,NH3,6.0,8.0,7.0
05-09-2026,"Deonar, Mumbai - IITM",Mumbai,Maharashtra,India,19.04946,72.923,NO2,2.0,13.0,8.0
05-09-2026,"Deonar, Mumbai - IITM",Mumbai,Maharashtra,India,19.04946,72.923,OZONE,1.0,13.0,6.0
05-09-2026,"Deonar, Mumbai - IITM",Mumbai,Maharashtra,India,19.04946,72.923,PM10,25.0,59.0,42.0
05-09-2026,"Deonar, Mumbai - IITM",Mumbai,Maharashtra,India,19.04946,72.923,PM2.5,7.0,42.0,18.0
05-09-2026,"Deonar, Mumbai - IITM",Mumbai,Maharashtra,India,19.04946,72.923,SO2,3.0,4.0,3.0
05-09-2026,"Deopur, Dhule - MPCB",Dhule,Maharashtra,India,20.918946,74.776388,CO,2.0,7.0,4.0
05-09-2026,"Deopur, Dhule - MPCB",Dhule,Maharashtra,India,20.918946,74.776388,NH3,,,
05-09-2026,"Deopur, Dhule - MPCB",Dhule,Maharashtra,India,20.918946,74.776388,NO2,4.0,13.0,8.0
05-09-2026,"Deopur, Dhule - MPCB",Dhule,Maharashtra,India,20.918946,74.776388,OZONE,10.0,11.0,11.0
05-09-2026,"Deopur, Dhule - MPCB",Dhule,Maharashtra,India,20.918946,74.776388,PM10,13.0,31.0,20.0
05-09-2026,"Deopur, Dhule - MPCB",Dhule,Maharashtra,India,20.918946,74.776388,PM2.5,,,
05-09-2026,"Deopur, Dhule - MPCB",Dhule,Maharashtra,India,20.918946,74.776388,SO2,,,
05-09-2026,"Dhankawadi, Pune - IITM",Pune,Maharashtra,India,18.459883,73.852193,CO,26.0,80.0,42.0
05-09-2026,"Dhankawadi, Pune - IITM",Pune,Maharashtra,India,18.459883,73.852193,NH3,,,
05-09-2026,"Dhankawadi, Pune - IITM",Pune,Maharashtra,India,18.459883,73.852193,NO2,10.0,15.0,12.0
05-09-2026,"Dhankawadi, Pune - IITM",Pune,Maharashtra,India,18.459883,73.852193,OZONE,4.0,10.0,7.0
05-09-2026,"Dhankawadi, Pune - IITM",Pune,Maharashtra,India,18.459883,73.852193,PM10,,,
05-09-2026,"Dhankawadi, Pune - IITM",Pune,Maharashtra,India,18.459883,73.852193,PM2.5,11.0,43.0,26.0
05-09-2026,"Dhankawadi, Pune - IITM",Pune,Maharashtra,India,18.459883,73.852193,SO2,,,
05-09-2026,"Dhanmandi, Kota - RSPCB",Kota,Rajasthan,India,25.16409,75.858137,CO,11.0,24.0,15.0
05-09-2026,"Dhanmandi, Kota - RSPCB",Kota,Rajasthan,India,25.16409,75.858137,NH3,1.0,2.0,2.0
05-09-2026,"Dhanmandi, Kota - RSPCB",Kota,Rajasthan,India,25.16409,75.858137,NO2,12.0,36.0,18.0
05-09-2026,"Dhanmandi, Kota - RSPCB",Kota,Rajasthan,India,25.16409,75.858137,OZONE,16.0,26.0,22.0
05-09-2026,"Dhanmandi, Kota - RSPCB",Kota,Rajasthan,India,25.16409,75.858137,PM10,28.0,89.0,52.0
05-09-2026,"Dhanmandi, Kota - RSPCB",Kota,Rajasthan,India,25.16409,75.858137,PM2.5,15.0,60.0,30.0
05-09-2026,"Dhanmandi, Kota - RSPCB",Kota,Rajasthan,India,25.16409,75.858137,SO2,7.0,12.0,8.0
05-09-2026,"Dhoinda, Rajsamand - RSPCB",Rajsamand,Rajasthan,India,25.03636,73.883502,CO,22.0,32.0,25.0
05-09-2026,"Dhoinda, Rajsamand - RSPCB",Rajsamand,Rajasthan,India,25.03636,73.883502,NH3,6.0,11.0,8.0
05-09-2026,"Dhoinda, Rajsamand - RSPCB",Rajsamand,Rajasthan,India,25.03636,73.883502,NO2,5.0,24.0,9.0
05-09-2026,"Dhoinda, Rajsamand - RSPCB",Rajsamand,Rajasthan,India,25.03636,73.883502,OZONE,8.0,35.0,26.0
05-09-2026,"Dhoinda, Rajsamand - RSPCB",Rajsamand,Rajasthan,India,25.03636,73.883502,PM10,56.0,91.0,68.0
05-09-2026,"Dhoinda, Rajsamand - RSPCB",Rajsamand,Rajasthan,India,25.03636,73.883502,PM2.5,15.0,62.0,33.0
05-09-2026,"Dhoinda, Rajsamand - RSPCB",Rajsamand,Rajasthan,India,25.03636,73.883502,SO2,2.0,5.0,4.0
05-09-2026,"Digari Kalan, Jodhpur - RSPCB",Jodhpur,Rajasthan,India,26.29581,73.082283,CO,11.0,14.0,12.0
05-09-2026,"Digari Kalan, Jodhpur - RSPCB",Jodhpur,Rajasthan,India,26.29581,73.082283,NH3,4.0,6.0,5.0
05-09-2026,"Digari Kalan, Jodhpur - RSPCB",Jodhpur,Rajasthan,India,26.29581,73.082283,NO2,7.0,23.0,13.0
05-09-2026,"Digari Kalan, Jodhpur - RSPCB",Jodhpur,Rajasthan,India,26.29581,73.082283,OZONE,41.0,57.0,50.0
05-09-2026,"Digari Kalan, Jodhpur - RSPCB",Jodhpur,Rajasthan,India,26.29581,73.082283,PM10,30.0,85.0,49.0
05-09-2026,"Digari Kalan, Jodhpur - RSPCB",Jodhpur,Rajasthan,India,26.29581,73.082283,PM2.5,8.0,30.0,15.0
05-09-2026,"Digari Kalan, Jodhpur - RSPCB",Jodhpur,Rajasthan,India,26.29581,73.082283,SO2,5.0,9.0,7.0
05-09-2026,"District Court, Eluru - APPCB",Eluru,Andhra Pradesh,India,16.711754,81.092095,CO,14.0,35.0,27.0
05-09-2026,"District Court, Eluru - APPCB",Eluru,Andhra Pradesh,India,16.711754,81.092095,NH3,2.0,4.0,3.0
05-09-2026,"District Court, Eluru - APPCB",Eluru,Andhra Pradesh,India,16.711754,81.092095,NO2,9.0,32.0,20.0
05-09-2026,"District Court, Eluru - APPCB",Eluru,Andhra Pradesh,India,16.711754,81.092095,OZONE,19.0,40.0,29.0
05-09-2026,"District Court, Eluru - APPCB",Eluru,Andhra Pradesh,India,16.711754,81.092095,PM10,47.0,60.0,53.0
05-09-2026,"District Court, Eluru - APPCB",Eluru,Andhra Pradesh,India,16.711754,81.092095,PM2.5,45.0,58.0,50.0
05-09-2026,"District Court, Eluru - APPCB",Eluru,Andhra Pradesh,India,16.711754,81.092095,SO2,8.0,13.0,9.0
05-09-2026,"Divisional Forest Office, Rairangpur - OSPCB",Rairangpur,Odisha,India,22.265816,86.174829,CO,12.0,28.0,19.0
05-09-2026,"Divisional Forest Office, Rairangpur - OSPCB",Rairangpur,Odisha,India,22.265816,86.174829,NH3,3.0,3.0,3.0
05-09-2026,"Divisional Forest Office, Rairangpur - OSPCB",Rairangpur,Odisha,India,22.265816,86.174829,NO2,6.0,6.0,6.0
05-09-2026,"Divisional Forest Office, Rairangpur - OSPCB",Rairangpur,Odisha,India,22.265816,86.174829,OZONE,2.0,16.0,10.0
05-09-2026,"Divisional Forest Office, Rairangpur - OSPCB",Rairangpur,Odisha,India,22.265816,86.174829,PM10,53.0,79.0,66.0
05-09-2026,"Divisional Forest Office, Rairangpur - OSPCB",Rairangpur,Odisha,India,22.265816,86.174829,PM2.5,32.0,69.0,47.0
05-09-2026,"Divisional Forest Office, Rairangpur - OSPCB",Rairangpur,Odisha,India,22.265816,86.174829,SO2,,,
05-09-2026,"Dnyaneshwar Nagar, Solapur - MPCB",Solapur,Maharashtra,India,17.6336264,75.9132495,CO,9.0,14.0,11.0
05-09-2026,"Dnyaneshwar Nagar, Solapur - MPCB",Solapur,Maharashtra,India,17.6336264,75.9132495,NH3,5.0,14.0,7.0
05-09-2026,"Dnyaneshwar Nagar, Solapur - MPCB",Solapur,Maharashtra,India,17.6336264,75.9132495,NO2,3.0,12.0,7.0
05-09-2026,"Dnyaneshwar Nagar, Solapur - MPCB",Solapur,Maharashtra,India,17.6336264,75.9132495,OZONE,13.0,24.0,19.0
05-09-2026,"Dnyaneshwar Nagar, Solapur - MPCB",Solapur,Maharashtra,India,17.6336264,75.9132495,PM10,29.0,58.0,42.0
05-09-2026,"Dnyaneshwar Nagar, Solapur - MPCB",Solapur,Maharashtra,India,17.6336264,75.9132495,PM2.5,13.0,32.0,21.0
05-09-2026,"Dnyaneshwar Nagar, Solapur - MPCB",Solapur,Maharashtra,India,17.6336264,75.9132495,SO2,0.0,3.0,2.0
05-09-2026,"Doon University, Dehradun - UKPCB",Dehradun,Uttarakhand,India,30.269444,78.044167,CO,9.0,28.0,18.0
05-09-2026,"Doon University, Dehradun - UKPCB",Dehradun,Uttarakhand,India,30.269444,78.044167,NH3,,,
05-09-2026,"Doon University, Dehradun - UKPCB",Dehradun,Uttarakhand,India,30.269444,78.044167,NO2,1.0,6.0,3.0
05-09-2026,"Doon University, Dehradun - UKPCB",Dehradun,Uttarakhand,India,30.269444,78.044167,OZONE,4.0,25.0,14.0
05-09-2026,"Doon University, Dehradun - UKPCB",Dehradun,Uttarakhand,India,30.269444,78.044167,PM10,17.0,78.0,43.0
05-09-2026,"Doon University, Dehradun - UKPCB",Dehradun,Uttarakhand,India,30.269444,78.044167,PM2.5,3.0,48.0,27.0
05-09-2026,"Doon University, Dehradun - UKPCB",Dehradun,Uttarakhand,India,30.269444,78.044167,SO2,1.0,1.0,1.0
05-09-2026,"Dr. Karni Singh Shooting Range, Delhi - DPCC",Delhi,Delhi,India,28.498571,77.26484,CO,23.0,50.0,33.0
05-09-2026,"Dr. Karni Singh Shooting Range, Delhi - DPCC",Delhi,Delhi,India,28.498571,77.26484,NH3,4.0,6.0,5.0
05-09-2026,"Dr. Karni Singh Shooting Range, Delhi - DPCC",Delhi,Delhi,India,28.498571,77.26484,NO2,17.0,40.0,27.0
05-09-2026,"Dr. Karni Singh Shooting Range, Delhi - DPCC",Delhi,Delhi,India,28.498571,77.26484,OZONE,9.0,17.0,13.0
05-09-2026,"Dr. Karni Singh Shooting Range, Delhi - DPCC",Delhi,Delhi,India,28.498571,77.26484,PM10,16.0,41.0,32.0
05-09-2026,"Dr. Karni Singh Shooting Range, Delhi - DPCC",Delhi,Delhi,India,28.498571,77.26484,PM2.5,,,
05-09-2026,"Dr. Karni Singh Shooting Range, Delhi - DPCC",Delhi,Delhi,India,28.498571,77.26484,SO2,5.0,9.0,6.0
05-09-2026,"Dwarka-Sector 8, Delhi - DPCC ",Delhi,Delhi,India,28.5710274,77.0719006,CO,14.0,23.0,20.0
05-09-2026,"Dwarka-Sector 8, Delhi - DPCC ",Delhi,Delhi,India,28.5710274,77.0719006,NH3,4.0,12.0,6.0
05-09-2026,"Dwarka-Sector 8, Delhi - DPCC ",Delhi,Delhi,India,28.5710274,77.0719006,NO2,17.0,36.0,27.0
05-09-2026,"Dwarka-Sector 8, Delhi - DPCC ",Delhi,Delhi,India,28.5710274,77.0719006,OZONE,13.0,18.0,16.0
05-09-2026,"Dwarka-Sector 8, Delhi - DPCC ",Delhi,Delhi,India,28.5710274,77.0719006,PM10,9.0,41.0,26.0
05-09-2026,"Dwarka-Sector 8, Delhi - DPCC ",Delhi,Delhi,India,28.5710274,77.0719006,PM2.5,8.0,52.0,24.0
05-09-2026,"Dwarka-Sector 8, Delhi - DPCC ",Delhi,Delhi,India,28.5710274,77.0719006,SO2,12.0,18.0,15.0
05-09-2026,"ECIL Kapra, Hyderabad - TSPCB",Hyderabad,Telangana,India,17.470431,78.566959,CO,18.0,30.0,23.0
05-09-2026,"ECIL Kapra, Hyderabad - TSPCB",Hyderabad,Telangana,India,17.470431,78.566959,NH3,2.0,4.0,3.0
05-09-2026,"ECIL Kapra, Hyderabad - TSPCB",Hyderabad,Telangana,India,17.470431,78.566959,NO2,6.0,16.0,12.0
05-09-2026,"ECIL Kapra, Hyderabad - TSPCB",Hyderabad,Telangana,India,17.470431,78.566959,OZONE,24.0,35.0,32.0
05-09-2026,"ECIL Kapra, Hyderabad - TSPCB",Hyderabad,Telangana,India,17.470431,78.566959,PM10,,,
05-09-2026,"ECIL Kapra, Hyderabad - TSPCB",Hyderabad,Telangana,India,17.470431,78.566959,PM2.5,41.0,44.0,42.0
05-09-2026,"ECIL Kapra, Hyderabad - TSPCB",Hyderabad,Telangana,India,17.470431,78.566959,SO2,6.0,17.0,10.0
05-09-2026,"Eco Herbal Park, Moradabad - UPPCB",Moradabad,Uttar Pradesh,India,28.840739,78.697531,CO,21.0,26.0,24.0
05-09-2026,"Eco Herbal Park, Moradabad - UPPCB",Moradabad,Uttar Pradesh,India,28.840739,78.697531,NH3,6.0,7.0,6.0
05-09-2026,"Eco Herbal Park, Moradabad - UPPCB",Moradabad,Uttar Pradesh,India,28.840739,78.697531,NO2,14.0,27.0,19.0
05-09-2026,"Eco Herbal Park, Moradabad - UPPCB",Moradabad,Uttar Pradesh,India,28.840739,78.697531,OZONE,17.0,26.0,21.0
05-09-2026,"Eco Herbal Park, Moradabad - UPPCB",Moradabad,Uttar Pradesh,India,28.840739,78.697531,PM10,6.0,84.0,38.0
05-09-2026,"Eco Herbal Park, Moradabad - UPPCB",Moradabad,Uttar Pradesh,India,28.840739,78.697531,PM2.5,6.0,78.0,35.0
05-09-2026,"Eco Herbal Park, Moradabad - UPPCB",Moradabad,Uttar Pradesh,India,28.840739,78.697531,SO2,7.0,18.0,14.0
05-09-2026,"Employment Office, Moradabad - UPPCB",Moradabad,Uttar Pradesh,India,28.88528,78.7388,CO,11.0,14.0,12.0
05-09-2026,"Employment Office, Moradabad - UPPCB",Moradabad,Uttar Pradesh,India,28.88528,78.7388,NH3,3.0,3.0,3.0
05-09-2026,"Employment Office, Moradabad - UPPCB",Moradabad,Uttar Pradesh,India,28.88528,78.7388,NO2,23.0,24.0,23.0
05-09-2026,"Employment Office, Moradabad - UPPCB",Moradabad,Uttar Pradesh,India,28.88528,78.7388,OZONE,2.0,23.0,13.0
05-09-2026,"Employment Office, Moradabad - UPPCB",Moradabad,Uttar Pradesh,India,28.88528,78.7388,PM10,21.0,52.0,38.0
05-09-2026,"Employment Office, Moradabad - UPPCB",Moradabad,Uttar Pradesh,India,28.88528,78.7388,PM2.5,24.0,68.0,47.0
05-09-2026,"Employment Office, Moradabad - UPPCB",Moradabad,Uttar Pradesh,India,28.88528,78.7388,SO2,31.0,37.0,35.0
05-09-2026,"Evelyn Lodge, Asansol - WBPCB",Asansol,West Bengal,India,23.697936,86.944395,CO,21.0,39.0,28.0
05-09-2026,"Evelyn Lodge, Asansol - WBPCB",Asansol,West Bengal,India,23.697936,86.944395,NH3,5.0,6.0,5.0
05-09-2026,"Evelyn Lodge, Asansol - WBPCB",Asansol,West Bengal,India,23.697936,86.944395,NO2,9.0,22.0,14.0
05-09-2026,"Evelyn Lodge, Asansol - WBPCB",Asansol,West Bengal,India,23.697936,86.944395,OZONE,12.0,27.0,19.0
05-09-2026,"Evelyn Lodge, Asansol - WBPCB",Asansol,West Bengal,India,23.697936,86.944395,PM10,33.0,56.0,45.0
05-09-2026,"Evelyn Lodge, Asansol - WBPCB",Asansol,West Bengal,India,23.697936,86.944395,PM2.5,28.0,43.0,36.0
05-09-2026,"Evelyn Lodge, Asansol - WBPCB",Asansol,West Bengal,India,23.697936,86.944395,SO2,77.0,78.0,78.0
05-09-2026,"F-Block, Sirsa - HSPCB",Sirsa,Haryana,India,29.5364,75.0158,CO,78.0,101.0,92.0
05-09-2026,"F-Block, Sirsa - HSPCB",Sirsa,Haryana,India,29.5364,75.0158,NH3,13.0,26.0,15.0
05-09-2026,"F-Block, Sirsa - HSPCB",Sirsa,Haryana,India,29.5364,75.0158,NO2,16.0,78.0,22.0
05-09-2026,"F-Block, Sirsa - HSPCB",Sirsa,Haryana,India,29.5364,75.0158,OZONE,31.0,71.0,49.0
05-09-2026,"F-Block, Sirsa - HSPCB",Sirsa,Haryana,India,29.5364,75.0158,PM10,25.0,100.0,49.0
05-09-2026,"F-Block, Sirsa - HSPCB",Sirsa,Haryana,India,29.5364,75.0158,PM2.5,16.0,30.0,22.0
05-09-2026,"F-Block, Sirsa - HSPCB",Sirsa,Haryana,India,29.5364,75.0158,SO2,31.0,65.0,40.0
05-09-2026,"FTI Kidwai Nagar, Kanpur - UPPCB",Kanpur,Uttar Pradesh,India,26.428282,80.327067,CO,30.0,31.0,31.0
05-09-2026,"FTI Kidwai Nagar, Kanpur - UPPCB",Kanpur,Uttar Pradesh,India,26.428282,80.327067,NH3,3.0,3.0,3.0
05-09-2026,"FTI Kidwai Nagar, Kanpur - UPPCB",Kanpur,Uttar Pradesh,India,26.428282,80.327067,NO2,27.0,27.0,27.0
05-09-2026,"FTI Kidwai Nagar, Kanpur - UPPCB",Kanpur,Uttar Pradesh,India,26.428282,80.327067,OZONE,11.0,11.0,11.0
05-09-2026,"FTI Kidwai Nagar, Kanpur - UPPCB",Kanpur,Uttar Pradesh,India,26.428282,80.327067,PM10,14.0,127.0,40.0
05-09-2026,"FTI Kidwai Nagar, Kanpur - UPPCB",Kanpur,Uttar Pradesh,India,26.428282,80.327067,PM2.5,9.0,98.0,28.0
05-09-2026,"FTI Kidwai Nagar, Kanpur - UPPCB",Kanpur,Uttar Pradesh,India,26.428282,80.327067,SO2,28.0,41.0,38.0
05-09-2026,"Ferro Chrome Colony, Byasanagar - OSPCB",Byasanagar,Odisha,India,20.94185,86.1151,CO,41.0,51.0,45.0
05-09-2026,"Ferro Chrome Colony, Byasanagar - OSPCB",Byasanagar,Odisha,India,20.94185,86.1151,NH3,1.0,2.0,2.0
05-09-2026,"Ferro Chrome Colony, Byasanagar - OSPCB",Byasanagar,Odisha,India,20.94185,86.1151,NO2,6.0,14.0,10.0
05-09-2026,"Ferro Chrome Colony, Byasanagar - OSPCB",Byasanagar,Odisha,India,20.94185,86.1151,OZONE,28.0,88.0,60.0
05-09-2026,"Ferro Chrome Colony, Byasanagar - OSPCB",Byasanagar,Odisha,India,20.94185,86.1151,PM10,25.0,100.0,60.0
05-09-2026,"Ferro Chrome Colony, Byasanagar - OSPCB",Byasanagar,Odisha,India,20.94185,86.1151,PM2.5,33.0,93.0,62.0
05-09-2026,"Ferro Chrome Colony, Byasanagar - OSPCB",Byasanagar,Odisha,India,20.94185,86.1151,SO2,8.0,18.0,12.0
05-09-2026,"Fertilizer Township, Rourkela - OSPCB",Rourkela,Odisha,India,22.18972222,84.86277778,CO,25.0,38.0,32.0
05-09-2026,"Fertilizer Township, Rourkela - OSPCB",Rourkela,Odisha,India,22.18972222,84.86277778,NH3,,,
05-09-2026,"Fertilizer Township, Rourkela - OSPCB",Rourkela,Odisha,India,22.18972222,84.86277778,NO2,11.0,11.0,11.0
05-09-2026,"Fertilizer Township, Rourkela - OSPCB",Rourkela,Odisha,India,22.18972222,84.86277778,OZONE,,,
05-09-2026,"Fertilizer Township, Rourkela - OSPCB",Rourkela,Odisha,India,22.18972222,84.86277778,PM10,32.0,48.0,42.0
05-09-2026,"Fertilizer Township, Rourkela - OSPCB",Rourkela,Odisha,India,22.18972222,84.86277778,PM2.5,15.0,63.0,34.0
05-09-2026,"Fertilizer Township, Rourkela - OSPCB",Rourkela,Odisha,India,22.18972222,84.86277778,SO2,11.0,12.0,11.0
05-09-2026,"Forest Office, Barbil - OSPCB",Barbil,Odisha,India,22.1166054,85.3945546,CO,13.0,45.0,24.0
05-09-2026,"Forest Office, Barbil - OSPCB",Barbil,Odisha,India,22.1166054,85.3945546,NH3,2.0,3.0,2.0
05-09-2026,"Forest Office, Barbil - OSPCB",Barbil,Odisha,India,22.1166054,85.3945546,NO2,6.0,26.0,11.0
05-09-2026,"Forest Office, Barbil - OSPCB",Barbil,Odisha,India,22.1166054,85.3945546,OZONE,19.0,43.0,31.0
05-09-2026,"Forest Office, Barbil - OSPCB",Barbil,Odisha,India,22.1166054,85.3945546,PM10,38.0,113.0,63.0
05-09-2026,"Forest Office, Barbil - OSPCB",Barbil,Odisha,India,22.1166054,85.3945546,PM2.5,15.0,80.0,38.0
05-09-2026,"Forest Office, Barbil - OSPCB",Barbil,Odisha,India,22.1166054,85.3945546,SO2,8.0,36.0,15.0
05-09-2026,"Forest Rest House, Manguraha - BSPCB",Manguraha,Bihar,India,27.308328,84.531742,CO,17.0,96.0,61.0
05-09-2026,"Forest Rest House, Manguraha - BSPCB",Manguraha,Bihar,India,27.308328,84.531742,NH3,0.0,1.0,1.0
05-09-2026,"Forest Rest House, Manguraha - BSPCB",Manguraha,Bihar,India,27.308328,84.531742,NO2,,,
05-09-2026,"Forest Rest House, Manguraha - BSPCB",Manguraha,Bihar,India,27.308328,84.531742,OZONE,22.0,47.0,33.0
05-09-2026,"Forest Rest House, Manguraha - BSPCB",Manguraha,Bihar,India,27.308328,84.531742,PM10,56.0,176.0,95.0
05-09-2026,"Forest Rest House, Manguraha - BSPCB",Manguraha,Bihar,India,27.308328,84.531742,PM2.5,,,
05-09-2026,"Forest Rest House, Manguraha - BSPCB",Manguraha,Bihar,India,27.308328,84.531742,SO2,13.0,48.0,23.0
05-09-2026,"Fort William, Kolkata - WBPCB",Kolkata,West Bengal,India,22.55664,88.342674,CO,19.0,50.0,35.0
05-09-2026,"Fort William, Kolkata - WBPCB",Kolkata,West Bengal,India,22.55664,88.342674,NH3,7.0,8.0,7.0
05-09-2026,"Fort William, Kolkata - WBPCB",Kolkata,West Bengal,India,22.55664,88.342674,NO2,13.0,42.0,21.0
05-09-2026,"Fort William, Kolkata - WBPCB",Kolkata,West Bengal,India,22.55664,88.342674,OZONE,54.0,82.0,68.0
05-09-2026,"Fort William, Kolkata - WBPCB",Kolkata,West Bengal,India,22.55664,88.342674,PM10,43.0,75.0,56.0
05-09-2026,"Fort William, Kolkata - WBPCB",Kolkata,West Bengal,India,22.55664,88.342674,PM2.5,41.0,71.0,53.0
05-09-2026,"Fort William, Kolkata - WBPCB",Kolkata,West Bengal,India,22.55664,88.342674,SO2,5.0,6.0,5.0
05-09-2026,"GIDC, Ankleshwar - GPCB",Ankleshwar,Gujarat,India,21.613267,73.010555,CO,32.0,44.0,38.0
05-09-2026,"GIDC, Ankleshwar - GPCB",Ankleshwar,Gujarat,India,21.613267,73.010555,NH3,5.0,5.0,5.0
05-09-2026,"GIDC, Ankleshwar - GPCB",Ankleshwar,Gujarat,India,21.613267,73.010555,NO2,27.0,28.0,27.0
05-09-2026,"GIDC, Ankleshwar - GPCB",Ankleshwar,Gujarat,India,21.613267,73.010555,OZONE,48.0,62.0,57.0
05-09-2026,"GIDC, Ankleshwar - GPCB",Ankleshwar,Gujarat,India,21.613267,73.010555,PM10,56.0,82.0,70.0
05-09-2026,"GIDC, Ankleshwar - GPCB",Ankleshwar,Gujarat,India,21.613267,73.010555,PM2.5,30.0,62.0,43.0
05-09-2026,"GIDC, Ankleshwar - GPCB",Ankleshwar,Gujarat,India,21.613267,73.010555,SO2,17.0,18.0,17.0
05-09-2026,"GIDC, Nandesari - Nandesari Ind. Association",Nandesari,Gujarat,India,22.410802,73.097923,CO,24.0,67.0,43.0
05-09-2026,"GIDC, Nandesari - Nandesari Ind. Association",Nandesari,Gujarat,India,22.410802,73.097923,NH3,,,
05-09-2026,"GIDC, Nandesari - Nandesari Ind. Association",Nandesari,Gujarat,India,22.410802,73.097923,NO2,2.0,319.0,36.0
05-09-2026,"GIDC, Nandesari - Nandesari Ind. Association",Nandesari,Gujarat,India,22.410802,73.097923,OZONE,,,
05-09-2026,"GIDC, Nandesari - Nandesari Ind. Association",Nandesari,Gujarat,India,22.410802,73.097923,PM10,31.0,85.0,54.0
05-09-2026,"GIDC, Nandesari - Nandesari Ind. Association",Nandesari,Gujarat,India,22.410802,73.097923,PM2.5,28.0,84.0,50.0
05-09-2026,"GIDC, Nandesari - Nandesari Ind. Association",Nandesari,Gujarat,India,22.410802,73.097923,SO2,3.0,3.0,3.0
05-09-2026,"GIFT City, Gandhinagar - IITM",Gandhinagar,Gujarat,India,23.163798,72.677768,CO,7.0,30.0,19.0
05-09-2026,"GIFT City, Gandhinagar - IITM",Gandhinagar,Gujarat,India,23.163798,72.677768,NH3,3.0,3.0,3.0
05-09-2026,"GIFT City, Gandhinagar - IITM",Gandhinagar,Gujarat,India,23.163798,72.677768,NO2,13.0,44.0,18.0
05-09-2026,"GIFT City, Gandhinagar - IITM",Gandhinagar,Gujarat,India,23.163798,72.677768,OZONE,4.0,7.0,6.0
05-09-2026,"GIFT City, Gandhinagar - IITM",Gandhinagar,Gujarat,India,23.163798,72.677768,PM10,56.0,107.0,78.0
05-09-2026,"GIFT City, Gandhinagar - IITM",Gandhinagar,Gujarat,India,23.163798,72.677768,PM2.5,20.0,69.0,42.0
05-09-2026,"GIFT City, Gandhinagar - IITM",Gandhinagar,Gujarat,India,23.163798,72.677768,SO2,1.0,16.0,5.0
05-09-2026,"GM Office, Brajrajnagar - OSPCB",Brajrajnagar,Odisha,India,21.8004996,83.8396977,CO,38.0,55.0,48.0
05-09-2026,"GM Office, Brajrajnagar - OSPCB",Brajrajnagar,Odisha,India,21.8004996,83.8396977,NH3,4.0,4.0,4.0
05-09-2026,"GM Office, Brajrajnagar - OSPCB",Brajrajnagar,Odisha,India,21.8004996,83.8396977,NO2,19.0,42.0,29.0
05-09-2026,"GM Office, Brajrajnagar - OSPCB",Brajrajnagar,Odisha,India,21.8004996,83.8396977,OZONE,42.0,43.0,43.0
05-09-2026,"GM Office, Brajrajnagar - OSPCB",Brajrajnagar,Odisha,India,21.8004996,83.8396977,PM10,13.0,191.0,83.0
05-09-2026,"GM Office, Brajrajnagar - OSPCB",Brajrajnagar,Odisha,India,21.8004996,83.8396977,PM2.5,9.0,238.0,79.0
05-09-2026,"GM Office, Brajrajnagar - OSPCB",Brajrajnagar,Odisha,India,21.8004996,83.8396977,SO2,17.0,18.0,17.0
05-09-2026,"GVM Corporation, Visakhapatnam - APPCB",Visakhapatnam,Andhra Pradesh,India,17.72,83.3,CO,4.0,63.0,19.0
05-09-2026,"GVM Corporation, Visakhapatnam - APPCB",Visakhapatnam,Andhra Pradesh,India,17.72,83.3,NH3,2.0,3.0,2.0
05-09-2026,"GVM Corporation, Visakhapatnam - APPCB",Visakhapatnam,Andhra Pradesh,India,17.72,83.3,NO2,32.0,115.0,69.0
05-09-2026,"GVM Corporation, Visakhapatnam - APPCB",Visakhapatnam,Andhra Pradesh,India,17.72,83.3,OZONE,3.0,56.0,24.0
05-09-2026,"GVM Corporation, Visakhapatnam - APPCB",Visakhapatnam,Andhra Pradesh,India,17.72,83.3,PM10,73.0,146.0,102.0
05-09-2026,"GVM Corporation, Visakhapatnam - APPCB",Visakhapatnam,Andhra Pradesh,India,17.72,83.3,PM2.5,33.0,132.0,68.0
05-09-2026,"GVM Corporation, Visakhapatnam - APPCB",Visakhapatnam,Andhra Pradesh,India,17.72,83.3,SO2,1.0,112.0,28.0
05-09-2026,"Gandak Colony, Motihari - BSPCB",Motihari,Bihar,India,26.63086,84.90051,CO,11.0,14.0,13.0
05-09-2026,"Gandak Colony, Motihari - BSPCB",Motihari,Bihar,India,26.63086,84.90051,NH3,1.0,1.0,1.0
05-09-2026,"Gandak Colony, Motihari - BSPCB",Motihari,Bihar,India,26.63086,84.90051,NO2,2.0,3.0,3.0
05-09-2026,"Gandak Colony, Motihari - BSPCB",Motihari,Bihar,India,26.63086,84.90051,OZONE,48.0,55.0,51.0
05-09-2026,"Gandak Colony, Motihari - BSPCB",Motihari,Bihar,India,26.63086,84.90051,PM10,12.0,111.0,26.0
05-09-2026,"Gandak Colony, Motihari - BSPCB",Motihari,Bihar,India,26.63086,84.90051,PM2.5,13.0,100.0,25.0
05-09-2026,"Gandak Colony, Motihari - BSPCB",Motihari,Bihar,India,26.63086,84.90051,SO2,2.0,3.0,3.0
05-09-2026,"Ganga Nagar, Meerut - UPPCB",Meerut,Uttar Pradesh,India,28.999264,77.7590354,CO,36.0,41.0,39.0
05-09-2026,"Ganga Nagar, Meerut - UPPCB",Meerut,Uttar Pradesh,India,28.999264,77.7590354,NH3,8.0,9.0,9.0
05-09-2026,"Ganga Nagar, Meerut - UPPCB",Meerut,Uttar Pradesh,India,28.999264,77.7590354,NO2,36.0,47.0,40.0
05-09-2026,"Ganga Nagar, Meerut - UPPCB",Meerut,Uttar Pradesh,India,28.999264,77.7590354,OZONE,27.0,47.0,39.0
05-09-2026,"Ganga Nagar, Meerut - UPPCB",Meerut,Uttar Pradesh,India,28.999264,77.7590354,PM10,21.0,68.0,41.0
05-09-2026,"Ganga Nagar, Meerut - UPPCB",Meerut,Uttar Pradesh,India,28.999264,77.7590354,PM2.5,7.0,60.0,36.0
05-09-2026,"Ganga Nagar, Meerut - UPPCB",Meerut,Uttar Pradesh,India,28.999264,77.7590354,SO2,22.0,33.0,26.0
05-09-2026,"Gangapur Road, Nashik - MPCB",Nashik,Maharashtra,India,20.0073285,73.7762427,CO,26.0,27.0,27.0
05-09-2026,"Gangapur Road, Nashik - MPCB",Nashik,Maharashtra,India,20.0073285,73.7762427,NH3,3.0,3.0,3.0
05-09-2026,"Gangapur Road, Nashik - MPCB",Nashik,Maharashtra,India,20.0073285,73.7762427,NO2,5.0,5.0,5.0
05-09-2026,"Gangapur Road, Nashik - MPCB",Nashik,Maharashtra,India,20.0073285,73.7762427,OZONE,10.0,20.0,15.0
05-09-2026,"Gangapur Road, Nashik - MPCB",Nashik,Maharashtra,India,20.0073285,73.7762427,PM10,15.0,245.0,46.0
05-09-2026,"Gangapur Road, Nashik - MPCB",Nashik,Maharashtra,India,20.0073285,73.7762427,PM2.5,10.0,72.0,23.0
05-09-2026,"Gangapur Road, Nashik - MPCB",Nashik,Maharashtra,India,20.0073285,73.7762427,SO2,1.0,6.0,4.0
05-09-2026,"Gangineni Cheruvu, Chittoor - APPCB",Chittoor,Andhra Pradesh,India,13.20488,79.097889,CO,14.0,18.0,17.0
05-09-2026,"Gangineni Cheruvu, Chittoor - APPCB",Chittoor,Andhra Pradesh,India,13.20488,79.097889,NH3,8.0,8.0,8.0
05-09-2026,"Gangineni Cheruvu, Chittoor - APPCB",Chittoor,Andhra Pradesh,India,13.20488,79.097889,NO2,33.0,37.0,35.0
05-09-2026,"Gangineni Cheruvu, Chittoor - APPCB",Chittoor,Andhra Pradesh,India,13.20488,79.097889,OZONE,33.0,36.0,35.0
05-09-2026,"Gangineni Cheruvu, Chittoor - APPCB",Chittoor,Andhra Pradesh,India,13.20488,79.097889,PM10,,,
05-09-2026,"Gangineni Cheruvu, Chittoor - APPCB",Chittoor,Andhra Pradesh,India,13.20488,79.097889,PM2.5,,,
05-09-2026,"Gangineni Cheruvu, Chittoor - APPCB",Chittoor,Andhra Pradesh,India,13.20488,79.097889,SO2,24.0,28.0,27.0
05-09-2026,"Gavalinagar, Pimpri Chinchwad - MPCB",Pimpri-Chinchwad,Maharashtra,India,18.63673,73.82487,CO,7.0,12.0,10.0
05-09-2026,"Gavalinagar, Pimpri Chinchwad - MPCB",Pimpri-Chinchwad,Maharashtra,India,18.63673,73.82487,NH3,2.0,3.0,2.0
05-09-2026,"Gavalinagar, Pimpri Chinchwad - MPCB",Pimpri-Chinchwad,Maharashtra,India,18.63673,73.82487,NO2,7.0,22.0,13.0
05-09-2026,"Gavalinagar, Pimpri Chinchwad - MPCB",Pimpri-Chinchwad,Maharashtra,India,18.63673,73.82487,OZONE,6.0,15.0,11.0
05-09-2026,"Gavalinagar, Pimpri Chinchwad - MPCB",Pimpri-Chinchwad,Maharashtra,India,18.63673,73.82487,PM10,19.0,42.0,31.0
05-09-2026,"Gavalinagar, Pimpri Chinchwad - MPCB",Pimpri-Chinchwad,Maharashtra,India,18.63673,73.82487,PM2.5,19.0,39.0,29.0
05-09-2026,"Gavalinagar, Pimpri Chinchwad - MPCB",Pimpri-Chinchwad,Maharashtra,India,18.63673,73.82487,SO2,1.0,2.0,1.0
05-09-2026,"General Hospital, Mandikhera(Nuh) - HSPCB",Mandikhera,Haryana,India,27.9002,76.9938,CO,49.0,50.0,50.0
05-09-2026,"General Hospital, Mandikhera(Nuh) - HSPCB",Mandikhera,Haryana,India,27.9002,76.9938,NH3,,,
05-09-2026,"General Hospital, Mandikhera(Nuh) - HSPCB",Mandikhera,Haryana,India,27.9002,76.9938,NO2,,,
05-09-2026,"General Hospital, Mandikhera(Nuh) - HSPCB",Mandikhera,Haryana,India,27.9002,76.9938,OZONE,46.0,48.0,47.0
05-09-2026,"General Hospital, Mandikhera(Nuh) - HSPCB",Mandikhera,Haryana,India,27.9002,76.9938,PM10,,,
05-09-2026,"General Hospital, Mandikhera(Nuh) - HSPCB",Mandikhera,Haryana,India,27.9002,76.9938,PM2.5,,,
05-09-2026,"General Hospital, Mandikhera(Nuh) - HSPCB",Mandikhera,Haryana,India,27.9002,76.9938,SO2,,,
05-09-2026,"Ghatkopar, Mumbai - BMC",Mumbai,Maharashtra,India,19.083694,72.920967,CO,19.0,34.0,24.0
05-09-2026,"Ghatkopar, Mumbai - BMC",Mumbai,Maharashtra,India,19.083694,72.920967,NH3,4.0,30.0,10.0
05-09-2026,"Ghatkopar, Mumbai - BMC",Mumbai,Maharashtra,India,19.083694,72.920967,NO2,,,
05-09-2026,"Ghatkopar, Mumbai - BMC",Mumbai,Maharashtra,India,19.083694,72.920967,OZONE,3.0,4.0,3.0
05-09-2026,"Ghatkopar, Mumbai - BMC",Mumbai,Maharashtra,India,19.083694,72.920967,PM10,30.0,46.0,35.0
05-09-2026,"Ghatkopar, Mumbai - BMC",Mumbai,Maharashtra,India,19.083694,72.920967,PM2.5,23.0,45.0,35.0
05-09-2026,"Ghatkopar, Mumbai - BMC",Mumbai,Maharashtra,India,19.083694,72.920967,SO2,0.0,9.0,3.0
05-09-2026,"Ghusuri, Howrah - WBPCB",Howrah,West Bengal,India,22.611968,88.347422,CO,27.0,62.0,46.0
05-09-2026,"Ghusuri, Howrah - WBPCB",Howrah,West Bengal,India,22.611968,88.347422,NH3,2.0,4.0,3.0
05-09-2026,"Ghusuri, Howrah - WBPCB",Howrah,West Bengal,India,22.611968,88.347422,NO2,48.0,76.0,60.0
05-09-2026,"Ghusuri, Howrah - WBPCB",Howrah,West Bengal,India,22.611968,88.347422,OZONE,19.0,22.0,20.0
05-09-2026,"Ghusuri, Howrah - WBPCB",Howrah,West Bengal,India,22.611968,88.347422,PM10,50.0,218.0,117.0
05-09-2026,"Ghusuri, Howrah - WBPCB",Howrah,West Bengal,India,22.611968,88.347422,PM2.5,45.0,170.0,78.0
05-09-2026,"Ghusuri, Howrah - WBPCB",Howrah,West Bengal,India,22.611968,88.347422,SO2,8.0,12.0,10.0
05-09-2026,"Girls College, Sivasagar - PCBA",Sivasagar,Assam,India,26.987634,94.636574,CO,9.0,25.0,15.0
05-09-2026,"Girls College, Sivasagar - PCBA",Sivasagar,Assam,India,26.987634,94.636574,NH3,2.0,4.0,3.0
05-09-2026,"Girls College, Sivasagar - PCBA",Sivasagar,Assam,India,26.987634,94.636574,NO2,9.0,14.0,10.0
05-09-2026,"Girls College, Sivasagar - PCBA",Sivasagar,Assam,India,26.987634,94.636574,OZONE,15.0,47.0,35.0
05-09-2026,"Girls College, Sivasagar - PCBA",Sivasagar,Assam,India,26.987634,94.636574,PM10,26.0,38.0,32.0
05-09-2026,"Girls College, Sivasagar - PCBA",Sivasagar,Assam,India,26.987634,94.636574,PM2.5,16.0,29.0,21.0
05-09-2026,"Girls College, Sivasagar - PCBA",Sivasagar,Assam,India,26.987634,94.636574,SO2,6.0,7.0,6.0
05-09-2026,"Gobind Pura, Yamuna Nagar - HSPCB",Yamuna Nagar,Haryana,India,30.1480566,77.2893471,CO,50.0,52.0,51.0
05-09-2026,"Gobind Pura, Yamuna Nagar - HSPCB",Yamuna Nagar,Haryana,India,30.1480566,77.2893471,NH3,1.0,6.0,4.0
05-09-2026,"Gobind Pura, Yamuna Nagar - HSPCB",Yamuna Nagar,Haryana,India,30.1480566,77.2893471,NO2,11.0,21.0,16.0
05-09-2026,"Gobind Pura, Yamuna Nagar - HSPCB",Yamuna Nagar,Haryana,India,30.1480566,77.2893471,OZONE,24.0,63.0,47.0
05-09-2026,"Gobind Pura, Yamuna Nagar - HSPCB",Yamuna Nagar,Haryana,India,30.1480566,77.2893471,PM10,66.0,109.0,85.0
05-09-2026,"Gobind Pura, Yamuna Nagar - HSPCB",Yamuna Nagar,Haryana,India,30.1480566,77.2893471,PM2.5,69.0,135.0,91.0
05-09-2026,"Gobind Pura, Yamuna Nagar - HSPCB",Yamuna Nagar,Haryana,India,30.1480566,77.2893471,SO2,10.0,15.0,12.0
05-09-2026,"Gokul Nagar, Bhiwandi - MPCB",Bhiwandi,Maharashtra,India,19.309073,73.057223,CO,16.0,25.0,19.0
05-09-2026,"Gokul Nagar, Bhiwandi - MPCB",Bhiwandi,Maharashtra,India,19.309073,73.057223,NH3,2.0,24.0,11.0
05-09-2026,"Gokul Nagar, Bhiwandi - MPCB",Bhiwandi,Maharashtra,India,19.309073,73.057223,NO2,13.0,52.0,32.0
05-09-2026,"Gokul Nagar, Bhiwandi - MPCB",Bhiwandi,Maharashtra,India,19.309073,73.057223,OZONE,30.0,37.0,32.0
05-09-2026,"Gokul Nagar, Bhiwandi - MPCB",Bhiwandi,Maharashtra,India,19.309073,73.057223,PM10,42.0,49.0,46.0
05-09-2026,"Gokul Nagar, Bhiwandi - MPCB",Bhiwandi,Maharashtra,India,19.309073,73.057223,PM2.5,25.0,30.0,27.0
05-09-2026,"Gokul Nagar, Bhiwandi - MPCB",Bhiwandi,Maharashtra,India,19.309073,73.057223,SO2,3.0,4.0,3.0
05-09-2026,"Golden Temple, Amritsar - PPCB",Amritsar,Punjab,India,31.62,74.876512,CO,25.0,32.0,28.0
05-09-2026,"Golden Temple, Amritsar - PPCB",Amritsar,Punjab,India,31.62,74.876512,NH3,7.0,8.0,7.0
05-09-2026,"Golden Temple, Amritsar - PPCB",Amritsar,Punjab,India,31.62,74.876512,NO2,19.0,33.0,23.0
05-09-2026,"Golden Temple, Amritsar - PPCB",Amritsar,Punjab,India,31.62,74.876512,OZONE,10.0,13.0,12.0
05-09-2026,"Golden Temple, Amritsar - PPCB",Amritsar,Punjab,India,31.62,74.876512,PM10,89.0,109.0,99.0
05-09-2026,"Golden Temple, Amritsar - PPCB",Amritsar,Punjab,India,31.62,74.876512,PM2.5,67.0,98.0,78.0
05-09-2026,"Golden Temple, Amritsar - PPCB",Amritsar,Punjab,India,31.62,74.876512,SO2,15.0,20.0,17.0
05-09-2026,"Gole Bazar, Katni - MPPCB",Katni,Madhya Pradesh,India,23.50016,80.23284,CO,31.0,48.0,38.0
05-09-2026,"Gole Bazar, Katni - MPPCB",Katni,Madhya Pradesh,India,23.50016,80.23284,NH3,,,
05-09-2026,"Gole Bazar, Katni - MPPCB",Katni,Madhya Pradesh,India,23.50016,80.23284,NO2,,,
05-09-2026,"Gole Bazar, Katni - MPPCB",Katni,Madhya Pradesh,India,23.50016,80.23284,OZONE,13.0,18.0,16.0
05-09-2026,"Gole Bazar, Katni - MPPCB",Katni,Madhya Pradesh,India,23.50016,80.23284,PM10,,,
05-09-2026,"Gole Bazar, Katni - MPPCB",Katni,Madhya Pradesh,India,23.50016,80.23284,PM2.5,,,
05-09-2026,"Gole Bazar, Katni - MPPCB",Katni,Madhya Pradesh,India,23.50016,80.23284,SO2,,,
05-09-2026,"Gomti Nagar, Lucknow - UPPCB",Lucknow,Uttar Pradesh,India,26.86812,81.005119,CO,39.0,40.0,40.0
05-09-2026,"Gomti Nagar, Lucknow - UPPCB",Lucknow,Uttar Pradesh,India,26.86812,81.005119,NH3,,,
05-09-2026,"Gomti Nagar, Lucknow - UPPCB",Lucknow,Uttar Pradesh,India,26.86812,81.005119,NO2,9.0,10.0,9.0
05-09-2026,"Gomti Nagar, Lucknow - UPPCB",Lucknow,Uttar Pradesh,India,26.86812,81.005119,OZONE,40.0,44.0,42.0
05-09-2026,"Gomti Nagar, Lucknow - UPPCB",Lucknow,Uttar Pradesh,India,26.86812,81.005119,PM10,22.0,80.0,33.0
05-09-2026,"Gomti Nagar, Lucknow - UPPCB",Lucknow,Uttar Pradesh,India,26.86812,81.005119,PM2.5,24.0,103.0,39.0
05-09-2026,"Gomti Nagar, Lucknow - UPPCB",Lucknow,Uttar Pradesh,India,26.86812,81.005119,SO2,11.0,11.0,11.0
05-09-2026,"Govindh Bhavan Colony, Jabalpur - JMC",Jabalpur,Madhya Pradesh,India,23.163174,79.973061,CO,31.0,35.0,33.0
05-09-2026,"Govindh Bhavan Colony, Jabalpur - JMC",Jabalpur,Madhya Pradesh,India,23.163174,79.973061,NH3,5.0,6.0,6.0
05-09-2026,"Govindh Bhavan Colony, Jabalpur - JMC",Jabalpur,Madhya Pradesh,India,23.163174,79.973061,NO2,61.0,67.0,64.0
05-09-2026,"Govindh Bhavan Colony, Jabalpur - JMC",Jabalpur,Madhya Pradesh,India,23.163174,79.973061,OZONE,34.0,43.0,37.0
05-09-2026,"Govindh Bhavan Colony, Jabalpur - JMC",Jabalpur,Madhya Pradesh,India,23.163174,79.973061,PM10,9.0,30.0,21.0
05-09-2026,"Govindh Bhavan Colony, Jabalpur - JMC",Jabalpur,Madhya Pradesh,India,23.163174,79.973061,PM2.5,8.0,32.0,20.0
05-09-2026,"Govindh Bhavan Colony, Jabalpur - JMC",Jabalpur,Madhya Pradesh,India,23.163174,79.973061,SO2,6.0,8.0,7.0
05-09-2026,"Govindpuram, Ghaziabad - UPPCB",Ghaziabad,Uttar Pradesh,India,28.694528,77.494705,CO,25.0,32.0,28.0
05-09-2026,"Govindpuram, Ghaziabad - UPPCB",Ghaziabad,Uttar Pradesh,India,28.694528,77.494705,NH3,1.0,2.0,2.0
05-09-2026,"Govindpuram, Ghaziabad - UPPCB",Ghaziabad,Uttar Pradesh,India,28.694528,77.494705,NO2,40.0,54.0,46.0
05-09-2026,"Govindpuram, Ghaziabad - UPPCB",Ghaziabad,Uttar Pradesh,India,28.694528,77.494705,OZONE,2.0,3.0,3.0
05-09-2026,"Govindpuram, Ghaziabad - UPPCB",Ghaziabad,Uttar Pradesh,India,28.694528,77.494705,PM10,4.0,11.0,7.0
05-09-2026,"Govindpuram, Ghaziabad - UPPCB",Ghaziabad,Uttar Pradesh,India,28.694528,77.494705,PM2.5,4.0,12.0,7.0
05-09-2026,"Govindpuram, Ghaziabad - UPPCB",Ghaziabad,Uttar Pradesh,India,28.694528,77.494705,SO2,1.0,3.0,2.0
05-09-2026,"Govt. Girls Inter College, Kashipur - UKPCB",Kashipur,Uttarakhand,India,29.2124114,78.9611753,CO,10.0,12.0,11.0
05-09-2026,"Govt. Girls Inter College, Kashipur - UKPCB",Kashipur,Uttarakhand,India,29.2124114,78.9611753,NH3,4.0,15.0,8.0
05-09-2026,"Govt. Girls Inter College, Kashipur - UKPCB",Kashipur,Uttarakhand,India,29.2124114,78.9611753,NO2,3.0,12.0,6.0
05-09-2026,"Govt. Girls Inter College, Kashipur - UKPCB",Kashipur,Uttarakhand,India,29.2124114,78.9611753,OZONE,,,
05-09-2026,"Govt. Girls Inter College, Kashipur - UKPCB",Kashipur,Uttarakhand,India,29.2124114,78.9611753,PM10,,,
05-09-2026,"Govt. Girls Inter College, Kashipur - UKPCB",Kashipur,Uttarakhand,India,29.2124114,78.9611753,PM2.5,,,
05-09-2026,"Govt. Girls Inter College, Kashipur - UKPCB",Kashipur,Uttarakhand,India,29.2124114,78.9611753,SO2,,,
05-09-2026,"Govt. High School Shikarpur, Patna - BSPCB",Patna,Bihar,India,25.592539,85.227158,CO,36.0,61.0,46.0
05-09-2026,"Govt. High School Shikarpur, Patna - BSPCB",Patna,Bihar,India,25.592539,85.227158,NH3,6.0,7.0,6.0
05-09-2026,"Govt. High School Shikarpur, Patna - BSPCB",Patna,Bihar,India,25.592539,85.227158,NO2,5.0,7.0,6.0
05-09-2026,"Govt. High School Shikarpur, Patna - BSPCB",Patna,Bihar,India,25.592539,85.227158,OZONE,47.0,91.0,75.0
05-09-2026,"Govt. High School Shikarpur, Patna - BSPCB",Patna,Bihar,India,25.592539,85.227158,PM10,66.0,110.0,78.0
05-09-2026,"Govt. High School Shikarpur, Patna - BSPCB",Patna,Bihar,India,25.592539,85.227158,PM2.5,38.0,46.0,41.0
05-09-2026,"Govt. High School Shikarpur, Patna - BSPCB",Patna,Bihar,India,25.592539,85.227158,SO2,12.0,14.0,12.0
05-09-2026,"Govt. Higher Secondary School, Milupara - CECB",Milupara,Chhattisgarh,India,22.1910172,83.5197009,CO,6.0,46.0,20.0
05-09-2026,"Govt. Higher Secondary School, Milupara - CECB",Milupara,Chhattisgarh,India,22.1910172,83.5197009,NH3,,,
05-09-2026,"Govt. Higher Secondary School, Milupara - CECB",Milupara,Chhattisgarh,India,22.1910172,83.5197009,NO2,,,
05-09-2026,"Govt. Higher Secondary School, Milupara - CECB",Milupara,Chhattisgarh,India,22.1910172,83.5197009,OZONE,36.0,40.0,38.0
05-09-2026,"Govt. Higher Secondary School, Milupara - CECB",Milupara,Chhattisgarh,India,22.1910172,83.5197009,PM10,,,
05-09-2026,"Govt. Higher Secondary School, Milupara - CECB",Milupara,Chhattisgarh,India,22.1910172,83.5197009,PM2.5,,,
05-09-2026,"Govt. Higher Secondary School, Milupara - CECB",Milupara,Chhattisgarh,India,22.1910172,83.5197009,SO2,,,
05-09-2026,"Gulzarpet, Anantapur - APPCB",Anantapur,Andhra Pradesh,India,14.675886,77.593027,CO,25.0,62.0,35.0
05-09-2026,"Gulzarpet, Anantapur - APPCB",Anantapur,Andhra Pradesh,India,14.675886,77.593027,NH3,3.0,5.0,3.0
05-09-2026,"Gulzarpet, Anantapur - APPCB",Anantapur,Andhra Pradesh,India,14.675886,77.593027,NO2,16.0,23.0,18.0
05-09-2026,"Gulzarpet, Anantapur - APPCB",Anantapur,Andhra Pradesh,India,14.675886,77.593027,OZONE,15.0,46.0,29.0
05-09-2026,"Gulzarpet, Anantapur - APPCB",Anantapur,Andhra Pradesh,India,14.675886,77.593027,PM10,55.0,89.0,69.0
05-09-2026,"Gulzarpet, Anantapur - APPCB",Anantapur,Andhra Pradesh,India,14.675886,77.593027,PM2.5,49.0,81.0,64.0
05-09-2026,"Gulzarpet, Anantapur - APPCB",Anantapur,Andhra Pradesh,India,14.675886,77.593027,SO2,11.0,17.0,12.0
05-09-2026,"Gyaspur, Ahmedabad - IITM",Ahmedabad,Gujarat,India,22.977134,72.553024,CO,30.0,59.0,38.0
05-09-2026,"Gyaspur, Ahmedabad - IITM",Ahmedabad,Gujarat,India,22.977134,72.553024,NH3,4.0,6.0,4.0
05-09-2026,"Gyaspur, Ahmedabad - IITM",Ahmedabad,Gujarat,India,22.977134,72.553024,NO2,27.0,50.0,31.0
05-09-2026,"Gyaspur, Ahmedabad - IITM",Ahmedabad,Gujarat,India,22.977134,72.553024,OZONE,13.0,14.0,14.0
05-09-2026,"Gyaspur, Ahmedabad - IITM",Ahmedabad,Gujarat,India,22.977134,72.553024,PM10,67.0,149.0,96.0
05-09-2026,"Gyaspur, Ahmedabad - IITM",Ahmedabad,Gujarat,India,22.977134,72.553024,PM2.5,25.0,69.0,45.0
05-09-2026,"Gyaspur, Ahmedabad - IITM",Ahmedabad,Gujarat,India,22.977134,72.553024,SO2,5.0,17.0,11.0
05-09-2026,"H.B. Colony, Bhiwani - HSPCB",Bhiwani,Haryana,India,28.806223,76.141105,CO,24.0,49.0,42.0
05-09-2026,"H.B. Colony, Bhiwani - HSPCB",Bhiwani,Haryana,India,28.806223,76.141105,NH3,11.0,12.0,11.0
05-09-2026,"H.B. Colony, Bhiwani - HSPCB",Bhiwani,Haryana,India,28.806223,76.141105,NO2,18.0,19.0,18.0
05-09-2026,"H.B. Colony, Bhiwani - HSPCB",Bhiwani,Haryana,India,28.806223,76.141105,OZONE,15.0,156.0,47.0
05-09-2026,"H.B. Colony, Bhiwani - HSPCB",Bhiwani,Haryana,India,28.806223,76.141105,PM10,17.0,38.0,29.0
05-09-2026,"H.B. Colony, Bhiwani - HSPCB",Bhiwani,Haryana,India,28.806223,76.141105,PM2.5,28.0,48.0,37.0
05-09-2026,"H.B. Colony, Bhiwani - HSPCB",Bhiwani,Haryana,India,28.806223,76.141105,SO2,12.0,13.0,13.0
05-09-2026,"HB Colony, Vijayawada - APPCB",Vijayawada,Andhra Pradesh,India,16.536107,80.594233,CO,29.0,33.0,31.0
05-09-2026,"HB Colony, Vijayawada - APPCB",Vijayawada,Andhra Pradesh,India,16.536107,80.594233,NH3,4.0,6.0,5.0
05-09-2026,"HB Colony, Vijayawada - APPCB",Vijayawada,Andhra Pradesh,India,16.536107,80.594233,NO2,16.0,25.0,18.0
05-09-2026,"HB Colony, Vijayawada - APPCB",Vijayawada,Andhra Pradesh,India,16.536107,80.594233,OZONE,17.0,45.0,29.0
05-09-2026,"HB Colony, Vijayawada - APPCB",Vijayawada,Andhra Pradesh,India,16.536107,80.594233,PM10,49.0,61.0,54.0
05-09-2026,"HB Colony, Vijayawada - APPCB",Vijayawada,Andhra Pradesh,India,16.536107,80.594233,PM2.5,38.0,57.0,48.0
05-09-2026,"HB Colony, Vijayawada - APPCB",Vijayawada,Andhra Pradesh,India,16.536107,80.594233,SO2,10.0,18.0,12.0
05-09-2026,"HIMUDA Complex Phase-1, Baddi - HPPCB",Baddi,Himachal Pradesh,India,30.943887,76.801991,CO,89.0,107.0,100.0
05-09-2026,"HIMUDA Complex Phase-1, Baddi - HPPCB",Baddi,Himachal Pradesh,India,30.943887,76.801991,NH3,2.0,5.0,3.0
05-09-2026,"HIMUDA Complex Phase-1, Baddi - HPPCB",Baddi,Himachal Pradesh,India,30.943887,76.801991,NO2,3.0,28.0,14.0
05-09-2026,"HIMUDA Complex Phase-1, Baddi - HPPCB",Baddi,Himachal Pradesh,India,30.943887,76.801991,OZONE,13.0,53.0,32.0
05-09-2026,"HIMUDA Complex Phase-1, Baddi - HPPCB",Baddi,Himachal Pradesh,India,30.943887,76.801991,PM10,22.0,336.0,111.0
05-09-2026,"HIMUDA Complex Phase-1, Baddi - HPPCB",Baddi,Himachal Pradesh,India,30.943887,76.801991,PM2.5,2.0,197.0,64.0
05-09-2026,"HIMUDA Complex Phase-1, Baddi - HPPCB",Baddi,Himachal Pradesh,India,30.943887,76.801991,SO2,6.0,15.0,11.0
05-09-2026,"Hadapsar, Pune - IITM",Pune,Maharashtra,India,18.501793,73.927532,CO,52.0,78.0,62.0
05-09-2026,"Hadapsar, Pune - IITM",Pune,Maharashtra,India,18.501793,73.927532,NH3,,,
05-09-2026,"Hadapsar, Pune - IITM",Pune,Maharashtra,India,18.501793,73.927532,NO2,10.0,40.0,21.0
05-09-2026,"Hadapsar, Pune - IITM",Pune,Maharashtra,India,18.501793,73.927532,OZONE,19.0,31.0,29.0
05-09-2026,"Hadapsar, Pune - IITM",Pune,Maharashtra,India,18.501793,73.927532,PM10,42.0,97.0,69.0
05-09-2026,"Hadapsar, Pune - IITM",Pune,Maharashtra,India,18.501793,73.927532,PM2.5,11.0,51.0,33.0
05-09-2026,"Hadapsar, Pune - IITM",Pune,Maharashtra,India,18.501793,73.927532,SO2,,,
05-09-2026,"Hakimapada, Angul - OSPCB",Angul,Odisha,India,20.832874,85.104082,CO,44.0,57.0,50.0
05-09-2026,"Hakimapada, Angul - OSPCB",Angul,Odisha,India,20.832874,85.104082,NH3,2.0,3.0,2.0
05-09-2026,"Hakimapada, Angul - OSPCB",Angul,Odisha,India,20.832874,85.104082,NO2,7.0,15.0,9.0
05-09-2026,"Hakimapada, Angul - OSPCB",Angul,Odisha,India,20.832874,85.104082,OZONE,28.0,51.0,41.0
05-09-2026,"Hakimapada, Angul - OSPCB",Angul,Odisha,India,20.832874,85.104082,PM10,44.0,266.0,78.0
05-09-2026,"Hakimapada, Angul - OSPCB",Angul,Odisha,India,20.832874,85.104082,PM2.5,12.0,372.0,47.0
05-09-2026,"Hakimapada, Angul - OSPCB",Angul,Odisha,India,20.832874,85.104082,SO2,7.0,16.0,10.0
05-09-2026,"Hardev Nagar, Bathinda - PPCB",Bathinda,Punjab,India,30.233011,74.907758,CO,20.0,26.0,23.0
05-09-2026,"Hardev Nagar, Bathinda - PPCB",Bathinda,Punjab,India,30.233011,74.907758,NH3,,,
05-09-2026,"Hardev Nagar, Bathinda - PPCB",Bathinda,Punjab,India,30.233011,74.907758,NO2,28.0,35.0,30.0
05-09-2026,"Hardev Nagar, Bathinda - PPCB",Bathinda,Punjab,India,30.233011,74.907758,OZONE,,,
05-09-2026,"Hardev Nagar, Bathinda - PPCB",Bathinda,Punjab,India,30.233011,74.907758,PM10,13.0,67.0,35.0
05-09-2026,"Hardev Nagar, Bathinda - PPCB",Bathinda,Punjab,India,30.233011,74.907758,PM2.5,12.0,62.0,26.0
05-09-2026,"Hardev Nagar, Bathinda - PPCB",Bathinda,Punjab,India,30.233011,74.907758,SO2,9.0,24.0,15.0
05-09-2026,"Hathkhoj, Bhilai - CECB",Bhilai,Chhattisgarh,India,21.224231,81.40835,CO,13.0,37.0,21.0
05-09-2026,"Hathkhoj, Bhilai - CECB",Bhilai,Chhattisgarh,India,21.224231,81.40835,NH3,6.0,13.0,7.0
05-09-2026,"Hathkhoj, Bhilai - CECB",Bhilai,Chhattisgarh,India,21.224231,81.40835,NO2,6.0,39.0,14.0
05-09-2026,"Hathkhoj, Bhilai - CECB",Bhilai,Chhattisgarh,India,21.224231,81.40835,OZONE,5.0,17.0,12.0
05-09-2026,"Hathkhoj, Bhilai - CECB",Bhilai,Chhattisgarh,India,21.224231,81.40835,PM10,12.0,65.0,29.0
05-09-2026,"Hathkhoj, Bhilai - CECB",Bhilai,Chhattisgarh,India,21.224231,81.40835,PM2.5,11.0,51.0,26.0
05-09-2026,"Hathkhoj, Bhilai - CECB",Bhilai,Chhattisgarh,India,21.224231,81.40835,SO2,3.0,20.0,9.0
05-09-2026,"Hebbal 1st Stage, Mysuru - KSPCB",Mysuru,Karnataka,India,12.21041,76.37376,CO,11.0,33.0,21.0
05-09-2026,"Hebbal 1st Stage, Mysuru - KSPCB",Mysuru,Karnataka,India,12.21041,76.37376,NH3,3.0,5.0,4.0
05-09-2026,"Hebbal 1st Stage, Mysuru - KSPCB",Mysuru,Karnataka,India,12.21041,76.37376,NO2,13.0,23.0,18.0
05-09-2026,"Hebbal 1st Stage, Mysuru - KSPCB",Mysuru,Karnataka,India,12.21041,76.37376,OZONE,15.0,40.0,27.0
05-09-2026,"Hebbal 1st Stage, Mysuru - KSPCB",Mysuru,Karnataka,India,12.21041,76.37376,PM10,38.0,82.0,61.0
05-09-2026,"Hebbal 1st Stage, Mysuru - KSPCB",Mysuru,Karnataka,India,12.21041,76.37376,PM2.5,11.0,37.0,24.0
05-09-2026,"Hebbal 1st Stage, Mysuru - KSPCB",Mysuru,Karnataka,India,12.21041,76.37376,SO2,1.0,5.0,3.0
05-09-2026,"Hebbal, Bengaluru - KSPCB",Bengaluru,Karnataka,India,13.029152,77.585901,CO,8.0,26.0,13.0
05-09-2026,"Hebbal, Bengaluru - KSPCB",Bengaluru,Karnataka,India,13.029152,77.585901,NH3,2.0,3.0,2.0
05-09-2026,"Hebbal, Bengaluru - KSPCB",Bengaluru,Karnataka,India,13.029152,77.585901,NO2,18.0,21.0,19.0
05-09-2026,"Hebbal, Bengaluru - KSPCB",Bengaluru,Karnataka,India,13.029152,77.585901,OZONE,3.0,6.0,5.0
05-09-2026,"Hebbal, Bengaluru - KSPCB",Bengaluru,Karnataka,India,13.029152,77.585901,PM10,17.0,60.0,32.0
05-09-2026,"Hebbal, Bengaluru - KSPCB",Bengaluru,Karnataka,India,13.029152,77.585901,PM2.5,12.0,40.0,22.0
05-09-2026,"Hebbal, Bengaluru - KSPCB",Bengaluru,Karnataka,India,13.029152,77.585901,SO2,11.0,20.0,15.0
05-09-2026,"Hombegowda Nagar, Bengaluru - KSPCB",Bengaluru,Karnataka,India,12.938539,77.5901,CO,17.0,54.0,28.0
05-09-2026,"Hombegowda Nagar, Bengaluru - KSPCB",Bengaluru,Karnataka,India,12.938539,77.5901,NH3,1.0,1.0,1.0
05-09-2026,"Hombegowda Nagar, Bengaluru - KSPCB",Bengaluru,Karnataka,India,12.938539,77.5901,NO2,10.0,66.0,21.0
05-09-2026,"Hombegowda Nagar, Bengaluru - KSPCB",Bengaluru,Karnataka,India,12.938539,77.5901,OZONE,7.0,48.0,34.0
05-09-2026,"Hombegowda Nagar, Bengaluru - KSPCB",Bengaluru,Karnataka,India,12.938539,77.5901,PM10,13.0,89.0,38.0
05-09-2026,"Hombegowda Nagar, Bengaluru - KSPCB",Bengaluru,Karnataka,India,12.938539,77.5901,PM2.5,13.0,33.0,20.0
05-09-2026,"Hombegowda Nagar, Bengaluru - KSPCB",Bengaluru,Karnataka,India,12.938539,77.5901,SO2,4.0,9.0,6.0
05-09-2026,"Housing Board, Hanumangarh - RSPCB",Hanumangarh,Rajasthan,India,29.61075,74.283608,CO,23.0,44.0,33.0
05-09-2026,"Housing Board, Hanumangarh - RSPCB",Hanumangarh,Rajasthan,India,29.61075,74.283608,NH3,5.0,7.0,7.0
05-09-2026,"Housing Board, Hanumangarh - RSPCB",Hanumangarh,Rajasthan,India,29.61075,74.283608,NO2,4.0,14.0,7.0
05-09-2026,"Housing Board, Hanumangarh - RSPCB",Hanumangarh,Rajasthan,India,29.61075,74.283608,OZONE,26.0,59.0,46.0
05-09-2026,"Housing Board, Hanumangarh - RSPCB",Hanumangarh,Rajasthan,India,29.61075,74.283608,PM10,44.0,135.0,65.0
05-09-2026,"Housing Board, Hanumangarh - RSPCB",Hanumangarh,Rajasthan,India,29.61075,74.283608,PM2.5,35.0,89.0,54.0
05-09-2026,"Housing Board, Hanumangarh - RSPCB",Hanumangarh,Rajasthan,India,29.61075,74.283608,SO2,4.0,5.0,4.0
05-09-2026,"Huda Sector, Fatehabad - HSPCB",Fatehabad,Haryana,India,29.503664,75.467934,CO,45.0,52.0,47.0
05-09-2026,"Huda Sector, Fatehabad - HSPCB",Fatehabad,Haryana,India,29.503664,75.467934,NH3,13.0,15.0,14.0
05-09-2026,"Huda Sector, Fatehabad - HSPCB",Fatehabad,Haryana,India,29.503664,75.467934,NO2,18.0,21.0,19.0
05-09-2026,"Huda Sector, Fatehabad - HSPCB",Fatehabad,Haryana,India,29.503664,75.467934,OZONE,41.0,97.0,66.0
05-09-2026,"Huda Sector, Fatehabad - HSPCB",Fatehabad,Haryana,India,29.503664,75.467934,PM10,,,
05-09-2026,"Huda Sector, Fatehabad - HSPCB",Fatehabad,Haryana,India,29.503664,75.467934,PM2.5,,,
05-09-2026,"Huda Sector, Fatehabad - HSPCB",Fatehabad,Haryana,India,29.503664,75.467934,SO2,11.0,59.0,43.0
05-09-2026,"ICRISAT Patancheru, Hyderabad - TSPCB",Hyderabad,Telangana,India,17.5184,78.278777,CO,17.0,51.0,42.0
05-09-2026,"ICRISAT Patancheru, Hyderabad - TSPCB",Hyderabad,Telangana,India,17.5184,78.278777,NH3,,,
05-09-2026,"ICRISAT Patancheru, Hyderabad - TSPCB",Hyderabad,Telangana,India,17.5184,78.278777,NO2,,,
05-09-2026,"ICRISAT Patancheru, Hyderabad - TSPCB",Hyderabad,Telangana,India,17.5184,78.278777,OZONE,28.0,88.0,71.0
05-09-2026,"ICRISAT Patancheru, Hyderabad - TSPCB",Hyderabad,Telangana,India,17.5184,78.278777,PM10,,,
05-09-2026,"ICRISAT Patancheru, Hyderabad - TSPCB",Hyderabad,Telangana,India,17.5184,78.278777,PM2.5,6.0,88.0,34.0
05-09-2026,"ICRISAT Patancheru, Hyderabad - TSPCB",Hyderabad,Telangana,India,17.5184,78.278777,SO2,0.0,9.0,5.0
05-09-2026,"IDA Pashamylaram, Hyderabad - TSPCB",Hyderabad,Telangana,India,17.5316895,78.218939,CO,6.0,37.0,20.0
05-09-2026,"IDA Pashamylaram, Hyderabad - TSPCB",Hyderabad,Telangana,India,17.5316895,78.218939,NH3,1.0,1.0,1.0
05-09-2026,"IDA Pashamylaram, Hyderabad - TSPCB",Hyderabad,Telangana,India,17.5316895,78.218939,NO2,16.0,20.0,18.0
05-09-2026,"IDA Pashamylaram, Hyderabad - TSPCB",Hyderabad,Telangana,India,17.5316895,78.218939,OZONE,5.0,10.0,8.0
05-09-2026,"IDA Pashamylaram, Hyderabad - TSPCB",Hyderabad,Telangana,India,17.5316895,78.218939,PM10,37.0,102.0,60.0
05-09-2026,"IDA Pashamylaram, Hyderabad - TSPCB",Hyderabad,Telangana,India,17.5316895,78.218939,PM2.5,18.0,73.0,38.0
05-09-2026,"IDA Pashamylaram, Hyderabad - TSPCB",Hyderabad,Telangana,India,17.5316895,78.218939,SO2,9.0,11.0,10.0
05-09-2026,"IESD Banaras Hindu University, Varanasi - UPPCB",Varanasi,Uttar Pradesh,India,25.262326,82.995408,CO,3.0,4.0,3.0
05-09-2026,"IESD Banaras Hindu University, Varanasi - UPPCB",Varanasi,Uttar Pradesh,India,25.262326,82.995408,NH3,0.0,0.0,0.0
05-09-2026,"IESD Banaras Hindu University, Varanasi - UPPCB",Varanasi,Uttar Pradesh,India,25.262326,82.995408,NO2,2.0,2.0,2.0
05-09-2026,"IESD Banaras Hindu University, Varanasi - UPPCB",Varanasi,Uttar Pradesh,India,25.262326,82.995408,OZONE,2.0,10.0,4.0
05-09-2026,"IESD Banaras Hindu University, Varanasi - UPPCB",Varanasi,Uttar Pradesh,India,25.262326,82.995408,PM10,,,
05-09-2026,"IESD Banaras Hindu University, Varanasi - UPPCB",Varanasi,Uttar Pradesh,India,25.262326,82.995408,PM2.5,17.0,48.0,31.0
05-09-2026,"IESD Banaras Hindu University, Varanasi - UPPCB",Varanasi,Uttar Pradesh,India,25.262326,82.995408,SO2,16.0,41.0,28.0
05-09-2026,"IGI Airport (T3), Delhi - IITM",Delhi,Delhi,India,28.5627763,77.1180053,CO,79.0,91.0,85.0
05-09-2026,"IGI Airport (T3), Delhi - IITM",Delhi,Delhi,India,28.5627763,77.1180053,NH3,,,
05-09-2026,"IGI Airport (T3), Delhi - IITM",Delhi,Delhi,India,28.5627763,77.1180053,NO2,,,
05-09-2026,"IGI Airport (T3), Delhi - IITM",Delhi,Delhi,India,28.5627763,77.1180053,OZONE,21.0,21.0,21.0
05-09-2026,"IGI Airport (T3), Delhi - IITM",Delhi,Delhi,India,28.5627763,77.1180053,PM10,,,
05-09-2026,"IGI Airport (T3), Delhi - IITM",Delhi,Delhi,India,28.5627763,77.1180053,PM2.5,,,
05-09-2026,"IGI Airport (T3), Delhi - IITM",Delhi,Delhi,India,28.5627763,77.1180053,SO2,,,
05-09-2026,"IGNOU_Maidan Garhi, Delhi - DPCC",Delhi,Delhi,India,28.493624,77.201159,CO,57.0,67.0,63.0
05-09-2026,"IGNOU_Maidan Garhi, Delhi - DPCC",Delhi,Delhi,India,28.493624,77.201159,NH3,1.0,5.0,3.0
05-09-2026,"IGNOU_Maidan Garhi, Delhi - DPCC",Delhi,Delhi,India,28.493624,77.201159,NO2,4.0,32.0,9.0
05-09-2026,"IGNOU_Maidan Garhi, Delhi - DPCC",Delhi,Delhi,India,28.493624,77.201159,OZONE,3.0,7.0,5.0
05-09-2026,"IGNOU_Maidan Garhi, Delhi - DPCC",Delhi,Delhi,India,28.493624,77.201159,PM10,15.0,47.0,34.0
05-09-2026,"IGNOU_Maidan Garhi, Delhi - DPCC",Delhi,Delhi,India,28.493624,77.201159,PM2.5,6.0,49.0,13.0
05-09-2026,"IGNOU_Maidan Garhi, Delhi - DPCC",Delhi,Delhi,India,28.493624,77.201159,SO2,6.0,7.0,7.0
05-09-2026,"IHBAS, Dilshad Garden, Delhi - CPCB",Delhi,Delhi,India,28.6811736,77.3025234,CO,30.0,48.0,38.0
05-09-2026,"IHBAS, Dilshad Garden, Delhi - CPCB",Delhi,Delhi,India,28.6811736,77.3025234,NH3,4.0,7.0,5.0
05-09-2026,"IHBAS, Dilshad Garden, Delhi - CPCB",Delhi,Delhi,India,28.6811736,77.3025234,NO2,40.0,52.0,48.0
05-09-2026,"IHBAS, Dilshad Garden, Delhi - CPCB",Delhi,Delhi,India,28.6811736,77.3025234,OZONE,8.0,26.0,18.0
05-09-2026,"IHBAS, Dilshad Garden, Delhi - CPCB",Delhi,Delhi,India,28.6811736,77.3025234,PM10,13.0,131.0,34.0
05-09-2026,"IHBAS, Dilshad Garden, Delhi - CPCB",Delhi,Delhi,India,28.6811736,77.3025234,PM2.5,8.0,279.0,46.0
05-09-2026,"IHBAS, Dilshad Garden, Delhi - CPCB",Delhi,Delhi,India,28.6811736,77.3025234,SO2,16.0,25.0,19.0
05-09-2026,"IIPHG Lekawada, Gandhinagar - IITM",Gandhinagar,Gujarat,India,23.243639,72.68994,CO,14.0,25.0,17.0
05-09-2026,"IIPHG Lekawada, Gandhinagar - IITM",Gandhinagar,Gujarat,India,23.243639,72.68994,NH3,4.0,8.0,5.0
05-09-2026,"IIPHG Lekawada, Gandhinagar - IITM",Gandhinagar,Gujarat,India,23.243639,72.68994,NO2,7.0,22.0,13.0
05-09-2026,"IIPHG Lekawada, Gandhinagar - IITM",Gandhinagar,Gujarat,India,23.243639,72.68994,OZONE,2.0,5.0,4.0
05-09-2026,"IIPHG Lekawada, Gandhinagar - IITM",Gandhinagar,Gujarat,India,23.243639,72.68994,PM10,54.0,82.0,66.0
05-09-2026,"IIPHG Lekawada, Gandhinagar - IITM",Gandhinagar,Gujarat,India,23.243639,72.68994,PM2.5,30.0,64.0,45.0
05-09-2026,"IIPHG Lekawada, Gandhinagar - IITM",Gandhinagar,Gujarat,India,23.243639,72.68994,SO2,1.0,3.0,2.0
05-09-2026,"IIT Delhi, Delhi - IITM",Delhi,Delhi,India,28.54246,77.191651,CO,21.0,33.0,27.0
05-09-2026,"IIT Delhi, Delhi - IITM",Delhi,Delhi,India,28.54246,77.191651,NH3,,,
05-09-2026,"IIT Delhi, Delhi - IITM",Delhi,Delhi,India,28.54246,77.191651,NO2,13.0,36.0,24.0
05-09-2026,"IIT Delhi, Delhi - IITM",Delhi,Delhi,India,28.54246,77.191651,OZONE,15.0,22.0,18.0
05-09-2026,"IIT Delhi, Delhi - IITM",Delhi,Delhi,India,28.54246,77.191651,PM10,27.0,118.0,62.0
05-09-2026,"IIT Delhi, Delhi - IITM",Delhi,Delhi,India,28.54246,77.191651,PM2.5,16.0,78.0,35.0
05-09-2026,"IIT Delhi, Delhi - IITM",Delhi,Delhi,India,28.54246,77.191651,SO2,,,
05-09-2026,"IITG, Guwahati - PCBA",Guwahati,Assam,India,26.2028636,91.70046436,CO,74.0,80.0,76.0
05-09-2026,"IITG, Guwahati - PCBA",Guwahati,Assam,India,26.2028636,91.70046436,NH3,1.0,1.0,1.0
05-09-2026,"IITG, Guwahati - PCBA",Guwahati,Assam,India,26.2028636,91.70046436,NO2,1.0,3.0,2.0
05-09-2026,"IITG, Guwahati - PCBA",Guwahati,Assam,India,26.2028636,91.70046436,OZONE,4.0,20.0,14.0
05-09-2026,"IITG, Guwahati - PCBA",Guwahati,Assam,India,26.2028636,91.70046436,PM10,6.0,19.0,12.0
05-09-2026,"IITG, Guwahati - PCBA",Guwahati,Assam,India,26.2028636,91.70046436,PM2.5,4.0,19.0,12.0
05-09-2026,"IITG, Guwahati - PCBA",Guwahati,Assam,India,26.2028636,91.70046436,SO2,32.0,33.0,32.0
05-09-2026,"IITH Kandi, Hyderabad - TSPCB",Hyderabad,Telangana,India,17.585705,78.126199,CO,26.0,36.0,32.0
05-09-2026,"IITH Kandi, Hyderabad - TSPCB",Hyderabad,Telangana,India,17.585705,78.126199,NH3,3.0,4.0,3.0
05-09-2026,"IITH Kandi, Hyderabad - TSPCB",Hyderabad,Telangana,India,17.585705,78.126199,NO2,10.0,13.0,11.0
05-09-2026,"IITH Kandi, Hyderabad - TSPCB",Hyderabad,Telangana,India,17.585705,78.126199,OZONE,16.0,25.0,22.0
05-09-2026,"IITH Kandi, Hyderabad - TSPCB",Hyderabad,Telangana,India,17.585705,78.126199,PM10,59.0,77.0,69.0
05-09-2026,"IITH Kandi, Hyderabad - TSPCB",Hyderabad,Telangana,India,17.585705,78.126199,PM2.5,36.0,51.0,42.0
05-09-2026,"IITH Kandi, Hyderabad - TSPCB",Hyderabad,Telangana,India,17.585705,78.126199,SO2,8.0,16.0,11.0
05-09-2026,"IMD Lodhi Road, Delhi - IITM",Delhi,Delhi,India,28.5918245,77.2273074,CO,17.0,29.0,22.0
05-09-2026,"IMD Lodhi Road, Delhi - IITM",Delhi,Delhi,India,28.5918245,77.2273074,NH3,,,
05-09-2026,"IMD Lodhi Road, Delhi - IITM",Delhi,Delhi,India,28.5918245,77.2273074,NO2,9.0,25.0,15.0
05-09-2026,"IMD Lodhi Road, Delhi - IITM",Delhi,Delhi,India,28.5918245,77.2273074,OZONE,14.0,31.0,21.0
05-09-2026,"IMD Lodhi Road, Delhi - IITM",Delhi,Delhi,India,28.5918245,77.2273074,PM10,25.0,72.0,41.0
05-09-2026,"IMD Lodhi Road, Delhi - IITM",Delhi,Delhi,India,28.5918245,77.2273074,PM2.5,2.0,75.0,31.0
05-09-2026,"IMD Lodhi Road, Delhi - IITM",Delhi,Delhi,India,28.5918245,77.2273074,SO2,,,
05-09-2026,"ITO, Delhi - CPCB",Delhi,Delhi,India,28.628624,77.24106,CO,41.0,69.0,55.0
05-09-2026,"ITO, Delhi - CPCB",Delhi,Delhi,India,28.628624,77.24106,NH3,1.0,6.0,4.0
05-09-2026,"ITO, Delhi - CPCB",Delhi,Delhi,India,28.628624,77.24106,NO2,5.0,105.0,62.0
05-09-2026,"ITO, Delhi - CPCB",Delhi,Delhi,India,28.628624,77.24106,OZONE,15.0,17.0,16.0
05-09-2026,"ITO, Delhi - CPCB",Delhi,Delhi,India,28.628624,77.24106,PM10,20.0,78.0,45.0
05-09-2026,"ITO, Delhi - CPCB",Delhi,Delhi,India,28.628624,77.24106,PM2.5,18.0,87.0,44.0
05-09-2026,"ITO, Delhi - CPCB",Delhi,Delhi,India,28.628624,77.24106,SO2,8.0,43.0,24.0
05-09-2026,"Ibrahimpur, Vijayapura - KSPCB",Vijayapura,Karnataka,India,16.802639,75.722694,CO,15.0,31.0,20.0
05-09-2026,"Ibrahimpur, Vijayapura - KSPCB",Vijayapura,Karnataka,India,16.802639,75.722694,NH3,4.0,4.0,4.0
05-09-2026,"Ibrahimpur, Vijayapura - KSPCB",Vijayapura,Karnataka,India,16.802639,75.722694,NO2,11.0,12.0,11.0
05-09-2026,"Ibrahimpur, Vijayapura - KSPCB",Vijayapura,Karnataka,India,16.802639,75.722694,OZONE,16.0,17.0,16.0
05-09-2026,"Ibrahimpur, Vijayapura - KSPCB",Vijayapura,Karnataka,India,16.802639,75.722694,PM10,42.0,43.0,43.0
05-09-2026,"Ibrahimpur, Vijayapura - KSPCB",Vijayapura,Karnataka,India,16.802639,75.722694,PM2.5,27.0,28.0,27.0
05-09-2026,"Ibrahimpur, Vijayapura - KSPCB",Vijayapura,Karnataka,India,16.802639,75.722694,SO2,3.0,6.0,3.0
05-09-2026,"Idgah Hills, Bhopal - MPPCB",Bhopal,Madhya Pradesh,India,23.264759,77.381568,CO,12.0,36.0,24.0
05-09-2026,"Idgah Hills, Bhopal - MPPCB",Bhopal,Madhya Pradesh,India,23.264759,77.381568,NH3,,,
05-09-2026,"Idgah Hills, Bhopal - MPPCB",Bhopal,Madhya Pradesh,India,23.264759,77.381568,NO2,,,
05-09-2026,"Idgah Hills, Bhopal - MPPCB",Bhopal,Madhya Pradesh,India,23.264759,77.381568,OZONE,4.0,15.0,9.0
05-09-2026,"Idgah Hills, Bhopal - MPPCB",Bhopal,Madhya Pradesh,India,23.264759,77.381568,PM10,,,
05-09-2026,"Idgah Hills, Bhopal - MPPCB",Bhopal,Madhya Pradesh,India,23.264759,77.381568,PM2.5,,,
05-09-2026,"Idgah Hills, Bhopal - MPPCB",Bhopal,Madhya Pradesh,India,23.264759,77.381568,SO2,,,
05-09-2026,"Indira Colony Vistar, Pali - RSPCB",Pali,Rajasthan,India,25.771061,73.340227,CO,14.0,37.0,26.0
05-09-2026,"Indira Colony Vistar, Pali - RSPCB",Pali,Rajasthan,India,25.771061,73.340227,NH3,4.0,9.0,6.0
05-09-2026,"Indira Colony Vistar, Pali - RSPCB",Pali,Rajasthan,India,25.771061,73.340227,NO2,11.0,22.0,17.0
05-09-2026,"Indira Colony Vistar, Pali - RSPCB",Pali,Rajasthan,India,25.771061,73.340227,OZONE,11.0,72.0,39.0
05-09-2026,"Indira Colony Vistar, Pali - RSPCB",Pali,Rajasthan,India,25.771061,73.340227,PM10,91.0,131.0,110.0
05-09-2026,"Indira Colony Vistar, Pali - RSPCB",Pali,Rajasthan,India,25.771061,73.340227,PM2.5,54.0,67.0,58.0
05-09-2026,"Indira Colony Vistar, Pali - RSPCB",Pali,Rajasthan,India,25.771061,73.340227,SO2,6.0,11.0,9.0
05-09-2026,"Indirapuram, Ghaziabad - UPPCB",Ghaziabad,Uttar Pradesh,India,28.646233,77.358075,CO,17.0,20.0,20.0
05-09-2026,"Indirapuram, Ghaziabad - UPPCB",Ghaziabad,Uttar Pradesh,India,28.646233,77.358075,NH3,,,
05-09-2026,"Indirapuram, Ghaziabad - UPPCB",Ghaziabad,Uttar Pradesh,India,28.646233,77.358075,NO2,19.0,40.0,27.0
05-09-2026,"Indirapuram, Ghaziabad - UPPCB",Ghaziabad,Uttar Pradesh,India,28.646233,77.358075,OZONE,27.0,31.0,29.0
05-09-2026,"Indirapuram, Ghaziabad - UPPCB",Ghaziabad,Uttar Pradesh,India,28.646233,77.358075,PM10,18.0,74.0,37.0
05-09-2026,"Indirapuram, Ghaziabad - UPPCB",Ghaziabad,Uttar Pradesh,India,28.646233,77.358075,PM2.5,16.0,69.0,34.0
05-09-2026,"Indirapuram, Ghaziabad - UPPCB",Ghaziabad,Uttar Pradesh,India,28.646233,77.358075,SO2,12.0,17.0,14.0
05-09-2026,"Indra Nagar, Jhunjhunu - RSPCB",Jhunjhunu,Rajasthan,India,28.108988,75.386577,CO,13.0,18.0,16.0
05-09-2026,"Indra Nagar, Jhunjhunu - RSPCB",Jhunjhunu,Rajasthan,India,28.108988,75.386577,NH3,3.0,6.0,5.0
05-09-2026,"Indra Nagar, Jhunjhunu - RSPCB",Jhunjhunu,Rajasthan,India,28.108988,75.386577,NO2,6.0,24.0,13.0
05-09-2026,"Indra Nagar, Jhunjhunu - RSPCB",Jhunjhunu,Rajasthan,India,28.108988,75.386577,OZONE,29.0,55.0,44.0
05-09-2026,"Indra Nagar, Jhunjhunu - RSPCB",Jhunjhunu,Rajasthan,India,28.108988,75.386577,PM10,16.0,74.0,42.0
05-09-2026,"Indra Nagar, Jhunjhunu - RSPCB",Jhunjhunu,Rajasthan,India,28.108988,75.386577,PM2.5,2.0,40.0,17.0
05-09-2026,"Indra Nagar, Jhunjhunu - RSPCB",Jhunjhunu,Rajasthan,India,28.108988,75.386577,SO2,4.0,5.0,4.0
05-09-2026,"Industrial Area, Hajipur - BSPCB",Hajipur,Bihar,India,25.697189,85.2459,CO,17.0,25.0,20.0
05-09-2026,"Industrial Area, Hajipur - BSPCB",Hajipur,Bihar,India,25.697189,85.2459,NH3,12.0,19.0,16.0
05-09-2026,"Industrial Area, Hajipur - BSPCB",Hajipur,Bihar,India,25.697189,85.2459,NO2,13.0,34.0,23.0
05-09-2026,"Industrial Area, Hajipur - BSPCB",Hajipur,Bihar,India,25.697189,85.2459,OZONE,16.0,45.0,28.0
05-09-2026,"Industrial Area, Hajipur - BSPCB",Hajipur,Bihar,India,25.697189,85.2459,PM10,29.0,58.0,44.0
05-09-2026,"Industrial Area, Hajipur - BSPCB",Hajipur,Bihar,India,25.697189,85.2459,PM2.5,35.0,81.0,58.0
05-09-2026,"Industrial Area, Hajipur - BSPCB",Hajipur,Bihar,India,25.697189,85.2459,SO2,4.0,5.0,5.0
05-09-2026,"JNU, Delhi - DPCC",Delhi,Delhi,India,28.540721,77.168544,CO,47.0,70.0,58.0
05-09-2026,"JNU, Delhi - DPCC",Delhi,Delhi,India,28.540721,77.168544,NH3,,,
05-09-2026,"JNU, Delhi - DPCC",Delhi,Delhi,India,28.540721,77.168544,NO2,16.0,45.0,27.0
05-09-2026,"JNU, Delhi - DPCC",Delhi,Delhi,India,28.540721,77.168544,OZONE,11.0,13.0,12.0
05-09-2026,"JNU, Delhi - DPCC",Delhi,Delhi,India,28.540721,77.168544,PM10,20.0,58.0,38.0
05-09-2026,"JNU, Delhi - DPCC",Delhi,Delhi,India,28.540721,77.168544,PM2.5,17.0,61.0,35.0
05-09-2026,"JNU, Delhi - DPCC",Delhi,Delhi,India,28.540721,77.168544,SO2,3.0,5.0,4.0
05-09-2026,"Jadavpur, Kolkata - WBPCB",Kolkata,West Bengal,India,22.49929,88.36917,CO,34.0,63.0,42.0
05-09-2026,"Jadavpur, Kolkata - WBPCB",Kolkata,West Bengal,India,22.49929,88.36917,NH3,12.0,13.0,12.0
05-09-2026,"Jadavpur, Kolkata - WBPCB",Kolkata,West Bengal,India,22.49929,88.36917,NO2,21.0,198.0,50.0
05-09-2026,"Jadavpur, Kolkata - WBPCB",Kolkata,West Bengal,India,22.49929,88.36917,OZONE,12.0,13.0,12.0
05-09-2026,"Jadavpur, Kolkata - WBPCB",Kolkata,West Bengal,India,22.49929,88.36917,PM10,45.0,98.0,70.0
05-09-2026,"Jadavpur, Kolkata - WBPCB",Kolkata,West Bengal,India,22.49929,88.36917,PM2.5,43.0,84.0,62.0
05-09-2026,"Jadavpur, Kolkata - WBPCB",Kolkata,West Bengal,India,22.49929,88.36917,SO2,6.0,8.0,7.0
05-09-2026,"Jagamohanpur, Keonjhar - OSPCB",Keonjhar,Odisha,India,21.6439,85.599355,CO,39.0,41.0,40.0
05-09-2026,"Jagamohanpur, Keonjhar - OSPCB",Keonjhar,Odisha,India,21.6439,85.599355,NH3,2.0,3.0,2.0
05-09-2026,"Jagamohanpur, Keonjhar - OSPCB",Keonjhar,Odisha,India,21.6439,85.599355,NO2,12.0,17.0,14.0
05-09-2026,"Jagamohanpur, Keonjhar - OSPCB",Keonjhar,Odisha,India,21.6439,85.599355,OZONE,6.0,16.0,12.0
05-09-2026,"Jagamohanpur, Keonjhar - OSPCB",Keonjhar,Odisha,India,21.6439,85.599355,PM10,25.0,60.0,44.0
05-09-2026,"Jagamohanpur, Keonjhar - OSPCB",Keonjhar,Odisha,India,21.6439,85.599355,PM2.5,19.0,58.0,34.0
05-09-2026,"Jagamohanpur, Keonjhar - OSPCB",Keonjhar,Odisha,India,21.6439,85.599355,SO2,18.0,28.0,21.0
05-09-2026,"Jahangirpuri, Delhi - DPCC",Delhi,Delhi,India,28.73282,77.170633,CO,41.0,56.0,48.0
05-09-2026,"Jahangirpuri, Delhi - DPCC",Delhi,Delhi,India,28.73282,77.170633,NH3,10.0,11.0,11.0
05-09-2026,"Jahangirpuri, Delhi - DPCC",Delhi,Delhi,India,28.73282,77.170633,NO2,12.0,26.0,17.0
05-09-2026,"Jahangirpuri, Delhi - DPCC",Delhi,Delhi,India,28.73282,77.170633,OZONE,17.0,18.0,18.0
05-09-2026,"Jahangirpuri, Delhi - DPCC",Delhi,Delhi,India,28.73282,77.170633,PM10,9.0,44.0,24.0
05-09-2026,"Jahangirpuri, Delhi - DPCC",Delhi,Delhi,India,28.73282,77.170633,PM2.5,,,
05-09-2026,"Jahangirpuri, Delhi - DPCC",Delhi,Delhi,India,28.73282,77.170633,SO2,23.0,30.0,27.0
05-09-2026,"Jai Bhim Nagar, Meerut - UPPCB",Meerut,Uttar Pradesh,India,28.9535882,77.7622941,CO,13.0,14.0,14.0
05-09-2026,"Jai Bhim Nagar, Meerut - UPPCB",Meerut,Uttar Pradesh,India,28.9535882,77.7622941,NH3,12.0,16.0,13.0
05-09-2026,"Jai Bhim Nagar, Meerut - UPPCB",Meerut,Uttar Pradesh,India,28.9535882,77.7622941,NO2,4.0,15.0,9.0
05-09-2026,"Jai Bhim Nagar, Meerut - UPPCB",Meerut,Uttar Pradesh,India,28.9535882,77.7622941,OZONE,22.0,30.0,26.0
05-09-2026,"Jai Bhim Nagar, Meerut - UPPCB",Meerut,Uttar Pradesh,India,28.9535882,77.7622941,PM10,2.0,29.0,15.0
05-09-2026,"Jai Bhim Nagar, Meerut - UPPCB",Meerut,Uttar Pradesh,India,28.9535882,77.7622941,PM2.5,,,
05-09-2026,"Jai Bhim Nagar, Meerut - UPPCB",Meerut,Uttar Pradesh,India,28.9535882,77.7622941,SO2,7.0,10.0,8.0
05-09-2026,"Jawahar Nagar, Puducherry - PPCC",Puducherry,Puducherry,India,11.9309,79.8027,CO,13.0,49.0,25.0
05-09-2026,"Jawahar Nagar, Puducherry - PPCC",Puducherry,Puducherry,India,11.9309,79.8027,NH3,1.0,5.0,2.0
05-09-2026,"Jawahar Nagar, Puducherry - PPCC",Puducherry,Puducherry,India,11.9309,79.8027,NO2,6.0,21.0,10.0
05-09-2026,"Jawahar Nagar, Puducherry - PPCC",Puducherry,Puducherry,India,11.9309,79.8027,OZONE,16.0,67.0,36.0
05-09-2026,"Jawahar Nagar, Puducherry - PPCC",Puducherry,Puducherry,India,11.9309,79.8027,PM10,25.0,47.0,35.0
05-09-2026,"Jawahar Nagar, Puducherry - PPCC",Puducherry,Puducherry,India,11.9309,79.8027,PM2.5,15.0,28.0,21.0
05-09-2026,"Jawahar Nagar, Puducherry - PPCC",Puducherry,Puducherry,India,11.9309,79.8027,SO2,3.0,13.0,8.0
05-09-2026,"Jawaharlal Nehru Stadium, Delhi - DPCC",Delhi,Delhi,India,28.58028,77.233829,CO,83.0,139.0,114.0
05-09-2026,"Jawaharlal Nehru Stadium, Delhi - DPCC",Delhi,Delhi,India,28.58028,77.233829,NH3,5.0,6.0,6.0
05-09-2026,"Jawaharlal Nehru Stadium, Delhi - DPCC",Delhi,Delhi,India,28.58028,77.233829,NO2,9.0,31.0,19.0
05-09-2026,"Jawaharlal Nehru Stadium, Delhi - DPCC",Delhi,Delhi,India,28.58028,77.233829,OZONE,14.0,47.0,26.0
05-09-2026,"Jawaharlal Nehru Stadium, Delhi - DPCC",Delhi,Delhi,India,28.58028,77.233829,PM10,8.0,47.0,33.0
05-09-2026,"Jawaharlal Nehru Stadium, Delhi - DPCC",Delhi,Delhi,India,28.58028,77.233829,PM2.5,8.0,57.0,31.0
05-09-2026,"Jawaharlal Nehru Stadium, Delhi - DPCC",Delhi,Delhi,India,28.58028,77.233829,SO2,8.0,51.0,35.0
05-09-2026,"Jayanagar 5th Block, Bengaluru - KSPCB",Bengaluru,Karnataka,India,12.920984,77.584908,CO,4.0,95.0,35.0
05-09-2026,"Jayanagar 5th Block, Bengaluru - KSPCB",Bengaluru,Karnataka,India,12.920984,77.584908,NH3,0.0,1.0,0.0
05-09-2026,"Jayanagar 5th Block, Bengaluru - KSPCB",Bengaluru,Karnataka,India,12.920984,77.584908,NO2,10.0,26.0,15.0
05-09-2026,"Jayanagar 5th Block, Bengaluru - KSPCB",Bengaluru,Karnataka,India,12.920984,77.584908,OZONE,9.0,60.0,32.0
05-09-2026,"Jayanagar 5th Block, Bengaluru - KSPCB",Bengaluru,Karnataka,India,12.920984,77.584908,PM10,16.0,103.0,42.0
05-09-2026,"Jayanagar 5th Block, Bengaluru - KSPCB",Bengaluru,Karnataka,India,12.920984,77.584908,PM2.5,11.0,70.0,28.0
05-09-2026,"Jayanagar 5th Block, Bengaluru - KSPCB",Bengaluru,Karnataka,India,12.920984,77.584908,SO2,3.0,14.0,9.0
05-09-2026,"Jhalamand, Jodhpur - RSPCB",Jodhpur,Rajasthan,India,26.215415,73.070156,CO,8.0,12.0,10.0
05-09-2026,"Jhalamand, Jodhpur - RSPCB",Jodhpur,Rajasthan,India,26.215415,73.070156,NH3,5.0,6.0,6.0
05-09-2026,"Jhalamand, Jodhpur - RSPCB",Jodhpur,Rajasthan,India,26.215415,73.070156,NO2,5.0,13.0,8.0
05-09-2026,"Jhalamand, Jodhpur - RSPCB",Jodhpur,Rajasthan,India,26.215415,73.070156,OZONE,15.0,20.0,17.0
05-09-2026,"Jhalamand, Jodhpur - RSPCB",Jodhpur,Rajasthan,India,26.215415,73.070156,PM10,51.0,76.0,61.0
05-09-2026,"Jhalamand, Jodhpur - RSPCB",Jodhpur,Rajasthan,India,26.215415,73.070156,PM2.5,12.0,50.0,23.0
05-09-2026,"Jhalamand, Jodhpur - RSPCB",Jodhpur,Rajasthan,India,26.215415,73.070156,SO2,2.0,5.0,3.0
05-09-2026,"Jhunsi, Prayagraj - UPPCB",Prayagraj,Uttar Pradesh,India,25.425602,81.917152,CO,9.0,14.0,11.0
05-09-2026,"Jhunsi, Prayagraj - UPPCB",Prayagraj,Uttar Pradesh,India,25.425602,81.917152,NH3,6.0,6.0,6.0
05-09-2026,"Jhunsi, Prayagraj - UPPCB",Prayagraj,Uttar Pradesh,India,25.425602,81.917152,NO2,6.0,6.0,6.0
05-09-2026,"Jhunsi, Prayagraj - UPPCB",Prayagraj,Uttar Pradesh,India,25.425602,81.917152,OZONE,30.0,48.0,36.0
05-09-2026,"Jhunsi, Prayagraj - UPPCB",Prayagraj,Uttar Pradesh,India,25.425602,81.917152,PM10,12.0,73.0,26.0
05-09-2026,"Jhunsi, Prayagraj - UPPCB",Prayagraj,Uttar Pradesh,India,25.425602,81.917152,PM2.5,,,
05-09-2026,"Jhunsi, Prayagraj - UPPCB",Prayagraj,Uttar Pradesh,India,25.425602,81.917152,SO2,18.0,50.0,32.0
05-09-2026,"Jigani, Bengaluru - KSPCB",Bengaluru,Karnataka,India,12.7816279,77.6299145,CO,25.0,26.0,26.0
05-09-2026,"Jigani, Bengaluru - KSPCB",Bengaluru,Karnataka,India,12.7816279,77.6299145,NH3,4.0,4.0,4.0
05-09-2026,"Jigani, Bengaluru - KSPCB",Bengaluru,Karnataka,India,12.7816279,77.6299145,NO2,21.0,23.0,22.0
05-09-2026,"Jigani, Bengaluru - KSPCB",Bengaluru,Karnataka,India,12.7816279,77.6299145,OZONE,18.0,19.0,18.0
05-09-2026,"Jigani, Bengaluru - KSPCB",Bengaluru,Karnataka,India,12.7816279,77.6299145,PM10,,,
05-09-2026,"Jigani, Bengaluru - KSPCB",Bengaluru,Karnataka,India,12.7816279,77.6299145,PM2.5,,,
05-09-2026,"Jigani, Bengaluru - KSPCB",Bengaluru,Karnataka,India,12.7816279,77.6299145,SO2,14.0,14.0,14.0
05-09-2026,"Jigar Colony, Moradabad - UPPCB",Moradabad,Uttar Pradesh,India,28.856664,78.772638,CO,39.0,40.0,40.0
05-09-2026,"Jigar Colony, Moradabad - UPPCB",Moradabad,Uttar Pradesh,India,28.856664,78.772638,NH3,6.0,6.0,6.0
05-09-2026,"Jigar Colony, Moradabad - UPPCB",Moradabad,Uttar Pradesh,India,28.856664,78.772638,NO2,24.0,25.0,25.0
05-09-2026,"Jigar Colony, Moradabad - UPPCB",Moradabad,Uttar Pradesh,India,28.856664,78.772638,OZONE,20.0,27.0,24.0
05-09-2026,"Jigar Colony, Moradabad - UPPCB",Moradabad,Uttar Pradesh,India,28.856664,78.772638,PM10,10.0,43.0,31.0
05-09-2026,"Jigar Colony, Moradabad - UPPCB",Moradabad,Uttar Pradesh,India,28.856664,78.772638,PM2.5,12.0,35.0,21.0
05-09-2026,"Jigar Colony, Moradabad - UPPCB",Moradabad,Uttar Pradesh,India,28.856664,78.772638,SO2,36.0,104.0,63.0
05-09-2026,"KHB Colony, Karwar - KSPCB",Karwar,Karnataka,India,14.816666,74.141003,CO,,,
05-09-2026,"KHB Colony, Karwar - KSPCB",Karwar,Karnataka,India,14.816666,74.141003,NH3,1.0,2.0,1.0
05-09-2026,"KHB Colony, Karwar - KSPCB",Karwar,Karnataka,India,14.816666,74.141003,NO2,9.0,11.0,10.0
05-09-2026,"KHB Colony, Karwar - KSPCB",Karwar,Karnataka,India,14.816666,74.141003,OZONE,,,
05-09-2026,"KHB Colony, Karwar - KSPCB",Karwar,Karnataka,India,14.816666,74.141003,PM10,9.0,42.0,18.0
05-09-2026,"KHB Colony, Karwar - KSPCB",Karwar,Karnataka,India,14.816666,74.141003,PM2.5,5.0,35.0,13.0
05-09-2026,"KHB Colony, Karwar - KSPCB",Karwar,Karnataka,India,14.816666,74.141003,SO2,,,
05-09-2026,"Kalabhavan, Dharwad - KSPCB",Dharwad,Karnataka,India,15.459706,75.008381,CO,34.0,48.0,42.0
05-09-2026,"Kalabhavan, Dharwad - KSPCB",Dharwad,Karnataka,India,15.459706,75.008381,NH3,6.0,7.0,7.0
05-09-2026,"Kalabhavan, Dharwad - KSPCB",Dharwad,Karnataka,India,15.459706,75.008381,NO2,23.0,27.0,26.0
05-09-2026,"Kalabhavan, Dharwad - KSPCB",Dharwad,Karnataka,India,15.459706,75.008381,OZONE,26.0,29.0,27.0
05-09-2026,"Kalabhavan, Dharwad - KSPCB",Dharwad,Karnataka,India,15.459706,75.008381,PM10,66.0,77.0,71.0
05-09-2026,"Kalabhavan, Dharwad - KSPCB",Dharwad,Karnataka,India,15.459706,75.008381,PM2.5,48.0,53.0,50.0
05-09-2026,"Kalabhavan, Dharwad - KSPCB",Dharwad,Karnataka,India,15.459706,75.008381,SO2,7.0,9.0,7.0
05-09-2026,"Kalal Majra, Khanna - PPCB",Khanna,Punjab,India,30.736056,76.209694,CO,35.0,88.0,65.0
05-09-2026,"Kalal Majra, Khanna - PPCB",Khanna,Punjab,India,30.736056,76.209694,NH3,4.0,13.0,7.0
05-09-2026,"Kalal Majra, Khanna - PPCB",Khanna,Punjab,India,30.736056,76.209694,NO2,17.0,26.0,21.0
05-09-2026,"Kalal Majra, Khanna - PPCB",Khanna,Punjab,India,30.736056,76.209694,OZONE,18.0,45.0,30.0
05-09-2026,"Kalal Majra, Khanna - PPCB",Khanna,Punjab,India,30.736056,76.209694,PM10,54.0,102.0,79.0
05-09-2026,"Kalal Majra, Khanna - PPCB",Khanna,Punjab,India,30.736056,76.209694,PM2.5,31.0,60.0,46.0
05-09-2026,"Kalal Majra, Khanna - PPCB",Khanna,Punjab,India,30.736056,76.209694,SO2,5.0,16.0,9.0
05-09-2026,"Kalidaspur, Balasore - OSPCB",Balasore,Odisha,India,21.51161,86.89088,CO,46.0,52.0,48.0
05-09-2026,"Kalidaspur, Balasore - OSPCB",Balasore,Odisha,India,21.51161,86.89088,NH3,3.0,4.0,3.0
05-09-2026,"Kalidaspur, Balasore - OSPCB",Balasore,Odisha,India,21.51161,86.89088,NO2,4.0,13.0,8.0
05-09-2026,"Kalidaspur, Balasore - OSPCB",Balasore,Odisha,India,21.51161,86.89088,OZONE,32.0,93.0,64.0
05-09-2026,"Kalidaspur, Balasore - OSPCB",Balasore,Odisha,India,21.51161,86.89088,PM10,40.0,94.0,72.0
05-09-2026,"Kalidaspur, Balasore - OSPCB",Balasore,Odisha,India,21.51161,86.89088,PM2.5,28.0,103.0,59.0
05-09-2026,"Kalidaspur, Balasore - OSPCB",Balasore,Odisha,India,21.51161,86.89088,SO2,7.0,18.0,10.0
05-09-2026,"Kalindi Kunj, Khurja - UPPCB",Khurja,Uttar Pradesh,India,28.2348927,77.8683002,CO,11.0,57.0,42.0
05-09-2026,"Kalindi Kunj, Khurja - UPPCB",Khurja,Uttar Pradesh,India,28.2348927,77.8683002,NH3,1.0,1.0,1.0
05-09-2026,"Kalindi Kunj, Khurja - UPPCB",Khurja,Uttar Pradesh,India,28.2348927,77.8683002,NO2,12.0,13.0,12.0
05-09-2026,"Kalindi Kunj, Khurja - UPPCB",Khurja,Uttar Pradesh,India,28.2348927,77.8683002,OZONE,12.0,12.0,12.0
05-09-2026,"Kalindi Kunj, Khurja - UPPCB",Khurja,Uttar Pradesh,India,28.2348927,77.8683002,PM10,18.0,57.0,28.0
05-09-2026,"Kalindi Kunj, Khurja - UPPCB",Khurja,Uttar Pradesh,India,28.2348927,77.8683002,PM2.5,9.0,33.0,17.0
05-09-2026,"Kalindi Kunj, Khurja - UPPCB",Khurja,Uttar Pradesh,India,28.2348927,77.8683002,SO2,10.0,11.0,10.0
05-09-2026,"Kalu Nagar, Dombivli - MPCB",Dombivli,Maharashtra,India,19.2268427,73.0788456,CO,7.0,21.0,10.0
05-09-2026,"Kalu Nagar, Dombivli - MPCB",Dombivli,Maharashtra,India,19.2268427,73.0788456,NH3,1.0,3.0,2.0
05-09-2026,"Kalu Nagar, Dombivli - MPCB",Dombivli,Maharashtra,India,19.2268427,73.0788456,NO2,5.0,28.0,16.0
05-09-2026,"Kalu Nagar, Dombivli - MPCB",Dombivli,Maharashtra,India,19.2268427,73.0788456,OZONE,26.0,40.0,33.0
05-09-2026,"Kalu Nagar, Dombivli - MPCB",Dombivli,Maharashtra,India,19.2268427,73.0788456,PM10,7.0,27.0,16.0
05-09-2026,"Kalu Nagar, Dombivli - MPCB",Dombivli,Maharashtra,India,19.2268427,73.0788456,PM2.5,3.0,18.0,9.0
05-09-2026,"Kalu Nagar, Dombivli - MPCB",Dombivli,Maharashtra,India,19.2268427,73.0788456,SO2,22.0,45.0,25.0
05-09-2026,"Kamalnath Nagar, Bettiah - BSPCB",Bettiah,Bihar,India,26.80365,84.51954,CO,25.0,37.0,31.0
05-09-2026,"Kamalnath Nagar, Bettiah - BSPCB",Bettiah,Bihar,India,26.80365,84.51954,NH3,2.0,5.0,3.0
05-09-2026,"Kamalnath Nagar, Bettiah - BSPCB",Bettiah,Bihar,India,26.80365,84.51954,NO2,15.0,48.0,27.0
05-09-2026,"Kamalnath Nagar, Bettiah - BSPCB",Bettiah,Bihar,India,26.80365,84.51954,OZONE,15.0,31.0,23.0
05-09-2026,"Kamalnath Nagar, Bettiah - BSPCB",Bettiah,Bihar,India,26.80365,84.51954,PM10,19.0,23.0,21.0
05-09-2026,"Kamalnath Nagar, Bettiah - BSPCB",Bettiah,Bihar,India,26.80365,84.51954,PM2.5,21.0,26.0,23.0
05-09-2026,"Kamalnath Nagar, Bettiah - BSPCB",Bettiah,Bihar,India,26.80365,84.51954,SO2,10.0,16.0,13.0
05-09-2026,"Kamble Tarf Birwadi, Mahad - MPCB",Mahad,Maharashtra,India,18.1023399,73.4783687,CO,18.0,28.0,25.0
05-09-2026,"Kamble Tarf Birwadi, Mahad - MPCB",Mahad,Maharashtra,India,18.1023399,73.4783687,NH3,5.0,5.0,5.0
05-09-2026,"Kamble Tarf Birwadi, Mahad - MPCB",Mahad,Maharashtra,India,18.1023399,73.4783687,NO2,3.0,30.0,9.0
05-09-2026,"Kamble Tarf Birwadi, Mahad - MPCB",Mahad,Maharashtra,India,18.1023399,73.4783687,OZONE,15.0,31.0,22.0
05-09-2026,"Kamble Tarf Birwadi, Mahad - MPCB",Mahad,Maharashtra,India,18.1023399,73.4783687,PM10,25.0,60.0,36.0
05-09-2026,"Kamble Tarf Birwadi, Mahad - MPCB",Mahad,Maharashtra,India,18.1023399,73.4783687,PM2.5,15.0,39.0,24.0
05-09-2026,"Kamble Tarf Birwadi, Mahad - MPCB",Mahad,Maharashtra,India,18.1023399,73.4783687,SO2,3.0,36.0,10.0
05-09-2026,"Kandivali West, Mumbai - BMC",Mumbai,Maharashtra,India,19.215859,72.831718,CO,5.0,33.0,11.0
05-09-2026,"Kandivali West, Mumbai - BMC",Mumbai,Maharashtra,India,19.215859,72.831718,NH3,4.0,5.0,5.0
05-09-2026,"Kandivali West, Mumbai - BMC",Mumbai,Maharashtra,India,19.215859,72.831718,NO2,7.0,23.0,12.0
05-09-2026,"Kandivali West, Mumbai - BMC",Mumbai,Maharashtra,India,19.215859,72.831718,OZONE,11.0,23.0,16.0
05-09-2026,"Kandivali West, Mumbai - BMC",Mumbai,Maharashtra,India,19.215859,72.831718,PM10,24.0,41.0,31.0
05-09-2026,"Kandivali West, Mumbai - BMC",Mumbai,Maharashtra,India,19.215859,72.831718,PM2.5,22.0,38.0,29.0
05-09-2026,"Kandivali West, Mumbai - BMC",Mumbai,Maharashtra,India,19.215859,72.831718,SO2,0.0,4.0,2.0
05-09-2026,"Kareemganj, Gaya - BSPCB",Gaya,Bihar,India,24.792403,84.992416,CO,32.0,59.0,41.0
05-09-2026,"Kareemganj, Gaya - BSPCB",Gaya,Bihar,India,24.792403,84.992416,NH3,0.0,2.0,1.0
05-09-2026,"Kareemganj, Gaya - BSPCB",Gaya,Bihar,India,24.792403,84.992416,NO2,,,
05-09-2026,"Kareemganj, Gaya - BSPCB",Gaya,Bihar,India,24.792403,84.992416,OZONE,7.0,64.0,42.0
05-09-2026,"Kareemganj, Gaya - BSPCB",Gaya,Bihar,India,24.792403,84.992416,PM10,2.0,324.0,106.0
05-09-2026,"Kareemganj, Gaya - BSPCB",Gaya,Bihar,India,24.792403,84.992416,PM2.5,2.0,270.0,69.0
05-09-2026,"Kareemganj, Gaya - BSPCB",Gaya,Bihar,India,24.792403,84.992416,SO2,40.0,44.0,42.0
05-09-2026,"Kariavattom, Thiruvananthapuram - Kerala PCB",Thiruvananthapuram,Kerala,India,8.5637,76.8865,CO,20.0,22.0,21.0
05-09-2026,"Kariavattom, Thiruvananthapuram - Kerala PCB",Thiruvananthapuram,Kerala,India,8.5637,76.8865,NH3,0.0,0.0,0.0
05-09-2026,"Kariavattom, Thiruvananthapuram - Kerala PCB",Thiruvananthapuram,Kerala,India,8.5637,76.8865,NO2,6.0,7.0,6.0
05-09-2026,"Kariavattom, Thiruvananthapuram - Kerala PCB",Thiruvananthapuram,Kerala,India,8.5637,76.8865,OZONE,30.0,31.0,31.0
05-09-2026,"Kariavattom, Thiruvananthapuram - Kerala PCB",Thiruvananthapuram,Kerala,India,8.5637,76.8865,PM10,28.0,127.0,74.0
05-09-2026,"Kariavattom, Thiruvananthapuram - Kerala PCB",Thiruvananthapuram,Kerala,India,8.5637,76.8865,PM2.5,37.0,43.0,40.0
05-09-2026,"Kariavattom, Thiruvananthapuram - Kerala PCB",Thiruvananthapuram,Kerala,India,8.5637,76.8865,SO2,5.0,6.0,5.0
05-09-2026,"Karni Colony, Nagaur - RSPCB",Nagaur,Rajasthan,India,27.213494,73.734444,CO,11.0,14.0,12.0
05-09-2026,"Karni Colony, Nagaur - RSPCB",Nagaur,Rajasthan,India,27.213494,73.734444,NH3,3.0,6.0,4.0
05-09-2026,"Karni Colony, Nagaur - RSPCB",Nagaur,Rajasthan,India,27.213494,73.734444,NO2,4.0,15.0,7.0
05-09-2026,"Karni Colony, Nagaur - RSPCB",Nagaur,Rajasthan,India,27.213494,73.734444,OZONE,37.0,74.0,51.0
05-09-2026,"Karni Colony, Nagaur - RSPCB",Nagaur,Rajasthan,India,27.213494,73.734444,PM10,51.0,164.0,88.0
05-09-2026,"Karni Colony, Nagaur - RSPCB",Nagaur,Rajasthan,India,27.213494,73.734444,PM2.5,7.0,48.0,24.0
05-09-2026,"Karni Colony, Nagaur - RSPCB",Nagaur,Rajasthan,India,27.213494,73.734444,SO2,1.0,8.0,3.0
05-09-2026,"Kasarvadavali, Thane - MPCB",Thane,Maharashtra,India,19.26777,72.97182,CO,33.0,44.0,38.0
05-09-2026,"Kasarvadavali, Thane - MPCB",Thane,Maharashtra,India,19.26777,72.97182,NH3,0.0,0.0,0.0
05-09-2026,"Kasarvadavali, Thane - MPCB",Thane,Maharashtra,India,19.26777,72.97182,NO2,10.0,39.0,23.0
05-09-2026,"Kasarvadavali, Thane - MPCB",Thane,Maharashtra,India,19.26777,72.97182,OZONE,5.0,16.0,11.0
05-09-2026,"Kasarvadavali, Thane - MPCB",Thane,Maharashtra,India,19.26777,72.97182,PM10,37.0,61.0,51.0
05-09-2026,"Kasarvadavali, Thane - MPCB",Thane,Maharashtra,India,19.26777,72.97182,PM2.5,18.0,47.0,32.0
05-09-2026,"Kasarvadavali, Thane - MPCB",Thane,Maharashtra,India,19.26777,72.97182,SO2,5.0,6.0,5.0
05-09-2026,"Kashiram Nagar, Moradabad - UPPCB",Moradabad,Uttar Pradesh,India,28.849399,78.742362,CO,33.0,43.0,38.0
05-09-2026,"Kashiram Nagar, Moradabad - UPPCB",Moradabad,Uttar Pradesh,India,28.849399,78.742362,NH3,4.0,4.0,4.0
05-09-2026,"Kashiram Nagar, Moradabad - UPPCB",Moradabad,Uttar Pradesh,India,28.849399,78.742362,NO2,24.0,25.0,25.0
05-09-2026,"Kashiram Nagar, Moradabad - UPPCB",Moradabad,Uttar Pradesh,India,28.849399,78.742362,OZONE,15.0,26.0,18.0
05-09-2026,"Kashiram Nagar, Moradabad - UPPCB",Moradabad,Uttar Pradesh,India,28.849399,78.742362,PM10,,,
05-09-2026,"Kashiram Nagar, Moradabad - UPPCB",Moradabad,Uttar Pradesh,India,28.849399,78.742362,PM2.5,1.0,80.0,35.0
05-09-2026,"Kashiram Nagar, Moradabad - UPPCB",Moradabad,Uttar Pradesh,India,28.849399,78.742362,SO2,,,
05-09-2026,"Katargam, Surat - Nexteng Enviro",Surat,Gujarat,India,21.217779,72.834787,CO,31.0,33.0,32.0
05-09-2026,"Katargam, Surat - Nexteng Enviro",Surat,Gujarat,India,21.217779,72.834787,NH3,3.0,5.0,4.0
05-09-2026,"Katargam, Surat - Nexteng Enviro",Surat,Gujarat,India,21.217779,72.834787,NO2,1.0,29.0,9.0
05-09-2026,"Katargam, Surat - Nexteng Enviro",Surat,Gujarat,India,21.217779,72.834787,OZONE,3.0,7.0,5.0
05-09-2026,"Katargam, Surat - Nexteng Enviro",Surat,Gujarat,India,21.217779,72.834787,PM10,51.0,112.0,64.0
05-09-2026,"Katargam, Surat - Nexteng Enviro",Surat,Gujarat,India,21.217779,72.834787,PM2.5,2.0,63.0,39.0
05-09-2026,"Katargam, Surat - Nexteng Enviro",Surat,Gujarat,India,21.217779,72.834787,SO2,9.0,11.0,10.0
05-09-2026,"Katraj Dairy, Pune - MPCB",Pune,Maharashtra,India,18.45445,73.854155,CO,23.0,37.0,30.0
05-09-2026,"Katraj Dairy, Pune - MPCB",Pune,Maharashtra,India,18.45445,73.854155,NH3,1.0,1.0,1.0
05-09-2026,"Katraj Dairy, Pune - MPCB",Pune,Maharashtra,India,18.45445,73.854155,NO2,8.0,11.0,10.0
05-09-2026,"Katraj Dairy, Pune - MPCB",Pune,Maharashtra,India,18.45445,73.854155,OZONE,10.0,10.0,10.0
05-09-2026,"Katraj Dairy, Pune - MPCB",Pune,Maharashtra,India,18.45445,73.854155,PM10,28.0,59.0,46.0
05-09-2026,"Katraj Dairy, Pune - MPCB",Pune,Maharashtra,India,18.45445,73.854155,PM2.5,16.0,34.0,26.0
05-09-2026,"Katraj Dairy, Pune - MPCB",Pune,Maharashtra,India,18.45445,73.854155,SO2,1.0,3.0,3.0
05-09-2026,"Katrap, Badlapur - MPCB",Badlapur,Maharashtra,India,19.16485,73.23409,CO,31.0,41.0,34.0
05-09-2026,"Katrap, Badlapur - MPCB",Badlapur,Maharashtra,India,19.16485,73.23409,NH3,9.0,12.0,11.0
05-09-2026,"Katrap, Badlapur - MPCB",Badlapur,Maharashtra,India,19.16485,73.23409,NO2,19.0,21.0,20.0
05-09-2026,"Katrap, Badlapur - MPCB",Badlapur,Maharashtra,India,19.16485,73.23409,OZONE,3.0,5.0,4.0
05-09-2026,"Katrap, Badlapur - MPCB",Badlapur,Maharashtra,India,19.16485,73.23409,PM10,25.0,32.0,26.0
05-09-2026,"Katrap, Badlapur - MPCB",Badlapur,Maharashtra,India,19.16485,73.23409,PM2.5,19.0,24.0,20.0
05-09-2026,"Katrap, Badlapur - MPCB",Badlapur,Maharashtra,India,19.16485,73.23409,SO2,6.0,9.0,8.0
05-09-2026,"Kendriya Vidyalaya, Lucknow - CPCB",Lucknow,Uttar Pradesh,India,26.906111,80.948222,CO,33.0,48.0,38.0
05-09-2026,"Kendriya Vidyalaya, Lucknow - CPCB",Lucknow,Uttar Pradesh,India,26.906111,80.948222,NH3,8.0,29.0,17.0
05-09-2026,"Kendriya Vidyalaya, Lucknow - CPCB",Lucknow,Uttar Pradesh,India,26.906111,80.948222,NO2,24.0,36.0,29.0
05-09-2026,"Kendriya Vidyalaya, Lucknow - CPCB",Lucknow,Uttar Pradesh,India,26.906111,80.948222,OZONE,80.0,86.0,82.0
05-09-2026,"Kendriya Vidyalaya, Lucknow - CPCB",Lucknow,Uttar Pradesh,India,26.906111,80.948222,PM10,32.0,54.0,41.0
05-09-2026,"Kendriya Vidyalaya, Lucknow - CPCB",Lucknow,Uttar Pradesh,India,26.906111,80.948222,PM2.5,25.0,76.0,47.0
05-09-2026,"Kendriya Vidyalaya, Lucknow - CPCB",Lucknow,Uttar Pradesh,India,26.906111,80.948222,SO2,3.0,10.0,6.0
05-09-2026,"Kharahiya Basti, Araria - BSPCB",Araria,Bihar,India,26.146529,87.454184,CO,21.0,30.0,27.0
05-09-2026,"Kharahiya Basti, Araria - BSPCB",Araria,Bihar,India,26.146529,87.454184,NH3,3.0,5.0,4.0
05-09-2026,"Kharahiya Basti, Araria - BSPCB",Araria,Bihar,India,26.146529,87.454184,NO2,12.0,18.0,15.0
05-09-2026,"Kharahiya Basti, Araria - BSPCB",Araria,Bihar,India,26.146529,87.454184,OZONE,29.0,48.0,38.0
05-09-2026,"Kharahiya Basti, Araria - BSPCB",Araria,Bihar,India,26.146529,87.454184,PM10,39.0,113.0,61.0
05-09-2026,"Kharahiya Basti, Araria - BSPCB",Araria,Bihar,India,26.146529,87.454184,PM2.5,33.0,107.0,53.0
05-09-2026,"Kharahiya Basti, Araria - BSPCB",Araria,Bihar,India,26.146529,87.454184,SO2,14.0,28.0,20.0
05-09-2026,"Khatikan Mohalla, Dausa - RSPCB",Dausa,Rajasthan,India,26.895552,76.334753,CO,31.0,79.0,49.0
05-09-2026,"Khatikan Mohalla, Dausa - RSPCB",Dausa,Rajasthan,India,26.895552,76.334753,NH3,6.0,10.0,8.0
05-09-2026,"Khatikan Mohalla, Dausa - RSPCB",Dausa,Rajasthan,India,26.895552,76.334753,NO2,8.0,35.0,18.0
05-09-2026,"Khatikan Mohalla, Dausa - RSPCB",Dausa,Rajasthan,India,26.895552,76.334753,OZONE,21.0,27.0,24.0
05-09-2026,"Khatikan Mohalla, Dausa - RSPCB",Dausa,Rajasthan,India,26.895552,76.334753,PM10,13.0,46.0,26.0
05-09-2026,"Khatikan Mohalla, Dausa - RSPCB",Dausa,Rajasthan,India,26.895552,76.334753,PM2.5,17.0,67.0,30.0
05-09-2026,"Khatikan Mohalla, Dausa - RSPCB",Dausa,Rajasthan,India,26.895552,76.334753,SO2,2.0,7.0,3.0
05-09-2026,"Kherwadi_Bandra East, Mumbai - MPCB",Mumbai,Maharashtra,India,19.0632143,72.8456324,CO,31.0,32.0,32.0
05-09-2026,"Kherwadi_Bandra East, Mumbai - MPCB",Mumbai,Maharashtra,India,19.0632143,72.8456324,NH3,5.0,5.0,5.0
05-09-2026,"Kherwadi_Bandra East, Mumbai - MPCB",Mumbai,Maharashtra,India,19.0632143,72.8456324,NO2,2.0,6.0,4.0
05-09-2026,"Kherwadi_Bandra East, Mumbai - MPCB",Mumbai,Maharashtra,India,19.0632143,72.8456324,OZONE,19.0,26.0,24.0
05-09-2026,"Kherwadi_Bandra East, Mumbai - MPCB",Mumbai,Maharashtra,India,19.0632143,72.8456324,PM10,43.0,56.0,50.0
05-09-2026,"Kherwadi_Bandra East, Mumbai - MPCB",Mumbai,Maharashtra,India,19.0632143,72.8456324,PM2.5,14.0,32.0,21.0
05-09-2026,"Kherwadi_Bandra East, Mumbai - MPCB",Mumbai,Maharashtra,India,19.0632143,72.8456324,SO2,2.0,4.0,3.0
05-09-2026,"Khindipada-Bhandup West, Mumbai - IITM",Mumbai,Maharashtra,India,19.1653323,72.922099,CO,27.0,39.0,33.0
05-09-2026,"Khindipada-Bhandup West, Mumbai - IITM",Mumbai,Maharashtra,India,19.1653323,72.922099,NH3,1.0,2.0,1.0
05-09-2026,"Khindipada-Bhandup West, Mumbai - IITM",Mumbai,Maharashtra,India,19.1653323,72.922099,NO2,5.0,13.0,10.0
05-09-2026,"Khindipada-Bhandup West, Mumbai - IITM",Mumbai,Maharashtra,India,19.1653323,72.922099,OZONE,12.0,19.0,16.0
05-09-2026,"Khindipada-Bhandup West, Mumbai - IITM",Mumbai,Maharashtra,India,19.1653323,72.922099,PM10,8.0,33.0,22.0
05-09-2026,"Khindipada-Bhandup West, Mumbai - IITM",Mumbai,Maharashtra,India,19.1653323,72.922099,PM2.5,4.0,18.0,9.0
05-09-2026,"Khindipada-Bhandup West, Mumbai - IITM",Mumbai,Maharashtra,India,19.1653323,72.922099,SO2,1.0,23.0,10.0
05-09-2026,"Khrew, Pampore - JKPCC",Pampore,Jammu and Kashmir,India,34.031606,75.009712,CO,,,
05-09-2026,"Khrew, Pampore - JKPCC",Pampore,Jammu and Kashmir,India,34.031606,75.009712,NH3,,,
05-09-2026,"Khrew, Pampore - JKPCC",Pampore,Jammu and Kashmir,India,34.031606,75.009712,NO2,1.0,3.0,1.0
05-09-2026,"Khrew, Pampore - JKPCC",Pampore,Jammu and Kashmir,India,34.031606,75.009712,OZONE,,,
05-09-2026,"Khrew, Pampore - JKPCC",Pampore,Jammu and Kashmir,India,34.031606,75.009712,PM10,26.0,81.0,57.0
05-09-2026,"Khrew, Pampore - JKPCC",Pampore,Jammu and Kashmir,India,34.031606,75.009712,PM2.5,18.0,57.0,40.0
05-09-2026,"Khrew, Pampore - JKPCC",Pampore,Jammu and Kashmir,India,34.031606,75.009712,SO2,0.0,4.0,2.0
05-09-2026,"Khunmoh, Srinagar - JKPCC",Srinagar,Jammu and Kashmir,India,34.06313,74.96017,CO,,,
05-09-2026,"Khunmoh, Srinagar - JKPCC",Srinagar,Jammu and Kashmir,India,34.06313,74.96017,NH3,,,
05-09-2026,"Khunmoh, Srinagar - JKPCC",Srinagar,Jammu and Kashmir,India,34.06313,74.96017,NO2,9.0,44.0,22.0
05-09-2026,"Khunmoh, Srinagar - JKPCC",Srinagar,Jammu and Kashmir,India,34.06313,74.96017,OZONE,,,
05-09-2026,"Khunmoh, Srinagar - JKPCC",Srinagar,Jammu and Kashmir,India,34.06313,74.96017,PM10,44.0,92.0,62.0
05-09-2026,"Khunmoh, Srinagar - JKPCC",Srinagar,Jammu and Kashmir,India,34.06313,74.96017,PM2.5,2.0,14.0,6.0
05-09-2026,"Khunmoh, Srinagar - JKPCC",Srinagar,Jammu and Kashmir,India,34.06313,74.96017,SO2,3.0,4.0,4.0
05-09-2026,"Knowledge Park - III, Greater Noida - UPPCB",Greater Noida,Uttar Pradesh,India,28.47272,77.482,CO,41.0,55.0,45.0
05-09-2026,"Knowledge Park - III, Greater Noida - UPPCB",Greater Noida,Uttar Pradesh,India,28.47272,77.482,NH3,5.0,6.0,6.0
05-09-2026,"Knowledge Park - III, Greater Noida - UPPCB",Greater Noida,Uttar Pradesh,India,28.47272,77.482,NO2,5.0,27.0,15.0
05-09-2026,"Knowledge Park - III, Greater Noida - UPPCB",Greater Noida,Uttar Pradesh,India,28.47272,77.482,OZONE,9.0,18.0,15.0
05-09-2026,"Knowledge Park - III, Greater Noida - UPPCB",Greater Noida,Uttar Pradesh,India,28.47272,77.482,PM10,6.0,25.0,17.0
05-09-2026,"Knowledge Park - III, Greater Noida - UPPCB",Greater Noida,Uttar Pradesh,India,28.47272,77.482,PM2.5,5.0,35.0,19.0
05-09-2026,"Knowledge Park - III, Greater Noida - UPPCB",Greater Noida,Uttar Pradesh,India,28.47272,77.482,SO2,6.0,8.0,7.0
05-09-2026,"Knowledge Park - V, Greater Noida - UPPCB",Greater Noida,Uttar Pradesh,India,28.557054,77.453663,CO,7.0,13.0,10.0
05-09-2026,"Knowledge Park - V, Greater Noida - UPPCB",Greater Noida,Uttar Pradesh,India,28.557054,77.453663,NH3,7.0,8.0,7.0
05-09-2026,"Knowledge Park - V, Greater Noida - UPPCB",Greater Noida,Uttar Pradesh,India,28.557054,77.453663,NO2,24.0,54.0,32.0
05-09-2026,"Knowledge Park - V, Greater Noida - UPPCB",Greater Noida,Uttar Pradesh,India,28.557054,77.453663,OZONE,7.0,12.0,10.0
05-09-2026,"Knowledge Park - V, Greater Noida - UPPCB",Greater Noida,Uttar Pradesh,India,28.557054,77.453663,PM10,45.0,176.0,107.0
05-09-2026,"Knowledge Park - V, Greater Noida - UPPCB",Greater Noida,Uttar Pradesh,India,28.557054,77.453663,PM2.5,20.0,66.0,42.0
05-09-2026,"Knowledge Park - V, Greater Noida - UPPCB",Greater Noida,Uttar Pradesh,India,28.557054,77.453663,SO2,4.0,10.0,7.0
05-09-2026,"Kodungaiyur, Chennai - TNPCB",Chennai,Tamil Nadu,India,13.1278,80.2642,CO,28.0,32.0,31.0
05-09-2026,"Kodungaiyur, Chennai - TNPCB",Chennai,Tamil Nadu,India,13.1278,80.2642,NH3,,,
05-09-2026,"Kodungaiyur, Chennai - TNPCB",Chennai,Tamil Nadu,India,13.1278,80.2642,NO2,,,
05-09-2026,"Kodungaiyur, Chennai - TNPCB",Chennai,Tamil Nadu,India,13.1278,80.2642,OZONE,29.0,35.0,32.0
05-09-2026,"Kodungaiyur, Chennai - TNPCB",Chennai,Tamil Nadu,India,13.1278,80.2642,PM10,,,
05-09-2026,"Kodungaiyur, Chennai - TNPCB",Chennai,Tamil Nadu,India,13.1278,80.2642,PM2.5,,,
05-09-2026,"Kodungaiyur, Chennai - TNPCB",Chennai,Tamil Nadu,India,13.1278,80.2642,SO2,,,
05-09-2026,"Kokapet, Hyderabad - TSPCB",Hyderabad,Telangana,India,17.393559,78.339194,CO,24.0,30.0,27.0
05-09-2026,"Kokapet, Hyderabad - TSPCB",Hyderabad,Telangana,India,17.393559,78.339194,NH3,3.0,4.0,3.0
05-09-2026,"Kokapet, Hyderabad - TSPCB",Hyderabad,Telangana,India,17.393559,78.339194,NO2,11.0,14.0,12.0
05-09-2026,"Kokapet, Hyderabad - TSPCB",Hyderabad,Telangana,India,17.393559,78.339194,OZONE,20.0,28.0,26.0
05-09-2026,"Kokapet, Hyderabad - TSPCB",Hyderabad,Telangana,India,17.393559,78.339194,PM10,45.0,71.0,54.0
05-09-2026,"Kokapet, Hyderabad - TSPCB",Hyderabad,Telangana,India,17.393559,78.339194,PM2.5,34.0,56.0,41.0
05-09-2026,"Kokapet, Hyderabad - TSPCB",Hyderabad,Telangana,India,17.393559,78.339194,SO2,,,
05-09-2026,"Kompally Municipal Office, Hyderabad - TSPCB",Hyderabad,Telangana,India,17.544899,78.486949,CO,14.0,44.0,24.0
05-09-2026,"Kompally Municipal Office, Hyderabad - TSPCB",Hyderabad,Telangana,India,17.544899,78.486949,NH3,2.0,3.0,3.0
05-09-2026,"Kompally Municipal Office, Hyderabad - TSPCB",Hyderabad,Telangana,India,17.544899,78.486949,NO2,,,
05-09-2026,"Kompally Municipal Office, Hyderabad - TSPCB",Hyderabad,Telangana,India,17.544899,78.486949,OZONE,20.0,21.0,20.0
05-09-2026,"Kompally Municipal Office, Hyderabad - TSPCB",Hyderabad,Telangana,India,17.544899,78.486949,PM10,53.0,69.0,59.0
05-09-2026,"Kompally Municipal Office, Hyderabad - TSPCB",Hyderabad,Telangana,India,17.544899,78.486949,PM2.5,33.0,42.0,37.0
05-09-2026,"Kompally Municipal Office, Hyderabad - TSPCB",Hyderabad,Telangana,India,17.544899,78.486949,SO2,,,
05-09-2026,"Kopripada-Vashi, Navi Mumbai - MPCB",Navi Mumbai,Maharashtra,India,19.090337,73.014232,CO,13.0,65.0,27.0
05-09-2026,"Kopripada-Vashi, Navi Mumbai - MPCB",Navi Mumbai,Maharashtra,India,19.090337,73.014232,NH3,,,
05-09-2026,"Kopripada-Vashi, Navi Mumbai - MPCB",Navi Mumbai,Maharashtra,India,19.090337,73.014232,NO2,4.0,10.0,7.0
05-09-2026,"Kopripada-Vashi, Navi Mumbai - MPCB",Navi Mumbai,Maharashtra,India,19.090337,73.014232,OZONE,9.0,17.0,13.0
05-09-2026,"Kopripada-Vashi, Navi Mumbai - MPCB",Navi Mumbai,Maharashtra,India,19.090337,73.014232,PM10,21.0,84.0,47.0
05-09-2026,"Kopripada-Vashi, Navi Mumbai - MPCB",Navi Mumbai,Maharashtra,India,19.090337,73.014232,PM2.5,9.0,64.0,32.0
05-09-2026,"Kopripada-Vashi, Navi Mumbai - MPCB",Navi Mumbai,Maharashtra,India,19.090337,73.014232,SO2,2.0,3.0,2.0
05-09-2026,"Koyana Nagar, Satara - MPCB",Satara,Maharashtra,India,17.696651,74.003387,CO,12.0,23.0,17.0
05-09-2026,"Koyana Nagar, Satara - MPCB",Satara,Maharashtra,India,17.696651,74.003387,NH3,0.0,3.0,1.0
05-09-2026,"Koyana Nagar, Satara - MPCB",Satara,Maharashtra,India,17.696651,74.003387,NO2,1.0,14.0,6.0
05-09-2026,"Koyana Nagar, Satara - MPCB",Satara,Maharashtra,India,17.696651,74.003387,OZONE,10.0,22.0,16.0
05-09-2026,"Koyana Nagar, Satara - MPCB",Satara,Maharashtra,India,17.696651,74.003387,PM10,22.0,108.0,65.0
05-09-2026,"Koyana Nagar, Satara - MPCB",Satara,Maharashtra,India,17.696651,74.003387,PM2.5,5.0,134.0,35.0
05-09-2026,"Koyana Nagar, Satara - MPCB",Satara,Maharashtra,India,17.696651,74.003387,SO2,4.0,6.0,5.0
05-09-2026,"Krishak Nagar, Raipur - CECB",Raipur,Chhattisgarh,India,21.237755,81.705301,CO,8.0,14.0,10.0
05-09-2026,"Krishak Nagar, Raipur - CECB",Raipur,Chhattisgarh,India,21.237755,81.705301,NH3,2.0,2.0,2.0
05-09-2026,"Krishak Nagar, Raipur - CECB",Raipur,Chhattisgarh,India,21.237755,81.705301,NO2,3.0,6.0,5.0
05-09-2026,"Krishak Nagar, Raipur - CECB",Raipur,Chhattisgarh,India,21.237755,81.705301,OZONE,3.0,5.0,3.0
05-09-2026,"Krishak Nagar, Raipur - CECB",Raipur,Chhattisgarh,India,21.237755,81.705301,PM10,12.0,35.0,23.0
05-09-2026,"Krishak Nagar, Raipur - CECB",Raipur,Chhattisgarh,India,21.237755,81.705301,PM2.5,11.0,33.0,20.0
05-09-2026,"Krishak Nagar, Raipur - CECB",Raipur,Chhattisgarh,India,21.237755,81.705301,SO2,6.0,10.0,9.0
05-09-2026,"Krishna Nagar, Bharatpur - RSPCB",Bharatpur,Rajasthan,India,27.215415,77.50873,CO,19.0,28.0,23.0
05-09-2026,"Krishna Nagar, Bharatpur - RSPCB",Bharatpur,Rajasthan,India,27.215415,77.50873,NH3,3.0,4.0,3.0
05-09-2026,"Krishna Nagar, Bharatpur - RSPCB",Bharatpur,Rajasthan,India,27.215415,77.50873,NO2,3.0,9.0,5.0
05-09-2026,"Krishna Nagar, Bharatpur - RSPCB",Bharatpur,Rajasthan,India,27.215415,77.50873,OZONE,31.0,59.0,43.0
05-09-2026,"Krishna Nagar, Bharatpur - RSPCB",Bharatpur,Rajasthan,India,27.215415,77.50873,PM10,11.0,45.0,23.0
05-09-2026,"Krishna Nagar, Bharatpur - RSPCB",Bharatpur,Rajasthan,India,27.215415,77.50873,PM2.5,10.0,30.0,17.0
05-09-2026,"Krishna Nagar, Bharatpur - RSPCB",Bharatpur,Rajasthan,India,27.215415,77.50873,SO2,2.0,5.0,4.0
05-09-2026,"Kudikadu, Cuddalore - TNPCB",Cuddalore,Tamil Nadu,India,11.6829898,79.7532099,CO,,,
05-09-2026,"Kudikadu, Cuddalore - TNPCB",Cuddalore,Tamil Nadu,India,11.6829898,79.7532099,NH3,,,
05-09-2026,"Kudikadu, Cuddalore - TNPCB",Cuddalore,Tamil Nadu,India,11.6829898,79.7532099,NO2,,,
05-09-2026,"Kudikadu, Cuddalore - TNPCB",Cuddalore,Tamil Nadu,India,11.6829898,79.7532099,OZONE,17.0,17.0,17.0
05-09-2026,"Kudikadu, Cuddalore - TNPCB",Cuddalore,Tamil Nadu,India,11.6829898,79.7532099,PM10,,,
05-09-2026,"Kudikadu, Cuddalore - TNPCB",Cuddalore,Tamil Nadu,India,11.6829898,79.7532099,PM2.5,,,
05-09-2026,"Kudikadu, Cuddalore - TNPCB",Cuddalore,Tamil Nadu,India,11.6829898,79.7532099,SO2,23.0,24.0,24.0
05-09-2026,"Kukrail Picnic Spot-1, Lucknow - UPPCB",Lucknow,Uttar Pradesh,India,26.90723,80.98579,CO,16.0,18.0,17.0
05-09-2026,"Kukrail Picnic Spot-1, Lucknow - UPPCB",Lucknow,Uttar Pradesh,India,26.90723,80.98579,NH3,6.0,6.0,6.0
05-09-2026,"Kukrail Picnic Spot-1, Lucknow - UPPCB",Lucknow,Uttar Pradesh,India,26.90723,80.98579,NO2,31.0,32.0,32.0
05-09-2026,"Kukrail Picnic Spot-1, Lucknow - UPPCB",Lucknow,Uttar Pradesh,India,26.90723,80.98579,OZONE,10.0,11.0,10.0
05-09-2026,"Kukrail Picnic Spot-1, Lucknow - UPPCB",Lucknow,Uttar Pradesh,India,26.90723,80.98579,PM10,34.0,85.0,46.0
05-09-2026,"Kukrail Picnic Spot-1, Lucknow - UPPCB",Lucknow,Uttar Pradesh,India,26.90723,80.98579,PM2.5,17.0,60.0,33.0
05-09-2026,"Kukrail Picnic Spot-1, Lucknow - UPPCB",Lucknow,Uttar Pradesh,India,26.90723,80.98579,SO2,26.0,31.0,28.0
05-09-2026,"Kurla, Mumbai - MPCB",Mumbai,Maharashtra,India,19.0863,72.8888,CO,25.0,25.0,25.0
05-09-2026,"Kurla, Mumbai - MPCB",Mumbai,Maharashtra,India,19.0863,72.8888,NH3,2.0,2.0,2.0
05-09-2026,"Kurla, Mumbai - MPCB",Mumbai,Maharashtra,India,19.0863,72.8888,NO2,9.0,9.0,9.0
05-09-2026,"Kurla, Mumbai - MPCB",Mumbai,Maharashtra,India,19.0863,72.8888,OZONE,28.0,28.0,28.0
05-09-2026,"Kurla, Mumbai - MPCB",Mumbai,Maharashtra,India,19.0863,72.8888,PM10,,,
05-09-2026,"Kurla, Mumbai - MPCB",Mumbai,Maharashtra,India,19.0863,72.8888,PM2.5,,,
05-09-2026,"Kurla, Mumbai - MPCB",Mumbai,Maharashtra,India,19.0863,72.8888,SO2,29.0,29.0,29.0
05-09-2026,"LGBI Airport, Guwahati - PCBA",Guwahati,Assam,India,26.10887,91.589544,CO,17.0,21.0,19.0
05-09-2026,"LGBI Airport, Guwahati - PCBA",Guwahati,Assam,India,26.10887,91.589544,NH3,2.0,28.0,6.0
05-09-2026,"LGBI Airport, Guwahati - PCBA",Guwahati,Assam,India,26.10887,91.589544,NO2,12.0,84.0,18.0
05-09-2026,"LGBI Airport, Guwahati - PCBA",Guwahati,Assam,India,26.10887,91.589544,OZONE,11.0,13.0,12.0
05-09-2026,"LGBI Airport, Guwahati - PCBA",Guwahati,Assam,India,26.10887,91.589544,PM10,12.0,57.0,27.0
05-09-2026,"LGBI Airport, Guwahati - PCBA",Guwahati,Assam,India,26.10887,91.589544,PM2.5,17.0,72.0,35.0
05-09-2026,"LGBI Airport, Guwahati - PCBA",Guwahati,Assam,India,26.10887,91.589544,SO2,8.0,14.0,11.0
05-09-2026,"Lalbagh, Lucknow - CPCB",Lucknow,Uttar Pradesh,India,26.8458805,80.9365541,CO,28.0,75.0,49.0
05-09-2026,"Lalbagh, Lucknow - CPCB",Lucknow,Uttar Pradesh,India,26.8458805,80.9365541,NH3,10.0,28.0,18.0
05-09-2026,"Lalbagh, Lucknow - CPCB",Lucknow,Uttar Pradesh,India,26.8458805,80.9365541,NO2,19.0,37.0,27.0
05-09-2026,"Lalbagh, Lucknow - CPCB",Lucknow,Uttar Pradesh,India,26.8458805,80.9365541,OZONE,58.0,71.0,65.0
05-09-2026,"Lalbagh, Lucknow - CPCB",Lucknow,Uttar Pradesh,India,26.8458805,80.9365541,PM10,38.0,73.0,54.0
05-09-2026,"Lalbagh, Lucknow - CPCB",Lucknow,Uttar Pradesh,India,26.8458805,80.9365541,PM2.5,11.0,54.0,33.0
05-09-2026,"Lalbagh, Lucknow - CPCB",Lucknow,Uttar Pradesh,India,26.8458805,80.9365541,SO2,2.0,6.0,4.0
05-09-2026,"Lingaraj Nagar, Hubballi - KSPCB",Hubballi,Karnataka,India,15.3714823,75.1160168,CO,13.0,17.0,15.0
05-09-2026,"Lingaraj Nagar, Hubballi - KSPCB",Hubballi,Karnataka,India,15.3714823,75.1160168,NH3,1.0,3.0,2.0
05-09-2026,"Lingaraj Nagar, Hubballi - KSPCB",Hubballi,Karnataka,India,15.3714823,75.1160168,NO2,7.0,14.0,9.0
05-09-2026,"Lingaraj Nagar, Hubballi - KSPCB",Hubballi,Karnataka,India,15.3714823,75.1160168,OZONE,21.0,27.0,25.0
05-09-2026,"Lingaraj Nagar, Hubballi - KSPCB",Hubballi,Karnataka,India,15.3714823,75.1160168,PM10,46.0,58.0,50.0
05-09-2026,"Lingaraj Nagar, Hubballi - KSPCB",Hubballi,Karnataka,India,15.3714823,75.1160168,PM2.5,29.0,41.0,34.0
05-09-2026,"Lingaraj Nagar, Hubballi - KSPCB",Hubballi,Karnataka,India,15.3714823,75.1160168,SO2,2.0,2.0,2.0
05-09-2026,"Lingraj Mandir, Bhubaneswar - OSPCB",Bhubaneswar,Odisha,India,20.24079,85.836784,CO,22.0,61.0,40.0
05-09-2026,"Lingraj Mandir, Bhubaneswar - OSPCB",Bhubaneswar,Odisha,India,20.24079,85.836784,NH3,1.0,11.0,4.0
05-09-2026,"Lingraj Mandir, Bhubaneswar - OSPCB",Bhubaneswar,Odisha,India,20.24079,85.836784,NO2,12.0,35.0,19.0
05-09-2026,"Lingraj Mandir, Bhubaneswar - OSPCB",Bhubaneswar,Odisha,India,20.24079,85.836784,OZONE,25.0,32.0,28.0
05-09-2026,"Lingraj Mandir, Bhubaneswar - OSPCB",Bhubaneswar,Odisha,India,20.24079,85.836784,PM10,37.0,130.0,71.0
05-09-2026,"Lingraj Mandir, Bhubaneswar - OSPCB",Bhubaneswar,Odisha,India,20.24079,85.836784,PM2.5,31.0,138.0,59.0
05-09-2026,"Lingraj Mandir, Bhubaneswar - OSPCB",Bhubaneswar,Odisha,India,20.24079,85.836784,SO2,6.0,8.0,7.0
05-09-2026,"Lohiyanagar, Begusarai - BSPCB",Begusarai,Bihar,India,25.42742023,86.13886079,CO,41.0,68.0,57.0
05-09-2026,"Lohiyanagar, Begusarai - BSPCB",Begusarai,Bihar,India,25.42742023,86.13886079,NH3,2.0,3.0,3.0
05-09-2026,"Lohiyanagar, Begusarai - BSPCB",Begusarai,Bihar,India,25.42742023,86.13886079,NO2,6.0,13.0,9.0
05-09-2026,"Lohiyanagar, Begusarai - BSPCB",Begusarai,Bihar,India,25.42742023,86.13886079,OZONE,14.0,31.0,24.0
05-09-2026,"Lohiyanagar, Begusarai - BSPCB",Begusarai,Bihar,India,25.42742023,86.13886079,PM10,94.0,178.0,134.0
05-09-2026,"Lohiyanagar, Begusarai - BSPCB",Begusarai,Bihar,India,25.42742023,86.13886079,PM2.5,50.0,127.0,80.0
05-09-2026,"Lohiyanagar, Begusarai - BSPCB",Begusarai,Bihar,India,25.42742023,86.13886079,SO2,17.0,20.0,19.0
05-09-2026,"Loni, Ghaziabad - UPPCB",Ghaziabad,Uttar Pradesh,India,28.757294,77.278792,CO,42.0,52.0,47.0
05-09-2026,"Loni, Ghaziabad - UPPCB",Ghaziabad,Uttar Pradesh,India,28.757294,77.278792,NH3,2.0,3.0,3.0
05-09-2026,"Loni, Ghaziabad - UPPCB",Ghaziabad,Uttar Pradesh,India,28.757294,77.278792,NO2,28.0,39.0,33.0
05-09-2026,"Loni, Ghaziabad - UPPCB",Ghaziabad,Uttar Pradesh,India,28.757294,77.278792,OZONE,3.0,9.0,6.0
05-09-2026,"Loni, Ghaziabad - UPPCB",Ghaziabad,Uttar Pradesh,India,28.757294,77.278792,PM10,14.0,38.0,28.0
05-09-2026,"Loni, Ghaziabad - UPPCB",Ghaziabad,Uttar Pradesh,India,28.757294,77.278792,PM2.5,2.0,37.0,12.0
05-09-2026,"Loni, Ghaziabad - UPPCB",Ghaziabad,Uttar Pradesh,India,28.757294,77.278792,SO2,1.0,7.0,5.0
05-09-2026,"Lumpyngngad, Shillong - Meghalaya PCB",Shillong,Meghalaya,India,25.5586,91.8985,CO,10.0,14.0,12.0
05-09-2026,"Lumpyngngad, Shillong - Meghalaya PCB",Shillong,Meghalaya,India,25.5586,91.8985,NH3,0.0,0.0,0.0
05-09-2026,"Lumpyngngad, Shillong - Meghalaya PCB",Shillong,Meghalaya,India,25.5586,91.8985,NO2,0.0,1.0,0.0
05-09-2026,"Lumpyngngad, Shillong - Meghalaya PCB",Shillong,Meghalaya,India,25.5586,91.8985,OZONE,16.0,34.0,29.0
05-09-2026,"Lumpyngngad, Shillong - Meghalaya PCB",Shillong,Meghalaya,India,25.5586,91.8985,PM10,,,
05-09-2026,"Lumpyngngad, Shillong - Meghalaya PCB",Shillong,Meghalaya,India,25.5586,91.8985,PM2.5,,,
05-09-2026,"Lumpyngngad, Shillong - Meghalaya PCB",Shillong,Meghalaya,India,25.5586,91.8985,SO2,12.0,13.0,13.0
05-09-2026,"MD University, Rohtak - HSPCB",Rohtak,Haryana,India,28.52123,76.37138,CO,32.0,40.0,35.0
05-09-2026,"MD University, Rohtak - HSPCB",Rohtak,Haryana,India,28.52123,76.37138,NH3,,,
05-09-2026,"MD University, Rohtak - HSPCB",Rohtak,Haryana,India,28.52123,76.37138,NO2,8.0,11.0,10.0
05-09-2026,"MD University, Rohtak - HSPCB",Rohtak,Haryana,India,28.52123,76.37138,OZONE,16.0,46.0,32.0
05-09-2026,"MD University, Rohtak - HSPCB",Rohtak,Haryana,India,28.52123,76.37138,PM10,9.0,37.0,26.0
05-09-2026,"MD University, Rohtak - HSPCB",Rohtak,Haryana,India,28.52123,76.37138,PM2.5,7.0,31.0,22.0
05-09-2026,"MD University, Rohtak - HSPCB",Rohtak,Haryana,India,28.52123,76.37138,SO2,9.0,12.0,11.0
05-09-2026,"MIDC Ambad, Nashik - MPCB",Nashik,Maharashtra,India,19.95022,73.73148,CO,14.0,16.0,15.0
05-09-2026,"MIDC Ambad, Nashik - MPCB",Nashik,Maharashtra,India,19.95022,73.73148,NH3,3.0,4.0,4.0
05-09-2026,"MIDC Ambad, Nashik - MPCB",Nashik,Maharashtra,India,19.95022,73.73148,NO2,0.0,7.0,4.0
05-09-2026,"MIDC Ambad, Nashik - MPCB",Nashik,Maharashtra,India,19.95022,73.73148,OZONE,8.0,14.0,12.0
05-09-2026,"MIDC Ambad, Nashik - MPCB",Nashik,Maharashtra,India,19.95022,73.73148,PM10,14.0,82.0,37.0
05-09-2026,"MIDC Ambad, Nashik - MPCB",Nashik,Maharashtra,India,19.95022,73.73148,PM2.5,10.0,48.0,23.0
05-09-2026,"MIDC Ambad, Nashik - MPCB",Nashik,Maharashtra,India,19.95022,73.73148,SO2,0.0,5.0,2.0
05-09-2026,"MIDC Chilkalthana, Aurangabad - MPCB",Aurangabad,Maharashtra,India,19.87562,75.38731,CO,24.0,27.0,26.0
05-09-2026,"MIDC Chilkalthana, Aurangabad - MPCB",Aurangabad,Maharashtra,India,19.87562,75.38731,NH3,1.0,2.0,1.0
05-09-2026,"MIDC Chilkalthana, Aurangabad - MPCB",Aurangabad,Maharashtra,India,19.87562,75.38731,NO2,10.0,13.0,12.0
05-09-2026,"MIDC Chilkalthana, Aurangabad - MPCB",Aurangabad,Maharashtra,India,19.87562,75.38731,OZONE,22.0,33.0,26.0
05-09-2026,"MIDC Chilkalthana, Aurangabad - MPCB",Aurangabad,Maharashtra,India,19.87562,75.38731,PM10,31.0,48.0,40.0
05-09-2026,"MIDC Chilkalthana, Aurangabad - MPCB",Aurangabad,Maharashtra,India,19.87562,75.38731,PM2.5,8.0,50.0,28.0
05-09-2026,"MIDC Chilkalthana, Aurangabad - MPCB",Aurangabad,Maharashtra,India,19.87562,75.38731,SO2,5.0,9.0,6.0
05-09-2026,"MIDC Khutala, Chandrapur - MPCB",Chandrapur,Maharashtra,India,19.9775302,79.2337086,CO,38.0,41.0,39.0
05-09-2026,"MIDC Khutala, Chandrapur - MPCB",Chandrapur,Maharashtra,India,19.9775302,79.2337086,NH3,1.0,4.0,3.0
05-09-2026,"MIDC Khutala, Chandrapur - MPCB",Chandrapur,Maharashtra,India,19.9775302,79.2337086,NO2,16.0,28.0,22.0
05-09-2026,"MIDC Khutala, Chandrapur - MPCB",Chandrapur,Maharashtra,India,19.9775302,79.2337086,OZONE,4.0,34.0,19.0
05-09-2026,"MIDC Khutala, Chandrapur - MPCB",Chandrapur,Maharashtra,India,19.9775302,79.2337086,PM10,32.0,144.0,81.0
05-09-2026,"MIDC Khutala, Chandrapur - MPCB",Chandrapur,Maharashtra,India,19.9775302,79.2337086,PM2.5,33.0,39.0,38.0
05-09-2026,"MIDC Khutala, Chandrapur - MPCB",Chandrapur,Maharashtra,India,19.9775302,79.2337086,SO2,,,
05-09-2026,"MIET College, Meerut - UPPCB",Meerut,Uttar Pradesh,India,28.972677,77.641018,CO,36.0,62.0,47.0
05-09-2026,"MIET College, Meerut - UPPCB",Meerut,Uttar Pradesh,India,28.972677,77.641018,NH3,1.0,10.0,4.0
05-09-2026,"MIET College, Meerut - UPPCB",Meerut,Uttar Pradesh,India,28.972677,77.641018,NO2,22.0,51.0,33.0
05-09-2026,"MIET College, Meerut - UPPCB",Meerut,Uttar Pradesh,India,28.972677,77.641018,OZONE,10.0,15.0,13.0
05-09-2026,"MIET College, Meerut - UPPCB",Meerut,Uttar Pradesh,India,28.972677,77.641018,PM10,12.0,45.0,31.0
05-09-2026,"MIET College, Meerut - UPPCB",Meerut,Uttar Pradesh,India,28.972677,77.641018,PM2.5,13.0,49.0,34.0
05-09-2026,"MIET College, Meerut - UPPCB",Meerut,Uttar Pradesh,India,28.972677,77.641018,SO2,2.0,3.0,2.0
05-09-2026,"MIT-Daudpur Kothi, Muzaffarpur - BSPCB",Muzaffarpur,Bihar,India,26.1403345,85.3650192,CO,13.0,23.0,17.0
05-09-2026,"MIT-Daudpur Kothi, Muzaffarpur - BSPCB",Muzaffarpur,Bihar,India,26.1403345,85.3650192,NH3,1.0,1.0,1.0
05-09-2026,"MIT-Daudpur Kothi, Muzaffarpur - BSPCB",Muzaffarpur,Bihar,India,26.1403345,85.3650192,NO2,1.0,4.0,2.0
05-09-2026,"MIT-Daudpur Kothi, Muzaffarpur - BSPCB",Muzaffarpur,Bihar,India,26.1403345,85.3650192,OZONE,53.0,54.0,53.0
05-09-2026,"MIT-Daudpur Kothi, Muzaffarpur - BSPCB",Muzaffarpur,Bihar,India,26.1403345,85.3650192,PM10,24.0,44.0,32.0
05-09-2026,"MIT-Daudpur Kothi, Muzaffarpur - BSPCB",Muzaffarpur,Bihar,India,26.1403345,85.3650192,PM2.5,20.0,32.0,22.0
05-09-2026,"MIT-Daudpur Kothi, Muzaffarpur - BSPCB",Muzaffarpur,Bihar,India,26.1403345,85.3650192,SO2,11.0,19.0,14.0
05-09-2026,"MM Ground, Bikaner - RSPCB",Bikaner,Rajasthan,India,28.018792,73.292658,CO,2.0,11.0,5.0
05-09-2026,"MM Ground, Bikaner - RSPCB",Bikaner,Rajasthan,India,28.018792,73.292658,NH3,3.0,9.0,4.0
05-09-2026,"MM Ground, Bikaner - RSPCB",Bikaner,Rajasthan,India,28.018792,73.292658,NO2,4.0,34.0,10.0
05-09-2026,"MM Ground, Bikaner - RSPCB",Bikaner,Rajasthan,India,28.018792,73.292658,OZONE,28.0,40.0,37.0
05-09-2026,"MM Ground, Bikaner - RSPCB",Bikaner,Rajasthan,India,28.018792,73.292658,PM10,64.0,200.0,100.0
05-09-2026,"MM Ground, Bikaner - RSPCB",Bikaner,Rajasthan,India,28.018792,73.292658,PM2.5,12.0,54.0,25.0
05-09-2026,"MM Ground, Bikaner - RSPCB",Bikaner,Rajasthan,India,28.018792,73.292658,SO2,3.0,6.0,4.0
05-09-2026,"Madan Mohan Malaviya University of Technology, Gorakhpur - UPPCB",Gorakhpur,Uttar Pradesh,India,26.730136,83.433859,CO,3.0,6.0,5.0
05-09-2026,"Madan Mohan Malaviya University of Technology, Gorakhpur - UPPCB",Gorakhpur,Uttar Pradesh,India,26.730136,83.433859,NH3,,,
05-09-2026,"Madan Mohan Malaviya University of Technology, Gorakhpur - UPPCB",Gorakhpur,Uttar Pradesh,India,26.730136,83.433859,NO2,,,
05-09-2026,"Madan Mohan Malaviya University of Technology, Gorakhpur - UPPCB",Gorakhpur,Uttar Pradesh,India,26.730136,83.433859,OZONE,58.0,183.0,122.0
05-09-2026,"Madan Mohan Malaviya University of Technology, Gorakhpur - UPPCB",Gorakhpur,Uttar Pradesh,India,26.730136,83.433859,PM10,,,
05-09-2026,"Madan Mohan Malaviya University of Technology, Gorakhpur - UPPCB",Gorakhpur,Uttar Pradesh,India,26.730136,83.433859,PM2.5,,,
05-09-2026,"Madan Mohan Malaviya University of Technology, Gorakhpur - UPPCB",Gorakhpur,Uttar Pradesh,India,26.730136,83.433859,SO2,,,
05-09-2026,"Maguda Nagar, Indore - IMC",Indore,Madhya Pradesh,India,22.7524,75.8872,CO,30.0,35.0,31.0
05-09-2026,"Maguda Nagar, Indore - IMC",Indore,Madhya Pradesh,India,22.7524,75.8872,NH3,,,
05-09-2026,"Maguda Nagar, Indore - IMC",Indore,Madhya Pradesh,India,22.7524,75.8872,NO2,1.0,4.0,3.0
05-09-2026,"Maguda Nagar, Indore - IMC",Indore,Madhya Pradesh,India,22.7524,75.8872,OZONE,9.0,12.0,11.0
05-09-2026,"Maguda Nagar, Indore - IMC",Indore,Madhya Pradesh,India,22.7524,75.8872,PM10,,,
05-09-2026,"Maguda Nagar, Indore - IMC",Indore,Madhya Pradesh,India,22.7524,75.8872,PM2.5,13.0,58.0,28.0
05-09-2026,"Maguda Nagar, Indore - IMC",Indore,Madhya Pradesh,India,22.7524,75.8872,SO2,16.0,29.0,20.0
05-09-2026,"Mahabir Colliery, Asansol - WBPCB",Asansol,West Bengal,India,23.618183,87.105718,CO,10.0,20.0,14.0
05-09-2026,"Mahabir Colliery, Asansol - WBPCB",Asansol,West Bengal,India,23.618183,87.105718,NH3,0.0,0.0,0.0
05-09-2026,"Mahabir Colliery, Asansol - WBPCB",Asansol,West Bengal,India,23.618183,87.105718,NO2,2.0,2.0,2.0
05-09-2026,"Mahabir Colliery, Asansol - WBPCB",Asansol,West Bengal,India,23.618183,87.105718,OZONE,12.0,21.0,18.0
05-09-2026,"Mahabir Colliery, Asansol - WBPCB",Asansol,West Bengal,India,23.618183,87.105718,PM10,25.0,55.0,43.0
05-09-2026,"Mahabir Colliery, Asansol - WBPCB",Asansol,West Bengal,India,23.618183,87.105718,PM2.5,26.0,55.0,41.0
05-09-2026,"Mahabir Colliery, Asansol - WBPCB",Asansol,West Bengal,India,23.618183,87.105718,SO2,8.0,9.0,9.0
05-09-2026,"Mahal, Nagpur - MPCB",Nagpur,Maharashtra,India,21.14472,79.107595,CO,43.0,59.0,50.0
05-09-2026,"Mahal, Nagpur - MPCB",Nagpur,Maharashtra,India,21.14472,79.107595,NH3,2.0,4.0,3.0
05-09-2026,"Mahal, Nagpur - MPCB",Nagpur,Maharashtra,India,21.14472,79.107595,NO2,7.0,17.0,12.0
05-09-2026,"Mahal, Nagpur - MPCB",Nagpur,Maharashtra,India,21.14472,79.107595,OZONE,9.0,18.0,12.0
05-09-2026,"Mahal, Nagpur - MPCB",Nagpur,Maharashtra,India,21.14472,79.107595,PM10,30.0,70.0,44.0
05-09-2026,"Mahal, Nagpur - MPCB",Nagpur,Maharashtra,India,21.14472,79.107595,PM2.5,23.0,54.0,34.0
05-09-2026,"Mahal, Nagpur - MPCB",Nagpur,Maharashtra,India,21.14472,79.107595,SO2,0.0,15.0,6.0
05-09-2026,"Mahape, Navi Mumbai - MPCB",Navi Mumbai,Maharashtra,India,19.1135051,73.008978,CO,28.0,29.0,29.0
05-09-2026,"Mahape, Navi Mumbai - MPCB",Navi Mumbai,Maharashtra,India,19.1135051,73.008978,NH3,1.0,1.0,1.0
05-09-2026,"Mahape, Navi Mumbai - MPCB",Navi Mumbai,Maharashtra,India,19.1135051,73.008978,NO2,43.0,44.0,43.0
05-09-2026,"Mahape, Navi Mumbai - MPCB",Navi Mumbai,Maharashtra,India,19.1135051,73.008978,OZONE,8.0,11.0,9.0
05-09-2026,"Mahape, Navi Mumbai - MPCB",Navi Mumbai,Maharashtra,India,19.1135051,73.008978,PM10,26.0,131.0,74.0
05-09-2026,"Mahape, Navi Mumbai - MPCB",Navi Mumbai,Maharashtra,India,19.1135051,73.008978,PM2.5,8.0,64.0,26.0
05-09-2026,"Mahape, Navi Mumbai - MPCB",Navi Mumbai,Maharashtra,India,19.1135051,73.008978,SO2,13.0,14.0,14.0
05-09-2026,"Maharaj Bada, Gwalior - MPPCB",Gwalior,Madhya Pradesh,India,26.200388,78.147714,CO,41.0,91.0,71.0
05-09-2026,"Maharaj Bada, Gwalior - MPPCB",Gwalior,Madhya Pradesh,India,26.200388,78.147714,NH3,2.0,5.0,3.0
05-09-2026,"Maharaj Bada, Gwalior - MPPCB",Gwalior,Madhya Pradesh,India,26.200388,78.147714,NO2,3.0,27.0,15.0
05-09-2026,"Maharaj Bada, Gwalior - MPPCB",Gwalior,Madhya Pradesh,India,26.200388,78.147714,OZONE,15.0,37.0,30.0
05-09-2026,"Maharaj Bada, Gwalior - MPPCB",Gwalior,Madhya Pradesh,India,26.200388,78.147714,PM10,15.0,44.0,32.0
05-09-2026,"Maharaj Bada, Gwalior - MPPCB",Gwalior,Madhya Pradesh,India,26.200388,78.147714,PM2.5,5.0,35.0,22.0
05-09-2026,"Maharaj Bada, Gwalior - MPPCB",Gwalior,Madhya Pradesh,India,26.200388,78.147714,SO2,0.0,23.0,11.0
05-09-2026,"Mahashweta Nagar, Ujjain - MPPCB",Ujjain,Madhya Pradesh,India,23.1633321,75.800225,CO,21.0,33.0,28.0
05-09-2026,"Mahashweta Nagar, Ujjain - MPPCB",Ujjain,Madhya Pradesh,India,23.1633321,75.800225,NH3,3.0,14.0,9.0
05-09-2026,"Mahashweta Nagar, Ujjain - MPPCB",Ujjain,Madhya Pradesh,India,23.1633321,75.800225,NO2,4.0,18.0,9.0
05-09-2026,"Mahashweta Nagar, Ujjain - MPPCB",Ujjain,Madhya Pradesh,India,23.1633321,75.800225,OZONE,44.0,63.0,56.0
05-09-2026,"Mahashweta Nagar, Ujjain - MPPCB",Ujjain,Madhya Pradesh,India,23.1633321,75.800225,PM10,21.0,84.0,46.0
05-09-2026,"Mahashweta Nagar, Ujjain - MPPCB",Ujjain,Madhya Pradesh,India,23.1633321,75.800225,PM2.5,2.0,100.0,43.0
05-09-2026,"Mahashweta Nagar, Ujjain - MPPCB",Ujjain,Madhya Pradesh,India,23.1633321,75.800225,SO2,2.0,5.0,3.0
05-09-2026,"Mahatma Basaveswar Colony, Kalaburgi - KSPCB",Kalaburagi,Karnataka,India,17.336318,76.847397,CO,30.0,45.0,34.0
05-09-2026,"Mahatma Basaveswar Colony, Kalaburgi - KSPCB",Kalaburagi,Karnataka,India,17.336318,76.847397,NH3,2.0,3.0,2.0
05-09-2026,"Mahatma Basaveswar Colony, Kalaburgi - KSPCB",Kalaburagi,Karnataka,India,17.336318,76.847397,NO2,10.0,17.0,12.0
05-09-2026,"Mahatma Basaveswar Colony, Kalaburgi - KSPCB",Kalaburagi,Karnataka,India,17.336318,76.847397,OZONE,15.0,15.0,15.0
05-09-2026,"Mahatma Basaveswar Colony, Kalaburgi - KSPCB",Kalaburagi,Karnataka,India,17.336318,76.847397,PM10,18.0,56.0,36.0
05-09-2026,"Mahatma Basaveswar Colony, Kalaburgi - KSPCB",Kalaburagi,Karnataka,India,17.336318,76.847397,PM2.5,11.0,43.0,26.0
05-09-2026,"Mahatma Basaveswar Colony, Kalaburgi - KSPCB",Kalaburagi,Karnataka,India,17.336318,76.847397,SO2,2.0,8.0,4.0
05-09-2026,"Mahesh Nagar, Malegaon - MPCB",Malegaon,Maharashtra,India,20.555712,74.529236,CO,10.0,25.0,17.0
05-09-2026,"Mahesh Nagar, Malegaon - MPCB",Malegaon,Maharashtra,India,20.555712,74.529236,NH3,1.0,1.0,1.0
05-09-2026,"Mahesh Nagar, Malegaon - MPCB",Malegaon,Maharashtra,India,20.555712,74.529236,NO2,16.0,18.0,17.0
05-09-2026,"Mahesh Nagar, Malegaon - MPCB",Malegaon,Maharashtra,India,20.555712,74.529236,OZONE,19.0,23.0,21.0
05-09-2026,"Mahesh Nagar, Malegaon - MPCB",Malegaon,Maharashtra,India,20.555712,74.529236,PM10,61.0,129.0,83.0
05-09-2026,"Mahesh Nagar, Malegaon - MPCB",Malegaon,Maharashtra,India,20.555712,74.529236,PM2.5,42.0,154.0,64.0
05-09-2026,"Mahesh Nagar, Malegaon - MPCB",Malegaon,Maharashtra,India,20.555712,74.529236,SO2,0.0,57.0,5.0
05-09-2026,"Mahishkapur Road_B-Zone, Durgapur - WBPCB",Durgapur,West Bengal,India,23.567923,87.306843,CO,45.0,56.0,48.0
05-09-2026,"Mahishkapur Road_B-Zone, Durgapur - WBPCB",Durgapur,West Bengal,India,23.567923,87.306843,NH3,0.0,1.0,1.0
05-09-2026,"Mahishkapur Road_B-Zone, Durgapur - WBPCB",Durgapur,West Bengal,India,23.567923,87.306843,NO2,4.0,16.0,7.0
05-09-2026,"Mahishkapur Road_B-Zone, Durgapur - WBPCB",Durgapur,West Bengal,India,23.567923,87.306843,OZONE,26.0,54.0,41.0
05-09-2026,"Mahishkapur Road_B-Zone, Durgapur - WBPCB",Durgapur,West Bengal,India,23.567923,87.306843,PM10,8.0,112.0,75.0
05-09-2026,"Mahishkapur Road_B-Zone, Durgapur - WBPCB",Durgapur,West Bengal,India,23.567923,87.306843,PM2.5,1.0,94.0,57.0
05-09-2026,"Mahishkapur Road_B-Zone, Durgapur - WBPCB",Durgapur,West Bengal,India,23.567923,87.306843,SO2,2.0,3.0,2.0
05-09-2026,"Major Dhyan Chand National Stadium, Delhi - DPCC",Delhi,Delhi,India,28.611281,77.237738,CO,51.0,82.0,64.0
05-09-2026,"Major Dhyan Chand National Stadium, Delhi - DPCC",Delhi,Delhi,India,28.611281,77.237738,NH3,6.0,8.0,6.0
05-09-2026,"Major Dhyan Chand National Stadium, Delhi - DPCC",Delhi,Delhi,India,28.611281,77.237738,NO2,33.0,65.0,46.0
05-09-2026,"Major Dhyan Chand National Stadium, Delhi - DPCC",Delhi,Delhi,India,28.611281,77.237738,OZONE,7.0,10.0,9.0
05-09-2026,"Major Dhyan Chand National Stadium, Delhi - DPCC",Delhi,Delhi,India,28.611281,77.237738,PM10,2.0,44.0,21.0
05-09-2026,"Major Dhyan Chand National Stadium, Delhi - DPCC",Delhi,Delhi,India,28.611281,77.237738,PM2.5,2.0,2.0,2.0
05-09-2026,"Major Dhyan Chand National Stadium, Delhi - DPCC",Delhi,Delhi,India,28.611281,77.237738,SO2,2.0,8.0,4.0
05-09-2026,"Malad West, Mumbai - IITM",Mumbai,Maharashtra,India,19.19709,72.82204,CO,25.0,44.0,31.0
05-09-2026,"Malad West, Mumbai - IITM",Mumbai,Maharashtra,India,19.19709,72.82204,NH3,1.0,3.0,2.0
05-09-2026,"Malad West, Mumbai - IITM",Mumbai,Maharashtra,India,19.19709,72.82204,NO2,4.0,15.0,9.0
05-09-2026,"Malad West, Mumbai - IITM",Mumbai,Maharashtra,India,19.19709,72.82204,OZONE,5.0,14.0,10.0
05-09-2026,"Malad West, Mumbai - IITM",Mumbai,Maharashtra,India,19.19709,72.82204,PM10,12.0,59.0,30.0
05-09-2026,"Malad West, Mumbai - IITM",Mumbai,Maharashtra,India,19.19709,72.82204,PM2.5,2.0,37.0,14.0
05-09-2026,"Malad West, Mumbai - IITM",Mumbai,Maharashtra,India,19.19709,72.82204,SO2,0.0,15.0,7.0
05-09-2026,"Maldahiya, Varanasi - UPPCB",Varanasi,Uttar Pradesh,India,25.32393,82.99687,CO,13.0,22.0,17.0
05-09-2026,"Maldahiya, Varanasi - UPPCB",Varanasi,Uttar Pradesh,India,25.32393,82.99687,NH3,0.0,0.0,0.0
05-09-2026,"Maldahiya, Varanasi - UPPCB",Varanasi,Uttar Pradesh,India,25.32393,82.99687,NO2,2.0,4.0,3.0
05-09-2026,"Maldahiya, Varanasi - UPPCB",Varanasi,Uttar Pradesh,India,25.32393,82.99687,OZONE,4.0,5.0,4.0
05-09-2026,"Maldahiya, Varanasi - UPPCB",Varanasi,Uttar Pradesh,India,25.32393,82.99687,PM10,31.0,118.0,73.0
05-09-2026,"Maldahiya, Varanasi - UPPCB",Varanasi,Uttar Pradesh,India,25.32393,82.99687,PM2.5,13.0,44.0,27.0
05-09-2026,"Maldahiya, Varanasi - UPPCB",Varanasi,Uttar Pradesh,India,25.32393,82.99687,SO2,30.0,31.0,30.0
05-09-2026,"Manali Village, Chennai - TNPCB",Chennai,Tamil Nadu,India,13.1662,80.2584,CO,47.0,51.0,49.0
05-09-2026,"Manali Village, Chennai - TNPCB",Chennai,Tamil Nadu,India,13.1662,80.2584,NH3,1.0,6.0,2.0
05-09-2026,"Manali Village, Chennai - TNPCB",Chennai,Tamil Nadu,India,13.1662,80.2584,NO2,9.0,21.0,17.0
05-09-2026,"Manali Village, Chennai - TNPCB",Chennai,Tamil Nadu,India,13.1662,80.2584,OZONE,,,
05-09-2026,"Manali Village, Chennai - TNPCB",Chennai,Tamil Nadu,India,13.1662,80.2584,PM10,18.0,75.0,43.0
05-09-2026,"Manali Village, Chennai - TNPCB",Chennai,Tamil Nadu,India,13.1662,80.2584,PM2.5,18.0,61.0,34.0
05-09-2026,"Manali Village, Chennai - TNPCB",Chennai,Tamil Nadu,India,13.1662,80.2584,SO2,11.0,13.0,12.0
05-09-2026,"Manali, Chennai - CPCB",Chennai,Tamil Nadu,India,13.164544,80.26285,CO,11.0,28.0,22.0
05-09-2026,"Manali, Chennai - CPCB",Chennai,Tamil Nadu,India,13.164544,80.26285,NH3,6.0,7.0,7.0
05-09-2026,"Manali, Chennai - CPCB",Chennai,Tamil Nadu,India,13.164544,80.26285,NO2,9.0,12.0,11.0
05-09-2026,"Manali, Chennai - CPCB",Chennai,Tamil Nadu,India,13.164544,80.26285,OZONE,9.0,11.0,10.0
05-09-2026,"Manali, Chennai - CPCB",Chennai,Tamil Nadu,India,13.164544,80.26285,PM10,,,
05-09-2026,"Manali, Chennai - CPCB",Chennai,Tamil Nadu,India,13.164544,80.26285,PM2.5,9.0,169.0,39.0
05-09-2026,"Manali, Chennai - CPCB",Chennai,Tamil Nadu,India,13.164544,80.26285,SO2,5.0,7.0,5.0
05-09-2026,"Mandir Marg, Delhi - DPCC",Delhi,Delhi,India,28.636429,77.201067,CO,57.0,76.0,69.0
05-09-2026,"Mandir Marg, Delhi - DPCC",Delhi,Delhi,India,28.636429,77.201067,NH3,9.0,11.0,10.0
05-09-2026,"Mandir Marg, Delhi - DPCC",Delhi,Delhi,India,28.636429,77.201067,NO2,21.0,42.0,30.0
05-09-2026,"Mandir Marg, Delhi - DPCC",Delhi,Delhi,India,28.636429,77.201067,OZONE,2.0,6.0,4.0
05-09-2026,"Mandir Marg, Delhi - DPCC",Delhi,Delhi,India,28.636429,77.201067,PM10,2.0,77.0,46.0
05-09-2026,"Mandir Marg, Delhi - DPCC",Delhi,Delhi,India,28.636429,77.201067,PM2.5,2.0,40.0,19.0
05-09-2026,"Mandir Marg, Delhi - DPCC",Delhi,Delhi,India,28.636429,77.201067,SO2,6.0,25.0,11.0
05-09-2026,"Mandor, Jodhpur - RSPCB",Jodhpur,Rajasthan,India,26.358805,73.047444,CO,9.0,14.0,12.0
05-09-2026,"Mandor, Jodhpur - RSPCB",Jodhpur,Rajasthan,India,26.358805,73.047444,NH3,2.0,3.0,3.0
05-09-2026,"Mandor, Jodhpur - RSPCB",Jodhpur,Rajasthan,India,26.358805,73.047444,NO2,1.0,9.0,3.0
05-09-2026,"Mandor, Jodhpur - RSPCB",Jodhpur,Rajasthan,India,26.358805,73.047444,OZONE,61.0,74.0,68.0
05-09-2026,"Mandor, Jodhpur - RSPCB",Jodhpur,Rajasthan,India,26.358805,73.047444,PM10,41.0,78.0,56.0
05-09-2026,"Mandor, Jodhpur - RSPCB",Jodhpur,Rajasthan,India,26.358805,73.047444,PM2.5,8.0,33.0,19.0
05-09-2026,"Mandor, Jodhpur - RSPCB",Jodhpur,Rajasthan,India,26.358805,73.047444,SO2,5.0,10.0,7.0
05-09-2026,"Mangala, Bilaspur - NTPC",Bilaspur,Chhattisgarh,India,22.08815,82.13737,CO,28.0,42.0,34.0
05-09-2026,"Mangala, Bilaspur - NTPC",Bilaspur,Chhattisgarh,India,22.08815,82.13737,NH3,,,
05-09-2026,"Mangala, Bilaspur - NTPC",Bilaspur,Chhattisgarh,India,22.08815,82.13737,NO2,19.0,25.0,22.0
05-09-2026,"Mangala, Bilaspur - NTPC",Bilaspur,Chhattisgarh,India,22.08815,82.13737,OZONE,,,
05-09-2026,"Mangala, Bilaspur - NTPC",Bilaspur,Chhattisgarh,India,22.08815,82.13737,PM10,27.0,68.0,46.0
05-09-2026,"Mangala, Bilaspur - NTPC",Bilaspur,Chhattisgarh,India,22.08815,82.13737,PM2.5,16.0,45.0,31.0
05-09-2026,"Mangala, Bilaspur - NTPC",Bilaspur,Chhattisgarh,India,22.08815,82.13737,SO2,11.0,30.0,20.0
05-09-2026,"Maninagar, Ahmedabad - GPCB",Ahmedabad,Gujarat,India,23.002657,72.591912,CO,42.0,107.0,85.0
05-09-2026,"Maninagar, Ahmedabad - GPCB",Ahmedabad,Gujarat,India,23.002657,72.591912,NH3,,,
05-09-2026,"Maninagar, Ahmedabad - GPCB",Ahmedabad,Gujarat,India,23.002657,72.591912,NO2,23.0,43.0,36.0
05-09-2026,"Maninagar, Ahmedabad - GPCB",Ahmedabad,Gujarat,India,23.002657,72.591912,OZONE,26.0,77.0,59.0
05-09-2026,"Maninagar, Ahmedabad - GPCB",Ahmedabad,Gujarat,India,23.002657,72.591912,PM10,48.0,114.0,76.0
05-09-2026,"Maninagar, Ahmedabad - GPCB",Ahmedabad,Gujarat,India,23.002657,72.591912,PM2.5,20.0,178.0,67.0
05-09-2026,"Maninagar, Ahmedabad - GPCB",Ahmedabad,Gujarat,India,23.002657,72.591912,SO2,0.0,109.0,77.0
05-09-2026,"Manoharpur, Agra - UPPCB",Agra,Uttar Pradesh,India,27.23711,78.01936,CO,20.0,20.0,20.0
05-09-2026,"Manoharpur, Agra - UPPCB",Agra,Uttar Pradesh,India,27.23711,78.01936,NH3,2.0,2.0,2.0
05-09-2026,"Manoharpur, Agra - UPPCB",Agra,Uttar Pradesh,India,27.23711,78.01936,NO2,31.0,31.0,31.0
05-09-2026,"Manoharpur, Agra - UPPCB",Agra,Uttar Pradesh,India,27.23711,78.01936,OZONE,6.0,6.0,6.0
05-09-2026,"Manoharpur, Agra - UPPCB",Agra,Uttar Pradesh,India,27.23711,78.01936,PM10,51.0,82.0,65.0
05-09-2026,"Manoharpur, Agra - UPPCB",Agra,Uttar Pradesh,India,27.23711,78.01936,PM2.5,62.0,109.0,84.0
05-09-2026,"Manoharpur, Agra - UPPCB",Agra,Uttar Pradesh,India,27.23711,78.01936,SO2,13.0,17.0,14.0
05-09-2026,"Mansarovar Sector-12, Jaipur - RSPCB",Jaipur,Rajasthan,India,26.843698,75.766894,CO,6.0,38.0,24.0
05-09-2026,"Mansarovar Sector-12, Jaipur - RSPCB",Jaipur,Rajasthan,India,26.843698,75.766894,NH3,2.0,8.0,3.0
05-09-2026,"Mansarovar Sector-12, Jaipur - RSPCB",Jaipur,Rajasthan,India,26.843698,75.766894,NO2,10.0,63.0,25.0
05-09-2026,"Mansarovar Sector-12, Jaipur - RSPCB",Jaipur,Rajasthan,India,26.843698,75.766894,OZONE,15.0,66.0,33.0
05-09-2026,"Mansarovar Sector-12, Jaipur - RSPCB",Jaipur,Rajasthan,India,26.843698,75.766894,PM10,10.0,70.0,38.0
05-09-2026,"Mansarovar Sector-12, Jaipur - RSPCB",Jaipur,Rajasthan,India,26.843698,75.766894,PM2.5,12.0,63.0,33.0
05-09-2026,"Mansarovar Sector-12, Jaipur - RSPCB",Jaipur,Rajasthan,India,26.843698,75.766894,SO2,2.0,4.0,3.0
05-09-2026,"Marhatal, Jabalpur - MPPCB",Jabalpur,Madhya Pradesh,India,23.168606,79.932247,CO,50.0,61.0,56.0
05-09-2026,"Marhatal, Jabalpur - MPPCB",Jabalpur,Madhya Pradesh,India,23.168606,79.932247,NH3,4.0,5.0,4.0
05-09-2026,"Marhatal, Jabalpur - MPPCB",Jabalpur,Madhya Pradesh,India,23.168606,79.932247,NO2,24.0,32.0,28.0
05-09-2026,"Marhatal, Jabalpur - MPPCB",Jabalpur,Madhya Pradesh,India,23.168606,79.932247,OZONE,15.0,19.0,17.0
05-09-2026,"Marhatal, Jabalpur - MPPCB",Jabalpur,Madhya Pradesh,India,23.168606,79.932247,PM10,8.0,28.0,17.0
05-09-2026,"Marhatal, Jabalpur - MPPCB",Jabalpur,Madhya Pradesh,India,23.168606,79.932247,PM2.5,10.0,27.0,18.0
05-09-2026,"Marhatal, Jabalpur - MPPCB",Jabalpur,Madhya Pradesh,India,23.168606,79.932247,SO2,11.0,13.0,12.0
05-09-2026,"Mariam Nagar, Purnia - BSPCB",Purnia,Bihar,India,25.366336,87.117468,CO,56.0,57.0,57.0
05-09-2026,"Mariam Nagar, Purnia - BSPCB",Purnia,Bihar,India,25.366336,87.117468,NH3,4.0,4.0,4.0
05-09-2026,"Mariam Nagar, Purnia - BSPCB",Purnia,Bihar,India,25.366336,87.117468,NO2,17.0,19.0,18.0
05-09-2026,"Mariam Nagar, Purnia - BSPCB",Purnia,Bihar,India,25.366336,87.117468,OZONE,18.0,54.0,29.0
05-09-2026,"Mariam Nagar, Purnia - BSPCB",Purnia,Bihar,India,25.366336,87.117468,PM10,33.0,33.0,33.0
05-09-2026,"Mariam Nagar, Purnia - BSPCB",Purnia,Bihar,India,25.366336,87.117468,PM2.5,47.0,47.0,47.0
05-09-2026,"Mariam Nagar, Purnia - BSPCB",Purnia,Bihar,India,25.366336,87.117468,SO2,16.0,17.0,16.0
05-09-2026,"Masoom Colony, Parbhani - MPCB",Parbhani,Maharashtra,India,19.265594,76.761463,CO,9.0,14.0,11.0
05-09-2026,"Masoom Colony, Parbhani - MPCB",Parbhani,Maharashtra,India,19.265594,76.761463,NH3,1.0,3.0,2.0
05-09-2026,"Masoom Colony, Parbhani - MPCB",Parbhani,Maharashtra,India,19.265594,76.761463,NO2,4.0,13.0,9.0
05-09-2026,"Masoom Colony, Parbhani - MPCB",Parbhani,Maharashtra,India,19.265594,76.761463,OZONE,23.0,98.0,38.0
05-09-2026,"Masoom Colony, Parbhani - MPCB",Parbhani,Maharashtra,India,19.265594,76.761463,PM10,7.0,22.0,12.0
05-09-2026,"Masoom Colony, Parbhani - MPCB",Parbhani,Maharashtra,India,19.265594,76.761463,PM2.5,5.0,15.0,9.0
05-09-2026,"Masoom Colony, Parbhani - MPCB",Parbhani,Maharashtra,India,19.265594,76.761463,SO2,0.0,1.0,1.0
05-09-2026,"Mavdi, Rajkot - Nexteng Enviro ",Rajkot,Gujarat,India,22.248853,70.776774,CO,42.0,43.0,43.0
05-09-2026,"Mavdi, Rajkot - Nexteng Enviro ",Rajkot,Gujarat,India,22.248853,70.776774,NH3,0.0,1.0,0.0
05-09-2026,"Mavdi, Rajkot - Nexteng Enviro ",Rajkot,Gujarat,India,22.248853,70.776774,NO2,3.0,8.0,5.0
05-09-2026,"Mavdi, Rajkot - Nexteng Enviro ",Rajkot,Gujarat,India,22.248853,70.776774,OZONE,13.0,17.0,16.0
05-09-2026,"Mavdi, Rajkot - Nexteng Enviro ",Rajkot,Gujarat,India,22.248853,70.776774,PM10,26.0,60.0,36.0
05-09-2026,"Mavdi, Rajkot - Nexteng Enviro ",Rajkot,Gujarat,India,22.248853,70.776774,PM2.5,11.0,50.0,27.0
05-09-2026,"Mavdi, Rajkot - Nexteng Enviro ",Rajkot,Gujarat,India,22.248853,70.776774,SO2,9.0,13.0,11.0
05-09-2026,"Mayaganj, Bhagalpur - BSPCB",Bhagalpur,Bihar,India,25.265194,87.012947,CO,20.0,31.0,26.0
05-09-2026,"Mayaganj, Bhagalpur - BSPCB",Bhagalpur,Bihar,India,25.265194,87.012947,NH3,4.0,4.0,4.0
05-09-2026,"Mayaganj, Bhagalpur - BSPCB",Bhagalpur,Bihar,India,25.265194,87.012947,NO2,16.0,22.0,18.0
05-09-2026,"Mayaganj, Bhagalpur - BSPCB",Bhagalpur,Bihar,India,25.265194,87.012947,OZONE,9.0,18.0,13.0
05-09-2026,"Mayaganj, Bhagalpur - BSPCB",Bhagalpur,Bihar,India,25.265194,87.012947,PM10,21.0,365.0,93.0
05-09-2026,"Mayaganj, Bhagalpur - BSPCB",Bhagalpur,Bihar,India,25.265194,87.012947,PM2.5,13.0,434.0,128.0
05-09-2026,"Mayaganj, Bhagalpur - BSPCB",Bhagalpur,Bihar,India,25.265194,87.012947,SO2,2.0,44.0,30.0
05-09-2026,"Mazgaon, Mumbai - IITM",Mumbai,Maharashtra,India,18.96702,72.84214,CO,47.0,47.0,47.0
05-09-2026,"Mazgaon, Mumbai - IITM",Mumbai,Maharashtra,India,18.96702,72.84214,NH3,4.0,6.0,5.0
05-09-2026,"Mazgaon, Mumbai - IITM",Mumbai,Maharashtra,India,18.96702,72.84214,NO2,12.0,41.0,23.0
05-09-2026,"Mazgaon, Mumbai - IITM",Mumbai,Maharashtra,India,18.96702,72.84214,OZONE,13.0,22.0,17.0
05-09-2026,"Mazgaon, Mumbai - IITM",Mumbai,Maharashtra,India,18.96702,72.84214,PM10,28.0,47.0,36.0
05-09-2026,"Mazgaon, Mumbai - IITM",Mumbai,Maharashtra,India,18.96702,72.84214,PM2.5,12.0,41.0,21.0
05-09-2026,"Mazgaon, Mumbai - IITM",Mumbai,Maharashtra,India,18.96702,72.84214,SO2,3.0,12.0,9.0
05-09-2026,"Meelavittan, Thoothukudi - TNPCB",Thoothukudi,Tamil Nadu,India,8.816428,78.099039,CO,18.0,28.0,24.0
05-09-2026,"Meelavittan, Thoothukudi - TNPCB",Thoothukudi,Tamil Nadu,India,8.816428,78.099039,NH3,,,
05-09-2026,"Meelavittan, Thoothukudi - TNPCB",Thoothukudi,Tamil Nadu,India,8.816428,78.099039,NO2,14.0,22.0,17.0
05-09-2026,"Meelavittan, Thoothukudi - TNPCB",Thoothukudi,Tamil Nadu,India,8.816428,78.099039,OZONE,28.0,35.0,31.0
05-09-2026,"Meelavittan, Thoothukudi - TNPCB",Thoothukudi,Tamil Nadu,India,8.816428,78.099039,PM10,58.0,72.0,64.0
05-09-2026,"Meelavittan, Thoothukudi - TNPCB",Thoothukudi,Tamil Nadu,India,8.816428,78.099039,PM2.5,,,
05-09-2026,"Meelavittan, Thoothukudi - TNPCB",Thoothukudi,Tamil Nadu,India,8.816428,78.099039,SO2,7.0,20.0,13.0
05-09-2026,"Meher Colony, Baripada - OSPCB",Baripada,Odisha,India,21.941841,86.728318,CO,9.0,26.0,18.0
05-09-2026,"Meher Colony, Baripada - OSPCB",Baripada,Odisha,India,21.941841,86.728318,NH3,,,
05-09-2026,"Meher Colony, Baripada - OSPCB",Baripada,Odisha,India,21.941841,86.728318,NO2,,,
05-09-2026,"Meher Colony, Baripada - OSPCB",Baripada,Odisha,India,21.941841,86.728318,OZONE,32.0,64.0,44.0
05-09-2026,"Meher Colony, Baripada - OSPCB",Baripada,Odisha,India,21.941841,86.728318,PM10,,,
05-09-2026,"Meher Colony, Baripada - OSPCB",Baripada,Odisha,India,21.941841,86.728318,PM2.5,,,
05-09-2026,"Meher Colony, Baripada - OSPCB",Baripada,Odisha,India,21.941841,86.728318,SO2,,,
05-09-2026,"Mhada Colony, Pune - IITM",Pune,Maharashtra,India,18.57304,73.927715,CO,45.0,85.0,63.0
05-09-2026,"Mhada Colony, Pune - IITM",Pune,Maharashtra,India,18.57304,73.927715,NH3,,,
05-09-2026,"Mhada Colony, Pune - IITM",Pune,Maharashtra,India,18.57304,73.927715,NO2,13.0,37.0,23.0
05-09-2026,"Mhada Colony, Pune - IITM",Pune,Maharashtra,India,18.57304,73.927715,OZONE,11.0,23.0,18.0
05-09-2026,"Mhada Colony, Pune - IITM",Pune,Maharashtra,India,18.57304,73.927715,PM10,48.0,92.0,70.0
05-09-2026,"Mhada Colony, Pune - IITM",Pune,Maharashtra,India,18.57304,73.927715,PM2.5,23.0,61.0,40.0
05-09-2026,"Mhada Colony, Pune - IITM",Pune,Maharashtra,India,18.57304,73.927715,SO2,,,
05-09-2026,"Mindspace-Malad West, Mumbai - MPCB",Mumbai,Maharashtra,India,19.1878657,72.8304069,CO,15.0,16.0,15.0
05-09-2026,"Mindspace-Malad West, Mumbai - MPCB",Mumbai,Maharashtra,India,19.1878657,72.8304069,NH3,7.0,8.0,7.0
05-09-2026,"Mindspace-Malad West, Mumbai - MPCB",Mumbai,Maharashtra,India,19.1878657,72.8304069,NO2,18.0,18.0,18.0
05-09-2026,"Mindspace-Malad West, Mumbai - MPCB",Mumbai,Maharashtra,India,19.1878657,72.8304069,OZONE,18.0,18.0,18.0
05-09-2026,"Mindspace-Malad West, Mumbai - MPCB",Mumbai,Maharashtra,India,19.1878657,72.8304069,PM10,38.0,41.0,40.0
05-09-2026,"Mindspace-Malad West, Mumbai - MPCB",Mumbai,Maharashtra,India,19.1878657,72.8304069,PM2.5,22.0,23.0,22.0
05-09-2026,"Mindspace-Malad West, Mumbai - MPCB",Mumbai,Maharashtra,India,19.1878657,72.8304069,SO2,4.0,4.0,4.0
05-09-2026,"Mini Secretariat, Charkhi Dadri - HSPCB",Charkhi Dadri,Haryana,India,28.593883,76.270653,CO,8.0,19.0,14.0
05-09-2026,"Mini Secretariat, Charkhi Dadri - HSPCB",Charkhi Dadri,Haryana,India,28.593883,76.270653,NH3,5.0,8.0,6.0
05-09-2026,"Mini Secretariat, Charkhi Dadri - HSPCB",Charkhi Dadri,Haryana,India,28.593883,76.270653,NO2,9.0,23.0,15.0
05-09-2026,"Mini Secretariat, Charkhi Dadri - HSPCB",Charkhi Dadri,Haryana,India,28.593883,76.270653,OZONE,22.0,35.0,31.0
05-09-2026,"Mini Secretariat, Charkhi Dadri - HSPCB",Charkhi Dadri,Haryana,India,28.593883,76.270653,PM10,18.0,92.0,43.0
05-09-2026,"Mini Secretariat, Charkhi Dadri - HSPCB",Charkhi Dadri,Haryana,India,28.593883,76.270653,PM2.5,23.0,129.0,54.0
05-09-2026,"Mini Secretariat, Charkhi Dadri - HSPCB",Charkhi Dadri,Haryana,India,28.593883,76.270653,SO2,6.0,9.0,8.0
05-09-2026,"Mirchaibari, Katihar - BSPCB",Katihar,Bihar,India,25.560083,87.553265,CO,68.0,86.0,77.0
05-09-2026,"Mirchaibari, Katihar - BSPCB",Katihar,Bihar,India,25.560083,87.553265,NH3,1.0,1.0,1.0
05-09-2026,"Mirchaibari, Katihar - BSPCB",Katihar,Bihar,India,25.560083,87.553265,NO2,2.0,2.0,2.0
05-09-2026,"Mirchaibari, Katihar - BSPCB",Katihar,Bihar,India,25.560083,87.553265,OZONE,21.0,38.0,28.0
05-09-2026,"Mirchaibari, Katihar - BSPCB",Katihar,Bihar,India,25.560083,87.553265,PM10,17.0,47.0,32.0
05-09-2026,"Mirchaibari, Katihar - BSPCB",Katihar,Bihar,India,25.560083,87.553265,PM2.5,17.0,45.0,32.0
05-09-2026,"Mirchaibari, Katihar - BSPCB",Katihar,Bihar,India,25.560083,87.553265,SO2,14.0,21.0,18.0
05-09-2026,"Model Town, Patiala - PPCB",Patiala,Punjab,India,30.349388,76.366642,CO,13.0,23.0,19.0
05-09-2026,"Model Town, Patiala - PPCB",Patiala,Punjab,India,30.349388,76.366642,NH3,3.0,10.0,6.0
05-09-2026,"Model Town, Patiala - PPCB",Patiala,Punjab,India,30.349388,76.366642,NO2,7.0,22.0,14.0
05-09-2026,"Model Town, Patiala - PPCB",Patiala,Punjab,India,30.349388,76.366642,OZONE,28.0,53.0,38.0
05-09-2026,"Model Town, Patiala - PPCB",Patiala,Punjab,India,30.349388,76.366642,PM10,17.0,36.0,26.0
05-09-2026,"Model Town, Patiala - PPCB",Patiala,Punjab,India,30.349388,76.366642,PM2.5,14.0,34.0,23.0
05-09-2026,"Model Town, Patiala - PPCB",Patiala,Punjab,India,30.349388,76.366642,SO2,17.0,23.0,20.0
05-09-2026,"More Chowk Waluj, Aurangabad - MPCB",Aurangabad,Maharashtra,India,19.8389439,75.244448,CO,21.0,65.0,36.0
05-09-2026,"More Chowk Waluj, Aurangabad - MPCB",Aurangabad,Maharashtra,India,19.8389439,75.244448,NH3,7.0,8.0,7.0
05-09-2026,"More Chowk Waluj, Aurangabad - MPCB",Aurangabad,Maharashtra,India,19.8389439,75.244448,NO2,8.0,12.0,10.0
05-09-2026,"More Chowk Waluj, Aurangabad - MPCB",Aurangabad,Maharashtra,India,19.8389439,75.244448,OZONE,20.0,32.0,27.0
05-09-2026,"More Chowk Waluj, Aurangabad - MPCB",Aurangabad,Maharashtra,India,19.8389439,75.244448,PM10,23.0,53.0,36.0
05-09-2026,"More Chowk Waluj, Aurangabad - MPCB",Aurangabad,Maharashtra,India,19.8389439,75.244448,PM2.5,22.0,50.0,34.0
05-09-2026,"More Chowk Waluj, Aurangabad - MPCB",Aurangabad,Maharashtra,India,19.8389439,75.244448,SO2,0.0,6.0,4.0
05-09-2026,"Moti Doongri, Alwar - RSPCB",Alwar,Rajasthan,India,27.554793,76.611536,CO,83.0,103.0,94.0
05-09-2026,"Moti Doongri, Alwar - RSPCB",Alwar,Rajasthan,India,27.554793,76.611536,NH3,6.0,12.0,8.0
05-09-2026,"Moti Doongri, Alwar - RSPCB",Alwar,Rajasthan,India,27.554793,76.611536,NO2,21.0,97.0,50.0
05-09-2026,"Moti Doongri, Alwar - RSPCB",Alwar,Rajasthan,India,27.554793,76.611536,OZONE,22.0,45.0,30.0
05-09-2026,"Moti Doongri, Alwar - RSPCB",Alwar,Rajasthan,India,27.554793,76.611536,PM10,81.0,94.0,85.0
05-09-2026,"Moti Doongri, Alwar - RSPCB",Alwar,Rajasthan,India,27.554793,76.611536,PM2.5,36.0,95.0,55.0
05-09-2026,"Moti Doongri, Alwar - RSPCB",Alwar,Rajasthan,India,27.554793,76.611536,SO2,10.0,38.0,26.0
05-09-2026,"Motilal Nehru NIT, Prayagraj - UPPCB",Prayagraj,Uttar Pradesh,India,25.494,81.863,CO,1.0,10.0,5.0
05-09-2026,"Motilal Nehru NIT, Prayagraj - UPPCB",Prayagraj,Uttar Pradesh,India,25.494,81.863,NH3,8.0,8.0,8.0
05-09-2026,"Motilal Nehru NIT, Prayagraj - UPPCB",Prayagraj,Uttar Pradesh,India,25.494,81.863,NO2,12.0,15.0,12.0
05-09-2026,"Motilal Nehru NIT, Prayagraj - UPPCB",Prayagraj,Uttar Pradesh,India,25.494,81.863,OZONE,11.0,24.0,17.0
05-09-2026,"Motilal Nehru NIT, Prayagraj - UPPCB",Prayagraj,Uttar Pradesh,India,25.494,81.863,PM10,23.0,83.0,36.0
05-09-2026,"Motilal Nehru NIT, Prayagraj - UPPCB",Prayagraj,Uttar Pradesh,India,25.494,81.863,PM2.5,5.0,16.0,11.0
05-09-2026,"Motilal Nehru NIT, Prayagraj - UPPCB",Prayagraj,Uttar Pradesh,India,25.494,81.863,SO2,31.0,74.0,38.0
05-09-2026,"Mudtra Sili, Jalore - RSPCB",Jalore,Rajasthan,India,25.344694,72.626208,CO,23.0,32.0,27.0
05-09-2026,"Mudtra Sili, Jalore - RSPCB",Jalore,Rajasthan,India,25.344694,72.626208,NH3,2.0,3.0,2.0
05-09-2026,"Mudtra Sili, Jalore - RSPCB",Jalore,Rajasthan,India,25.344694,72.626208,NO2,5.0,12.0,7.0
05-09-2026,"Mudtra Sili, Jalore - RSPCB",Jalore,Rajasthan,India,25.344694,72.626208,OZONE,22.0,45.0,36.0
05-09-2026,"Mudtra Sili, Jalore - RSPCB",Jalore,Rajasthan,India,25.344694,72.626208,PM10,40.0,83.0,67.0
05-09-2026,"Mudtra Sili, Jalore - RSPCB",Jalore,Rajasthan,India,25.344694,72.626208,PM2.5,8.0,38.0,23.0
05-09-2026,"Mudtra Sili, Jalore - RSPCB",Jalore,Rajasthan,India,25.344694,72.626208,SO2,4.0,6.0,4.0
05-09-2026,"Mulund West, Mumbai - MPCB",Mumbai,Maharashtra,India,19.175,72.9419,CO,10.0,10.0,10.0
05-09-2026,"Mulund West, Mumbai - MPCB",Mumbai,Maharashtra,India,19.175,72.9419,NH3,4.0,5.0,4.0
05-09-2026,"Mulund West, Mumbai - MPCB",Mumbai,Maharashtra,India,19.175,72.9419,NO2,12.0,13.0,13.0
05-09-2026,"Mulund West, Mumbai - MPCB",Mumbai,Maharashtra,India,19.175,72.9419,OZONE,,,
05-09-2026,"Mulund West, Mumbai - MPCB",Mumbai,Maharashtra,India,19.175,72.9419,PM10,15.0,56.0,29.0
05-09-2026,"Mulund West, Mumbai - MPCB",Mumbai,Maharashtra,India,19.175,72.9419,PM2.5,13.0,39.0,23.0
05-09-2026,"Mulund West, Mumbai - MPCB",Mumbai,Maharashtra,India,19.175,72.9419,SO2,,,
05-09-2026,"Mundka, Delhi - DPCC",Delhi,Delhi,India,28.684678,77.076574,CO,40.0,56.0,48.0
05-09-2026,"Mundka, Delhi - DPCC",Delhi,Delhi,India,28.684678,77.076574,NH3,5.0,10.0,7.0
05-09-2026,"Mundka, Delhi - DPCC",Delhi,Delhi,India,28.684678,77.076574,NO2,45.0,87.0,74.0
05-09-2026,"Mundka, Delhi - DPCC",Delhi,Delhi,India,28.684678,77.076574,OZONE,3.0,15.0,11.0
05-09-2026,"Mundka, Delhi - DPCC",Delhi,Delhi,India,28.684678,77.076574,PM10,14.0,44.0,31.0
05-09-2026,"Mundka, Delhi - DPCC",Delhi,Delhi,India,28.684678,77.076574,PM2.5,8.0,50.0,23.0
05-09-2026,"Mundka, Delhi - DPCC",Delhi,Delhi,India,28.684678,77.076574,SO2,6.0,15.0,11.0
05-09-2026,"Municipal Corporation Office, Dharuhera -  HSPCB",Dharuhera,Haryana,India,28.2068,76.7997,CO,31.0,71.0,45.0
05-09-2026,"Municipal Corporation Office, Dharuhera -  HSPCB",Dharuhera,Haryana,India,28.2068,76.7997,NH3,4.0,8.0,5.0
05-09-2026,"Municipal Corporation Office, Dharuhera -  HSPCB",Dharuhera,Haryana,India,28.2068,76.7997,NO2,6.0,29.0,21.0
05-09-2026,"Municipal Corporation Office, Dharuhera -  HSPCB",Dharuhera,Haryana,India,28.2068,76.7997,OZONE,8.0,12.0,11.0
05-09-2026,"Municipal Corporation Office, Dharuhera -  HSPCB",Dharuhera,Haryana,India,28.2068,76.7997,PM10,32.0,75.0,48.0
05-09-2026,"Municipal Corporation Office, Dharuhera -  HSPCB",Dharuhera,Haryana,India,28.2068,76.7997,PM2.5,33.0,440.0,71.0
05-09-2026,"Municipal Corporation Office, Dharuhera -  HSPCB",Dharuhera,Haryana,India,28.2068,76.7997,SO2,5.0,12.0,8.0
05-09-2026,"Muradpur, Patna - BSPCB",Patna,Bihar,India,25.619651,85.147382,CO,46.0,52.0,49.0
05-09-2026,"Muradpur, Patna - BSPCB",Patna,Bihar,India,25.619651,85.147382,NH3,4.0,5.0,5.0
05-09-2026,"Muradpur, Patna - BSPCB",Patna,Bihar,India,25.619651,85.147382,NO2,4.0,4.0,4.0
05-09-2026,"Muradpur, Patna - BSPCB",Patna,Bihar,India,25.619651,85.147382,OZONE,55.0,95.0,82.0
05-09-2026,"Muradpur, Patna - BSPCB",Patna,Bihar,India,25.619651,85.147382,PM10,63.0,74.0,68.0
05-09-2026,"Muradpur, Patna - BSPCB",Patna,Bihar,India,25.619651,85.147382,PM2.5,44.0,51.0,47.0
05-09-2026,"Muradpur, Patna - BSPCB",Patna,Bihar,India,25.619651,85.147382,SO2,8.0,9.0,9.0
05-09-2026,"Murthal, Sonipat - HSPCB",Sonipat,Haryana,India,29.0272,77.0621,CO,61.0,96.0,72.0
05-09-2026,"Murthal, Sonipat - HSPCB",Sonipat,Haryana,India,29.0272,77.0621,NH3,8.0,9.0,9.0
05-09-2026,"Murthal, Sonipat - HSPCB",Sonipat,Haryana,India,29.0272,77.0621,NO2,6.0,8.0,7.0
05-09-2026,"Murthal, Sonipat - HSPCB",Sonipat,Haryana,India,29.0272,77.0621,OZONE,49.0,51.0,50.0
05-09-2026,"Murthal, Sonipat - HSPCB",Sonipat,Haryana,India,29.0272,77.0621,PM10,28.0,84.0,56.0
05-09-2026,"Murthal, Sonipat - HSPCB",Sonipat,Haryana,India,29.0272,77.0621,PM2.5,21.0,62.0,36.0
05-09-2026,"Murthal, Sonipat - HSPCB",Sonipat,Haryana,India,29.0272,77.0621,SO2,41.0,45.0,44.0
05-09-2026,"NISE Gwal Pahari, Gurugram - IITM",Gurugram,Haryana,India,28.422681,77.148944,CO,35.0,39.0,38.0
05-09-2026,"NISE Gwal Pahari, Gurugram - IITM",Gurugram,Haryana,India,28.422681,77.148944,NH3,,,
05-09-2026,"NISE Gwal Pahari, Gurugram - IITM",Gurugram,Haryana,India,28.422681,77.148944,NO2,13.0,42.0,24.0
05-09-2026,"NISE Gwal Pahari, Gurugram - IITM",Gurugram,Haryana,India,28.422681,77.148944,OZONE,14.0,25.0,19.0
05-09-2026,"NISE Gwal Pahari, Gurugram - IITM",Gurugram,Haryana,India,28.422681,77.148944,PM10,17.0,89.0,41.0
05-09-2026,"NISE Gwal Pahari, Gurugram - IITM",Gurugram,Haryana,India,28.422681,77.148944,PM2.5,7.0,73.0,37.0
05-09-2026,"NISE Gwal Pahari, Gurugram - IITM",Gurugram,Haryana,India,28.422681,77.148944,SO2,,,
05-09-2026,"NSI Kalyanpur, Kanpur - UPPCB",Kanpur,Uttar Pradesh,India,26.509954,80.249612,CO,10.0,10.0,10.0
05-09-2026,"NSI Kalyanpur, Kanpur - UPPCB",Kanpur,Uttar Pradesh,India,26.509954,80.249612,NH3,2.0,2.0,2.0
05-09-2026,"NSI Kalyanpur, Kanpur - UPPCB",Kanpur,Uttar Pradesh,India,26.509954,80.249612,NO2,31.0,32.0,31.0
05-09-2026,"NSI Kalyanpur, Kanpur - UPPCB",Kanpur,Uttar Pradesh,India,26.509954,80.249612,OZONE,21.0,22.0,21.0
05-09-2026,"NSI Kalyanpur, Kanpur - UPPCB",Kanpur,Uttar Pradesh,India,26.509954,80.249612,PM10,28.0,75.0,50.0
05-09-2026,"NSI Kalyanpur, Kanpur - UPPCB",Kanpur,Uttar Pradesh,India,26.509954,80.249612,PM2.5,16.0,41.0,28.0
05-09-2026,"NSI Kalyanpur, Kanpur - UPPCB",Kanpur,Uttar Pradesh,India,26.509954,80.249612,SO2,24.0,26.0,25.0
05-09-2026,"NSIT Dwarka, Delhi - CPCB",Delhi,Delhi,India,28.60909,77.0325413,CO,34.0,92.0,48.0
05-09-2026,"NSIT Dwarka, Delhi - CPCB",Delhi,Delhi,India,28.60909,77.0325413,NH3,6.0,9.0,7.0
05-09-2026,"NSIT Dwarka, Delhi - CPCB",Delhi,Delhi,India,28.60909,77.0325413,NO2,15.0,75.0,41.0
05-09-2026,"NSIT Dwarka, Delhi - CPCB",Delhi,Delhi,India,28.60909,77.0325413,OZONE,17.0,219.0,64.0
05-09-2026,"NSIT Dwarka, Delhi - CPCB",Delhi,Delhi,India,28.60909,77.0325413,PM10,11.0,33.0,21.0
05-09-2026,"NSIT Dwarka, Delhi - CPCB",Delhi,Delhi,India,28.60909,77.0325413,PM2.5,10.0,31.0,20.0
05-09-2026,"NSIT Dwarka, Delhi - CPCB",Delhi,Delhi,India,28.60909,77.0325413,SO2,11.0,16.0,14.0
05-09-2026,"NSUT Jaffarpur, Delhi - DPCC",Delhi,Delhi,India,28.594004,76.909423,CO,51.0,57.0,54.0
05-09-2026,"NSUT Jaffarpur, Delhi - DPCC",Delhi,Delhi,India,28.594004,76.909423,NH3,0.0,4.0,1.0
05-09-2026,"NSUT Jaffarpur, Delhi - DPCC",Delhi,Delhi,India,28.594004,76.909423,NO2,9.0,48.0,21.0
05-09-2026,"NSUT Jaffarpur, Delhi - DPCC",Delhi,Delhi,India,28.594004,76.909423,OZONE,3.0,17.0,10.0
05-09-2026,"NSUT Jaffarpur, Delhi - DPCC",Delhi,Delhi,India,28.594004,76.909423,PM10,21.0,55.0,38.0
05-09-2026,"NSUT Jaffarpur, Delhi - DPCC",Delhi,Delhi,India,28.594004,76.909423,PM2.5,30.0,54.0,43.0
05-09-2026,"NSUT Jaffarpur, Delhi - DPCC",Delhi,Delhi,India,28.594004,76.909423,SO2,1.0,3.0,2.0
05-09-2026,"Nacharam_TSIIC IALA, Hyderabad - TSPCB",Hyderabad,Telangana,India,17.429398,78.569354,CO,25.0,35.0,32.0
05-09-2026,"Nacharam_TSIIC IALA, Hyderabad - TSPCB",Hyderabad,Telangana,India,17.429398,78.569354,NH3,3.0,4.0,3.0
05-09-2026,"Nacharam_TSIIC IALA, Hyderabad - TSPCB",Hyderabad,Telangana,India,17.429398,78.569354,NO2,10.0,13.0,12.0
05-09-2026,"Nacharam_TSIIC IALA, Hyderabad - TSPCB",Hyderabad,Telangana,India,17.429398,78.569354,OZONE,17.0,26.0,23.0
05-09-2026,"Nacharam_TSIIC IALA, Hyderabad - TSPCB",Hyderabad,Telangana,India,17.429398,78.569354,PM10,60.0,81.0,69.0
05-09-2026,"Nacharam_TSIIC IALA, Hyderabad - TSPCB",Hyderabad,Telangana,India,17.429398,78.569354,PM2.5,36.0,51.0,43.0
05-09-2026,"Nacharam_TSIIC IALA, Hyderabad - TSPCB",Hyderabad,Telangana,India,17.429398,78.569354,SO2,7.0,18.0,12.0
05-09-2026,"Nagar Nigam, Prayagraj - UPPCB",Prayagraj,Uttar Pradesh,India,25.44919916,81.82735986,CO,14.0,14.0,14.0
05-09-2026,"Nagar Nigam, Prayagraj - UPPCB",Prayagraj,Uttar Pradesh,India,25.44919916,81.82735986,NH3,3.0,8.0,5.0
05-09-2026,"Nagar Nigam, Prayagraj - UPPCB",Prayagraj,Uttar Pradesh,India,25.44919916,81.82735986,NO2,5.0,5.0,5.0
05-09-2026,"Nagar Nigam, Prayagraj - UPPCB",Prayagraj,Uttar Pradesh,India,25.44919916,81.82735986,OZONE,12.0,39.0,18.0
05-09-2026,"Nagar Nigam, Prayagraj - UPPCB",Prayagraj,Uttar Pradesh,India,25.44919916,81.82735986,PM10,26.0,308.0,83.0
05-09-2026,"Nagar Nigam, Prayagraj - UPPCB",Prayagraj,Uttar Pradesh,India,25.44919916,81.82735986,PM2.5,3.0,62.0,14.0
05-09-2026,"Nagar Nigam, Prayagraj - UPPCB",Prayagraj,Uttar Pradesh,India,25.44919916,81.82735986,SO2,29.0,78.0,46.0
05-09-2026,"Nagla Bhau, Firozabad - UPPCB",Firozabad,Uttar Pradesh,India,27.168897,78.37696,CO,24.0,46.0,27.0
05-09-2026,"Nagla Bhau, Firozabad - UPPCB",Firozabad,Uttar Pradesh,India,27.168897,78.37696,NH3,1.0,2.0,2.0
05-09-2026,"Nagla Bhau, Firozabad - UPPCB",Firozabad,Uttar Pradesh,India,27.168897,78.37696,NO2,16.0,20.0,17.0
05-09-2026,"Nagla Bhau, Firozabad - UPPCB",Firozabad,Uttar Pradesh,India,27.168897,78.37696,OZONE,10.0,19.0,11.0
05-09-2026,"Nagla Bhau, Firozabad - UPPCB",Firozabad,Uttar Pradesh,India,27.168897,78.37696,PM10,16.0,46.0,27.0
05-09-2026,"Nagla Bhau, Firozabad - UPPCB",Firozabad,Uttar Pradesh,India,27.168897,78.37696,PM2.5,11.0,31.0,19.0
05-09-2026,"Nagla Bhau, Firozabad - UPPCB",Firozabad,Uttar Pradesh,India,27.168897,78.37696,SO2,9.0,108.0,25.0
05-09-2026,"Naharlagun, Naharlagun - APSPCB",Naharlagun,Arunachal Pradesh,India,27.103358,93.679645,CO,8.0,11.0,10.0
05-09-2026,"Naharlagun, Naharlagun - APSPCB",Naharlagun,Arunachal Pradesh,India,27.103358,93.679645,NH3,1.0,1.0,1.0
05-09-2026,"Naharlagun, Naharlagun - APSPCB",Naharlagun,Arunachal Pradesh,India,27.103358,93.679645,NO2,8.0,8.0,8.0
05-09-2026,"Naharlagun, Naharlagun - APSPCB",Naharlagun,Arunachal Pradesh,India,27.103358,93.679645,OZONE,7.0,7.0,7.0
05-09-2026,"Naharlagun, Naharlagun - APSPCB",Naharlagun,Arunachal Pradesh,India,27.103358,93.679645,PM10,3.0,59.0,27.0
05-09-2026,"Naharlagun, Naharlagun - APSPCB",Naharlagun,Arunachal Pradesh,India,27.103358,93.679645,PM2.5,2.0,54.0,23.0
05-09-2026,"Naharlagun, Naharlagun - APSPCB",Naharlagun,Arunachal Pradesh,India,27.103358,93.679645,SO2,11.0,12.0,11.0
05-09-2026,"Najafgarh, Delhi - DPCC",Delhi,Delhi,India,28.570173,76.933762,CO,24.0,40.0,31.0
05-09-2026,"Najafgarh, Delhi - DPCC",Delhi,Delhi,India,28.570173,76.933762,NH3,7.0,8.0,7.0
05-09-2026,"Najafgarh, Delhi - DPCC",Delhi,Delhi,India,28.570173,76.933762,NO2,12.0,33.0,19.0
05-09-2026,"Najafgarh, Delhi - DPCC",Delhi,Delhi,India,28.570173,76.933762,OZONE,11.0,13.0,12.0
05-09-2026,"Najafgarh, Delhi - DPCC",Delhi,Delhi,India,28.570173,76.933762,PM10,1.0,29.0,16.0
05-09-2026,"Najafgarh, Delhi - DPCC",Delhi,Delhi,India,28.570173,76.933762,PM2.5,,,
05-09-2026,"Najafgarh, Delhi - DPCC",Delhi,Delhi,India,28.570173,76.933762,SO2,15.0,23.0,16.0
05-09-2026,"Narela, Delhi - DPCC",Delhi,Delhi,India,28.822836,77.101981,CO,54.0,68.0,63.0
05-09-2026,"Narela, Delhi - DPCC",Delhi,Delhi,India,28.822836,77.101981,NH3,5.0,10.0,7.0
05-09-2026,"Narela, Delhi - DPCC",Delhi,Delhi,India,28.822836,77.101981,NO2,19.0,26.0,23.0
05-09-2026,"Narela, Delhi - DPCC",Delhi,Delhi,India,28.822836,77.101981,OZONE,13.0,19.0,16.0
05-09-2026,"Narela, Delhi - DPCC",Delhi,Delhi,India,28.822836,77.101981,PM10,14.0,85.0,39.0
05-09-2026,"Narela, Delhi - DPCC",Delhi,Delhi,India,28.822836,77.101981,PM2.5,2.0,53.0,20.0
05-09-2026,"Narela, Delhi - DPCC",Delhi,Delhi,India,28.822836,77.101981,SO2,7.0,11.0,9.0
05-09-2026,"Nathu Colony, Ballabgarh - HSPCB",Ballabgarh,Haryana,India,28.3419248,77.319699,CO,13.0,21.0,17.0
05-09-2026,"Nathu Colony, Ballabgarh - HSPCB",Ballabgarh,Haryana,India,28.3419248,77.319699,NH3,4.0,5.0,4.0
05-09-2026,"Nathu Colony, Ballabgarh - HSPCB",Ballabgarh,Haryana,India,28.3419248,77.319699,NO2,19.0,20.0,20.0
05-09-2026,"Nathu Colony, Ballabgarh - HSPCB",Ballabgarh,Haryana,India,28.3419248,77.319699,OZONE,5.0,48.0,21.0
05-09-2026,"Nathu Colony, Ballabgarh - HSPCB",Ballabgarh,Haryana,India,28.3419248,77.319699,PM10,72.0,83.0,76.0
05-09-2026,"Nathu Colony, Ballabgarh - HSPCB",Ballabgarh,Haryana,India,28.3419248,77.319699,PM2.5,20.0,60.0,33.0
05-09-2026,"Nathu Colony, Ballabgarh - HSPCB",Ballabgarh,Haryana,India,28.3419248,77.319699,SO2,2.0,4.0,3.0
05-09-2026,"Navy Nagar-Colaba, Mumbai - IITM",Mumbai,Maharashtra,India,18.897756,72.81332,CO,14.0,26.0,21.0
05-09-2026,"Navy Nagar-Colaba, Mumbai - IITM",Mumbai,Maharashtra,India,18.897756,72.81332,NH3,1.0,2.0,1.0
05-09-2026,"Navy Nagar-Colaba, Mumbai - IITM",Mumbai,Maharashtra,India,18.897756,72.81332,NO2,27.0,47.0,35.0
05-09-2026,"Navy Nagar-Colaba, Mumbai - IITM",Mumbai,Maharashtra,India,18.897756,72.81332,OZONE,19.0,22.0,20.0
05-09-2026,"Navy Nagar-Colaba, Mumbai - IITM",Mumbai,Maharashtra,India,18.897756,72.81332,PM10,29.0,44.0,35.0
05-09-2026,"Navy Nagar-Colaba, Mumbai - IITM",Mumbai,Maharashtra,India,18.897756,72.81332,PM2.5,14.0,43.0,26.0
05-09-2026,"Navy Nagar-Colaba, Mumbai - IITM",Mumbai,Maharashtra,India,18.897756,72.81332,SO2,0.0,18.0,9.0
05-09-2026,"Nawapara SECL Colony, Chhal - CECB",Chhal,Chhattisgarh,India,22.118125,83.140608,CO,10.0,38.0,22.0
05-09-2026,"Nawapara SECL Colony, Chhal - CECB",Chhal,Chhattisgarh,India,22.118125,83.140608,NH3,2.0,2.0,2.0
05-09-2026,"Nawapara SECL Colony, Chhal - CECB",Chhal,Chhattisgarh,India,22.118125,83.140608,NO2,7.0,16.0,11.0
05-09-2026,"Nawapara SECL Colony, Chhal - CECB",Chhal,Chhattisgarh,India,22.118125,83.140608,OZONE,33.0,48.0,38.0
05-09-2026,"Nawapara SECL Colony, Chhal - CECB",Chhal,Chhattisgarh,India,22.118125,83.140608,PM10,30.0,156.0,74.0
05-09-2026,"Nawapara SECL Colony, Chhal - CECB",Chhal,Chhattisgarh,India,22.118125,83.140608,PM2.5,27.0,141.0,57.0
05-09-2026,"Nawapara SECL Colony, Chhal - CECB",Chhal,Chhattisgarh,India,22.118125,83.140608,SO2,12.0,27.0,18.0
05-09-2026,"Nayapura, Kota - RSPCB",Kota,Rajasthan,India,25.196024,75.855668,CO,16.0,32.0,22.0
05-09-2026,"Nayapura, Kota - RSPCB",Kota,Rajasthan,India,25.196024,75.855668,NH3,5.0,9.0,7.0
05-09-2026,"Nayapura, Kota - RSPCB",Kota,Rajasthan,India,25.196024,75.855668,NO2,11.0,34.0,16.0
05-09-2026,"Nayapura, Kota - RSPCB",Kota,Rajasthan,India,25.196024,75.855668,OZONE,15.0,32.0,23.0
05-09-2026,"Nayapura, Kota - RSPCB",Kota,Rajasthan,India,25.196024,75.855668,PM10,43.0,67.0,56.0
05-09-2026,"Nayapura, Kota - RSPCB",Kota,Rajasthan,India,25.196024,75.855668,PM2.5,23.0,37.0,30.0
05-09-2026,"Nayapura, Kota - RSPCB",Kota,Rajasthan,India,25.196024,75.855668,SO2,6.0,8.0,7.0
05-09-2026,"Nehru Nagar, Delhi - DPCC",Delhi,Delhi,India,28.56789,77.250515,CO,39.0,59.0,53.0
05-09-2026,"Nehru Nagar, Delhi - DPCC",Delhi,Delhi,India,28.56789,77.250515,NH3,4.0,6.0,5.0
05-09-2026,"Nehru Nagar, Delhi - DPCC",Delhi,Delhi,India,28.56789,77.250515,NO2,22.0,47.0,31.0
05-09-2026,"Nehru Nagar, Delhi - DPCC",Delhi,Delhi,India,28.56789,77.250515,OZONE,6.0,18.0,13.0
05-09-2026,"Nehru Nagar, Delhi - DPCC",Delhi,Delhi,India,28.56789,77.250515,PM10,38.0,100.0,60.0
05-09-2026,"Nehru Nagar, Delhi - DPCC",Delhi,Delhi,India,28.56789,77.250515,PM2.5,3.0,97.0,45.0
05-09-2026,"Nehru Nagar, Delhi - DPCC",Delhi,Delhi,India,28.56789,77.250515,SO2,1.0,108.0,11.0
05-09-2026,"Nehru Nagar, Kanpur - UPPCB",Kanpur,Uttar Pradesh,India,26.4703136,80.3229863,CO,47.0,50.0,49.0
05-09-2026,"Nehru Nagar, Kanpur - UPPCB",Kanpur,Uttar Pradesh,India,26.4703136,80.3229863,NH3,,,
05-09-2026,"Nehru Nagar, Kanpur - UPPCB",Kanpur,Uttar Pradesh,India,26.4703136,80.3229863,NO2,45.0,49.0,47.0
05-09-2026,"Nehru Nagar, Kanpur - UPPCB",Kanpur,Uttar Pradesh,India,26.4703136,80.3229863,OZONE,2.0,35.0,13.0
05-09-2026,"Nehru Nagar, Kanpur - UPPCB",Kanpur,Uttar Pradesh,India,26.4703136,80.3229863,PM10,10.0,44.0,21.0
05-09-2026,"Nehru Nagar, Kanpur - UPPCB",Kanpur,Uttar Pradesh,India,26.4703136,80.3229863,PM2.5,12.0,49.0,23.0
05-09-2026,"Nehru Nagar, Kanpur - UPPCB",Kanpur,Uttar Pradesh,India,26.4703136,80.3229863,SO2,10.0,12.0,11.0
05-09-2026,"New Anaj Mandi, Khairthal - RSPCB",Khairthal,Rajasthan,India,27.8015617,76.6365217,CO,105.0,118.0,111.0
05-09-2026,"New Anaj Mandi, Khairthal - RSPCB",Khairthal,Rajasthan,India,27.8015617,76.6365217,NH3,2.0,4.0,2.0
05-09-2026,"New Anaj Mandi, Khairthal - RSPCB",Khairthal,Rajasthan,India,27.8015617,76.6365217,NO2,28.0,47.0,34.0
05-09-2026,"New Anaj Mandi, Khairthal - RSPCB",Khairthal,Rajasthan,India,27.8015617,76.6365217,OZONE,19.0,34.0,29.0
05-09-2026,"New Anaj Mandi, Khairthal - RSPCB",Khairthal,Rajasthan,India,27.8015617,76.6365217,PM10,75.0,379.0,135.0
05-09-2026,"New Anaj Mandi, Khairthal - RSPCB",Khairthal,Rajasthan,India,27.8015617,76.6365217,PM2.5,17.0,354.0,142.0
05-09-2026,"New Anaj Mandi, Khairthal - RSPCB",Khairthal,Rajasthan,India,27.8015617,76.6365217,SO2,1.0,2.0,1.0
05-09-2026,"New Colony, Bundi - RSPCB",Bundi,Rajasthan,India,25.435774,75.644272,CO,8.0,12.0,10.0
05-09-2026,"New Colony, Bundi - RSPCB",Bundi,Rajasthan,India,25.435774,75.644272,NH3,4.0,5.0,4.0
05-09-2026,"New Colony, Bundi - RSPCB",Bundi,Rajasthan,India,25.435774,75.644272,NO2,11.0,23.0,16.0
05-09-2026,"New Colony, Bundi - RSPCB",Bundi,Rajasthan,India,25.435774,75.644272,OZONE,24.0,30.0,27.0
05-09-2026,"New Colony, Bundi - RSPCB",Bundi,Rajasthan,India,25.435774,75.644272,PM10,22.0,71.0,48.0
05-09-2026,"New Colony, Bundi - RSPCB",Bundi,Rajasthan,India,25.435774,75.644272,PM2.5,8.0,52.0,29.0
05-09-2026,"New Colony, Bundi - RSPCB",Bundi,Rajasthan,India,25.435774,75.644272,SO2,6.0,11.0,7.0
05-09-2026,"New DM Office, Arrah - BSPCB",Arrah,Bihar,India,25.5626095,84.663264,CO,50.0,62.0,56.0
05-09-2026,"New DM Office, Arrah - BSPCB",Arrah,Bihar,India,25.5626095,84.663264,NH3,,,
05-09-2026,"New DM Office, Arrah - BSPCB",Arrah,Bihar,India,25.5626095,84.663264,NO2,,,
05-09-2026,"New DM Office, Arrah - BSPCB",Arrah,Bihar,India,25.5626095,84.663264,OZONE,8.0,34.0,14.0
05-09-2026,"New DM Office, Arrah - BSPCB",Arrah,Bihar,India,25.5626095,84.663264,PM10,,,
05-09-2026,"New DM Office, Arrah - BSPCB",Arrah,Bihar,India,25.5626095,84.663264,PM2.5,,,
05-09-2026,"New DM Office, Arrah - BSPCB",Arrah,Bihar,India,25.5626095,84.663264,SO2,,,
05-09-2026,"New Industrial Town, Faridabad - HSPCB",Faridabad,Haryana,India,28.39072,77.30059,CO,22.0,26.0,24.0
05-09-2026,"New Industrial Town, Faridabad - HSPCB",Faridabad,Haryana,India,28.39072,77.30059,NH3,11.0,12.0,11.0
05-09-2026,"New Industrial Town, Faridabad - HSPCB",Faridabad,Haryana,India,28.39072,77.30059,NO2,23.0,26.0,25.0
05-09-2026,"New Industrial Town, Faridabad - HSPCB",Faridabad,Haryana,India,28.39072,77.30059,OZONE,14.0,14.0,14.0
05-09-2026,"New Industrial Town, Faridabad - HSPCB",Faridabad,Haryana,India,28.39072,77.30059,PM10,46.0,122.0,84.0
05-09-2026,"New Industrial Town, Faridabad - HSPCB",Faridabad,Haryana,India,28.39072,77.30059,PM2.5,47.0,69.0,58.0
05-09-2026,"New Industrial Town, Faridabad - HSPCB",Faridabad,Haryana,India,28.39072,77.30059,SO2,4.0,10.0,6.0
05-09-2026,"New Malakpet, Hyderabad - TSPCB",Hyderabad,Telangana,India,17.37206,78.50864,CO,,,
05-09-2026,"New Malakpet, Hyderabad - TSPCB",Hyderabad,Telangana,India,17.37206,78.50864,NH3,2.0,4.0,3.0
05-09-2026,"New Malakpet, Hyderabad - TSPCB",Hyderabad,Telangana,India,17.37206,78.50864,NO2,,,
05-09-2026,"New Malakpet, Hyderabad - TSPCB",Hyderabad,Telangana,India,17.37206,78.50864,OZONE,18.0,31.0,27.0
05-09-2026,"New Malakpet, Hyderabad - TSPCB",Hyderabad,Telangana,India,17.37206,78.50864,PM10,51.0,57.0,54.0
05-09-2026,"New Malakpet, Hyderabad - TSPCB",Hyderabad,Telangana,India,17.37206,78.50864,PM2.5,33.0,60.0,40.0
05-09-2026,"New Malakpet, Hyderabad - TSPCB",Hyderabad,Telangana,India,17.37206,78.50864,SO2,7.0,14.0,9.0
05-09-2026,"New Mandi, Muzaffarnagar - UPPCB",Muzaffarnagar,Uttar Pradesh,India,29.4723508,77.7194031,CO,34.0,49.0,41.0
05-09-2026,"New Mandi, Muzaffarnagar - UPPCB",Muzaffarnagar,Uttar Pradesh,India,29.4723508,77.7194031,NH3,1.0,4.0,3.0
05-09-2026,"New Mandi, Muzaffarnagar - UPPCB",Muzaffarnagar,Uttar Pradesh,India,29.4723508,77.7194031,NO2,15.0,47.0,28.0
05-09-2026,"New Mandi, Muzaffarnagar - UPPCB",Muzaffarnagar,Uttar Pradesh,India,29.4723508,77.7194031,OZONE,10.0,32.0,24.0
05-09-2026,"New Mandi, Muzaffarnagar - UPPCB",Muzaffarnagar,Uttar Pradesh,India,29.4723508,77.7194031,PM10,19.0,74.0,37.0
05-09-2026,"New Mandi, Muzaffarnagar - UPPCB",Muzaffarnagar,Uttar Pradesh,India,29.4723508,77.7194031,PM2.5,13.0,93.0,38.0
05-09-2026,"New Mandi, Muzaffarnagar - UPPCB",Muzaffarnagar,Uttar Pradesh,India,29.4723508,77.7194031,SO2,2.0,37.0,12.0
05-09-2026,"New Tehsil, Shamli - UPPCB",Shamli,Uttar Pradesh,India,29.4603683,77.3410291,CO,23.0,69.0,48.0
05-09-2026,"New Tehsil, Shamli - UPPCB",Shamli,Uttar Pradesh,India,29.4603683,77.3410291,NH3,1.0,1.0,1.0
05-09-2026,"New Tehsil, Shamli - UPPCB",Shamli,Uttar Pradesh,India,29.4603683,77.3410291,NO2,8.0,15.0,10.0
05-09-2026,"New Tehsil, Shamli - UPPCB",Shamli,Uttar Pradesh,India,29.4603683,77.3410291,OZONE,17.0,18.0,17.0
05-09-2026,"New Tehsil, Shamli - UPPCB",Shamli,Uttar Pradesh,India,29.4603683,77.3410291,PM10,21.0,57.0,36.0
05-09-2026,"New Tehsil, Shamli - UPPCB",Shamli,Uttar Pradesh,India,29.4603683,77.3410291,PM2.5,15.0,41.0,26.0
05-09-2026,"New Tehsil, Shamli - UPPCB",Shamli,Uttar Pradesh,India,29.4603683,77.3410291,SO2,1.0,2.0,2.0
05-09-2026,"North Campus, DU, Delhi - IITM",Delhi,Delhi,India,28.6573814,77.1585447,CO,50.0,79.0,66.0
05-09-2026,"North Campus, DU, Delhi - IITM",Delhi,Delhi,India,28.6573814,77.1585447,NH3,,,
05-09-2026,"North Campus, DU, Delhi - IITM",Delhi,Delhi,India,28.6573814,77.1585447,NO2,70.0,161.0,105.0
05-09-2026,"North Campus, DU, Delhi - IITM",Delhi,Delhi,India,28.6573814,77.1585447,OZONE,37.0,55.0,42.0
05-09-2026,"North Campus, DU, Delhi - IITM",Delhi,Delhi,India,28.6573814,77.1585447,PM10,12.0,88.0,36.0
05-09-2026,"North Campus, DU, Delhi - IITM",Delhi,Delhi,India,28.6573814,77.1585447,PM2.5,9.0,69.0,36.0
05-09-2026,"North Campus, DU, Delhi - IITM",Delhi,Delhi,India,28.6573814,77.1585447,SO2,,,
05-09-2026,"OP Jindal Industrial Park, Tumidih - CECB",Tumidih,Chhattisgarh,India,22.06631475,83.33820077,CO,14.0,23.0,18.0
05-09-2026,"OP Jindal Industrial Park, Tumidih - CECB",Tumidih,Chhattisgarh,India,22.06631475,83.33820077,NH3,1.0,2.0,2.0
05-09-2026,"OP Jindal Industrial Park, Tumidih - CECB",Tumidih,Chhattisgarh,India,22.06631475,83.33820077,NO2,16.0,82.0,36.0
05-09-2026,"OP Jindal Industrial Park, Tumidih - CECB",Tumidih,Chhattisgarh,India,22.06631475,83.33820077,OZONE,6.0,8.0,7.0
05-09-2026,"OP Jindal Industrial Park, Tumidih - CECB",Tumidih,Chhattisgarh,India,22.06631475,83.33820077,PM10,21.0,102.0,56.0
05-09-2026,"OP Jindal Industrial Park, Tumidih - CECB",Tumidih,Chhattisgarh,India,22.06631475,83.33820077,PM2.5,25.0,55.0,38.0
05-09-2026,"OP Jindal Industrial Park, Tumidih - CECB",Tumidih,Chhattisgarh,India,22.06631475,83.33820077,SO2,5.0,14.0,6.0
05-09-2026,"OP Jindal School, Kunjemura - CECB",Kunjemura,Chhattisgarh,India,22.12665,83.483212,CO,14.0,24.0,18.0
05-09-2026,"OP Jindal School, Kunjemura - CECB",Kunjemura,Chhattisgarh,India,22.12665,83.483212,NH3,2.0,2.0,2.0
05-09-2026,"OP Jindal School, Kunjemura - CECB",Kunjemura,Chhattisgarh,India,22.12665,83.483212,NO2,6.0,25.0,14.0
05-09-2026,"OP Jindal School, Kunjemura - CECB",Kunjemura,Chhattisgarh,India,22.12665,83.483212,OZONE,3.0,5.0,4.0
05-09-2026,"OP Jindal School, Kunjemura - CECB",Kunjemura,Chhattisgarh,India,22.12665,83.483212,PM10,19.0,154.0,66.0
05-09-2026,"OP Jindal School, Kunjemura - CECB",Kunjemura,Chhattisgarh,India,22.12665,83.483212,PM2.5,5.0,55.0,24.0
05-09-2026,"OP Jindal School, Kunjemura - CECB",Kunjemura,Chhattisgarh,India,22.12665,83.483212,SO2,5.0,18.0,10.0
05-09-2026,"Okhla Phase-2, Delhi - DPCC",Delhi,Delhi,India,28.530785,77.271255,CO,61.0,76.0,68.0
05-09-2026,"Okhla Phase-2, Delhi - DPCC",Delhi,Delhi,India,28.530785,77.271255,NH3,2.0,6.0,4.0
05-09-2026,"Okhla Phase-2, Delhi - DPCC",Delhi,Delhi,India,28.530785,77.271255,NO2,17.0,35.0,23.0
05-09-2026,"Okhla Phase-2, Delhi - DPCC",Delhi,Delhi,India,28.530785,77.271255,OZONE,7.0,13.0,10.0
05-09-2026,"Okhla Phase-2, Delhi - DPCC",Delhi,Delhi,India,28.530785,77.271255,PM10,31.0,500.0,67.0
05-09-2026,"Okhla Phase-2, Delhi - DPCC",Delhi,Delhi,India,28.530785,77.271255,PM2.5,15.0,68.0,40.0
05-09-2026,"Okhla Phase-2, Delhi - DPCC",Delhi,Delhi,India,28.530785,77.271255,SO2,7.0,10.0,8.0
05-09-2026,"Old City, Sri Ganganagar - RSPCB",Sri Ganganagar,Rajasthan,India,29.931624,73.864511,CO,48.0,94.0,65.0
05-09-2026,"Old City, Sri Ganganagar - RSPCB",Sri Ganganagar,Rajasthan,India,29.931624,73.864511,NH3,,,
05-09-2026,"Old City, Sri Ganganagar - RSPCB",Sri Ganganagar,Rajasthan,India,29.931624,73.864511,NO2,25.0,72.0,48.0
05-09-2026,"Old City, Sri Ganganagar - RSPCB",Sri Ganganagar,Rajasthan,India,29.931624,73.864511,OZONE,36.0,53.0,44.0
05-09-2026,"Old City, Sri Ganganagar - RSPCB",Sri Ganganagar,Rajasthan,India,29.931624,73.864511,PM10,,,
05-09-2026,"Old City, Sri Ganganagar - RSPCB",Sri Ganganagar,Rajasthan,India,29.931624,73.864511,PM2.5,,,
05-09-2026,"Old City, Sri Ganganagar - RSPCB",Sri Ganganagar,Rajasthan,India,29.931624,73.864511,SO2,2.0,20.0,6.0
05-09-2026,"Old MIDC, Jalna - MPCB",Jalna,Maharashtra,India,19.854616,75.905894,CO,24.0,28.0,26.0
05-09-2026,"Old MIDC, Jalna - MPCB",Jalna,Maharashtra,India,19.854616,75.905894,NH3,2.0,5.0,4.0
05-09-2026,"Old MIDC, Jalna - MPCB",Jalna,Maharashtra,India,19.854616,75.905894,NO2,14.0,25.0,19.0
05-09-2026,"Old MIDC, Jalna - MPCB",Jalna,Maharashtra,India,19.854616,75.905894,OZONE,60.0,96.0,78.0
05-09-2026,"Old MIDC, Jalna - MPCB",Jalna,Maharashtra,India,19.854616,75.905894,PM10,2.0,156.0,59.0
05-09-2026,"Old MIDC, Jalna - MPCB",Jalna,Maharashtra,India,19.854616,75.905894,PM2.5,,,
05-09-2026,"Old MIDC, Jalna - MPCB",Jalna,Maharashtra,India,19.854616,75.905894,SO2,2.0,2.0,2.0
05-09-2026,"Omex Eternity, Vrindavan - UPPCB",Vrindavan,Uttar Pradesh,India,27.571409,77.655757,CO,4.0,21.0,11.0
05-09-2026,"Omex Eternity, Vrindavan - UPPCB",Vrindavan,Uttar Pradesh,India,27.571409,77.655757,NH3,7.0,10.0,8.0
05-09-2026,"Omex Eternity, Vrindavan - UPPCB",Vrindavan,Uttar Pradesh,India,27.571409,77.655757,NO2,26.0,27.0,27.0
05-09-2026,"Omex Eternity, Vrindavan - UPPCB",Vrindavan,Uttar Pradesh,India,27.571409,77.655757,OZONE,16.0,16.0,16.0
05-09-2026,"Omex Eternity, Vrindavan - UPPCB",Vrindavan,Uttar Pradesh,India,27.571409,77.655757,PM10,8.0,52.0,26.0
05-09-2026,"Omex Eternity, Vrindavan - UPPCB",Vrindavan,Uttar Pradesh,India,27.571409,77.655757,PM2.5,10.0,57.0,28.0
05-09-2026,"Omex Eternity, Vrindavan - UPPCB",Vrindavan,Uttar Pradesh,India,27.571409,77.655757,SO2,27.0,41.0,30.0
05-09-2026,"Opp GPO Civil Lines, Nagpur - MPCB",Nagpur,Maharashtra,India,21.152875,79.0517531,CO,4.0,39.0,23.0
05-09-2026,"Opp GPO Civil Lines, Nagpur - MPCB",Nagpur,Maharashtra,India,21.152875,79.0517531,NH3,3.0,4.0,3.0
05-09-2026,"Opp GPO Civil Lines, Nagpur - MPCB",Nagpur,Maharashtra,India,21.152875,79.0517531,NO2,20.0,31.0,25.0
05-09-2026,"Opp GPO Civil Lines, Nagpur - MPCB",Nagpur,Maharashtra,India,21.152875,79.0517531,OZONE,10.0,14.0,13.0
05-09-2026,"Opp GPO Civil Lines, Nagpur - MPCB",Nagpur,Maharashtra,India,21.152875,79.0517531,PM10,26.0,57.0,38.0
05-09-2026,"Opp GPO Civil Lines, Nagpur - MPCB",Nagpur,Maharashtra,India,21.152875,79.0517531,PM2.5,13.0,54.0,29.0
05-09-2026,"Opp GPO Civil Lines, Nagpur - MPCB",Nagpur,Maharashtra,India,21.152875,79.0517531,SO2,3.0,9.0,6.0
05-09-2026,"PCBL Residential Complex, Durgapur - WBPCB",Durgapur,West Bengal,India,23.508764,87.35444,CO,37.0,48.0,41.0
05-09-2026,"PCBL Residential Complex, Durgapur - WBPCB",Durgapur,West Bengal,India,23.508764,87.35444,NH3,3.0,6.0,4.0
05-09-2026,"PCBL Residential Complex, Durgapur - WBPCB",Durgapur,West Bengal,India,23.508764,87.35444,NO2,47.0,70.0,59.0
05-09-2026,"PCBL Residential Complex, Durgapur - WBPCB",Durgapur,West Bengal,India,23.508764,87.35444,OZONE,5.0,6.0,6.0
05-09-2026,"PCBL Residential Complex, Durgapur - WBPCB",Durgapur,West Bengal,India,23.508764,87.35444,PM10,22.0,52.0,35.0
05-09-2026,"PCBL Residential Complex, Durgapur - WBPCB",Durgapur,West Bengal,India,23.508764,87.35444,PM2.5,20.0,56.0,34.0
05-09-2026,"PCBL Residential Complex, Durgapur - WBPCB",Durgapur,West Bengal,India,23.508764,87.35444,SO2,11.0,12.0,12.0
05-09-2026,"PWD Junction, Kohima - NPCB",Kohima,Nagaland,India,25.6635413,94.0989878,CO,4.0,8.0,5.0
05-09-2026,"PWD Junction, Kohima - NPCB",Kohima,Nagaland,India,25.6635413,94.0989878,NH3,0.0,1.0,1.0
05-09-2026,"PWD Junction, Kohima - NPCB",Kohima,Nagaland,India,25.6635413,94.0989878,NO2,3.0,4.0,3.0
05-09-2026,"PWD Junction, Kohima - NPCB",Kohima,Nagaland,India,25.6635413,94.0989878,OZONE,0.0,0.0,0.0
05-09-2026,"PWD Junction, Kohima - NPCB",Kohima,Nagaland,India,25.6635413,94.0989878,PM10,1.0,27.0,9.0
05-09-2026,"PWD Junction, Kohima - NPCB",Kohima,Nagaland,India,25.6635413,94.0989878,PM2.5,1.0,31.0,10.0
05-09-2026,"PWD Junction, Kohima - NPCB",Kohima,Nagaland,India,25.6635413,94.0989878,SO2,50.0,66.0,60.0
05-09-2026,"Padmapukur, Howrah - WBPCB",Howrah,West Bengal,India,22.5687319,88.2797276,CO,38.0,89.0,59.0
05-09-2026,"Padmapukur, Howrah - WBPCB",Howrah,West Bengal,India,22.5687319,88.2797276,NH3,3.0,11.0,7.0
05-09-2026,"Padmapukur, Howrah - WBPCB",Howrah,West Bengal,India,22.5687319,88.2797276,NO2,15.0,51.0,30.0
05-09-2026,"Padmapukur, Howrah - WBPCB",Howrah,West Bengal,India,22.5687319,88.2797276,OZONE,9.0,36.0,23.0
05-09-2026,"Padmapukur, Howrah - WBPCB",Howrah,West Bengal,India,22.5687319,88.2797276,PM10,92.0,117.0,107.0
05-09-2026,"Padmapukur, Howrah - WBPCB",Howrah,West Bengal,India,22.5687319,88.2797276,PM2.5,33.0,54.0,41.0
05-09-2026,"Padmapukur, Howrah - WBPCB",Howrah,West Bengal,India,22.5687319,88.2797276,SO2,4.0,6.0,5.0
05-09-2026,"Pali Dungra, Mathura - UPPCB",Mathura,Uttar Pradesh,India,27.410954,77.550619,CO,1.0,18.0,12.0
05-09-2026,"Pali Dungra, Mathura - UPPCB",Mathura,Uttar Pradesh,India,27.410954,77.550619,NH3,1.0,3.0,2.0
05-09-2026,"Pali Dungra, Mathura - UPPCB",Mathura,Uttar Pradesh,India,27.410954,77.550619,NO2,4.0,5.0,4.0
05-09-2026,"Pali Dungra, Mathura - UPPCB",Mathura,Uttar Pradesh,India,27.410954,77.550619,OZONE,6.0,10.0,8.0
05-09-2026,"Pali Dungra, Mathura - UPPCB",Mathura,Uttar Pradesh,India,27.410954,77.550619,PM10,38.0,51.0,45.0
05-09-2026,"Pali Dungra, Mathura - UPPCB",Mathura,Uttar Pradesh,India,27.410954,77.550619,PM2.5,41.0,41.0,41.0
05-09-2026,"Pali Dungra, Mathura - UPPCB",Mathura,Uttar Pradesh,India,27.410954,77.550619,SO2,10.0,11.0,11.0
05-09-2026,"Pallavpuram Phase 2, Meerut - UPPCB",Meerut,Uttar Pradesh,India,29.06351,77.709723,CO,29.0,46.0,37.0
05-09-2026,"Pallavpuram Phase 2, Meerut - UPPCB",Meerut,Uttar Pradesh,India,29.06351,77.709723,NH3,6.0,7.0,7.0
05-09-2026,"Pallavpuram Phase 2, Meerut - UPPCB",Meerut,Uttar Pradesh,India,29.06351,77.709723,NO2,13.0,26.0,17.0
05-09-2026,"Pallavpuram Phase 2, Meerut - UPPCB",Meerut,Uttar Pradesh,India,29.06351,77.709723,OZONE,32.0,46.0,40.0
05-09-2026,"Pallavpuram Phase 2, Meerut - UPPCB",Meerut,Uttar Pradesh,India,29.06351,77.709723,PM10,23.0,51.0,40.0
05-09-2026,"Pallavpuram Phase 2, Meerut - UPPCB",Meerut,Uttar Pradesh,India,29.06351,77.709723,PM2.5,33.0,67.0,48.0
05-09-2026,"Pallavpuram Phase 2, Meerut - UPPCB",Meerut,Uttar Pradesh,India,29.06351,77.709723,SO2,17.0,27.0,21.0
05-09-2026,"Pan Bazaar, Guwahati - PCBA",Guwahati,Assam,India,26.1875,91.744194,CO,7.0,32.0,20.0
05-09-2026,"Pan Bazaar, Guwahati - PCBA",Guwahati,Assam,India,26.1875,91.744194,NH3,,,
05-09-2026,"Pan Bazaar, Guwahati - PCBA",Guwahati,Assam,India,26.1875,91.744194,NO2,,,
05-09-2026,"Pan Bazaar, Guwahati - PCBA",Guwahati,Assam,India,26.1875,91.744194,OZONE,11.0,18.0,14.0
05-09-2026,"Pan Bazaar, Guwahati - PCBA",Guwahati,Assam,India,26.1875,91.744194,PM10,,,
05-09-2026,"Pan Bazaar, Guwahati - PCBA",Guwahati,Assam,India,26.1875,91.744194,PM2.5,,,
05-09-2026,"Pan Bazaar, Guwahati - PCBA",Guwahati,Assam,India,26.1875,91.744194,SO2,,,
05-09-2026,"Panchal Nagar, Gadag - KSPCB",Gadag,Karnataka,India,15.411456,75.638133,CO,58.0,98.0,83.0
05-09-2026,"Panchal Nagar, Gadag - KSPCB",Gadag,Karnataka,India,15.411456,75.638133,NH3,3.0,5.0,3.0
05-09-2026,"Panchal Nagar, Gadag - KSPCB",Gadag,Karnataka,India,15.411456,75.638133,NO2,23.0,27.0,25.0
05-09-2026,"Panchal Nagar, Gadag - KSPCB",Gadag,Karnataka,India,15.411456,75.638133,OZONE,14.0,20.0,16.0
05-09-2026,"Panchal Nagar, Gadag - KSPCB",Gadag,Karnataka,India,15.411456,75.638133,PM10,34.0,39.0,36.0
05-09-2026,"Panchal Nagar, Gadag - KSPCB",Gadag,Karnataka,India,15.411456,75.638133,PM2.5,36.0,41.0,37.0
05-09-2026,"Panchal Nagar, Gadag - KSPCB",Gadag,Karnataka,India,15.411456,75.638133,SO2,30.0,35.0,32.0
05-09-2026,"Panchawati_Pashan, Pune - IITM",Pune,Maharashtra,India,18.536457,73.805454,CO,22.0,37.0,28.0
05-09-2026,"Panchawati_Pashan, Pune - IITM",Pune,Maharashtra,India,18.536457,73.805454,NH3,,,
05-09-2026,"Panchawati_Pashan, Pune - IITM",Pune,Maharashtra,India,18.536457,73.805454,NO2,5.0,16.0,9.0
05-09-2026,"Panchawati_Pashan, Pune - IITM",Pune,Maharashtra,India,18.536457,73.805454,OZONE,,,
05-09-2026,"Panchawati_Pashan, Pune - IITM",Pune,Maharashtra,India,18.536457,73.805454,PM10,37.0,69.0,48.0
05-09-2026,"Panchawati_Pashan, Pune - IITM",Pune,Maharashtra,India,18.536457,73.805454,PM2.5,23.0,48.0,32.0
05-09-2026,"Panchawati_Pashan, Pune - IITM",Pune,Maharashtra,India,18.536457,73.805454,SO2,,,
05-09-2026,"Pandav Nagari, Nashik - MPCB",Nashik,Maharashtra,India,19.9591346,73.7788008,CO,16.0,27.0,20.0
05-09-2026,"Pandav Nagari, Nashik - MPCB",Nashik,Maharashtra,India,19.9591346,73.7788008,NH3,2.0,4.0,2.0
05-09-2026,"Pandav Nagari, Nashik - MPCB",Nashik,Maharashtra,India,19.9591346,73.7788008,NO2,3.0,11.0,5.0
05-09-2026,"Pandav Nagari, Nashik - MPCB",Nashik,Maharashtra,India,19.9591346,73.7788008,OZONE,4.0,12.0,8.0
05-09-2026,"Pandav Nagari, Nashik - MPCB",Nashik,Maharashtra,India,19.9591346,73.7788008,PM10,12.0,44.0,23.0
05-09-2026,"Pandav Nagari, Nashik - MPCB",Nashik,Maharashtra,India,19.9591346,73.7788008,PM2.5,8.0,32.0,20.0
05-09-2026,"Pandav Nagari, Nashik - MPCB",Nashik,Maharashtra,India,19.9591346,73.7788008,SO2,0.0,4.0,2.0
05-09-2026,"Park Street Wakad, Pimpri Chinchwad - MPCB",Pimpri-Chinchwad,Maharashtra,India,18.59051,73.77946,CO,12.0,23.0,17.0
05-09-2026,"Park Street Wakad, Pimpri Chinchwad - MPCB",Pimpri-Chinchwad,Maharashtra,India,18.59051,73.77946,NH3,2.0,3.0,3.0
05-09-2026,"Park Street Wakad, Pimpri Chinchwad - MPCB",Pimpri-Chinchwad,Maharashtra,India,18.59051,73.77946,NO2,10.0,20.0,16.0
05-09-2026,"Park Street Wakad, Pimpri Chinchwad - MPCB",Pimpri-Chinchwad,Maharashtra,India,18.59051,73.77946,OZONE,10.0,17.0,15.0
05-09-2026,"Park Street Wakad, Pimpri Chinchwad - MPCB",Pimpri-Chinchwad,Maharashtra,India,18.59051,73.77946,PM10,31.0,60.0,42.0
05-09-2026,"Park Street Wakad, Pimpri Chinchwad - MPCB",Pimpri-Chinchwad,Maharashtra,India,18.59051,73.77946,PM2.5,20.0,39.0,27.0
05-09-2026,"Park Street Wakad, Pimpri Chinchwad - MPCB",Pimpri-Chinchwad,Maharashtra,India,18.59051,73.77946,SO2,2.0,3.0,3.0
05-09-2026,"Paryavaran Parisar, Bhopal - MPPCB",Bhopal,Madhya Pradesh,India,23.210494,77.425409,CO,14.0,17.0,15.0
05-09-2026,"Paryavaran Parisar, Bhopal - MPPCB",Bhopal,Madhya Pradesh,India,23.210494,77.425409,NH3,2.0,2.0,2.0
05-09-2026,"Paryavaran Parisar, Bhopal - MPPCB",Bhopal,Madhya Pradesh,India,23.210494,77.425409,NO2,6.0,8.0,7.0
05-09-2026,"Paryavaran Parisar, Bhopal - MPPCB",Bhopal,Madhya Pradesh,India,23.210494,77.425409,OZONE,25.0,36.0,31.0
05-09-2026,"Paryavaran Parisar, Bhopal - MPPCB",Bhopal,Madhya Pradesh,India,23.210494,77.425409,PM10,17.0,49.0,36.0
05-09-2026,"Paryavaran Parisar, Bhopal - MPPCB",Bhopal,Madhya Pradesh,India,23.210494,77.425409,PM2.5,23.0,42.0,33.0
05-09-2026,"Paryavaran Parisar, Bhopal - MPPCB",Bhopal,Madhya Pradesh,India,23.210494,77.425409,SO2,2.0,7.0,5.0
05-09-2026,"Patia, Bhubaneswar - OSPCB",Bhubaneswar,Odisha,India,20.34652,85.8163,CO,30.0,41.0,37.0
05-09-2026,"Patia, Bhubaneswar - OSPCB",Bhubaneswar,Odisha,India,20.34652,85.8163,NH3,3.0,12.0,7.0
05-09-2026,"Patia, Bhubaneswar - OSPCB",Bhubaneswar,Odisha,India,20.34652,85.8163,NO2,3.0,44.0,11.0
05-09-2026,"Patia, Bhubaneswar - OSPCB",Bhubaneswar,Odisha,India,20.34652,85.8163,OZONE,18.0,46.0,34.0
05-09-2026,"Patia, Bhubaneswar - OSPCB",Bhubaneswar,Odisha,India,20.34652,85.8163,PM10,17.0,109.0,58.0
05-09-2026,"Patia, Bhubaneswar - OSPCB",Bhubaneswar,Odisha,India,20.34652,85.8163,PM2.5,13.0,87.0,35.0
05-09-2026,"Patia, Bhubaneswar - OSPCB",Bhubaneswar,Odisha,India,20.34652,85.8163,SO2,7.0,10.0,8.0
05-09-2026,"Patparganj, Delhi - DPCC",Delhi,Delhi,India,28.623763,77.287209,CO,40.0,60.0,51.0
05-09-2026,"Patparganj, Delhi - DPCC",Delhi,Delhi,India,28.623763,77.287209,NH3,8.0,13.0,10.0
05-09-2026,"Patparganj, Delhi - DPCC",Delhi,Delhi,India,28.623763,77.287209,NO2,12.0,40.0,24.0
05-09-2026,"Patparganj, Delhi - DPCC",Delhi,Delhi,India,28.623763,77.287209,OZONE,6.0,15.0,13.0
05-09-2026,"Patparganj, Delhi - DPCC",Delhi,Delhi,India,28.623763,77.287209,PM10,22.0,58.0,43.0
05-09-2026,"Patparganj, Delhi - DPCC",Delhi,Delhi,India,28.623763,77.287209,PM2.5,2.0,47.0,24.0
05-09-2026,"Patparganj, Delhi - DPCC",Delhi,Delhi,India,28.623763,77.287209,SO2,0.0,5.0,3.0
05-09-2026,"Patti Mehar, Ambala - HSPCB",Ambala,Haryana,India,30.379589,76.778328,CO,39.0,50.0,43.0
05-09-2026,"Patti Mehar, Ambala - HSPCB",Ambala,Haryana,India,30.379589,76.778328,NH3,6.0,7.0,6.0
05-09-2026,"Patti Mehar, Ambala - HSPCB",Ambala,Haryana,India,30.379589,76.778328,NO2,6.0,8.0,7.0
05-09-2026,"Patti Mehar, Ambala - HSPCB",Ambala,Haryana,India,30.379589,76.778328,OZONE,26.0,45.0,37.0
05-09-2026,"Patti Mehar, Ambala - HSPCB",Ambala,Haryana,India,30.379589,76.778328,PM10,40.0,296.0,85.0
05-09-2026,"Patti Mehar, Ambala - HSPCB",Ambala,Haryana,India,30.379589,76.778328,PM2.5,10.0,82.0,50.0
05-09-2026,"Patti Mehar, Ambala - HSPCB",Ambala,Haryana,India,30.379589,76.778328,SO2,39.0,96.0,73.0
05-09-2026,"Peenya, Bengaluru - CPCB",Bengaluru,Karnataka,India,13.0270199,77.494094,CO,34.0,46.0,41.0
05-09-2026,"Peenya, Bengaluru - CPCB",Bengaluru,Karnataka,India,13.0270199,77.494094,NH3,3.0,113.0,12.0
05-09-2026,"Peenya, Bengaluru - CPCB",Bengaluru,Karnataka,India,13.0270199,77.494094,NO2,13.0,412.0,45.0
05-09-2026,"Peenya, Bengaluru - CPCB",Bengaluru,Karnataka,India,13.0270199,77.494094,OZONE,23.0,24.0,24.0
05-09-2026,"Peenya, Bengaluru - CPCB",Bengaluru,Karnataka,India,13.0270199,77.494094,PM10,60.0,100.0,75.0
05-09-2026,"Peenya, Bengaluru - CPCB",Bengaluru,Karnataka,India,13.0270199,77.494094,PM2.5,,,
05-09-2026,"Peenya, Bengaluru - CPCB",Bengaluru,Karnataka,India,13.0270199,77.494094,SO2,7.0,18.0,12.0
05-09-2026,"Perungudi, Chennai - TNPCB",Chennai,Tamil Nadu,India,12.9533,80.2357,CO,30.0,33.0,32.0
05-09-2026,"Perungudi, Chennai - TNPCB",Chennai,Tamil Nadu,India,12.9533,80.2357,NH3,0.0,1.0,0.0
05-09-2026,"Perungudi, Chennai - TNPCB",Chennai,Tamil Nadu,India,12.9533,80.2357,NO2,4.0,10.0,7.0
05-09-2026,"Perungudi, Chennai - TNPCB",Chennai,Tamil Nadu,India,12.9533,80.2357,OZONE,1.0,6.0,2.0
05-09-2026,"Perungudi, Chennai - TNPCB",Chennai,Tamil Nadu,India,12.9533,80.2357,PM10,19.0,363.0,227.0
05-09-2026,"Perungudi, Chennai - TNPCB",Chennai,Tamil Nadu,India,12.9533,80.2357,PM2.5,12.0,430.0,189.0
05-09-2026,"Perungudi, Chennai - TNPCB",Chennai,Tamil Nadu,India,12.9533,80.2357,SO2,0.0,8.0,4.0
05-09-2026,"Phase-1 GIDC, Vapi - GPCB",Vapi,Gujarat,India,20.362421,72.918013,CO,,,
05-09-2026,"Phase-1 GIDC, Vapi - GPCB",Vapi,Gujarat,India,20.362421,72.918013,NH3,4.0,5.0,4.0
05-09-2026,"Phase-1 GIDC, Vapi - GPCB",Vapi,Gujarat,India,20.362421,72.918013,NO2,19.0,21.0,20.0
05-09-2026,"Phase-1 GIDC, Vapi - GPCB",Vapi,Gujarat,India,20.362421,72.918013,OZONE,5.0,16.0,12.0
05-09-2026,"Phase-1 GIDC, Vapi - GPCB",Vapi,Gujarat,India,20.362421,72.918013,PM10,18.0,108.0,37.0
05-09-2026,"Phase-1 GIDC, Vapi - GPCB",Vapi,Gujarat,India,20.362421,72.918013,PM2.5,25.0,56.0,33.0
05-09-2026,"Phase-1 GIDC, Vapi - GPCB",Vapi,Gujarat,India,20.362421,72.918013,SO2,12.0,25.0,14.0
05-09-2026,"Phase-4 GIDC, Vatva - GPCB",Vatva,Gujarat,India,22.969611,72.6435,CO,51.0,78.0,62.0
05-09-2026,"Phase-4 GIDC, Vatva - GPCB",Vatva,Gujarat,India,22.969611,72.6435,NH3,5.0,5.0,5.0
05-09-2026,"Phase-4 GIDC, Vatva - GPCB",Vatva,Gujarat,India,22.969611,72.6435,NO2,42.0,43.0,43.0
05-09-2026,"Phase-4 GIDC, Vatva - GPCB",Vatva,Gujarat,India,22.969611,72.6435,OZONE,10.0,27.0,23.0
05-09-2026,"Phase-4 GIDC, Vatva - GPCB",Vatva,Gujarat,India,22.969611,72.6435,PM10,90.0,138.0,106.0
05-09-2026,"Phase-4 GIDC, Vatva - GPCB",Vatva,Gujarat,India,22.969611,72.6435,PM2.5,38.0,122.0,64.0
05-09-2026,"Phase-4 GIDC, Vatva - GPCB",Vatva,Gujarat,India,22.969611,72.6435,SO2,0.0,11.0,4.0
05-09-2026,"Pimpleshwar Mandir, Kalyan - MPCB",Kalyan,Maharashtra,India,19.192056,72.9585188,CO,37.0,55.0,44.0
05-09-2026,"Pimpleshwar Mandir, Kalyan - MPCB",Kalyan,Maharashtra,India,19.192056,72.9585188,NH3,,,
05-09-2026,"Pimpleshwar Mandir, Kalyan - MPCB",Kalyan,Maharashtra,India,19.192056,72.9585188,NO2,,,
05-09-2026,"Pimpleshwar Mandir, Kalyan - MPCB",Kalyan,Maharashtra,India,19.192056,72.9585188,OZONE,8.0,17.0,11.0
05-09-2026,"Pimpleshwar Mandir, Kalyan - MPCB",Kalyan,Maharashtra,India,19.192056,72.9585188,PM10,40.0,195.0,61.0
05-09-2026,"Pimpleshwar Mandir, Kalyan - MPCB",Kalyan,Maharashtra,India,19.192056,72.9585188,PM2.5,,,
05-09-2026,"Pimpleshwar Mandir, Kalyan - MPCB",Kalyan,Maharashtra,India,19.192056,72.9585188,SO2,,,
05-09-2026,"Plammoodu, Thiruvananthapuram - Kerala PCB",Thiruvananthapuram,Kerala,India,8.5149093,76.9435879,CO,4.0,12.0,9.0
05-09-2026,"Plammoodu, Thiruvananthapuram - Kerala PCB",Thiruvananthapuram,Kerala,India,8.5149093,76.9435879,NH3,1.0,1.0,1.0
05-09-2026,"Plammoodu, Thiruvananthapuram - Kerala PCB",Thiruvananthapuram,Kerala,India,8.5149093,76.9435879,NO2,2.0,5.0,4.0
05-09-2026,"Plammoodu, Thiruvananthapuram - Kerala PCB",Thiruvananthapuram,Kerala,India,8.5149093,76.9435879,OZONE,18.0,21.0,20.0
05-09-2026,"Plammoodu, Thiruvananthapuram - Kerala PCB",Thiruvananthapuram,Kerala,India,8.5149093,76.9435879,PM10,23.0,42.0,31.0
05-09-2026,"Plammoodu, Thiruvananthapuram - Kerala PCB",Thiruvananthapuram,Kerala,India,8.5149093,76.9435879,PM2.5,15.0,28.0,21.0
05-09-2026,"Plammoodu, Thiruvananthapuram - Kerala PCB",Thiruvananthapuram,Kerala,India,8.5149093,76.9435879,SO2,7.0,19.0,14.0
05-09-2026,"Police Commissionerate, Jaipur - RSPCB",Jaipur,Rajasthan,India,26.9164092,75.7994901,CO,30.0,72.0,42.0
05-09-2026,"Police Commissionerate, Jaipur - RSPCB",Jaipur,Rajasthan,India,26.9164092,75.7994901,NH3,0.0,13.0,7.0
05-09-2026,"Police Commissionerate, Jaipur - RSPCB",Jaipur,Rajasthan,India,26.9164092,75.7994901,NO2,36.0,69.0,51.0
05-09-2026,"Police Commissionerate, Jaipur - RSPCB",Jaipur,Rajasthan,India,26.9164092,75.7994901,OZONE,29.0,35.0,31.0
05-09-2026,"Police Commissionerate, Jaipur - RSPCB",Jaipur,Rajasthan,India,26.9164092,75.7994901,PM10,22.0,55.0,42.0
05-09-2026,"Police Commissionerate, Jaipur - RSPCB",Jaipur,Rajasthan,India,26.9164092,75.7994901,PM2.5,29.0,60.0,46.0
05-09-2026,"Police Commissionerate, Jaipur - RSPCB",Jaipur,Rajasthan,India,26.9164092,75.7994901,SO2,5.0,18.0,9.0
05-09-2026,"Police Line, Saharsa - BSPCB",Saharsa,Bihar,India,25.892357,86.590325,CO,40.0,47.0,44.0
05-09-2026,"Police Line, Saharsa - BSPCB",Saharsa,Bihar,India,25.892357,86.590325,NH3,4.0,4.0,4.0
05-09-2026,"Police Line, Saharsa - BSPCB",Saharsa,Bihar,India,25.892357,86.590325,NO2,6.0,8.0,7.0
05-09-2026,"Police Line, Saharsa - BSPCB",Saharsa,Bihar,India,25.892357,86.590325,OZONE,8.0,23.0,14.0
05-09-2026,"Police Line, Saharsa - BSPCB",Saharsa,Bihar,India,25.892357,86.590325,PM10,48.0,117.0,60.0
05-09-2026,"Police Line, Saharsa - BSPCB",Saharsa,Bihar,India,25.892357,86.590325,PM2.5,17.0,68.0,35.0
05-09-2026,"Police Line, Saharsa - BSPCB",Saharsa,Bihar,India,25.892357,86.590325,SO2,17.0,20.0,19.0
05-09-2026,"Police Lines, Jind - HSPCB",Jind,Haryana,India,29.307814,76.337619,CO,4.0,7.0,6.0
05-09-2026,"Police Lines, Jind - HSPCB",Jind,Haryana,India,29.307814,76.337619,NH3,4.0,6.0,5.0
05-09-2026,"Police Lines, Jind - HSPCB",Jind,Haryana,India,29.307814,76.337619,NO2,12.0,14.0,13.0
05-09-2026,"Police Lines, Jind - HSPCB",Jind,Haryana,India,29.307814,76.337619,OZONE,8.0,11.0,10.0
05-09-2026,"Police Lines, Jind - HSPCB",Jind,Haryana,India,29.307814,76.337619,PM10,50.0,66.0,59.0
05-09-2026,"Police Lines, Jind - HSPCB",Jind,Haryana,India,29.307814,76.337619,PM2.5,76.0,101.0,89.0
05-09-2026,"Police Lines, Jind - HSPCB",Jind,Haryana,India,29.307814,76.337619,SO2,27.0,29.0,28.0
05-09-2026,"Powai, Mumbai - MPCB",Mumbai,Maharashtra,India,19.1375,72.915056,CO,,,
05-09-2026,"Powai, Mumbai - MPCB",Mumbai,Maharashtra,India,19.1375,72.915056,NH3,,,
05-09-2026,"Powai, Mumbai - MPCB",Mumbai,Maharashtra,India,19.1375,72.915056,NO2,6.0,6.0,6.0
05-09-2026,"Powai, Mumbai - MPCB",Mumbai,Maharashtra,India,19.1375,72.915056,OZONE,,,
05-09-2026,"Powai, Mumbai - MPCB",Mumbai,Maharashtra,India,19.1375,72.915056,PM10,20.0,35.0,29.0
05-09-2026,"Powai, Mumbai - MPCB",Mumbai,Maharashtra,India,19.1375,72.915056,PM2.5,12.0,35.0,25.0
05-09-2026,"Powai, Mumbai - MPCB",Mumbai,Maharashtra,India,19.1375,72.915056,SO2,12.0,12.0,12.0
05-09-2026,"Prabhat Colony, Jalgaon - MPCB",Jalgaon,Maharashtra,India,21.001264,75.565602,CO,31.0,53.0,42.0
05-09-2026,"Prabhat Colony, Jalgaon - MPCB",Jalgaon,Maharashtra,India,21.001264,75.565602,NH3,,,
05-09-2026,"Prabhat Colony, Jalgaon - MPCB",Jalgaon,Maharashtra,India,21.001264,75.565602,NO2,,,
05-09-2026,"Prabhat Colony, Jalgaon - MPCB",Jalgaon,Maharashtra,India,21.001264,75.565602,OZONE,21.0,31.0,26.0
05-09-2026,"Prabhat Colony, Jalgaon - MPCB",Jalgaon,Maharashtra,India,21.001264,75.565602,PM10,21.0,68.0,37.0
05-09-2026,"Prabhat Colony, Jalgaon - MPCB",Jalgaon,Maharashtra,India,21.001264,75.565602,PM2.5,15.0,78.0,34.0
05-09-2026,"Prabhat Colony, Jalgaon - MPCB",Jalgaon,Maharashtra,India,21.001264,75.565602,SO2,2.0,4.0,3.0
05-09-2026,"Pragati Nagar, Pratapgarh - RSPCB",Pratapgarh,Rajasthan,India,24.041198,74.780702,CO,15.0,20.0,17.0
05-09-2026,"Pragati Nagar, Pratapgarh - RSPCB",Pratapgarh,Rajasthan,India,24.041198,74.780702,NH3,4.0,5.0,4.0
05-09-2026,"Pragati Nagar, Pratapgarh - RSPCB",Pratapgarh,Rajasthan,India,24.041198,74.780702,NO2,7.0,13.0,8.0
05-09-2026,"Pragati Nagar, Pratapgarh - RSPCB",Pratapgarh,Rajasthan,India,24.041198,74.780702,OZONE,23.0,40.0,30.0
05-09-2026,"Pragati Nagar, Pratapgarh - RSPCB",Pratapgarh,Rajasthan,India,24.041198,74.780702,PM10,17.0,72.0,54.0
05-09-2026,"Pragati Nagar, Pratapgarh - RSPCB",Pratapgarh,Rajasthan,India,24.041198,74.780702,PM2.5,17.0,45.0,33.0
05-09-2026,"Pragati Nagar, Pratapgarh - RSPCB",Pratapgarh,Rajasthan,India,24.041198,74.780702,SO2,1.0,3.0,2.0
05-09-2026,"Prashant Garden, Khora - UPPCB",Khora,Uttar Pradesh,India,28.61119,77.34206,CO,57.0,61.0,59.0
05-09-2026,"Prashant Garden, Khora - UPPCB",Khora,Uttar Pradesh,India,28.61119,77.34206,NH3,5.0,5.0,5.0
05-09-2026,"Prashant Garden, Khora - UPPCB",Khora,Uttar Pradesh,India,28.61119,77.34206,NO2,18.0,24.0,21.0
05-09-2026,"Prashant Garden, Khora - UPPCB",Khora,Uttar Pradesh,India,28.61119,77.34206,OZONE,14.0,16.0,15.0
05-09-2026,"Prashant Garden, Khora - UPPCB",Khora,Uttar Pradesh,India,28.61119,77.34206,PM10,66.0,97.0,80.0
05-09-2026,"Prashant Garden, Khora - UPPCB",Khora,Uttar Pradesh,India,28.61119,77.34206,PM2.5,71.0,108.0,86.0
05-09-2026,"Prashant Garden, Khora - UPPCB",Khora,Uttar Pradesh,India,28.61119,77.34206,SO2,1.0,1.0,1.0
05-09-2026,"Pratap Nagar, Bhilwara - RSPCB",Bhilwara,Rajasthan,India,25.339605,74.618883,CO,18.0,25.0,20.0
05-09-2026,"Pratap Nagar, Bhilwara - RSPCB",Bhilwara,Rajasthan,India,25.339605,74.618883,NH3,2.0,7.0,5.0
05-09-2026,"Pratap Nagar, Bhilwara - RSPCB",Bhilwara,Rajasthan,India,25.339605,74.618883,NO2,8.0,20.0,15.0
05-09-2026,"Pratap Nagar, Bhilwara - RSPCB",Bhilwara,Rajasthan,India,25.339605,74.618883,OZONE,18.0,28.0,20.0
05-09-2026,"Pratap Nagar, Bhilwara - RSPCB",Bhilwara,Rajasthan,India,25.339605,74.618883,PM10,35.0,90.0,64.0
05-09-2026,"Pratap Nagar, Bhilwara - RSPCB",Bhilwara,Rajasthan,India,25.339605,74.618883,PM2.5,28.0,113.0,58.0
05-09-2026,"Pratap Nagar, Bhilwara - RSPCB",Bhilwara,Rajasthan,India,25.339605,74.618883,SO2,7.0,12.0,8.0
05-09-2026,"Priyambada Housing Estate, Haldia - WBPCB",Haldia,West Bengal,India,22.06047,88.109737,CO,21.0,27.0,25.0
05-09-2026,"Priyambada Housing Estate, Haldia - WBPCB",Haldia,West Bengal,India,22.06047,88.109737,NH3,9.0,13.0,11.0
05-09-2026,"Priyambada Housing Estate, Haldia - WBPCB",Haldia,West Bengal,India,22.06047,88.109737,NO2,10.0,21.0,13.0
05-09-2026,"Priyambada Housing Estate, Haldia - WBPCB",Haldia,West Bengal,India,22.06047,88.109737,OZONE,24.0,27.0,25.0
05-09-2026,"Priyambada Housing Estate, Haldia - WBPCB",Haldia,West Bengal,India,22.06047,88.109737,PM10,21.0,77.0,50.0
05-09-2026,"Priyambada Housing Estate, Haldia - WBPCB",Haldia,West Bengal,India,22.06047,88.109737,PM2.5,26.0,56.0,38.0
05-09-2026,"Priyambada Housing Estate, Haldia - WBPCB",Haldia,West Bengal,India,22.06047,88.109737,SO2,12.0,13.0,13.0
05-09-2026,"Punjabi Bagh, Delhi - DPCC",Delhi,Delhi,India,28.674045,77.131023,CO,42.0,75.0,58.0
05-09-2026,"Punjabi Bagh, Delhi - DPCC",Delhi,Delhi,India,28.674045,77.131023,NH3,2.0,4.0,2.0
05-09-2026,"Punjabi Bagh, Delhi - DPCC",Delhi,Delhi,India,28.674045,77.131023,NO2,26.0,49.0,35.0
05-09-2026,"Punjabi Bagh, Delhi - DPCC",Delhi,Delhi,India,28.674045,77.131023,OZONE,13.0,21.0,17.0
05-09-2026,"Punjabi Bagh, Delhi - DPCC",Delhi,Delhi,India,28.674045,77.131023,PM10,10.0,89.0,55.0
05-09-2026,"Punjabi Bagh, Delhi - DPCC",Delhi,Delhi,India,28.674045,77.131023,PM2.5,20.0,85.0,41.0
05-09-2026,"Punjabi Bagh, Delhi - DPCC",Delhi,Delhi,India,28.674045,77.131023,SO2,16.0,57.0,38.0
05-09-2026,"Pusa, Delhi - DPCC",Delhi,Delhi,India,28.639652,77.146275,CO,70.0,87.0,81.0
05-09-2026,"Pusa, Delhi - DPCC",Delhi,Delhi,India,28.639652,77.146275,NH3,4.0,7.0,6.0
05-09-2026,"Pusa, Delhi - DPCC",Delhi,Delhi,India,28.639652,77.146275,NO2,9.0,29.0,18.0
05-09-2026,"Pusa, Delhi - DPCC",Delhi,Delhi,India,28.639652,77.146275,OZONE,10.0,11.0,11.0
05-09-2026,"Pusa, Delhi - DPCC",Delhi,Delhi,India,28.639652,77.146275,PM10,12.0,67.0,37.0
05-09-2026,"Pusa, Delhi - DPCC",Delhi,Delhi,India,28.639652,77.146275,PM2.5,3.0,67.0,32.0
05-09-2026,"Pusa, Delhi - DPCC",Delhi,Delhi,India,28.639652,77.146275,SO2,11.0,16.0,13.0
05-09-2026,"Pusa, Delhi - IITM",Delhi,Delhi,India,28.63611,77.173332,CO,29.0,48.0,42.0
05-09-2026,"Pusa, Delhi - IITM",Delhi,Delhi,India,28.63611,77.173332,NH3,,,
05-09-2026,"Pusa, Delhi - IITM",Delhi,Delhi,India,28.63611,77.173332,NO2,50.0,94.0,66.0
05-09-2026,"Pusa, Delhi - IITM",Delhi,Delhi,India,28.63611,77.173332,OZONE,35.0,53.0,43.0
05-09-2026,"Pusa, Delhi - IITM",Delhi,Delhi,India,28.63611,77.173332,PM10,,,
05-09-2026,"Pusa, Delhi - IITM",Delhi,Delhi,India,28.63611,77.173332,PM2.5,,,
05-09-2026,"Pusa, Delhi - IITM",Delhi,Delhi,India,28.63611,77.173332,SO2,,,
05-09-2026,"R K Puram, Delhi - DPCC",Delhi,Delhi,India,28.563262,77.186937,CO,52.0,65.0,56.0
05-09-2026,"R K Puram, Delhi - DPCC",Delhi,Delhi,India,28.563262,77.186937,NH3,5.0,6.0,5.0
05-09-2026,"R K Puram, Delhi - DPCC",Delhi,Delhi,India,28.563262,77.186937,NO2,26.0,46.0,35.0
05-09-2026,"R K Puram, Delhi - DPCC",Delhi,Delhi,India,28.563262,77.186937,OZONE,4.0,16.0,12.0
05-09-2026,"R K Puram, Delhi - DPCC",Delhi,Delhi,India,28.563262,77.186937,PM10,,,
05-09-2026,"R K Puram, Delhi - DPCC",Delhi,Delhi,India,28.563262,77.186937,PM2.5,,,
05-09-2026,"R K Puram, Delhi - DPCC",Delhi,Delhi,India,28.563262,77.186937,SO2,15.0,16.0,16.0
05-09-2026,"RIICO Ind. Area III, Bhiwadi - RSPCB",Bhiwadi,Rajasthan,India,28.194909,76.862296,CO,32.0,114.0,69.0
05-09-2026,"RIICO Ind. Area III, Bhiwadi - RSPCB",Bhiwadi,Rajasthan,India,28.194909,76.862296,NH3,3.0,11.0,5.0
05-09-2026,"RIICO Ind. Area III, Bhiwadi - RSPCB",Bhiwadi,Rajasthan,India,28.194909,76.862296,NO2,10.0,43.0,21.0
05-09-2026,"RIICO Ind. Area III, Bhiwadi - RSPCB",Bhiwadi,Rajasthan,India,28.194909,76.862296,OZONE,5.0,28.0,14.0
05-09-2026,"RIICO Ind. Area III, Bhiwadi - RSPCB",Bhiwadi,Rajasthan,India,28.194909,76.862296,PM10,25.0,135.0,89.0
05-09-2026,"RIICO Ind. Area III, Bhiwadi - RSPCB",Bhiwadi,Rajasthan,India,28.194909,76.862296,PM2.5,39.0,300.0,112.0
05-09-2026,"RIICO Ind. Area III, Bhiwadi - RSPCB",Bhiwadi,Rajasthan,India,28.194909,76.862296,SO2,0.0,23.0,8.0
05-09-2026,"RIICO Sitapura, Jaipur - RSPCB",Jaipur,Rajasthan,India,26.786682,75.827928,CO,44.0,101.0,66.0
05-09-2026,"RIICO Sitapura, Jaipur - RSPCB",Jaipur,Rajasthan,India,26.786682,75.827928,NH3,7.0,10.0,9.0
05-09-2026,"RIICO Sitapura, Jaipur - RSPCB",Jaipur,Rajasthan,India,26.786682,75.827928,NO2,14.0,111.0,46.0
05-09-2026,"RIICO Sitapura, Jaipur - RSPCB",Jaipur,Rajasthan,India,26.786682,75.827928,OZONE,16.0,25.0,21.0
05-09-2026,"RIICO Sitapura, Jaipur - RSPCB",Jaipur,Rajasthan,India,26.786682,75.827928,PM10,8.0,44.0,32.0
05-09-2026,"RIICO Sitapura, Jaipur - RSPCB",Jaipur,Rajasthan,India,26.786682,75.827928,PM2.5,5.0,28.0,21.0
05-09-2026,"RIICO Sitapura, Jaipur - RSPCB",Jaipur,Rajasthan,India,26.786682,75.827928,SO2,0.0,14.0,4.0
05-09-2026,"RIMT University, Mandi Gobindgarh - PPCB",Mandi Gobindgarh,Punjab,India,30.649961,76.331442,CO,45.0,45.0,45.0
05-09-2026,"RIMT University, Mandi Gobindgarh - PPCB",Mandi Gobindgarh,Punjab,India,30.649961,76.331442,NH3,5.0,5.0,5.0
05-09-2026,"RIMT University, Mandi Gobindgarh - PPCB",Mandi Gobindgarh,Punjab,India,30.649961,76.331442,NO2,24.0,25.0,25.0
05-09-2026,"RIMT University, Mandi Gobindgarh - PPCB",Mandi Gobindgarh,Punjab,India,30.649961,76.331442,OZONE,65.0,65.0,65.0
05-09-2026,"RIMT University, Mandi Gobindgarh - PPCB",Mandi Gobindgarh,Punjab,India,30.649961,76.331442,PM10,60.0,99.0,83.0
05-09-2026,"RIMT University, Mandi Gobindgarh - PPCB",Mandi Gobindgarh,Punjab,India,30.649961,76.331442,PM2.5,27.0,81.0,57.0
05-09-2026,"RIMT University, Mandi Gobindgarh - PPCB",Mandi Gobindgarh,Punjab,India,30.649961,76.331442,SO2,8.0,16.0,14.0
05-09-2026,"Rabindra Bharati University, Kolkata - WBPCB",Kolkata,West Bengal,India,22.627847,88.380669,CO,30.0,72.0,45.0
05-09-2026,"Rabindra Bharati University, Kolkata - WBPCB",Kolkata,West Bengal,India,22.627847,88.380669,NH3,5.0,19.0,9.0
05-09-2026,"Rabindra Bharati University, Kolkata - WBPCB",Kolkata,West Bengal,India,22.627847,88.380669,NO2,23.0,76.0,42.0
05-09-2026,"Rabindra Bharati University, Kolkata - WBPCB",Kolkata,West Bengal,India,22.627847,88.380669,OZONE,14.0,81.0,47.0
05-09-2026,"Rabindra Bharati University, Kolkata - WBPCB",Kolkata,West Bengal,India,22.627847,88.380669,PM10,57.0,102.0,80.0
05-09-2026,"Rabindra Bharati University, Kolkata - WBPCB",Kolkata,West Bengal,India,22.627847,88.380669,PM2.5,28.0,83.0,51.0
05-09-2026,"Rabindra Bharati University, Kolkata - WBPCB",Kolkata,West Bengal,India,22.627847,88.380669,SO2,8.0,11.0,9.0
05-09-2026,"Rabindra Sarobar, Kolkata - WBPCB",Kolkata,West Bengal,India,22.51106,88.35142,CO,19.0,54.0,31.0
05-09-2026,"Rabindra Sarobar, Kolkata - WBPCB",Kolkata,West Bengal,India,22.51106,88.35142,NH3,6.0,14.0,7.0
05-09-2026,"Rabindra Sarobar, Kolkata - WBPCB",Kolkata,West Bengal,India,22.51106,88.35142,NO2,14.0,106.0,36.0
05-09-2026,"Rabindra Sarobar, Kolkata - WBPCB",Kolkata,West Bengal,India,22.51106,88.35142,OZONE,6.0,23.0,16.0
05-09-2026,"Rabindra Sarobar, Kolkata - WBPCB",Kolkata,West Bengal,India,22.51106,88.35142,PM10,28.0,49.0,36.0
05-09-2026,"Rabindra Sarobar, Kolkata - WBPCB",Kolkata,West Bengal,India,22.51106,88.35142,PM2.5,23.0,51.0,34.0
05-09-2026,"Rabindra Sarobar, Kolkata - WBPCB",Kolkata,West Bengal,India,22.51106,88.35142,SO2,5.0,8.0,7.0
05-09-2026,"Rachnakar Colony, Aurangabad - MPCB",Aurangabad,Maharashtra,India,19.863756,75.321188,CO,19.0,30.0,24.0
05-09-2026,"Rachnakar Colony, Aurangabad - MPCB",Aurangabad,Maharashtra,India,19.863756,75.321188,NH3,1.0,2.0,1.0
05-09-2026,"Rachnakar Colony, Aurangabad - MPCB",Aurangabad,Maharashtra,India,19.863756,75.321188,NO2,10.0,22.0,13.0
05-09-2026,"Rachnakar Colony, Aurangabad - MPCB",Aurangabad,Maharashtra,India,19.863756,75.321188,OZONE,9.0,10.0,10.0
05-09-2026,"Rachnakar Colony, Aurangabad - MPCB",Aurangabad,Maharashtra,India,19.863756,75.321188,PM10,35.0,53.0,43.0
05-09-2026,"Rachnakar Colony, Aurangabad - MPCB",Aurangabad,Maharashtra,India,19.863756,75.321188,PM2.5,23.0,50.0,35.0
05-09-2026,"Rachnakar Colony, Aurangabad - MPCB",Aurangabad,Maharashtra,India,19.863756,75.321188,SO2,4.0,5.0,5.0
05-09-2026,"Radhakishan Pura, Sikar - RSPCB",Sikar,Rajasthan,India,27.608912,75.153302,CO,16.0,32.0,25.0
05-09-2026,"Radhakishan Pura, Sikar - RSPCB",Sikar,Rajasthan,India,27.608912,75.153302,NH3,12.0,15.0,14.0
05-09-2026,"Radhakishan Pura, Sikar - RSPCB",Sikar,Rajasthan,India,27.608912,75.153302,NO2,5.0,23.0,10.0
05-09-2026,"Radhakishan Pura, Sikar - RSPCB",Sikar,Rajasthan,India,27.608912,75.153302,OZONE,22.0,46.0,31.0
05-09-2026,"Radhakishan Pura, Sikar - RSPCB",Sikar,Rajasthan,India,27.608912,75.153302,PM10,58.0,121.0,89.0
05-09-2026,"Radhakishan Pura, Sikar - RSPCB",Sikar,Rajasthan,India,27.608912,75.153302,PM2.5,40.0,67.0,52.0
05-09-2026,"Radhakishan Pura, Sikar - RSPCB",Sikar,Rajasthan,India,27.608912,75.153302,SO2,2.0,3.0,2.0
05-09-2026,"Raghunathpali, Rourkela - OSPCB",Rourkela,Odisha,India,22.220833,84.809444,CO,23.0,41.0,31.0
05-09-2026,"Raghunathpali, Rourkela - OSPCB",Rourkela,Odisha,India,22.220833,84.809444,NH3,1.0,1.0,1.0
05-09-2026,"Raghunathpali, Rourkela - OSPCB",Rourkela,Odisha,India,22.220833,84.809444,NO2,8.0,9.0,9.0
05-09-2026,"Raghunathpali, Rourkela - OSPCB",Rourkela,Odisha,India,22.220833,84.809444,OZONE,4.0,24.0,18.0
05-09-2026,"Raghunathpali, Rourkela - OSPCB",Rourkela,Odisha,India,22.220833,84.809444,PM10,47.0,71.0,58.0
05-09-2026,"Raghunathpali, Rourkela - OSPCB",Rourkela,Odisha,India,22.220833,84.809444,PM2.5,57.0,97.0,74.0
05-09-2026,"Raghunathpali, Rourkela - OSPCB",Rourkela,Odisha,India,22.220833,84.809444,SO2,2.0,5.0,4.0
05-09-2026,"Raikhad, Ahmedabad - IITM",Ahmedabad,Gujarat,India,23.020509,72.579261,CO,17.0,67.0,35.0
05-09-2026,"Raikhad, Ahmedabad - IITM",Ahmedabad,Gujarat,India,23.020509,72.579261,NH3,0.0,3.0,2.0
05-09-2026,"Raikhad, Ahmedabad - IITM",Ahmedabad,Gujarat,India,23.020509,72.579261,NO2,10.0,36.0,15.0
05-09-2026,"Raikhad, Ahmedabad - IITM",Ahmedabad,Gujarat,India,23.020509,72.579261,OZONE,3.0,9.0,7.0
05-09-2026,"Raikhad, Ahmedabad - IITM",Ahmedabad,Gujarat,India,23.020509,72.579261,PM10,51.0,110.0,72.0
05-09-2026,"Raikhad, Ahmedabad - IITM",Ahmedabad,Gujarat,India,23.020509,72.579261,PM2.5,22.0,64.0,42.0
05-09-2026,"Raikhad, Ahmedabad - IITM",Ahmedabad,Gujarat,India,23.020509,72.579261,SO2,8.0,17.0,11.0
05-09-2026,"Railway Colony, Barmer - RSPCB",Barmer,Rajasthan,India,25.747299,71.393989,CO,9.0,16.0,13.0
05-09-2026,"Railway Colony, Barmer - RSPCB",Barmer,Rajasthan,India,25.747299,71.393989,NH3,2.0,3.0,3.0
05-09-2026,"Railway Colony, Barmer - RSPCB",Barmer,Rajasthan,India,25.747299,71.393989,NO2,2.0,13.0,6.0
05-09-2026,"Railway Colony, Barmer - RSPCB",Barmer,Rajasthan,India,25.747299,71.393989,OZONE,37.0,61.0,48.0
05-09-2026,"Railway Colony, Barmer - RSPCB",Barmer,Rajasthan,India,25.747299,71.393989,PM10,28.0,133.0,70.0
05-09-2026,"Railway Colony, Barmer - RSPCB",Barmer,Rajasthan,India,25.747299,71.393989,PM2.5,12.0,68.0,24.0
05-09-2026,"Railway Colony, Barmer - RSPCB",Barmer,Rajasthan,India,25.747299,71.393989,SO2,0.0,6.0,3.0
05-09-2026,"Railway Colony, Guwahati - PCBA",Guwahati,Assam,India,26.181742,91.78063,CO,8.0,14.0,10.0
05-09-2026,"Railway Colony, Guwahati - PCBA",Guwahati,Assam,India,26.181742,91.78063,NH3,1.0,1.0,1.0
05-09-2026,"Railway Colony, Guwahati - PCBA",Guwahati,Assam,India,26.181742,91.78063,NO2,3.0,4.0,3.0
05-09-2026,"Railway Colony, Guwahati - PCBA",Guwahati,Assam,India,26.181742,91.78063,OZONE,9.0,14.0,12.0
05-09-2026,"Railway Colony, Guwahati - PCBA",Guwahati,Assam,India,26.181742,91.78063,PM10,19.0,74.0,42.0
05-09-2026,"Railway Colony, Guwahati - PCBA",Guwahati,Assam,India,26.181742,91.78063,PM2.5,16.0,75.0,43.0
05-09-2026,"Railway Colony, Guwahati - PCBA",Guwahati,Assam,India,26.181742,91.78063,SO2,7.0,16.0,12.0
05-09-2026,"Raja Ganj, Dholpur - RSPCB",Dholpur,Rajasthan,India,26.699557,77.898881,CO,24.0,26.0,25.0
05-09-2026,"Raja Ganj, Dholpur - RSPCB",Dholpur,Rajasthan,India,26.699557,77.898881,NH3,3.0,14.0,7.0
05-09-2026,"Raja Ganj, Dholpur - RSPCB",Dholpur,Rajasthan,India,26.699557,77.898881,NO2,1.0,7.0,4.0
05-09-2026,"Raja Ganj, Dholpur - RSPCB",Dholpur,Rajasthan,India,26.699557,77.898881,OZONE,15.0,17.0,16.0
05-09-2026,"Raja Ganj, Dholpur - RSPCB",Dholpur,Rajasthan,India,26.699557,77.898881,PM10,11.0,22.0,17.0
05-09-2026,"Raja Ganj, Dholpur - RSPCB",Dholpur,Rajasthan,India,26.699557,77.898881,PM2.5,10.0,20.0,16.0
05-09-2026,"Raja Ganj, Dholpur - RSPCB",Dholpur,Rajasthan,India,26.699557,77.898881,SO2,2.0,5.0,3.0
05-09-2026,"Rajanpur, Gajraula - UPPCB",Gajraula,Uttar Pradesh,India,28.829109,78.248796,CO,57.0,66.0,63.0
05-09-2026,"Rajanpur, Gajraula - UPPCB",Gajraula,Uttar Pradesh,India,28.829109,78.248796,NH3,0.0,2.0,1.0
05-09-2026,"Rajanpur, Gajraula - UPPCB",Gajraula,Uttar Pradesh,India,28.829109,78.248796,NO2,6.0,37.0,18.0
05-09-2026,"Rajanpur, Gajraula - UPPCB",Gajraula,Uttar Pradesh,India,28.829109,78.248796,OZONE,3.0,9.0,5.0
05-09-2026,"Rajanpur, Gajraula - UPPCB",Gajraula,Uttar Pradesh,India,28.829109,78.248796,PM10,15.0,56.0,34.0
05-09-2026,"Rajanpur, Gajraula - UPPCB",Gajraula,Uttar Pradesh,India,28.829109,78.248796,PM2.5,13.0,55.0,30.0
05-09-2026,"Rajanpur, Gajraula - UPPCB",Gajraula,Uttar Pradesh,India,28.829109,78.248796,SO2,10.0,14.0,12.0
05-09-2026,"Rajbagh, Srinagar - JKPCC",Srinagar,Jammu and Kashmir,India,34.066206,74.81982,CO,11.0,19.0,14.0
05-09-2026,"Rajbagh, Srinagar - JKPCC",Srinagar,Jammu and Kashmir,India,34.066206,74.81982,NH3,9.0,9.0,9.0
05-09-2026,"Rajbagh, Srinagar - JKPCC",Srinagar,Jammu and Kashmir,India,34.066206,74.81982,NO2,19.0,20.0,19.0
05-09-2026,"Rajbagh, Srinagar - JKPCC",Srinagar,Jammu and Kashmir,India,34.066206,74.81982,OZONE,1.0,2.0,1.0
05-09-2026,"Rajbagh, Srinagar - JKPCC",Srinagar,Jammu and Kashmir,India,34.066206,74.81982,PM10,26.0,48.0,36.0
05-09-2026,"Rajbagh, Srinagar - JKPCC",Srinagar,Jammu and Kashmir,India,34.066206,74.81982,PM2.5,17.0,30.0,23.0
05-09-2026,"Rajbagh, Srinagar - JKPCC",Srinagar,Jammu and Kashmir,India,34.066206,74.81982,SO2,3.0,4.0,3.0
05-09-2026,"Rajbansi Nagar, Patna - BSPCB",Patna,Bihar,India,25.599486,85.113666,CO,19.0,33.0,25.0
05-09-2026,"Rajbansi Nagar, Patna - BSPCB",Patna,Bihar,India,25.599486,85.113666,NH3,2.0,3.0,3.0
05-09-2026,"Rajbansi Nagar, Patna - BSPCB",Patna,Bihar,India,25.599486,85.113666,NO2,29.0,33.0,31.0
05-09-2026,"Rajbansi Nagar, Patna - BSPCB",Patna,Bihar,India,25.599486,85.113666,OZONE,27.0,29.0,28.0
05-09-2026,"Rajbansi Nagar, Patna - BSPCB",Patna,Bihar,India,25.599486,85.113666,PM10,34.0,53.0,43.0
05-09-2026,"Rajbansi Nagar, Patna - BSPCB",Patna,Bihar,India,25.599486,85.113666,PM2.5,26.0,51.0,39.0
05-09-2026,"Rajbansi Nagar, Patna - BSPCB",Patna,Bihar,India,25.599486,85.113666,SO2,8.0,17.0,11.0
05-09-2026,"Rajendra Nagar North, Guntur - APPCB",Guntur,Andhra Pradesh,India,16.316553,80.413302,CO,22.0,37.0,27.0
05-09-2026,"Rajendra Nagar North, Guntur - APPCB",Guntur,Andhra Pradesh,India,16.316553,80.413302,NH3,4.0,9.0,6.0
05-09-2026,"Rajendra Nagar North, Guntur - APPCB",Guntur,Andhra Pradesh,India,16.316553,80.413302,NO2,19.0,46.0,32.0
05-09-2026,"Rajendra Nagar North, Guntur - APPCB",Guntur,Andhra Pradesh,India,16.316553,80.413302,OZONE,14.0,46.0,27.0
05-09-2026,"Rajendra Nagar North, Guntur - APPCB",Guntur,Andhra Pradesh,India,16.316553,80.413302,PM10,49.0,80.0,60.0
05-09-2026,"Rajendra Nagar North, Guntur - APPCB",Guntur,Andhra Pradesh,India,16.316553,80.413302,PM2.5,45.0,73.0,55.0
05-09-2026,"Rajendra Nagar North, Guntur - APPCB",Guntur,Andhra Pradesh,India,16.316553,80.413302,SO2,8.0,19.0,12.0
05-09-2026,"Rajendra Nagar, Bareilly - UPPCB",Bareilly,Uttar Pradesh,India,28.38910936,79.42963708,CO,19.0,27.0,21.0
05-09-2026,"Rajendra Nagar, Bareilly - UPPCB",Bareilly,Uttar Pradesh,India,28.38910936,79.42963708,NH3,1.0,1.0,1.0
05-09-2026,"Rajendra Nagar, Bareilly - UPPCB",Bareilly,Uttar Pradesh,India,28.38910936,79.42963708,NO2,9.0,10.0,9.0
05-09-2026,"Rajendra Nagar, Bareilly - UPPCB",Bareilly,Uttar Pradesh,India,28.38910936,79.42963708,OZONE,,,
05-09-2026,"Rajendra Nagar, Bareilly - UPPCB",Bareilly,Uttar Pradesh,India,28.38910936,79.42963708,PM10,27.0,61.0,40.0
05-09-2026,"Rajendra Nagar, Bareilly - UPPCB",Bareilly,Uttar Pradesh,India,28.38910936,79.42963708,PM2.5,21.0,52.0,36.0
05-09-2026,"Rajendra Nagar, Bareilly - UPPCB",Bareilly,Uttar Pradesh,India,28.38910936,79.42963708,SO2,11.0,14.0,12.0
05-09-2026,"Rajiv Gandhi Park, Vijayawada - APPCB",Vijayawada,Andhra Pradesh,India,16.509717,80.612222,CO,28.0,36.0,32.0
05-09-2026,"Rajiv Gandhi Park, Vijayawada - APPCB",Vijayawada,Andhra Pradesh,India,16.509717,80.612222,NH3,3.0,8.0,5.0
05-09-2026,"Rajiv Gandhi Park, Vijayawada - APPCB",Vijayawada,Andhra Pradesh,India,16.509717,80.612222,NO2,19.0,39.0,32.0
05-09-2026,"Rajiv Gandhi Park, Vijayawada - APPCB",Vijayawada,Andhra Pradesh,India,16.509717,80.612222,OZONE,13.0,48.0,28.0
05-09-2026,"Rajiv Gandhi Park, Vijayawada - APPCB",Vijayawada,Andhra Pradesh,India,16.509717,80.612222,PM10,54.0,79.0,65.0
05-09-2026,"Rajiv Gandhi Park, Vijayawada - APPCB",Vijayawada,Andhra Pradesh,India,16.509717,80.612222,PM2.5,49.0,72.0,60.0
05-09-2026,"Rajiv Gandhi Park, Vijayawada - APPCB",Vijayawada,Andhra Pradesh,India,16.509717,80.612222,SO2,10.0,19.0,14.0
05-09-2026,"Rajiv Nagar, Vijayawada - APPCB",Vijayawada,Andhra Pradesh,India,16.554731,80.64911,CO,13.0,20.0,16.0
05-09-2026,"Rajiv Nagar, Vijayawada - APPCB",Vijayawada,Andhra Pradesh,India,16.554731,80.64911,NH3,4.0,6.0,5.0
05-09-2026,"Rajiv Nagar, Vijayawada - APPCB",Vijayawada,Andhra Pradesh,India,16.554731,80.64911,NO2,17.0,24.0,19.0
05-09-2026,"Rajiv Nagar, Vijayawada - APPCB",Vijayawada,Andhra Pradesh,India,16.554731,80.64911,OZONE,20.0,48.0,31.0
05-09-2026,"Rajiv Nagar, Vijayawada - APPCB",Vijayawada,Andhra Pradesh,India,16.554731,80.64911,PM10,52.0,76.0,61.0
05-09-2026,"Rajiv Nagar, Vijayawada - APPCB",Vijayawada,Andhra Pradesh,India,16.554731,80.64911,PM2.5,46.0,74.0,55.0
05-09-2026,"Rajiv Nagar, Vijayawada - APPCB",Vijayawada,Andhra Pradesh,India,16.554731,80.64911,SO2,9.0,19.0,12.0
05-09-2026,"Rajlaxmi Nagar, Jhalawar - RSPCB",Jhalawar,Rajasthan,India,24.588397,76.172782,CO,30.0,52.0,40.0
05-09-2026,"Rajlaxmi Nagar, Jhalawar - RSPCB",Jhalawar,Rajasthan,India,24.588397,76.172782,NH3,2.0,4.0,3.0
05-09-2026,"Rajlaxmi Nagar, Jhalawar - RSPCB",Jhalawar,Rajasthan,India,24.588397,76.172782,NO2,27.0,44.0,33.0
05-09-2026,"Rajlaxmi Nagar, Jhalawar - RSPCB",Jhalawar,Rajasthan,India,24.588397,76.172782,OZONE,16.0,31.0,23.0
05-09-2026,"Rajlaxmi Nagar, Jhalawar - RSPCB",Jhalawar,Rajasthan,India,24.588397,76.172782,PM10,36.0,64.0,49.0
05-09-2026,"Rajlaxmi Nagar, Jhalawar - RSPCB",Jhalawar,Rajasthan,India,24.588397,76.172782,PM2.5,17.0,45.0,32.0
05-09-2026,"Rajlaxmi Nagar, Jhalawar - RSPCB",Jhalawar,Rajasthan,India,24.588397,76.172782,SO2,7.0,9.0,8.0
05-09-2026,"Rakhial, Ahmedabad - IITM",Ahmedabad,Gujarat,India,23.016834,72.625775,CO,37.0,67.0,49.0
05-09-2026,"Rakhial, Ahmedabad - IITM",Ahmedabad,Gujarat,India,23.016834,72.625775,NH3,2.0,4.0,2.0
05-09-2026,"Rakhial, Ahmedabad - IITM",Ahmedabad,Gujarat,India,23.016834,72.625775,NO2,18.0,98.0,33.0
05-09-2026,"Rakhial, Ahmedabad - IITM",Ahmedabad,Gujarat,India,23.016834,72.625775,OZONE,3.0,3.0,3.0
05-09-2026,"Rakhial, Ahmedabad - IITM",Ahmedabad,Gujarat,India,23.016834,72.625775,PM10,58.0,112.0,74.0
05-09-2026,"Rakhial, Ahmedabad - IITM",Ahmedabad,Gujarat,India,23.016834,72.625775,PM2.5,32.0,73.0,47.0
05-09-2026,"Rakhial, Ahmedabad - IITM",Ahmedabad,Gujarat,India,23.016834,72.625775,SO2,13.0,16.0,15.0
05-09-2026,"Ram Nagar, Nagpur - MPCB",Nagpur,Maharashtra,India,21.143383,79.048912,CO,8.0,13.0,10.0
05-09-2026,"Ram Nagar, Nagpur - MPCB",Nagpur,Maharashtra,India,21.143383,79.048912,NH3,3.0,4.0,3.0
05-09-2026,"Ram Nagar, Nagpur - MPCB",Nagpur,Maharashtra,India,21.143383,79.048912,NO2,4.0,12.0,7.0
05-09-2026,"Ram Nagar, Nagpur - MPCB",Nagpur,Maharashtra,India,21.143383,79.048912,OZONE,10.0,20.0,16.0
05-09-2026,"Ram Nagar, Nagpur - MPCB",Nagpur,Maharashtra,India,21.143383,79.048912,PM10,30.0,54.0,39.0
05-09-2026,"Ram Nagar, Nagpur - MPCB",Nagpur,Maharashtra,India,21.143383,79.048912,PM2.5,31.0,75.0,48.0
05-09-2026,"Ram Nagar, Nagpur - MPCB",Nagpur,Maharashtra,India,21.143383,79.048912,SO2,6.0,9.0,8.0
05-09-2026,"Rama Rao Peta, Kakinada - APPCB",Kakinada,Andhra Pradesh,India,16.962488,82.229513,CO,10.0,31.0,21.0
05-09-2026,"Rama Rao Peta, Kakinada - APPCB",Kakinada,Andhra Pradesh,India,16.962488,82.229513,NH3,3.0,5.0,4.0
05-09-2026,"Rama Rao Peta, Kakinada - APPCB",Kakinada,Andhra Pradesh,India,16.962488,82.229513,NO2,26.0,54.0,38.0
05-09-2026,"Rama Rao Peta, Kakinada - APPCB",Kakinada,Andhra Pradesh,India,16.962488,82.229513,OZONE,29.0,59.0,45.0
05-09-2026,"Rama Rao Peta, Kakinada - APPCB",Kakinada,Andhra Pradesh,India,16.962488,82.229513,PM10,21.0,58.0,36.0
05-09-2026,"Rama Rao Peta, Kakinada - APPCB",Kakinada,Andhra Pradesh,India,16.962488,82.229513,PM2.5,3.0,33.0,14.0
05-09-2026,"Rama Rao Peta, Kakinada - APPCB",Kakinada,Andhra Pradesh,India,16.962488,82.229513,SO2,10.0,18.0,12.0
05-09-2026,"Ramachandrapuram, Hyderabad - TSPCB",Hyderabad,Telangana,India,17.528544,78.286195,CO,23.0,34.0,30.0
05-09-2026,"Ramachandrapuram, Hyderabad - TSPCB",Hyderabad,Telangana,India,17.528544,78.286195,NH3,3.0,4.0,3.0
05-09-2026,"Ramachandrapuram, Hyderabad - TSPCB",Hyderabad,Telangana,India,17.528544,78.286195,NO2,10.0,15.0,12.0
05-09-2026,"Ramachandrapuram, Hyderabad - TSPCB",Hyderabad,Telangana,India,17.528544,78.286195,OZONE,17.0,28.0,24.0
05-09-2026,"Ramachandrapuram, Hyderabad - TSPCB",Hyderabad,Telangana,India,17.528544,78.286195,PM10,53.0,75.0,61.0
05-09-2026,"Ramachandrapuram, Hyderabad - TSPCB",Hyderabad,Telangana,India,17.528544,78.286195,PM2.5,33.0,52.0,39.0
05-09-2026,"Ramachandrapuram, Hyderabad - TSPCB",Hyderabad,Telangana,India,17.528544,78.286195,SO2,9.0,16.0,12.0
05-09-2026,"Ramdaspeth, Akola - MPCB",Akola,Maharashtra,India,20.719516,77.000253,CO,25.0,128.0,53.0
05-09-2026,"Ramdaspeth, Akola - MPCB",Akola,Maharashtra,India,20.719516,77.000253,NH3,7.0,8.0,7.0
05-09-2026,"Ramdaspeth, Akola - MPCB",Akola,Maharashtra,India,20.719516,77.000253,NO2,27.0,34.0,30.0
05-09-2026,"Ramdaspeth, Akola - MPCB",Akola,Maharashtra,India,20.719516,77.000253,OZONE,5.0,13.0,10.0
05-09-2026,"Ramdaspeth, Akola - MPCB",Akola,Maharashtra,India,20.719516,77.000253,PM10,16.0,55.0,30.0
05-09-2026,"Ramdaspeth, Akola - MPCB",Akola,Maharashtra,India,20.719516,77.000253,PM2.5,16.0,46.0,24.0
05-09-2026,"Ramdaspeth, Akola - MPCB",Akola,Maharashtra,India,20.719516,77.000253,SO2,1.0,8.0,3.0
05-09-2026,"Rampur, Korba - CECB",Korba,Chhattisgarh,India,22.368195,82.746431,CO,7.0,28.0,13.0
05-09-2026,"Rampur, Korba - CECB",Korba,Chhattisgarh,India,22.368195,82.746431,NH3,1.0,1.0,1.0
05-09-2026,"Rampur, Korba - CECB",Korba,Chhattisgarh,India,22.368195,82.746431,NO2,10.0,36.0,17.0
05-09-2026,"Rampur, Korba - CECB",Korba,Chhattisgarh,India,22.368195,82.746431,OZONE,6.0,34.0,22.0
05-09-2026,"Rampur, Korba - CECB",Korba,Chhattisgarh,India,22.368195,82.746431,PM10,12.0,45.0,25.0
05-09-2026,"Rampur, Korba - CECB",Korba,Chhattisgarh,India,22.368195,82.746431,PM2.5,10.0,40.0,21.0
05-09-2026,"Rampur, Korba - CECB",Korba,Chhattisgarh,India,22.368195,82.746431,SO2,6.0,70.0,24.0
05-09-2026,"Ratandeep Housing Society, Solapur - MPCB",Solapur,Maharashtra,India,17.65439,75.90649,CO,18.0,27.0,22.0
05-09-2026,"Ratandeep Housing Society, Solapur - MPCB",Solapur,Maharashtra,India,17.65439,75.90649,NH3,2.0,6.0,4.0
05-09-2026,"Ratandeep Housing Society, Solapur - MPCB",Solapur,Maharashtra,India,17.65439,75.90649,NO2,7.0,31.0,17.0
05-09-2026,"Ratandeep Housing Society, Solapur - MPCB",Solapur,Maharashtra,India,17.65439,75.90649,OZONE,18.0,29.0,25.0
05-09-2026,"Ratandeep Housing Society, Solapur - MPCB",Solapur,Maharashtra,India,17.65439,75.90649,PM10,32.0,54.0,42.0
05-09-2026,"Ratandeep Housing Society, Solapur - MPCB",Solapur,Maharashtra,India,17.65439,75.90649,PM2.5,15.0,64.0,39.0
05-09-2026,"Ratandeep Housing Society, Solapur - MPCB",Solapur,Maharashtra,India,17.65439,75.90649,SO2,2.0,3.0,2.0
05-09-2026,"Ratanpura, Rupnagar - Ambuja Cements",Rupnagar,Punjab,India,31.0325454,76.5623046,CO,52.0,58.0,56.0
05-09-2026,"Ratanpura, Rupnagar - Ambuja Cements",Rupnagar,Punjab,India,31.0325454,76.5623046,NH3,,,
05-09-2026,"Ratanpura, Rupnagar - Ambuja Cements",Rupnagar,Punjab,India,31.0325454,76.5623046,NO2,9.0,47.0,26.0
05-09-2026,"Ratanpura, Rupnagar - Ambuja Cements",Rupnagar,Punjab,India,31.0325454,76.5623046,OZONE,,,
05-09-2026,"Ratanpura, Rupnagar - Ambuja Cements",Rupnagar,Punjab,India,31.0325454,76.5623046,PM10,8.0,100.0,38.0
05-09-2026,"Ratanpura, Rupnagar - Ambuja Cements",Rupnagar,Punjab,India,31.0325454,76.5623046,PM2.5,7.0,90.0,34.0
05-09-2026,"Ratanpura, Rupnagar - Ambuja Cements",Rupnagar,Punjab,India,31.0325454,76.5623046,SO2,7.0,14.0,11.0
05-09-2026,"Rati Talai, Banswara - RSPCB",Banswara,Rajasthan,India,23.55519,74.44001,CO,14.0,33.0,19.0
05-09-2026,"Rati Talai, Banswara - RSPCB",Banswara,Rajasthan,India,23.55519,74.44001,NH3,2.0,4.0,3.0
05-09-2026,"Rati Talai, Banswara - RSPCB",Banswara,Rajasthan,India,23.55519,74.44001,NO2,23.0,49.0,29.0
05-09-2026,"Rati Talai, Banswara - RSPCB",Banswara,Rajasthan,India,23.55519,74.44001,OZONE,31.0,39.0,36.0
05-09-2026,"Rati Talai, Banswara - RSPCB",Banswara,Rajasthan,India,23.55519,74.44001,PM10,48.0,79.0,66.0
05-09-2026,"Rati Talai, Banswara - RSPCB",Banswara,Rajasthan,India,23.55519,74.44001,PM2.5,20.0,28.0,25.0
05-09-2026,"Rati Talai, Banswara - RSPCB",Banswara,Rajasthan,India,23.55519,74.44001,SO2,5.0,32.0,8.0
05-09-2026,"Regional Park, Indore - IMC",Indore,Madhya Pradesh,India,22.678,75.8559,CO,,,
05-09-2026,"Regional Park, Indore - IMC",Indore,Madhya Pradesh,India,22.678,75.8559,NH3,,,
05-09-2026,"Regional Park, Indore - IMC",Indore,Madhya Pradesh,India,22.678,75.8559,NO2,,,
05-09-2026,"Regional Park, Indore - IMC",Indore,Madhya Pradesh,India,22.678,75.8559,OZONE,4.0,7.0,6.0
05-09-2026,"Regional Park, Indore - IMC",Indore,Madhya Pradesh,India,22.678,75.8559,PM10,4.0,36.0,24.0
05-09-2026,"Regional Park, Indore - IMC",Indore,Madhya Pradesh,India,22.678,75.8559,PM2.5,4.0,32.0,22.0
05-09-2026,"Regional Park, Indore - IMC",Indore,Madhya Pradesh,India,22.678,75.8559,SO2,42.0,58.0,46.0
05-09-2026,"Residency Area, Indore - IMC",Indore,Madhya Pradesh,India,22.7084,75.8815,CO,2.0,7.0,4.0
05-09-2026,"Residency Area, Indore - IMC",Indore,Madhya Pradesh,India,22.7084,75.8815,NH3,0.0,0.0,0.0
05-09-2026,"Residency Area, Indore - IMC",Indore,Madhya Pradesh,India,22.7084,75.8815,NO2,,,
05-09-2026,"Residency Area, Indore - IMC",Indore,Madhya Pradesh,India,22.7084,75.8815,OZONE,6.0,8.0,6.0
05-09-2026,"Residency Area, Indore - IMC",Indore,Madhya Pradesh,India,22.7084,75.8815,PM10,24.0,58.0,41.0
05-09-2026,"Residency Area, Indore - IMC",Indore,Madhya Pradesh,India,22.7084,75.8815,PM2.5,23.0,62.0,42.0
05-09-2026,"Residency Area, Indore - IMC",Indore,Madhya Pradesh,India,22.7084,75.8815,SO2,3.0,11.0,5.0
05-09-2026,"Revenue Colony-Shivajinagar, Pune - IITM",Pune,Maharashtra,India,18.530085,73.849598,CO,46.0,96.0,66.0
05-09-2026,"Revenue Colony-Shivajinagar, Pune - IITM",Pune,Maharashtra,India,18.530085,73.849598,NH3,,,
05-09-2026,"Revenue Colony-Shivajinagar, Pune - IITM",Pune,Maharashtra,India,18.530085,73.849598,NO2,10.0,24.0,17.0
05-09-2026,"Revenue Colony-Shivajinagar, Pune - IITM",Pune,Maharashtra,India,18.530085,73.849598,OZONE,8.0,14.0,12.0
05-09-2026,"Revenue Colony-Shivajinagar, Pune - IITM",Pune,Maharashtra,India,18.530085,73.849598,PM10,37.0,78.0,55.0
05-09-2026,"Revenue Colony-Shivajinagar, Pune - IITM",Pune,Maharashtra,India,18.530085,73.849598,PM2.5,13.0,45.0,26.0
05-09-2026,"Revenue Colony-Shivajinagar, Pune - IITM",Pune,Maharashtra,India,18.530085,73.849598,SO2,7.0,27.0,14.0
05-09-2026,"Rishi Nagar, Kaithal - HSPCB",Kaithal,Haryana,India,29.8006,76.4155,CO,16.0,23.0,19.0
05-09-2026,"Rishi Nagar, Kaithal - HSPCB",Kaithal,Haryana,India,29.8006,76.4155,NH3,4.0,6.0,5.0
05-09-2026,"Rishi Nagar, Kaithal - HSPCB",Kaithal,Haryana,India,29.8006,76.4155,NO2,20.0,25.0,23.0
05-09-2026,"Rishi Nagar, Kaithal - HSPCB",Kaithal,Haryana,India,29.8006,76.4155,OZONE,13.0,146.0,42.0
05-09-2026,"Rishi Nagar, Kaithal - HSPCB",Kaithal,Haryana,India,29.8006,76.4155,PM10,89.0,109.0,100.0
05-09-2026,"Rishi Nagar, Kaithal - HSPCB",Kaithal,Haryana,India,29.8006,76.4155,PM2.5,73.0,93.0,82.0
05-09-2026,"Rishi Nagar, Kaithal - HSPCB",Kaithal,Haryana,India,29.8006,76.4155,SO2,30.0,32.0,31.0
05-09-2026,"Rohini, Delhi - DPCC",Delhi,Delhi,India,28.732528,77.11992,CO,42.0,50.0,47.0
05-09-2026,"Rohini, Delhi - DPCC",Delhi,Delhi,India,28.732528,77.11992,NH3,3.0,5.0,3.0
05-09-2026,"Rohini, Delhi - DPCC",Delhi,Delhi,India,28.732528,77.11992,NO2,0.0,6.0,2.0
05-09-2026,"Rohini, Delhi - DPCC",Delhi,Delhi,India,28.732528,77.11992,OZONE,12.0,13.0,13.0
05-09-2026,"Rohini, Delhi - DPCC",Delhi,Delhi,India,28.732528,77.11992,PM10,48.0,92.0,65.0
05-09-2026,"Rohini, Delhi - DPCC",Delhi,Delhi,India,28.732528,77.11992,PM2.5,43.0,103.0,66.0
05-09-2026,"Rohini, Delhi - DPCC",Delhi,Delhi,India,28.732528,77.11992,SO2,9.0,11.0,10.0
05-09-2026,"Rohta, Agra - UPPCB",Agra,Uttar Pradesh,India,27.106972,78.000111,CO,,,
05-09-2026,"Rohta, Agra - UPPCB",Agra,Uttar Pradesh,India,27.106972,78.000111,NH3,6.0,6.0,6.0
05-09-2026,"Rohta, Agra - UPPCB",Agra,Uttar Pradesh,India,27.106972,78.000111,NO2,16.0,16.0,16.0
05-09-2026,"Rohta, Agra - UPPCB",Agra,Uttar Pradesh,India,27.106972,78.000111,OZONE,14.0,17.0,15.0
05-09-2026,"Rohta, Agra - UPPCB",Agra,Uttar Pradesh,India,27.106972,78.000111,PM10,21.0,117.0,36.0
05-09-2026,"Rohta, Agra - UPPCB",Agra,Uttar Pradesh,India,27.106972,78.000111,PM2.5,12.0,39.0,26.0
05-09-2026,"Rohta, Agra - UPPCB",Agra,Uttar Pradesh,India,27.106972,78.000111,SO2,,,
05-09-2026,"Royapuram, Chennai - TNPCB",Chennai,Tamil Nadu,India,13.1036,80.2909,CO,48.0,63.0,53.0
05-09-2026,"Royapuram, Chennai - TNPCB",Chennai,Tamil Nadu,India,13.1036,80.2909,NH3,3.0,4.0,4.0
05-09-2026,"Royapuram, Chennai - TNPCB",Chennai,Tamil Nadu,India,13.1036,80.2909,NO2,12.0,16.0,14.0
05-09-2026,"Royapuram, Chennai - TNPCB",Chennai,Tamil Nadu,India,13.1036,80.2909,OZONE,29.0,34.0,31.0
05-09-2026,"Royapuram, Chennai - TNPCB",Chennai,Tamil Nadu,India,13.1036,80.2909,PM10,51.0,69.0,61.0
05-09-2026,"Royapuram, Chennai - TNPCB",Chennai,Tamil Nadu,India,13.1036,80.2909,PM2.5,39.0,53.0,46.0
05-09-2026,"Royapuram, Chennai - TNPCB",Chennai,Tamil Nadu,India,13.1036,80.2909,SO2,4.0,6.0,5.0
05-09-2026,"SAC ISRO Bopal, Ahmedabad - IITM",Ahmedabad,Gujarat,India,23.041137,72.456691,CO,20.0,28.0,25.0
05-09-2026,"SAC ISRO Bopal, Ahmedabad - IITM",Ahmedabad,Gujarat,India,23.041137,72.456691,NH3,,,
05-09-2026,"SAC ISRO Bopal, Ahmedabad - IITM",Ahmedabad,Gujarat,India,23.041137,72.456691,NO2,,,
05-09-2026,"SAC ISRO Bopal, Ahmedabad - IITM",Ahmedabad,Gujarat,India,23.041137,72.456691,OZONE,16.0,27.0,23.0
05-09-2026,"SAC ISRO Bopal, Ahmedabad - IITM",Ahmedabad,Gujarat,India,23.041137,72.456691,PM10,36.0,68.0,50.0
05-09-2026,"SAC ISRO Bopal, Ahmedabad - IITM",Ahmedabad,Gujarat,India,23.041137,72.456691,PM2.5,34.0,61.0,44.0
05-09-2026,"SAC ISRO Bopal, Ahmedabad - IITM",Ahmedabad,Gujarat,India,23.041137,72.456691,SO2,2.0,4.0,3.0
05-09-2026,"SAC ISRO Satellite, Ahmedabad - IITM",Ahmedabad,Gujarat,India,23.023389,72.515201,CO,20.0,49.0,34.0
05-09-2026,"SAC ISRO Satellite, Ahmedabad - IITM",Ahmedabad,Gujarat,India,23.023389,72.515201,NH3,1.0,2.0,1.0
05-09-2026,"SAC ISRO Satellite, Ahmedabad - IITM",Ahmedabad,Gujarat,India,23.023389,72.515201,NO2,17.0,40.0,21.0
05-09-2026,"SAC ISRO Satellite, Ahmedabad - IITM",Ahmedabad,Gujarat,India,23.023389,72.515201,OZONE,2.0,7.0,5.0
05-09-2026,"SAC ISRO Satellite, Ahmedabad - IITM",Ahmedabad,Gujarat,India,23.023389,72.515201,PM10,47.0,95.0,68.0
05-09-2026,"SAC ISRO Satellite, Ahmedabad - IITM",Ahmedabad,Gujarat,India,23.023389,72.515201,PM2.5,29.0,61.0,44.0
05-09-2026,"SAC ISRO Satellite, Ahmedabad - IITM",Ahmedabad,Gujarat,India,23.023389,72.515201,SO2,1.0,6.0,2.0
05-09-2026,"SDM Office_Khagra, Kishanganj - BSPCB",Kishanganj,Bihar,India,26.0881305,87.93840336,CO,35.0,45.0,40.0
05-09-2026,"SDM Office_Khagra, Kishanganj - BSPCB",Kishanganj,Bihar,India,26.0881305,87.93840336,NH3,3.0,3.0,3.0
05-09-2026,"SDM Office_Khagra, Kishanganj - BSPCB",Kishanganj,Bihar,India,26.0881305,87.93840336,NO2,7.0,8.0,7.0
05-09-2026,"SDM Office_Khagra, Kishanganj - BSPCB",Kishanganj,Bihar,India,26.0881305,87.93840336,OZONE,33.0,36.0,34.0
05-09-2026,"SDM Office_Khagra, Kishanganj - BSPCB",Kishanganj,Bihar,India,26.0881305,87.93840336,PM10,33.0,52.0,42.0
05-09-2026,"SDM Office_Khagra, Kishanganj - BSPCB",Kishanganj,Bihar,India,26.0881305,87.93840336,PM2.5,40.0,67.0,52.0
05-09-2026,"SDM Office_Khagra, Kishanganj - BSPCB",Kishanganj,Bihar,India,26.0881305,87.93840336,SO2,5.0,10.0,7.0
05-09-2026,"SFTI Kusdihra, Gaya - BSPCB",Gaya,Bihar,India,24.762518,84.982348,CO,19.0,44.0,28.0
05-09-2026,"SFTI Kusdihra, Gaya - BSPCB",Gaya,Bihar,India,24.762518,84.982348,NH3,6.0,8.0,7.0
05-09-2026,"SFTI Kusdihra, Gaya - BSPCB",Gaya,Bihar,India,24.762518,84.982348,NO2,21.0,28.0,25.0
05-09-2026,"SFTI Kusdihra, Gaya - BSPCB",Gaya,Bihar,India,24.762518,84.982348,OZONE,12.0,25.0,19.0
05-09-2026,"SFTI Kusdihra, Gaya - BSPCB",Gaya,Bihar,India,24.762518,84.982348,PM10,28.0,46.0,38.0
05-09-2026,"SFTI Kusdihra, Gaya - BSPCB",Gaya,Bihar,India,24.762518,84.982348,PM2.5,24.0,41.0,33.0
05-09-2026,"SFTI Kusdihra, Gaya - BSPCB",Gaya,Bihar,India,24.762518,84.982348,SO2,8.0,10.0,9.0
05-09-2026,"SIDCO Kurichi, Coimbatore - TNPCB",Coimbatore,Tamil Nadu,India,10.942451,76.978996,CO,40.0,43.0,42.0
05-09-2026,"SIDCO Kurichi, Coimbatore - TNPCB",Coimbatore,Tamil Nadu,India,10.942451,76.978996,NH3,1.0,1.0,1.0
05-09-2026,"SIDCO Kurichi, Coimbatore - TNPCB",Coimbatore,Tamil Nadu,India,10.942451,76.978996,NO2,22.0,22.0,22.0
05-09-2026,"SIDCO Kurichi, Coimbatore - TNPCB",Coimbatore,Tamil Nadu,India,10.942451,76.978996,OZONE,19.0,20.0,20.0
05-09-2026,"SIDCO Kurichi, Coimbatore - TNPCB",Coimbatore,Tamil Nadu,India,10.942451,76.978996,PM10,17.0,32.0,24.0
05-09-2026,"SIDCO Kurichi, Coimbatore - TNPCB",Coimbatore,Tamil Nadu,India,10.942451,76.978996,PM2.5,,,
05-09-2026,"SIDCO Kurichi, Coimbatore - TNPCB",Coimbatore,Tamil Nadu,India,10.942451,76.978996,SO2,27.0,29.0,28.0
05-09-2026,"SRM University, Modinagar - UPPCB",Modinagar,Uttar Pradesh,India,28.798171,77.540243,CO,16.0,25.0,19.0
05-09-2026,"SRM University, Modinagar - UPPCB",Modinagar,Uttar Pradesh,India,28.798171,77.540243,NH3,,,
05-09-2026,"SRM University, Modinagar - UPPCB",Modinagar,Uttar Pradesh,India,28.798171,77.540243,NO2,,,
05-09-2026,"SRM University, Modinagar - UPPCB",Modinagar,Uttar Pradesh,India,28.798171,77.540243,OZONE,4.0,18.0,8.0
05-09-2026,"SRM University, Modinagar - UPPCB",Modinagar,Uttar Pradesh,India,28.798171,77.540243,PM10,,,
05-09-2026,"SRM University, Modinagar - UPPCB",Modinagar,Uttar Pradesh,India,28.798171,77.540243,PM2.5,,,
05-09-2026,"SRM University, Modinagar - UPPCB",Modinagar,Uttar Pradesh,India,28.798171,77.540243,SO2,,,
05-09-2026,"SVPI Airport Hansol, Ahmedabad - IITM",Ahmedabad,Gujarat,India,23.076793,72.627874,CO,42.0,64.0,46.0
05-09-2026,"SVPI Airport Hansol, Ahmedabad - IITM",Ahmedabad,Gujarat,India,23.076793,72.627874,NH3,2.0,4.0,3.0
05-09-2026,"SVPI Airport Hansol, Ahmedabad - IITM",Ahmedabad,Gujarat,India,23.076793,72.627874,NO2,8.0,42.0,18.0
05-09-2026,"SVPI Airport Hansol, Ahmedabad - IITM",Ahmedabad,Gujarat,India,23.076793,72.627874,OZONE,15.0,29.0,25.0
05-09-2026,"SVPI Airport Hansol, Ahmedabad - IITM",Ahmedabad,Gujarat,India,23.076793,72.627874,PM10,64.0,128.0,97.0
05-09-2026,"SVPI Airport Hansol, Ahmedabad - IITM",Ahmedabad,Gujarat,India,23.076793,72.627874,PM2.5,12.0,56.0,29.0
05-09-2026,"SVPI Airport Hansol, Ahmedabad - IITM",Ahmedabad,Gujarat,India,23.076793,72.627874,SO2,10.0,44.0,20.0
05-09-2026,"SVSPA Campus, Barrackpore - WBPCB",Barrackpore,West Bengal,India,22.7605581,88.3617589,CO,36.0,59.0,45.0
05-09-2026,"SVSPA Campus, Barrackpore - WBPCB",Barrackpore,West Bengal,India,22.7605581,88.3617589,NH3,5.0,8.0,6.0
05-09-2026,"SVSPA Campus, Barrackpore - WBPCB",Barrackpore,West Bengal,India,22.7605581,88.3617589,NO2,9.0,23.0,17.0
05-09-2026,"SVSPA Campus, Barrackpore - WBPCB",Barrackpore,West Bengal,India,22.7605581,88.3617589,OZONE,5.0,16.0,11.0
05-09-2026,"SVSPA Campus, Barrackpore - WBPCB",Barrackpore,West Bengal,India,22.7605581,88.3617589,PM10,49.0,100.0,72.0
05-09-2026,"SVSPA Campus, Barrackpore - WBPCB",Barrackpore,West Bengal,India,22.7605581,88.3617589,PM2.5,39.0,83.0,58.0
05-09-2026,"SVSPA Campus, Barrackpore - WBPCB",Barrackpore,West Bengal,India,22.7605581,88.3617589,SO2,13.0,14.0,13.0
05-09-2026,"Sadanand Nagar, Mehsana - Nexteng Enviro",Mehsana,Gujarat,India,23.59315,72.372792,CO,40.0,42.0,41.0
05-09-2026,"Sadanand Nagar, Mehsana - Nexteng Enviro",Mehsana,Gujarat,India,23.59315,72.372792,NH3,1.0,1.0,1.0
05-09-2026,"Sadanand Nagar, Mehsana - Nexteng Enviro",Mehsana,Gujarat,India,23.59315,72.372792,NO2,3.0,5.0,4.0
05-09-2026,"Sadanand Nagar, Mehsana - Nexteng Enviro",Mehsana,Gujarat,India,23.59315,72.372792,OZONE,10.0,10.0,10.0
05-09-2026,"Sadanand Nagar, Mehsana - Nexteng Enviro",Mehsana,Gujarat,India,23.59315,72.372792,PM10,28.0,85.0,52.0
05-09-2026,"Sadanand Nagar, Mehsana - Nexteng Enviro",Mehsana,Gujarat,India,23.59315,72.372792,PM2.5,17.0,42.0,28.0
05-09-2026,"Sadanand Nagar, Mehsana - Nexteng Enviro",Mehsana,Gujarat,India,23.59315,72.372792,SO2,12.0,15.0,14.0
05-09-2026,"Sadar Bazar, Jaisalmer - RSPCB",Jaisalmer,Rajasthan,India,26.912329,70.909168,CO,17.0,23.0,20.0
05-09-2026,"Sadar Bazar, Jaisalmer - RSPCB",Jaisalmer,Rajasthan,India,26.912329,70.909168,NH3,8.0,14.0,11.0
05-09-2026,"Sadar Bazar, Jaisalmer - RSPCB",Jaisalmer,Rajasthan,India,26.912329,70.909168,NO2,25.0,37.0,31.0
05-09-2026,"Sadar Bazar, Jaisalmer - RSPCB",Jaisalmer,Rajasthan,India,26.912329,70.909168,OZONE,40.0,52.0,45.0
05-09-2026,"Sadar Bazar, Jaisalmer - RSPCB",Jaisalmer,Rajasthan,India,26.912329,70.909168,PM10,26.0,115.0,74.0
05-09-2026,"Sadar Bazar, Jaisalmer - RSPCB",Jaisalmer,Rajasthan,India,26.912329,70.909168,PM2.5,10.0,35.0,23.0
05-09-2026,"Sadar Bazar, Jaisalmer - RSPCB",Jaisalmer,Rajasthan,India,26.912329,70.909168,SO2,3.0,9.0,4.0
05-09-2026,"Sahilara, Maihar - KJS Cements",Maihar,Madhya Pradesh,India,24.2613009,80.7231783,CO,25.0,27.0,26.0
05-09-2026,"Sahilara, Maihar - KJS Cements",Maihar,Madhya Pradesh,India,24.2613009,80.7231783,NH3,,,
05-09-2026,"Sahilara, Maihar - KJS Cements",Maihar,Madhya Pradesh,India,24.2613009,80.7231783,NO2,16.0,48.0,27.0
05-09-2026,"Sahilara, Maihar - KJS Cements",Maihar,Madhya Pradesh,India,24.2613009,80.7231783,OZONE,,,
05-09-2026,"Sahilara, Maihar - KJS Cements",Maihar,Madhya Pradesh,India,24.2613009,80.7231783,PM10,59.0,59.0,59.0
05-09-2026,"Sahilara, Maihar - KJS Cements",Maihar,Madhya Pradesh,India,24.2613009,80.7231783,PM2.5,40.0,41.0,41.0
05-09-2026,"Sahilara, Maihar - KJS Cements",Maihar,Madhya Pradesh,India,24.2613009,80.7231783,SO2,11.0,12.0,12.0
05-09-2026,"Sahu Nagar, Sawai Madhopur - RSPCB",Sawai Madhopur,Rajasthan,India,26.031443,76.359327,CO,20.0,58.0,34.0
05-09-2026,"Sahu Nagar, Sawai Madhopur - RSPCB",Sawai Madhopur,Rajasthan,India,26.031443,76.359327,NH3,1.0,13.0,2.0
05-09-2026,"Sahu Nagar, Sawai Madhopur - RSPCB",Sawai Madhopur,Rajasthan,India,26.031443,76.359327,NO2,8.0,43.0,14.0
05-09-2026,"Sahu Nagar, Sawai Madhopur - RSPCB",Sawai Madhopur,Rajasthan,India,26.031443,76.359327,OZONE,24.0,68.0,50.0
05-09-2026,"Sahu Nagar, Sawai Madhopur - RSPCB",Sawai Madhopur,Rajasthan,India,26.031443,76.359327,PM10,27.0,66.0,42.0
05-09-2026,"Sahu Nagar, Sawai Madhopur - RSPCB",Sawai Madhopur,Rajasthan,India,26.031443,76.359327,PM2.5,2.0,47.0,18.0
05-09-2026,"Sahu Nagar, Sawai Madhopur - RSPCB",Sawai Madhopur,Rajasthan,India,26.031443,76.359327,SO2,4.0,10.0,6.0
05-09-2026,"Samanpura, Patna - BSPCB",Patna,Bihar,India,25.596727,85.085624,CO,21.0,23.0,22.0
05-09-2026,"Samanpura, Patna - BSPCB",Patna,Bihar,India,25.596727,85.085624,NH3,4.0,5.0,5.0
05-09-2026,"Samanpura, Patna - BSPCB",Patna,Bihar,India,25.596727,85.085624,NO2,24.0,24.0,24.0
05-09-2026,"Samanpura, Patna - BSPCB",Patna,Bihar,India,25.596727,85.085624,OZONE,22.0,23.0,23.0
05-09-2026,"Samanpura, Patna - BSPCB",Patna,Bihar,India,25.596727,85.085624,PM10,72.0,129.0,110.0
05-09-2026,"Samanpura, Patna - BSPCB",Patna,Bihar,India,25.596727,85.085624,PM2.5,42.0,191.0,128.0
05-09-2026,"Samanpura, Patna - BSPCB",Patna,Bihar,India,25.596727,85.085624,SO2,3.0,3.0,3.0
05-09-2026,"Samrat Ashok Udhyan, Jodhpur - RSPCB",Jodhpur,Rajasthan,India,26.253384,72.976571,CO,9.0,11.0,10.0
05-09-2026,"Samrat Ashok Udhyan, Jodhpur - RSPCB",Jodhpur,Rajasthan,India,26.253384,72.976571,NH3,5.0,6.0,6.0
05-09-2026,"Samrat Ashok Udhyan, Jodhpur - RSPCB",Jodhpur,Rajasthan,India,26.253384,72.976571,NO2,1.0,7.0,3.0
05-09-2026,"Samrat Ashok Udhyan, Jodhpur - RSPCB",Jodhpur,Rajasthan,India,26.253384,72.976571,OZONE,30.0,33.0,32.0
05-09-2026,"Samrat Ashok Udhyan, Jodhpur - RSPCB",Jodhpur,Rajasthan,India,26.253384,72.976571,PM10,36.0,84.0,56.0
05-09-2026,"Samrat Ashok Udhyan, Jodhpur - RSPCB",Jodhpur,Rajasthan,India,26.253384,72.976571,PM2.5,12.0,30.0,22.0
05-09-2026,"Samrat Ashok Udhyan, Jodhpur - RSPCB",Jodhpur,Rajasthan,India,26.253384,72.976571,SO2,,,
05-09-2026,"Sanathnagar, Hyderabad - TSPCB",Hyderabad,Telangana,India,17.4559458,78.4332152,CO,33.0,109.0,63.0
05-09-2026,"Sanathnagar, Hyderabad - TSPCB",Hyderabad,Telangana,India,17.4559458,78.4332152,NH3,,,
05-09-2026,"Sanathnagar, Hyderabad - TSPCB",Hyderabad,Telangana,India,17.4559458,78.4332152,NO2,,,
05-09-2026,"Sanathnagar, Hyderabad - TSPCB",Hyderabad,Telangana,India,17.4559458,78.4332152,OZONE,13.0,15.0,14.0
05-09-2026,"Sanathnagar, Hyderabad - TSPCB",Hyderabad,Telangana,India,17.4559458,78.4332152,PM10,,,
05-09-2026,"Sanathnagar, Hyderabad - TSPCB",Hyderabad,Telangana,India,17.4559458,78.4332152,PM2.5,,,
05-09-2026,"Sanathnagar, Hyderabad - TSPCB",Hyderabad,Telangana,India,17.4559458,78.4332152,SO2,,,
05-09-2026,"Sanjay Nagar, Ghaziabad - UPPCB",Ghaziabad,Uttar Pradesh,India,28.685382,77.453839,CO,25.0,40.0,31.0
05-09-2026,"Sanjay Nagar, Ghaziabad - UPPCB",Ghaziabad,Uttar Pradesh,India,28.685382,77.453839,NH3,6.0,35.0,11.0
05-09-2026,"Sanjay Nagar, Ghaziabad - UPPCB",Ghaziabad,Uttar Pradesh,India,28.685382,77.453839,NO2,8.0,60.0,22.0
05-09-2026,"Sanjay Nagar, Ghaziabad - UPPCB",Ghaziabad,Uttar Pradesh,India,28.685382,77.453839,OZONE,11.0,35.0,18.0
05-09-2026,"Sanjay Nagar, Ghaziabad - UPPCB",Ghaziabad,Uttar Pradesh,India,28.685382,77.453839,PM10,12.0,47.0,29.0
05-09-2026,"Sanjay Nagar, Ghaziabad - UPPCB",Ghaziabad,Uttar Pradesh,India,28.685382,77.453839,PM2.5,2.0,45.0,18.0
05-09-2026,"Sanjay Nagar, Ghaziabad - UPPCB",Ghaziabad,Uttar Pradesh,India,28.685382,77.453839,SO2,5.0,12.0,9.0
05-09-2026,"Sanjay Palace, Agra - UPPCB",Agra,Uttar Pradesh,India,27.19865833,78.00598056,CO,32.0,35.0,33.0
05-09-2026,"Sanjay Palace, Agra - UPPCB",Agra,Uttar Pradesh,India,27.19865833,78.00598056,NH3,,,
05-09-2026,"Sanjay Palace, Agra - UPPCB",Agra,Uttar Pradesh,India,27.19865833,78.00598056,NO2,12.0,16.0,13.0
05-09-2026,"Sanjay Palace, Agra - UPPCB",Agra,Uttar Pradesh,India,27.19865833,78.00598056,OZONE,5.0,7.0,6.0
05-09-2026,"Sanjay Palace, Agra - UPPCB",Agra,Uttar Pradesh,India,27.19865833,78.00598056,PM10,15.0,82.0,49.0
05-09-2026,"Sanjay Palace, Agra - UPPCB",Agra,Uttar Pradesh,India,27.19865833,78.00598056,PM2.5,2.0,52.0,22.0
05-09-2026,"Sanjay Palace, Agra - UPPCB",Agra,Uttar Pradesh,India,27.19865833,78.00598056,SO2,17.0,18.0,18.0
05-09-2026,"Sanpada, Navi Mumbai - MPCB",Navi Mumbai,Maharashtra,India,19.0575752,73.0151367,CO,6.0,33.0,15.0
05-09-2026,"Sanpada, Navi Mumbai - MPCB",Navi Mumbai,Maharashtra,India,19.0575752,73.0151367,NH3,1.0,15.0,5.0
05-09-2026,"Sanpada, Navi Mumbai - MPCB",Navi Mumbai,Maharashtra,India,19.0575752,73.0151367,NO2,3.0,17.0,9.0
05-09-2026,"Sanpada, Navi Mumbai - MPCB",Navi Mumbai,Maharashtra,India,19.0575752,73.0151367,OZONE,1.0,4.0,3.0
05-09-2026,"Sanpada, Navi Mumbai - MPCB",Navi Mumbai,Maharashtra,India,19.0575752,73.0151367,PM10,22.0,58.0,36.0
05-09-2026,"Sanpada, Navi Mumbai - MPCB",Navi Mumbai,Maharashtra,India,19.0575752,73.0151367,PM2.5,9.0,36.0,22.0
05-09-2026,"Sanpada, Navi Mumbai - MPCB",Navi Mumbai,Maharashtra,India,19.0575752,73.0151367,SO2,8.0,10.0,8.0
05-09-2026,"Sardar Patel Inter College, Baghpat - UPPCB",Baghpat,Uttar Pradesh,India,28.964949,77.278761,CO,13.0,30.0,20.0
05-09-2026,"Sardar Patel Inter College, Baghpat - UPPCB",Baghpat,Uttar Pradesh,India,28.964949,77.278761,NH3,1.0,3.0,2.0
05-09-2026,"Sardar Patel Inter College, Baghpat - UPPCB",Baghpat,Uttar Pradesh,India,28.964949,77.278761,NO2,9.0,26.0,14.0
05-09-2026,"Sardar Patel Inter College, Baghpat - UPPCB",Baghpat,Uttar Pradesh,India,28.964949,77.278761,OZONE,26.0,36.0,31.0
05-09-2026,"Sardar Patel Inter College, Baghpat - UPPCB",Baghpat,Uttar Pradesh,India,28.964949,77.278761,PM10,12.0,81.0,34.0
05-09-2026,"Sardar Patel Inter College, Baghpat - UPPCB",Baghpat,Uttar Pradesh,India,28.964949,77.278761,PM2.5,5.0,37.0,15.0
05-09-2026,"Sardar Patel Inter College, Baghpat - UPPCB",Baghpat,Uttar Pradesh,India,28.964949,77.278761,SO2,5.0,19.0,11.0
05-09-2026,"Sardar Patel Nagar, Dhanbad - JSPCB",Dhanbad,Jharkhand,India,23.80569,86.44268,CO,8.0,8.0,8.0
05-09-2026,"Sardar Patel Nagar, Dhanbad - JSPCB",Dhanbad,Jharkhand,India,23.80569,86.44268,NH3,,,
05-09-2026,"Sardar Patel Nagar, Dhanbad - JSPCB",Dhanbad,Jharkhand,India,23.80569,86.44268,NO2,96.0,128.0,102.0
05-09-2026,"Sardar Patel Nagar, Dhanbad - JSPCB",Dhanbad,Jharkhand,India,23.80569,86.44268,OZONE,16.0,30.0,24.0
05-09-2026,"Sardar Patel Nagar, Dhanbad - JSPCB",Dhanbad,Jharkhand,India,23.80569,86.44268,PM10,,,
05-09-2026,"Sardar Patel Nagar, Dhanbad - JSPCB",Dhanbad,Jharkhand,India,23.80569,86.44268,PM2.5,,,
05-09-2026,"Sardar Patel Nagar, Dhanbad - JSPCB",Dhanbad,Jharkhand,India,23.80569,86.44268,SO2,,,
05-09-2026,"Satyawati Vihar, Karauli - RSPCB",Karauli,Rajasthan,India,26.506177,77.025989,CO,19.0,32.0,25.0
05-09-2026,"Satyawati Vihar, Karauli - RSPCB",Karauli,Rajasthan,India,26.506177,77.025989,NH3,5.0,11.0,8.0
05-09-2026,"Satyawati Vihar, Karauli - RSPCB",Karauli,Rajasthan,India,26.506177,77.025989,NO2,24.0,47.0,38.0
05-09-2026,"Satyawati Vihar, Karauli - RSPCB",Karauli,Rajasthan,India,26.506177,77.025989,OZONE,9.0,11.0,10.0
05-09-2026,"Satyawati Vihar, Karauli - RSPCB",Karauli,Rajasthan,India,26.506177,77.025989,PM10,5.0,35.0,14.0
05-09-2026,"Satyawati Vihar, Karauli - RSPCB",Karauli,Rajasthan,India,26.506177,77.025989,PM2.5,3.0,19.0,8.0
05-09-2026,"Satyawati Vihar, Karauli - RSPCB",Karauli,Rajasthan,India,26.506177,77.025989,SO2,3.0,8.0,5.0
05-09-2026,"Savitribai Phule Pune University, Pune - MPCB",Pune,Maharashtra,India,18.547056,73.826908,CO,30.0,34.0,32.0
05-09-2026,"Savitribai Phule Pune University, Pune - MPCB",Pune,Maharashtra,India,18.547056,73.826908,NH3,2.0,5.0,3.0
05-09-2026,"Savitribai Phule Pune University, Pune - MPCB",Pune,Maharashtra,India,18.547056,73.826908,NO2,1.0,11.0,8.0
05-09-2026,"Savitribai Phule Pune University, Pune - MPCB",Pune,Maharashtra,India,18.547056,73.826908,OZONE,11.0,20.0,17.0
05-09-2026,"Savitribai Phule Pune University, Pune - MPCB",Pune,Maharashtra,India,18.547056,73.826908,PM10,30.0,51.0,39.0
05-09-2026,"Savitribai Phule Pune University, Pune - MPCB",Pune,Maharashtra,India,18.547056,73.826908,PM2.5,10.0,24.0,17.0
05-09-2026,"Savitribai Phule Pune University, Pune - MPCB",Pune,Maharashtra,India,18.547056,73.826908,SO2,4.0,5.0,4.0
05-09-2026,"Savta Mali Nagar, Pimpri-Chinchwad - IITM",Pimpri-Chinchwad,Maharashtra,India,18.614767,73.799516,CO,49.0,63.0,57.0
05-09-2026,"Savta Mali Nagar, Pimpri-Chinchwad - IITM",Pimpri-Chinchwad,Maharashtra,India,18.614767,73.799516,NH3,,,
05-09-2026,"Savta Mali Nagar, Pimpri-Chinchwad - IITM",Pimpri-Chinchwad,Maharashtra,India,18.614767,73.799516,NO2,20.0,43.0,26.0
05-09-2026,"Savta Mali Nagar, Pimpri-Chinchwad - IITM",Pimpri-Chinchwad,Maharashtra,India,18.614767,73.799516,OZONE,2.0,18.0,10.0
05-09-2026,"Savta Mali Nagar, Pimpri-Chinchwad - IITM",Pimpri-Chinchwad,Maharashtra,India,18.614767,73.799516,PM10,26.0,79.0,46.0
05-09-2026,"Savta Mali Nagar, Pimpri-Chinchwad - IITM",Pimpri-Chinchwad,Maharashtra,India,18.614767,73.799516,PM2.5,15.0,50.0,28.0
05-09-2026,"Savta Mali Nagar, Pimpri-Chinchwad - IITM",Pimpri-Chinchwad,Maharashtra,India,18.614767,73.799516,SO2,,,
05-09-2026,"Sawe Wadi, Latur - MPCB",Latur,Maharashtra,India,18.39963,76.57452,CO,6.0,20.0,11.0
05-09-2026,"Sawe Wadi, Latur - MPCB",Latur,Maharashtra,India,18.39963,76.57452,NH3,1.0,4.0,2.0
05-09-2026,"Sawe Wadi, Latur - MPCB",Latur,Maharashtra,India,18.39963,76.57452,NO2,5.0,14.0,8.0
05-09-2026,"Sawe Wadi, Latur - MPCB",Latur,Maharashtra,India,18.39963,76.57452,OZONE,16.0,32.0,26.0
05-09-2026,"Sawe Wadi, Latur - MPCB",Latur,Maharashtra,India,18.39963,76.57452,PM10,24.0,51.0,34.0
05-09-2026,"Sawe Wadi, Latur - MPCB",Latur,Maharashtra,India,18.39963,76.57452,PM2.5,12.0,43.0,22.0
05-09-2026,"Sawe Wadi, Latur - MPCB",Latur,Maharashtra,India,18.39963,76.57452,SO2,4.0,6.0,5.0
05-09-2026,"Science Center, Surat - SMC",Surat,Gujarat,India,21.170046,72.795405,CO,38.0,43.0,40.0
05-09-2026,"Science Center, Surat - SMC",Surat,Gujarat,India,21.170046,72.795405,NH3,,,
05-09-2026,"Science Center, Surat - SMC",Surat,Gujarat,India,21.170046,72.795405,NO2,3.0,11.0,6.0
05-09-2026,"Science Center, Surat - SMC",Surat,Gujarat,India,21.170046,72.795405,OZONE,,,
05-09-2026,"Science Center, Surat - SMC",Surat,Gujarat,India,21.170046,72.795405,PM10,22.0,63.0,35.0
05-09-2026,"Science Center, Surat - SMC",Surat,Gujarat,India,21.170046,72.795405,PM2.5,9.0,64.0,35.0
05-09-2026,"Science Center, Surat - SMC",Surat,Gujarat,India,21.170046,72.795405,SO2,15.0,17.0,16.0
05-09-2026,"Secretariat, Amaravati - APPCB",Amaravati,Andhra Pradesh,India,16.5150833,80.5181667,CO,11.0,22.0,15.0
05-09-2026,"Secretariat, Amaravati - APPCB",Amaravati,Andhra Pradesh,India,16.5150833,80.5181667,NH3,4.0,8.0,6.0
05-09-2026,"Secretariat, Amaravati - APPCB",Amaravati,Andhra Pradesh,India,16.5150833,80.5181667,NO2,12.0,53.0,26.0
05-09-2026,"Secretariat, Amaravati - APPCB",Amaravati,Andhra Pradesh,India,16.5150833,80.5181667,OZONE,35.0,62.0,49.0
05-09-2026,"Secretariat, Amaravati - APPCB",Amaravati,Andhra Pradesh,India,16.5150833,80.5181667,PM10,23.0,108.0,59.0
05-09-2026,"Secretariat, Amaravati - APPCB",Amaravati,Andhra Pradesh,India,16.5150833,80.5181667,PM2.5,20.0,47.0,31.0
05-09-2026,"Secretariat, Amaravati - APPCB",Amaravati,Andhra Pradesh,India,16.5150833,80.5181667,SO2,1.0,18.0,5.0
05-09-2026,"Sector - 125, Noida - UPPCB",Noida,Uttar Pradesh,India,28.5447608,77.3231257,CO,19.0,42.0,29.0
05-09-2026,"Sector - 125, Noida - UPPCB",Noida,Uttar Pradesh,India,28.5447608,77.3231257,NH3,3.0,3.0,3.0
05-09-2026,"Sector - 125, Noida - UPPCB",Noida,Uttar Pradesh,India,28.5447608,77.3231257,NO2,16.0,18.0,17.0
05-09-2026,"Sector - 125, Noida - UPPCB",Noida,Uttar Pradesh,India,28.5447608,77.3231257,OZONE,13.0,14.0,14.0
05-09-2026,"Sector - 125, Noida - UPPCB",Noida,Uttar Pradesh,India,28.5447608,77.3231257,PM10,19.0,72.0,40.0
05-09-2026,"Sector - 125, Noida - UPPCB",Noida,Uttar Pradesh,India,28.5447608,77.3231257,PM2.5,3.0,67.0,25.0
05-09-2026,"Sector - 125, Noida - UPPCB",Noida,Uttar Pradesh,India,28.5447608,77.3231257,SO2,8.0,12.0,11.0
05-09-2026,"Sector - 62, Noida - IITM",Noida,Uttar Pradesh,India,28.6245479,77.3577104,CO,21.0,34.0,26.0
05-09-2026,"Sector - 62, Noida - IITM",Noida,Uttar Pradesh,India,28.6245479,77.3577104,NH3,,,
05-09-2026,"Sector - 62, Noida - IITM",Noida,Uttar Pradesh,India,28.6245479,77.3577104,NO2,9.0,38.0,21.0
05-09-2026,"Sector - 62, Noida - IITM",Noida,Uttar Pradesh,India,28.6245479,77.3577104,OZONE,21.0,24.0,22.0
05-09-2026,"Sector - 62, Noida - IITM",Noida,Uttar Pradesh,India,28.6245479,77.3577104,PM10,21.0,55.0,35.0
05-09-2026,"Sector - 62, Noida - IITM",Noida,Uttar Pradesh,India,28.6245479,77.3577104,PM2.5,13.0,79.0,37.0
05-09-2026,"Sector - 62, Noida - IITM",Noida,Uttar Pradesh,India,28.6245479,77.3577104,SO2,,,
05-09-2026,"Sector 11, Faridabad - HSPCB",Faridabad,Haryana,India,28.376058,77.315741,CO,55.0,61.0,58.0
05-09-2026,"Sector 11, Faridabad - HSPCB",Faridabad,Haryana,India,28.376058,77.315741,NH3,,,
05-09-2026,"Sector 11, Faridabad - HSPCB",Faridabad,Haryana,India,28.376058,77.315741,NO2,,,
05-09-2026,"Sector 11, Faridabad - HSPCB",Faridabad,Haryana,India,28.376058,77.315741,OZONE,15.0,17.0,16.0
05-09-2026,"Sector 11, Faridabad - HSPCB",Faridabad,Haryana,India,28.376058,77.315741,PM10,,,
05-09-2026,"Sector 11, Faridabad - HSPCB",Faridabad,Haryana,India,28.376058,77.315741,PM2.5,,,
05-09-2026,"Sector 11, Faridabad - HSPCB",Faridabad,Haryana,India,28.376058,77.315741,SO2,,,
05-09-2026,"Sector 22, Chandigarh - CPCC",Chandigarh,Chandigarh,India,30.735567,76.775714,CO,35.0,47.0,40.0
05-09-2026,"Sector 22, Chandigarh - CPCC",Chandigarh,Chandigarh,India,30.735567,76.775714,NH3,1.0,6.0,4.0
05-09-2026,"Sector 22, Chandigarh - CPCC",Chandigarh,Chandigarh,India,30.735567,76.775714,NO2,1.0,6.0,3.0
05-09-2026,"Sector 22, Chandigarh - CPCC",Chandigarh,Chandigarh,India,30.735567,76.775714,OZONE,4.0,12.0,9.0
05-09-2026,"Sector 22, Chandigarh - CPCC",Chandigarh,Chandigarh,India,30.735567,76.775714,PM10,10.0,47.0,21.0
05-09-2026,"Sector 22, Chandigarh - CPCC",Chandigarh,Chandigarh,India,30.735567,76.775714,PM2.5,10.0,30.0,19.0
05-09-2026,"Sector 22, Chandigarh - CPCC",Chandigarh,Chandigarh,India,30.735567,76.775714,SO2,3.0,7.0,5.0
05-09-2026,"Sector 30, Faridabad - HSPCB",Faridabad,Haryana,India,28.4417,77.3217,CO,24.0,34.0,26.0
05-09-2026,"Sector 30, Faridabad - HSPCB",Faridabad,Haryana,India,28.4417,77.3217,NH3,11.0,12.0,12.0
05-09-2026,"Sector 30, Faridabad - HSPCB",Faridabad,Haryana,India,28.4417,77.3217,NO2,36.0,39.0,38.0
05-09-2026,"Sector 30, Faridabad - HSPCB",Faridabad,Haryana,India,28.4417,77.3217,OZONE,34.0,70.0,45.0
05-09-2026,"Sector 30, Faridabad - HSPCB",Faridabad,Haryana,India,28.4417,77.3217,PM10,48.0,136.0,72.0
05-09-2026,"Sector 30, Faridabad - HSPCB",Faridabad,Haryana,India,28.4417,77.3217,PM2.5,58.0,207.0,79.0
05-09-2026,"Sector 30, Faridabad - HSPCB",Faridabad,Haryana,India,28.4417,77.3217,SO2,4.0,6.0,4.0
05-09-2026,"Sector-1, Noida - UPPCB",Noida,Uttar Pradesh,India,28.5898,77.3101,CO,17.0,17.0,17.0
05-09-2026,"Sector-1, Noida - UPPCB",Noida,Uttar Pradesh,India,28.5898,77.3101,NH3,,,
05-09-2026,"Sector-1, Noida - UPPCB",Noida,Uttar Pradesh,India,28.5898,77.3101,NO2,,,
05-09-2026,"Sector-1, Noida - UPPCB",Noida,Uttar Pradesh,India,28.5898,77.3101,OZONE,,,
05-09-2026,"Sector-1, Noida - UPPCB",Noida,Uttar Pradesh,India,28.5898,77.3101,PM10,16.0,59.0,35.0
05-09-2026,"Sector-1, Noida - UPPCB",Noida,Uttar Pradesh,India,28.5898,77.3101,PM2.5,,,
05-09-2026,"Sector-1, Noida - UPPCB",Noida,Uttar Pradesh,India,28.5898,77.3101,SO2,,,
05-09-2026,"Sector-10, Gandhinagar - GPCB",Gandhinagar,Gujarat,India,23.221714,72.654328,CO,13.0,14.0,14.0
05-09-2026,"Sector-10, Gandhinagar - GPCB",Gandhinagar,Gujarat,India,23.221714,72.654328,NH3,1.0,1.0,1.0
05-09-2026,"Sector-10, Gandhinagar - GPCB",Gandhinagar,Gujarat,India,23.221714,72.654328,NO2,5.0,7.0,6.0
05-09-2026,"Sector-10, Gandhinagar - GPCB",Gandhinagar,Gujarat,India,23.221714,72.654328,OZONE,,,
05-09-2026,"Sector-10, Gandhinagar - GPCB",Gandhinagar,Gujarat,India,23.221714,72.654328,PM10,,,
05-09-2026,"Sector-10, Gandhinagar - GPCB",Gandhinagar,Gujarat,India,23.221714,72.654328,PM2.5,,,
05-09-2026,"Sector-10, Gandhinagar - GPCB",Gandhinagar,Gujarat,India,23.221714,72.654328,SO2,7.0,8.0,7.0
05-09-2026,"Sector-116, Noida - UPPCB",Noida,Uttar Pradesh,India,28.56923,77.393848,CO,18.0,46.0,28.0
05-09-2026,"Sector-116, Noida - UPPCB",Noida,Uttar Pradesh,India,28.56923,77.393848,NH3,4.0,11.0,6.0
05-09-2026,"Sector-116, Noida - UPPCB",Noida,Uttar Pradesh,India,28.56923,77.393848,NO2,12.0,57.0,25.0
05-09-2026,"Sector-116, Noida - UPPCB",Noida,Uttar Pradesh,India,28.56923,77.393848,OZONE,22.0,37.0,32.0
05-09-2026,"Sector-116, Noida - UPPCB",Noida,Uttar Pradesh,India,28.56923,77.393848,PM10,52.0,94.0,71.0
05-09-2026,"Sector-116, Noida - UPPCB",Noida,Uttar Pradesh,India,28.56923,77.393848,PM2.5,58.0,183.0,94.0
05-09-2026,"Sector-116, Noida - UPPCB",Noida,Uttar Pradesh,India,28.56923,77.393848,SO2,11.0,16.0,13.0
05-09-2026,"Sector-12, Karnal - HSPCB",Karnal,Haryana,India,29.6953,77.0027,CO,39.0,56.0,50.0
05-09-2026,"Sector-12, Karnal - HSPCB",Karnal,Haryana,India,29.6953,77.0027,NH3,6.0,12.0,8.0
05-09-2026,"Sector-12, Karnal - HSPCB",Karnal,Haryana,India,29.6953,77.0027,NO2,9.0,21.0,15.0
05-09-2026,"Sector-12, Karnal - HSPCB",Karnal,Haryana,India,29.6953,77.0027,OZONE,16.0,67.0,38.0
05-09-2026,"Sector-12, Karnal - HSPCB",Karnal,Haryana,India,29.6953,77.0027,PM10,29.0,45.0,35.0
05-09-2026,"Sector-12, Karnal - HSPCB",Karnal,Haryana,India,29.6953,77.0027,PM2.5,26.0,40.0,31.0
05-09-2026,"Sector-12, Karnal - HSPCB",Karnal,Haryana,India,29.6953,77.0027,SO2,12.0,13.0,13.0
05-09-2026,"Sector-18, Panipat - HSPCB",Panipat,Haryana,India,29.432304,76.972765,CO,26.0,28.0,27.0
05-09-2026,"Sector-18, Panipat - HSPCB",Panipat,Haryana,India,29.432304,76.972765,NH3,7.0,12.0,9.0
05-09-2026,"Sector-18, Panipat - HSPCB",Panipat,Haryana,India,29.432304,76.972765,NO2,5.0,9.0,7.0
05-09-2026,"Sector-18, Panipat - HSPCB",Panipat,Haryana,India,29.432304,76.972765,OZONE,41.0,43.0,42.0
05-09-2026,"Sector-18, Panipat - HSPCB",Panipat,Haryana,India,29.432304,76.972765,PM10,18.0,116.0,89.0
05-09-2026,"Sector-18, Panipat - HSPCB",Panipat,Haryana,India,29.432304,76.972765,PM2.5,22.0,148.0,47.0
05-09-2026,"Sector-18, Panipat - HSPCB",Panipat,Haryana,India,29.432304,76.972765,SO2,35.0,67.0,49.0
05-09-2026,"Sector-2 IMT, Manesar - HSPCB",Manesar,Haryana,India,28.360699,76.93609,CO,6.0,22.0,15.0
05-09-2026,"Sector-2 IMT, Manesar - HSPCB",Manesar,Haryana,India,28.360699,76.93609,NH3,,,
05-09-2026,"Sector-2 IMT, Manesar - HSPCB",Manesar,Haryana,India,28.360699,76.93609,NO2,,,
05-09-2026,"Sector-2 IMT, Manesar - HSPCB",Manesar,Haryana,India,28.360699,76.93609,OZONE,8.0,39.0,22.0
05-09-2026,"Sector-2 IMT, Manesar - HSPCB",Manesar,Haryana,India,28.360699,76.93609,PM10,,,
05-09-2026,"Sector-2 IMT, Manesar - HSPCB",Manesar,Haryana,India,28.360699,76.93609,PM2.5,,,
05-09-2026,"Sector-2 IMT, Manesar - HSPCB",Manesar,Haryana,India,28.360699,76.93609,SO2,,,
05-09-2026,"Sector-2 Industrial Area, Pithampur - MPPCB",Pithampur,Madhya Pradesh,India,22.624758,75.675238,CO,15.0,33.0,25.0
05-09-2026,"Sector-2 Industrial Area, Pithampur - MPPCB",Pithampur,Madhya Pradesh,India,22.624758,75.675238,NH3,7.0,8.0,7.0
05-09-2026,"Sector-2 Industrial Area, Pithampur - MPPCB",Pithampur,Madhya Pradesh,India,22.624758,75.675238,NO2,9.0,39.0,18.0
05-09-2026,"Sector-2 Industrial Area, Pithampur - MPPCB",Pithampur,Madhya Pradesh,India,22.624758,75.675238,OZONE,23.0,51.0,38.0
05-09-2026,"Sector-2 Industrial Area, Pithampur - MPPCB",Pithampur,Madhya Pradesh,India,22.624758,75.675238,PM10,54.0,136.0,84.0
05-09-2026,"Sector-2 Industrial Area, Pithampur - MPPCB",Pithampur,Madhya Pradesh,India,22.624758,75.675238,PM2.5,59.0,178.0,87.0
05-09-2026,"Sector-2 Industrial Area, Pithampur - MPPCB",Pithampur,Madhya Pradesh,India,22.624758,75.675238,SO2,28.0,57.0,38.0
05-09-2026,"Sector-2 Murlipura, Jaipur - RSPCB",Jaipur,Rajasthan,India,26.960669,75.771817,CO,,,
05-09-2026,"Sector-2 Murlipura, Jaipur - RSPCB",Jaipur,Rajasthan,India,26.960669,75.771817,NH3,3.0,10.0,5.0
05-09-2026,"Sector-2 Murlipura, Jaipur - RSPCB",Jaipur,Rajasthan,India,26.960669,75.771817,NO2,10.0,40.0,26.0
05-09-2026,"Sector-2 Murlipura, Jaipur - RSPCB",Jaipur,Rajasthan,India,26.960669,75.771817,OZONE,7.0,20.0,12.0
05-09-2026,"Sector-2 Murlipura, Jaipur - RSPCB",Jaipur,Rajasthan,India,26.960669,75.771817,PM10,8.0,52.0,32.0
05-09-2026,"Sector-2 Murlipura, Jaipur - RSPCB",Jaipur,Rajasthan,India,26.960669,75.771817,PM2.5,7.0,30.0,19.0
05-09-2026,"Sector-2 Murlipura, Jaipur - RSPCB",Jaipur,Rajasthan,India,26.960669,75.771817,SO2,,,
05-09-2026,"Sector-2, Rourkela - OSPCB",Rourkela,Odisha,India,22.245,84.88111111,CO,10.0,10.0,10.0
05-09-2026,"Sector-2, Rourkela - OSPCB",Rourkela,Odisha,India,22.245,84.88111111,NH3,,,
05-09-2026,"Sector-2, Rourkela - OSPCB",Rourkela,Odisha,India,22.245,84.88111111,NO2,14.0,14.0,14.0
05-09-2026,"Sector-2, Rourkela - OSPCB",Rourkela,Odisha,India,22.245,84.88111111,OZONE,,,
05-09-2026,"Sector-2, Rourkela - OSPCB",Rourkela,Odisha,India,22.245,84.88111111,PM10,39.0,65.0,48.0
05-09-2026,"Sector-2, Rourkela - OSPCB",Rourkela,Odisha,India,22.245,84.88111111,PM2.5,30.0,56.0,38.0
05-09-2026,"Sector-2, Rourkela - OSPCB",Rourkela,Odisha,India,22.245,84.88111111,SO2,,,
05-09-2026,"Sector-25, Chandigarh - CPCC",Chandigarh,Chandigarh,India,30.751462,76.762879,CO,20.0,33.0,25.0
05-09-2026,"Sector-25, Chandigarh - CPCC",Chandigarh,Chandigarh,India,30.751462,76.762879,NH3,10.0,15.0,12.0
05-09-2026,"Sector-25, Chandigarh - CPCC",Chandigarh,Chandigarh,India,30.751462,76.762879,NO2,5.0,34.0,15.0
05-09-2026,"Sector-25, Chandigarh - CPCC",Chandigarh,Chandigarh,India,30.751462,76.762879,OZONE,8.0,21.0,14.0
05-09-2026,"Sector-25, Chandigarh - CPCC",Chandigarh,Chandigarh,India,30.751462,76.762879,PM10,18.0,47.0,36.0
05-09-2026,"Sector-25, Chandigarh - CPCC",Chandigarh,Chandigarh,India,30.751462,76.762879,PM2.5,14.0,33.0,21.0
05-09-2026,"Sector-25, Chandigarh - CPCC",Chandigarh,Chandigarh,India,30.751462,76.762879,SO2,5.0,9.0,6.0
05-09-2026,"Sector-2E Kalamboli, Navi Mumbai - MPCB",Navi Mumbai,Maharashtra,India,19.02579,73.10297,CO,11.0,23.0,16.0
05-09-2026,"Sector-2E Kalamboli, Navi Mumbai - MPCB",Navi Mumbai,Maharashtra,India,19.02579,73.10297,NH3,6.0,11.0,9.0
05-09-2026,"Sector-2E Kalamboli, Navi Mumbai - MPCB",Navi Mumbai,Maharashtra,India,19.02579,73.10297,NO2,,,
05-09-2026,"Sector-2E Kalamboli, Navi Mumbai - MPCB",Navi Mumbai,Maharashtra,India,19.02579,73.10297,OZONE,9.0,13.0,11.0
05-09-2026,"Sector-2E Kalamboli, Navi Mumbai - MPCB",Navi Mumbai,Maharashtra,India,19.02579,73.10297,PM10,24.0,42.0,34.0
05-09-2026,"Sector-2E Kalamboli, Navi Mumbai - MPCB",Navi Mumbai,Maharashtra,India,19.02579,73.10297,PM2.5,17.0,31.0,24.0
05-09-2026,"Sector-2E Kalamboli, Navi Mumbai - MPCB",Navi Mumbai,Maharashtra,India,19.02579,73.10297,SO2,4.0,5.0,4.0
05-09-2026,"Sector-3B Avas Vikas Colony, Agra - UPPCB",Agra,Uttar Pradesh,India,27.19412,77.96237,CO,40.0,50.0,43.0
05-09-2026,"Sector-3B Avas Vikas Colony, Agra - UPPCB",Agra,Uttar Pradesh,India,27.19412,77.96237,NH3,5.0,6.0,5.0
05-09-2026,"Sector-3B Avas Vikas Colony, Agra - UPPCB",Agra,Uttar Pradesh,India,27.19412,77.96237,NO2,35.0,35.0,35.0
05-09-2026,"Sector-3B Avas Vikas Colony, Agra - UPPCB",Agra,Uttar Pradesh,India,27.19412,77.96237,OZONE,13.0,15.0,14.0
05-09-2026,"Sector-3B Avas Vikas Colony, Agra - UPPCB",Agra,Uttar Pradesh,India,27.19412,77.96237,PM10,27.0,56.0,39.0
05-09-2026,"Sector-3B Avas Vikas Colony, Agra - UPPCB",Agra,Uttar Pradesh,India,27.19412,77.96237,PM2.5,19.0,40.0,28.0
05-09-2026,"Sector-3B Avas Vikas Colony, Agra - UPPCB",Agra,Uttar Pradesh,India,27.19412,77.96237,SO2,,,
05-09-2026,"Sector-51, Gurugram - HSPCB",Gurugram,Haryana,India,28.4227,77.0667,CO,14.0,26.0,21.0
05-09-2026,"Sector-51, Gurugram - HSPCB",Gurugram,Haryana,India,28.4227,77.0667,NH3,8.0,22.0,13.0
05-09-2026,"Sector-51, Gurugram - HSPCB",Gurugram,Haryana,India,28.4227,77.0667,NO2,23.0,66.0,40.0
05-09-2026,"Sector-51, Gurugram - HSPCB",Gurugram,Haryana,India,28.4227,77.0667,OZONE,16.0,82.0,46.0
05-09-2026,"Sector-51, Gurugram - HSPCB",Gurugram,Haryana,India,28.4227,77.0667,PM10,30.0,58.0,42.0
05-09-2026,"Sector-51, Gurugram - HSPCB",Gurugram,Haryana,India,28.4227,77.0667,PM2.5,35.0,68.0,50.0
05-09-2026,"Sector-51, Gurugram - HSPCB",Gurugram,Haryana,India,28.4227,77.0667,SO2,6.0,10.0,8.0
05-09-2026,"Sector-53, Chandigarh - CPCC",Chandigarh,Chandigarh,India,30.719859,76.738637,CO,34.0,48.0,40.0
05-09-2026,"Sector-53, Chandigarh - CPCC",Chandigarh,Chandigarh,India,30.719859,76.738637,NH3,2.0,5.0,4.0
05-09-2026,"Sector-53, Chandigarh - CPCC",Chandigarh,Chandigarh,India,30.719859,76.738637,NO2,6.0,61.0,26.0
05-09-2026,"Sector-53, Chandigarh - CPCC",Chandigarh,Chandigarh,India,30.719859,76.738637,OZONE,7.0,25.0,14.0
05-09-2026,"Sector-53, Chandigarh - CPCC",Chandigarh,Chandigarh,India,30.719859,76.738637,PM10,9.0,30.0,18.0
05-09-2026,"Sector-53, Chandigarh - CPCC",Chandigarh,Chandigarh,India,30.719859,76.738637,PM2.5,2.0,20.0,8.0
05-09-2026,"Sector-53, Chandigarh - CPCC",Chandigarh,Chandigarh,India,30.719859,76.738637,SO2,1.0,6.0,2.0
05-09-2026,"Sector-6, Panchkula - HSPCB ",Panchkula,Haryana,India,30.7057778,76.8531805555555,CO,18.0,20.0,19.0
05-09-2026,"Sector-6, Panchkula - HSPCB ",Panchkula,Haryana,India,30.7057778,76.8531805555555,NH3,,,
05-09-2026,"Sector-6, Panchkula - HSPCB ",Panchkula,Haryana,India,30.7057778,76.8531805555555,NO2,26.0,32.0,29.0
05-09-2026,"Sector-6, Panchkula - HSPCB ",Panchkula,Haryana,India,30.7057778,76.8531805555555,OZONE,42.0,54.0,48.0
05-09-2026,"Sector-6, Panchkula - HSPCB ",Panchkula,Haryana,India,30.7057778,76.8531805555555,PM10,,,
05-09-2026,"Sector-6, Panchkula - HSPCB ",Panchkula,Haryana,India,30.7057778,76.8531805555555,PM2.5,14.0,43.0,24.0
05-09-2026,"Sector-6, Panchkula - HSPCB ",Panchkula,Haryana,India,30.7057778,76.8531805555555,SO2,10.0,13.0,11.0
05-09-2026,"Sector-7, Kurukshetra - HSPCB",Kurukshetra,Haryana,India,29.966942,76.875879,CO,5.0,21.0,13.0
05-09-2026,"Sector-7, Kurukshetra - HSPCB",Kurukshetra,Haryana,India,29.966942,76.875879,NH3,4.0,5.0,5.0
05-09-2026,"Sector-7, Kurukshetra - HSPCB",Kurukshetra,Haryana,India,29.966942,76.875879,NO2,7.0,9.0,8.0
05-09-2026,"Sector-7, Kurukshetra - HSPCB",Kurukshetra,Haryana,India,29.966942,76.875879,OZONE,15.0,28.0,21.0
05-09-2026,"Sector-7, Kurukshetra - HSPCB",Kurukshetra,Haryana,India,29.966942,76.875879,PM10,35.0,84.0,60.0
05-09-2026,"Sector-7, Kurukshetra - HSPCB",Kurukshetra,Haryana,India,29.966942,76.875879,PM2.5,41.0,80.0,59.0
05-09-2026,"Sector-7, Kurukshetra - HSPCB",Kurukshetra,Haryana,India,29.966942,76.875879,SO2,3.0,10.0,7.0
05-09-2026,"Sector-D Industrial Area, Mandideep - MPPCB",Mandideep,Madhya Pradesh,India,23.10844,77.511428,CO,14.0,24.0,19.0
05-09-2026,"Sector-D Industrial Area, Mandideep - MPPCB",Mandideep,Madhya Pradesh,India,23.10844,77.511428,NH3,2.0,3.0,3.0
05-09-2026,"Sector-D Industrial Area, Mandideep - MPPCB",Mandideep,Madhya Pradesh,India,23.10844,77.511428,NO2,29.0,42.0,35.0
05-09-2026,"Sector-D Industrial Area, Mandideep - MPPCB",Mandideep,Madhya Pradesh,India,23.10844,77.511428,OZONE,24.0,33.0,28.0
05-09-2026,"Sector-D Industrial Area, Mandideep - MPPCB",Mandideep,Madhya Pradesh,India,23.10844,77.511428,PM10,40.0,71.0,55.0
05-09-2026,"Sector-D Industrial Area, Mandideep - MPPCB",Mandideep,Madhya Pradesh,India,23.10844,77.511428,PM2.5,37.0,58.0,46.0
05-09-2026,"Sector-D Industrial Area, Mandideep - MPPCB",Mandideep,Madhya Pradesh,India,23.10844,77.511428,SO2,2.0,7.0,4.0
05-09-2026,"Semmandalam, Cuddalore - TNPCB",Cuddalore,Tamil Nadu,India,11.7637683,79.7499835,CO,,,
05-09-2026,"Semmandalam, Cuddalore - TNPCB",Cuddalore,Tamil Nadu,India,11.7637683,79.7499835,NH3,,,
05-09-2026,"Semmandalam, Cuddalore - TNPCB",Cuddalore,Tamil Nadu,India,11.7637683,79.7499835,NO2,,,
05-09-2026,"Semmandalam, Cuddalore - TNPCB",Cuddalore,Tamil Nadu,India,11.7637683,79.7499835,OZONE,2.0,2.0,2.0
05-09-2026,"Semmandalam, Cuddalore - TNPCB",Cuddalore,Tamil Nadu,India,11.7637683,79.7499835,PM10,,,
05-09-2026,"Semmandalam, Cuddalore - TNPCB",Cuddalore,Tamil Nadu,India,11.7637683,79.7499835,PM2.5,,,
05-09-2026,"Semmandalam, Cuddalore - TNPCB",Cuddalore,Tamil Nadu,India,11.7637683,79.7499835,SO2,,,
05-09-2026,"Sewri, Mumbai - BMC",Mumbai,Maharashtra,India,19.000084,72.85673,CO,19.0,29.0,23.0
05-09-2026,"Sewri, Mumbai - BMC",Mumbai,Maharashtra,India,19.000084,72.85673,NH3,2.0,11.0,4.0
05-09-2026,"Sewri, Mumbai - BMC",Mumbai,Maharashtra,India,19.000084,72.85673,NO2,11.0,34.0,25.0
05-09-2026,"Sewri, Mumbai - BMC",Mumbai,Maharashtra,India,19.000084,72.85673,OZONE,7.0,15.0,11.0
05-09-2026,"Sewri, Mumbai - BMC",Mumbai,Maharashtra,India,19.000084,72.85673,PM10,31.0,51.0,38.0
05-09-2026,"Sewri, Mumbai - BMC",Mumbai,Maharashtra,India,19.000084,72.85673,PM2.5,17.0,39.0,25.0
05-09-2026,"Sewri, Mumbai - BMC",Mumbai,Maharashtra,India,19.000084,72.85673,SO2,1.0,8.0,4.0
05-09-2026,"Shadipur, Delhi - CPCB",Delhi,Delhi,India,28.6514781,77.1473105,CO,45.0,69.0,52.0
05-09-2026,"Shadipur, Delhi - CPCB",Delhi,Delhi,India,28.6514781,77.1473105,NH3,4.0,10.0,6.0
05-09-2026,"Shadipur, Delhi - CPCB",Delhi,Delhi,India,28.6514781,77.1473105,NO2,19.0,50.0,29.0
05-09-2026,"Shadipur, Delhi - CPCB",Delhi,Delhi,India,28.6514781,77.1473105,OZONE,8.0,12.0,11.0
05-09-2026,"Shadipur, Delhi - CPCB",Delhi,Delhi,India,28.6514781,77.1473105,PM10,14.0,30.0,23.0
05-09-2026,"Shadipur, Delhi - CPCB",Delhi,Delhi,India,28.6514781,77.1473105,PM2.5,,,
05-09-2026,"Shadipur, Delhi - CPCB",Delhi,Delhi,India,28.6514781,77.1473105,SO2,3.0,20.0,13.0
05-09-2026,"Shahjahan Garden, Agra - UPPCB",Agra,Uttar Pradesh,India,27.169338,78.03582,CO,22.0,27.0,24.0
05-09-2026,"Shahjahan Garden, Agra - UPPCB",Agra,Uttar Pradesh,India,27.169338,78.03582,NH3,1.0,1.0,1.0
05-09-2026,"Shahjahan Garden, Agra - UPPCB",Agra,Uttar Pradesh,India,27.169338,78.03582,NO2,17.0,24.0,21.0
05-09-2026,"Shahjahan Garden, Agra - UPPCB",Agra,Uttar Pradesh,India,27.169338,78.03582,OZONE,1.0,1.0,1.0
05-09-2026,"Shahjahan Garden, Agra - UPPCB",Agra,Uttar Pradesh,India,27.169338,78.03582,PM10,27.0,50.0,37.0
05-09-2026,"Shahjahan Garden, Agra - UPPCB",Agra,Uttar Pradesh,India,27.169338,78.03582,PM2.5,18.0,33.0,25.0
05-09-2026,"Shahjahan Garden, Agra - UPPCB",Agra,Uttar Pradesh,India,27.169338,78.03582,SO2,50.0,69.0,61.0
05-09-2026,"Shasthri Nagar, Ratlam - IPCA Lab",Ratlam,Madhya Pradesh,India,23.331731,75.045981,CO,,,
05-09-2026,"Shasthri Nagar, Ratlam - IPCA Lab",Ratlam,Madhya Pradesh,India,23.331731,75.045981,NH3,,,
05-09-2026,"Shasthri Nagar, Ratlam - IPCA Lab",Ratlam,Madhya Pradesh,India,23.331731,75.045981,NO2,39.0,54.0,44.0
05-09-2026,"Shasthri Nagar, Ratlam - IPCA Lab",Ratlam,Madhya Pradesh,India,23.331731,75.045981,OZONE,,,
05-09-2026,"Shasthri Nagar, Ratlam - IPCA Lab",Ratlam,Madhya Pradesh,India,23.331731,75.045981,PM10,17.0,54.0,36.0
05-09-2026,"Shasthri Nagar, Ratlam - IPCA Lab",Ratlam,Madhya Pradesh,India,23.331731,75.045981,PM2.5,7.0,61.0,32.0
05-09-2026,"Shasthri Nagar, Ratlam - IPCA Lab",Ratlam,Madhya Pradesh,India,23.331731,75.045981,SO2,9.0,11.0,10.0
05-09-2026,"Shastri Nagar, Chittorgarh - RSPCB",Chittorgarh,Rajasthan,India,24.892047,74.623527,CO,14.0,47.0,24.0
05-09-2026,"Shastri Nagar, Chittorgarh - RSPCB",Chittorgarh,Rajasthan,India,24.892047,74.623527,NH3,8.0,14.0,10.0
05-09-2026,"Shastri Nagar, Chittorgarh - RSPCB",Chittorgarh,Rajasthan,India,24.892047,74.623527,NO2,4.0,34.0,14.0
05-09-2026,"Shastri Nagar, Chittorgarh - RSPCB",Chittorgarh,Rajasthan,India,24.892047,74.623527,OZONE,7.0,29.0,20.0
05-09-2026,"Shastri Nagar, Chittorgarh - RSPCB",Chittorgarh,Rajasthan,India,24.892047,74.623527,PM10,31.0,84.0,54.0
05-09-2026,"Shastri Nagar, Chittorgarh - RSPCB",Chittorgarh,Rajasthan,India,24.892047,74.623527,PM2.5,32.0,65.0,44.0
05-09-2026,"Shastri Nagar, Chittorgarh - RSPCB",Chittorgarh,Rajasthan,India,24.892047,74.623527,SO2,4.0,10.0,6.0
05-09-2026,"Shastri Nagar, Jaipur - RSPCB",Jaipur,Rajasthan,India,26.9502929,75.730943,CO,22.0,48.0,34.0
05-09-2026,"Shastri Nagar, Jaipur - RSPCB",Jaipur,Rajasthan,India,26.9502929,75.730943,NH3,7.0,12.0,9.0
05-09-2026,"Shastri Nagar, Jaipur - RSPCB",Jaipur,Rajasthan,India,26.9502929,75.730943,NO2,20.0,44.0,31.0
05-09-2026,"Shastri Nagar, Jaipur - RSPCB",Jaipur,Rajasthan,India,26.9502929,75.730943,OZONE,23.0,26.0,25.0
05-09-2026,"Shastri Nagar, Jaipur - RSPCB",Jaipur,Rajasthan,India,26.9502929,75.730943,PM10,39.0,74.0,48.0
05-09-2026,"Shastri Nagar, Jaipur - RSPCB",Jaipur,Rajasthan,India,26.9502929,75.730943,PM2.5,52.0,101.0,66.0
05-09-2026,"Shastri Nagar, Jaipur - RSPCB",Jaipur,Rajasthan,India,26.9502929,75.730943,SO2,14.0,38.0,24.0
05-09-2026,"Shastri Nagar, Narnaul - HSPCB",Narnaul,Haryana,India,28.060249,76.113115,CO,17.0,22.0,20.0
05-09-2026,"Shastri Nagar, Narnaul - HSPCB",Narnaul,Haryana,India,28.060249,76.113115,NH3,4.0,11.0,7.0
05-09-2026,"Shastri Nagar, Narnaul - HSPCB",Narnaul,Haryana,India,28.060249,76.113115,NO2,19.0,80.0,48.0
05-09-2026,"Shastri Nagar, Narnaul - HSPCB",Narnaul,Haryana,India,28.060249,76.113115,OZONE,15.0,64.0,41.0
05-09-2026,"Shastri Nagar, Narnaul - HSPCB",Narnaul,Haryana,India,28.060249,76.113115,PM10,50.0,80.0,65.0
05-09-2026,"Shastri Nagar, Narnaul - HSPCB",Narnaul,Haryana,India,28.060249,76.113115,PM2.5,36.0,63.0,49.0
05-09-2026,"Shastri Nagar, Narnaul - HSPCB",Narnaul,Haryana,India,28.060249,76.113115,SO2,5.0,18.0,10.0
05-09-2026,"Shastri Nagar, Tonk - RSPCB",Tonk,Rajasthan,India,26.159933,75.780517,CO,63.0,122.0,104.0
05-09-2026,"Shastri Nagar, Tonk - RSPCB",Tonk,Rajasthan,India,26.159933,75.780517,NH3,4.0,5.0,4.0
05-09-2026,"Shastri Nagar, Tonk - RSPCB",Tonk,Rajasthan,India,26.159933,75.780517,NO2,3.0,14.0,7.0
05-09-2026,"Shastri Nagar, Tonk - RSPCB",Tonk,Rajasthan,India,26.159933,75.780517,OZONE,31.0,51.0,41.0
05-09-2026,"Shastri Nagar, Tonk - RSPCB",Tonk,Rajasthan,India,26.159933,75.780517,PM10,26.0,84.0,48.0
05-09-2026,"Shastri Nagar, Tonk - RSPCB",Tonk,Rajasthan,India,26.159933,75.780517,PM2.5,27.0,57.0,39.0
05-09-2026,"Shastri Nagar, Tonk - RSPCB",Tonk,Rajasthan,India,26.159933,75.780517,SO2,1.0,4.0,2.0
05-09-2026,"Shastripuram, Agra - UPPCB",Agra,Uttar Pradesh,India,27.19862,77.92066,CO,52.0,58.0,56.0
05-09-2026,"Shastripuram, Agra - UPPCB",Agra,Uttar Pradesh,India,27.19862,77.92066,NH3,3.0,3.0,3.0
05-09-2026,"Shastripuram, Agra - UPPCB",Agra,Uttar Pradesh,India,27.19862,77.92066,NO2,53.0,55.0,54.0
05-09-2026,"Shastripuram, Agra - UPPCB",Agra,Uttar Pradesh,India,27.19862,77.92066,OZONE,2.0,3.0,3.0
05-09-2026,"Shastripuram, Agra - UPPCB",Agra,Uttar Pradesh,India,27.19862,77.92066,PM10,10.0,34.0,23.0
05-09-2026,"Shastripuram, Agra - UPPCB",Agra,Uttar Pradesh,India,27.19862,77.92066,PM2.5,11.0,40.0,27.0
05-09-2026,"Shastripuram, Agra - UPPCB",Agra,Uttar Pradesh,India,27.19862,77.92066,SO2,10.0,23.0,15.0
05-09-2026,"Shivaji Nagar, Jhansi - UPPCB",Jhansi,Uttar Pradesh,India,25.4547,78.6039,CO,4.0,14.0,7.0
05-09-2026,"Shivaji Nagar, Jhansi - UPPCB",Jhansi,Uttar Pradesh,India,25.4547,78.6039,NH3,4.0,4.0,4.0
05-09-2026,"Shivaji Nagar, Jhansi - UPPCB",Jhansi,Uttar Pradesh,India,25.4547,78.6039,NO2,6.0,7.0,6.0
05-09-2026,"Shivaji Nagar, Jhansi - UPPCB",Jhansi,Uttar Pradesh,India,25.4547,78.6039,OZONE,5.0,9.0,7.0
05-09-2026,"Shivaji Nagar, Jhansi - UPPCB",Jhansi,Uttar Pradesh,India,25.4547,78.6039,PM10,16.0,48.0,34.0
05-09-2026,"Shivaji Nagar, Jhansi - UPPCB",Jhansi,Uttar Pradesh,India,25.4547,78.6039,PM2.5,12.0,68.0,30.0
05-09-2026,"Shivaji Nagar, Jhansi - UPPCB",Jhansi,Uttar Pradesh,India,25.4547,78.6039,SO2,20.0,31.0,25.0
05-09-2026,"Shivaji Nagar, Mumbai - BMC",Mumbai,Maharashtra,India,19.060498,72.923356,CO,11.0,40.0,23.0
05-09-2026,"Shivaji Nagar, Mumbai - BMC",Mumbai,Maharashtra,India,19.060498,72.923356,NH3,2.0,12.0,5.0
05-09-2026,"Shivaji Nagar, Mumbai - BMC",Mumbai,Maharashtra,India,19.060498,72.923356,NO2,7.0,15.0,11.0
05-09-2026,"Shivaji Nagar, Mumbai - BMC",Mumbai,Maharashtra,India,19.060498,72.923356,OZONE,10.0,12.0,11.0
05-09-2026,"Shivaji Nagar, Mumbai - BMC",Mumbai,Maharashtra,India,19.060498,72.923356,PM10,41.0,111.0,71.0
05-09-2026,"Shivaji Nagar, Mumbai - BMC",Mumbai,Maharashtra,India,19.060498,72.923356,PM2.5,11.0,56.0,28.0
05-09-2026,"Shivaji Nagar, Mumbai - BMC",Mumbai,Maharashtra,India,19.060498,72.923356,SO2,2.0,9.0,4.0
05-09-2026,"Shivaji Nagar, Rishikesh - UKPCB",Rishikesh,Uttarakhand,India,30.075911,78.2859547,CO,37.0,37.0,37.0
05-09-2026,"Shivaji Nagar, Rishikesh - UKPCB",Rishikesh,Uttarakhand,India,30.075911,78.2859547,NH3,6.0,6.0,6.0
05-09-2026,"Shivaji Nagar, Rishikesh - UKPCB",Rishikesh,Uttarakhand,India,30.075911,78.2859547,NO2,6.0,6.0,6.0
05-09-2026,"Shivaji Nagar, Rishikesh - UKPCB",Rishikesh,Uttarakhand,India,30.075911,78.2859547,OZONE,34.0,34.0,34.0
05-09-2026,"Shivaji Nagar, Rishikesh - UKPCB",Rishikesh,Uttarakhand,India,30.075911,78.2859547,PM10,20.0,20.0,20.0
05-09-2026,"Shivaji Nagar, Rishikesh - UKPCB",Rishikesh,Uttarakhand,India,30.075911,78.2859547,PM2.5,2.0,2.0,2.0
05-09-2026,"Shivaji Nagar, Rishikesh - UKPCB",Rishikesh,Uttarakhand,India,30.075911,78.2859547,SO2,1.0,1.0,1.0
05-09-2026,"Shivaji University, Kolhapur - MPCB",Kolhapur,Maharashtra,India,16.6870449,74.2505872,CO,13.0,20.0,17.0
05-09-2026,"Shivaji University, Kolhapur - MPCB",Kolhapur,Maharashtra,India,16.6870449,74.2505872,NH3,3.0,4.0,3.0
05-09-2026,"Shivaji University, Kolhapur - MPCB",Kolhapur,Maharashtra,India,16.6870449,74.2505872,NO2,5.0,19.0,11.0
05-09-2026,"Shivaji University, Kolhapur - MPCB",Kolhapur,Maharashtra,India,16.6870449,74.2505872,OZONE,14.0,18.0,16.0
05-09-2026,"Shivaji University, Kolhapur - MPCB",Kolhapur,Maharashtra,India,16.6870449,74.2505872,PM10,15.0,52.0,30.0
05-09-2026,"Shivaji University, Kolhapur - MPCB",Kolhapur,Maharashtra,India,16.6870449,74.2505872,PM2.5,13.0,36.0,21.0
05-09-2026,"Shivaji University, Kolhapur - MPCB",Kolhapur,Maharashtra,India,16.6870449,74.2505872,SO2,,,
05-09-2026,"Shivapura_Peenya, Bengaluru - KSPCB",Bengaluru,Karnataka,India,13.0246342,77.5080115,CO,,,
05-09-2026,"Shivapura_Peenya, Bengaluru - KSPCB",Bengaluru,Karnataka,India,13.0246342,77.5080115,NH3,3.0,3.0,3.0
05-09-2026,"Shivapura_Peenya, Bengaluru - KSPCB",Bengaluru,Karnataka,India,13.0246342,77.5080115,NO2,39.0,41.0,40.0
05-09-2026,"Shivapura_Peenya, Bengaluru - KSPCB",Bengaluru,Karnataka,India,13.0246342,77.5080115,OZONE,24.0,24.0,24.0
05-09-2026,"Shivapura_Peenya, Bengaluru - KSPCB",Bengaluru,Karnataka,India,13.0246342,77.5080115,PM10,,,
05-09-2026,"Shivapura_Peenya, Bengaluru - KSPCB",Bengaluru,Karnataka,India,13.0246342,77.5080115,PM2.5,36.0,43.0,38.0
05-09-2026,"Shivapura_Peenya, Bengaluru - KSPCB",Bengaluru,Karnataka,India,13.0246342,77.5080115,SO2,3.0,5.0,4.0
05-09-2026,"Shivneri Colony, Amravati - MPCB",Amravati,Maharashtra,India,20.9402359,77.7895248,CO,9.0,19.0,14.0
05-09-2026,"Shivneri Colony, Amravati - MPCB",Amravati,Maharashtra,India,20.9402359,77.7895248,NH3,2.0,2.0,2.0
05-09-2026,"Shivneri Colony, Amravati - MPCB",Amravati,Maharashtra,India,20.9402359,77.7895248,NO2,3.0,9.0,5.0
05-09-2026,"Shivneri Colony, Amravati - MPCB",Amravati,Maharashtra,India,20.9402359,77.7895248,OZONE,8.0,17.0,12.0
05-09-2026,"Shivneri Colony, Amravati - MPCB",Amravati,Maharashtra,India,20.9402359,77.7895248,PM10,17.0,46.0,28.0
05-09-2026,"Shivneri Colony, Amravati - MPCB",Amravati,Maharashtra,India,20.9402359,77.7895248,PM2.5,11.0,36.0,21.0
05-09-2026,"Shivneri Colony, Amravati - MPCB",Amravati,Maharashtra,India,20.9402359,77.7895248,SO2,3.0,5.0,4.0
05-09-2026,"Shri Shivaji Science College, Amravati - MPCB",Amravati,Maharashtra,India,20.939198,77.765701,CO,25.0,27.0,26.0
05-09-2026,"Shri Shivaji Science College, Amravati - MPCB",Amravati,Maharashtra,India,20.939198,77.765701,NH3,2.0,3.0,3.0
05-09-2026,"Shri Shivaji Science College, Amravati - MPCB",Amravati,Maharashtra,India,20.939198,77.765701,NO2,4.0,13.0,7.0
05-09-2026,"Shri Shivaji Science College, Amravati - MPCB",Amravati,Maharashtra,India,20.939198,77.765701,OZONE,9.0,24.0,17.0
05-09-2026,"Shri Shivaji Science College, Amravati - MPCB",Amravati,Maharashtra,India,20.939198,77.765701,PM10,22.0,51.0,35.0
05-09-2026,"Shri Shivaji Science College, Amravati - MPCB",Amravati,Maharashtra,India,20.939198,77.765701,PM2.5,17.0,45.0,27.0
05-09-2026,"Shri Shivaji Science College, Amravati - MPCB",Amravati,Maharashtra,India,20.939198,77.765701,SO2,5.0,6.0,5.0
05-09-2026,"Shrinath Puram, Kota - RSPCB",Kota,Rajasthan,India,25.14389,75.821256,CO,26.0,37.0,32.0
05-09-2026,"Shrinath Puram, Kota - RSPCB",Kota,Rajasthan,India,25.14389,75.821256,NH3,1.0,9.0,5.0
05-09-2026,"Shrinath Puram, Kota - RSPCB",Kota,Rajasthan,India,25.14389,75.821256,NO2,4.0,20.0,10.0
05-09-2026,"Shrinath Puram, Kota - RSPCB",Kota,Rajasthan,India,25.14389,75.821256,OZONE,7.0,12.0,10.0
05-09-2026,"Shrinath Puram, Kota - RSPCB",Kota,Rajasthan,India,25.14389,75.821256,PM10,43.0,103.0,55.0
05-09-2026,"Shrinath Puram, Kota - RSPCB",Kota,Rajasthan,India,25.14389,75.821256,PM2.5,38.0,57.0,46.0
05-09-2026,"Shrinath Puram, Kota - RSPCB",Kota,Rajasthan,India,25.14389,75.821256,SO2,6.0,8.0,7.0
05-09-2026,"Shrivastav Colony, Damoh - MPPCB",Damoh,Madhya Pradesh,India,23.81748678,79.446246,CO,17.0,20.0,19.0
05-09-2026,"Shrivastav Colony, Damoh - MPPCB",Damoh,Madhya Pradesh,India,23.81748678,79.446246,NH3,,,
05-09-2026,"Shrivastav Colony, Damoh - MPPCB",Damoh,Madhya Pradesh,India,23.81748678,79.446246,NO2,5.0,6.0,6.0
05-09-2026,"Shrivastav Colony, Damoh - MPPCB",Damoh,Madhya Pradesh,India,23.81748678,79.446246,OZONE,,,
05-09-2026,"Shrivastav Colony, Damoh - MPPCB",Damoh,Madhya Pradesh,India,23.81748678,79.446246,PM10,0.0,34.0,13.0
05-09-2026,"Shrivastav Colony, Damoh - MPPCB",Damoh,Madhya Pradesh,India,23.81748678,79.446246,PM2.5,0.0,28.0,10.0
05-09-2026,"Shrivastav Colony, Damoh - MPPCB",Damoh,Madhya Pradesh,India,23.81748678,79.446246,SO2,41.0,57.0,50.0
05-09-2026,"Shyam Nagar, Palwal - HSPCB",Palwal,Haryana,India,28.1485564,77.3320667,CO,12.0,127.0,62.0
05-09-2026,"Shyam Nagar, Palwal - HSPCB",Palwal,Haryana,India,28.1485564,77.3320667,NH3,6.0,6.0,6.0
05-09-2026,"Shyam Nagar, Palwal - HSPCB",Palwal,Haryana,India,28.1485564,77.3320667,NO2,23.0,24.0,24.0
05-09-2026,"Shyam Nagar, Palwal - HSPCB",Palwal,Haryana,India,28.1485564,77.3320667,OZONE,9.0,10.0,10.0
05-09-2026,"Shyam Nagar, Palwal - HSPCB",Palwal,Haryana,India,28.1485564,77.3320667,PM10,47.0,69.0,54.0
05-09-2026,"Shyam Nagar, Palwal - HSPCB",Palwal,Haryana,India,28.1485564,77.3320667,PM2.5,22.0,55.0,33.0
05-09-2026,"Shyam Nagar, Palwal - HSPCB",Palwal,Haryana,India,28.1485564,77.3320667,SO2,4.0,26.0,15.0
05-09-2026,"Siddharth Nagar-Worli, Mumbai - IITM",Mumbai,Maharashtra,India,19.000083,72.813993,CO,2.0,2.0,2.0
05-09-2026,"Siddharth Nagar-Worli, Mumbai - IITM",Mumbai,Maharashtra,India,19.000083,72.813993,NH3,1.0,1.0,1.0
05-09-2026,"Siddharth Nagar-Worli, Mumbai - IITM",Mumbai,Maharashtra,India,19.000083,72.813993,NO2,11.0,16.0,13.0
05-09-2026,"Siddharth Nagar-Worli, Mumbai - IITM",Mumbai,Maharashtra,India,19.000083,72.813993,OZONE,25.0,29.0,27.0
05-09-2026,"Siddharth Nagar-Worli, Mumbai - IITM",Mumbai,Maharashtra,India,19.000083,72.813993,PM10,13.0,37.0,25.0
05-09-2026,"Siddharth Nagar-Worli, Mumbai - IITM",Mumbai,Maharashtra,India,19.000083,72.813993,PM2.5,10.0,14.0,12.0
05-09-2026,"Siddharth Nagar-Worli, Mumbai - IITM",Mumbai,Maharashtra,India,19.000083,72.813993,SO2,,,
05-09-2026,"Sidhi Vinayak Nagar, Ulhasnagar - MPCB",Ulhasnagar,Maharashtra,India,19.235581,73.159121,CO,,,
05-09-2026,"Sidhi Vinayak Nagar, Ulhasnagar - MPCB",Ulhasnagar,Maharashtra,India,19.235581,73.159121,NH3,2.0,2.0,2.0
05-09-2026,"Sidhi Vinayak Nagar, Ulhasnagar - MPCB",Ulhasnagar,Maharashtra,India,19.235581,73.159121,NO2,9.0,11.0,10.0
05-09-2026,"Sidhi Vinayak Nagar, Ulhasnagar - MPCB",Ulhasnagar,Maharashtra,India,19.235581,73.159121,OZONE,2.0,15.0,9.0
05-09-2026,"Sidhi Vinayak Nagar, Ulhasnagar - MPCB",Ulhasnagar,Maharashtra,India,19.235581,73.159121,PM10,18.0,59.0,37.0
05-09-2026,"Sidhi Vinayak Nagar, Ulhasnagar - MPCB",Ulhasnagar,Maharashtra,India,19.235581,73.159121,PM2.5,17.0,55.0,35.0
05-09-2026,"Sidhi Vinayak Nagar, Ulhasnagar - MPCB",Ulhasnagar,Maharashtra,India,19.235581,73.159121,SO2,0.0,7.0,3.0
05-09-2026,"Sikulpuikawn, Aizawl - Mizoram PCB",Aizawl,Mizoram,India,23.7176342,92.7192841,CO,3.0,3.0,3.0
05-09-2026,"Sikulpuikawn, Aizawl - Mizoram PCB",Aizawl,Mizoram,India,23.7176342,92.7192841,NH3,,,
05-09-2026,"Sikulpuikawn, Aizawl - Mizoram PCB",Aizawl,Mizoram,India,23.7176342,92.7192841,NO2,,,
05-09-2026,"Sikulpuikawn, Aizawl - Mizoram PCB",Aizawl,Mizoram,India,23.7176342,92.7192841,OZONE,0.0,1.0,0.0
05-09-2026,"Sikulpuikawn, Aizawl - Mizoram PCB",Aizawl,Mizoram,India,23.7176342,92.7192841,PM10,,,
05-09-2026,"Sikulpuikawn, Aizawl - Mizoram PCB",Aizawl,Mizoram,India,23.7176342,92.7192841,PM2.5,,,
05-09-2026,"Sikulpuikawn, Aizawl - Mizoram PCB",Aizawl,Mizoram,India,23.7176342,92.7192841,SO2,,,
05-09-2026,"Silk Board, Bengaluru - KSPCB",Bengaluru,Karnataka,India,12.917348,77.622813,CO,26.0,85.0,55.0
05-09-2026,"Silk Board, Bengaluru - KSPCB",Bengaluru,Karnataka,India,12.917348,77.622813,NH3,2.0,2.0,2.0
05-09-2026,"Silk Board, Bengaluru - KSPCB",Bengaluru,Karnataka,India,12.917348,77.622813,NO2,16.0,18.0,17.0
05-09-2026,"Silk Board, Bengaluru - KSPCB",Bengaluru,Karnataka,India,12.917348,77.622813,OZONE,12.0,23.0,17.0
05-09-2026,"Silk Board, Bengaluru - KSPCB",Bengaluru,Karnataka,India,12.917348,77.622813,PM10,36.0,318.0,144.0
05-09-2026,"Silk Board, Bengaluru - KSPCB",Bengaluru,Karnataka,India,12.917348,77.622813,PM2.5,24.0,320.0,130.0
05-09-2026,"Silk Board, Bengaluru - KSPCB",Bengaluru,Karnataka,India,12.917348,77.622813,SO2,19.0,22.0,20.0
05-09-2026,"Siltara Phase-II, Raipur - CECB",Raipur,Chhattisgarh,India,21.371751,81.664929,CO,17.0,17.0,17.0
05-09-2026,"Siltara Phase-II, Raipur - CECB",Raipur,Chhattisgarh,India,21.371751,81.664929,NH3,2.0,2.0,2.0
05-09-2026,"Siltara Phase-II, Raipur - CECB",Raipur,Chhattisgarh,India,21.371751,81.664929,NO2,12.0,29.0,22.0
05-09-2026,"Siltara Phase-II, Raipur - CECB",Raipur,Chhattisgarh,India,21.371751,81.664929,OZONE,2.0,4.0,3.0
05-09-2026,"Siltara Phase-II, Raipur - CECB",Raipur,Chhattisgarh,India,21.371751,81.664929,PM10,30.0,83.0,57.0
05-09-2026,"Siltara Phase-II, Raipur - CECB",Raipur,Chhattisgarh,India,21.371751,81.664929,PM2.5,19.0,50.0,34.0
05-09-2026,"Siltara Phase-II, Raipur - CECB",Raipur,Chhattisgarh,India,21.371751,81.664929,SO2,1.0,35.0,13.0
05-09-2026,"Sinchan Bhavan, Kolhapur - MPCB",Kolhapur,Maharashtra,India,16.7143745,74.2426398,CO,6.0,12.0,8.0
05-09-2026,"Sinchan Bhavan, Kolhapur - MPCB",Kolhapur,Maharashtra,India,16.7143745,74.2426398,NH3,1.0,2.0,1.0
05-09-2026,"Sinchan Bhavan, Kolhapur - MPCB",Kolhapur,Maharashtra,India,16.7143745,74.2426398,NO2,4.0,10.0,6.0
05-09-2026,"Sinchan Bhavan, Kolhapur - MPCB",Kolhapur,Maharashtra,India,16.7143745,74.2426398,OZONE,10.0,25.0,18.0
05-09-2026,"Sinchan Bhavan, Kolhapur - MPCB",Kolhapur,Maharashtra,India,16.7143745,74.2426398,PM10,16.0,34.0,22.0
05-09-2026,"Sinchan Bhavan, Kolhapur - MPCB",Kolhapur,Maharashtra,India,16.7143745,74.2426398,PM2.5,13.0,24.0,17.0
05-09-2026,"Sinchan Bhavan, Kolhapur - MPCB",Kolhapur,Maharashtra,India,16.7143745,74.2426398,SO2,0.0,2.0,1.0
05-09-2026,"Sion, Mumbai - MPCB",Mumbai,Maharashtra,India,19.047,72.8746,CO,17.0,20.0,19.0
05-09-2026,"Sion, Mumbai - MPCB",Mumbai,Maharashtra,India,19.047,72.8746,NH3,0.0,1.0,1.0
05-09-2026,"Sion, Mumbai - MPCB",Mumbai,Maharashtra,India,19.047,72.8746,NO2,81.0,219.0,149.0
05-09-2026,"Sion, Mumbai - MPCB",Mumbai,Maharashtra,India,19.047,72.8746,OZONE,,,
05-09-2026,"Sion, Mumbai - MPCB",Mumbai,Maharashtra,India,19.047,72.8746,PM10,5.0,36.0,12.0
05-09-2026,"Sion, Mumbai - MPCB",Mumbai,Maharashtra,India,19.047,72.8746,PM2.5,4.0,27.0,9.0
05-09-2026,"Sion, Mumbai - MPCB",Mumbai,Maharashtra,India,19.047,72.8746,SO2,4.0,5.0,5.0
05-09-2026,"Sirifort, Delhi - CPCB",Delhi,Delhi,India,28.5504249,77.2159377,CO,25.0,31.0,29.0
05-09-2026,"Sirifort, Delhi - CPCB",Delhi,Delhi,India,28.5504249,77.2159377,NH3,6.0,9.0,7.0
05-09-2026,"Sirifort, Delhi - CPCB",Delhi,Delhi,India,28.5504249,77.2159377,NO2,48.0,61.0,54.0
05-09-2026,"Sirifort, Delhi - CPCB",Delhi,Delhi,India,28.5504249,77.2159377,OZONE,12.0,24.0,18.0
05-09-2026,"Sirifort, Delhi - CPCB",Delhi,Delhi,India,28.5504249,77.2159377,PM10,31.0,76.0,46.0
05-09-2026,"Sirifort, Delhi - CPCB",Delhi,Delhi,India,28.5504249,77.2159377,PM2.5,37.0,95.0,59.0
05-09-2026,"Sirifort, Delhi - CPCB",Delhi,Delhi,India,28.5504249,77.2159377,SO2,43.0,44.0,43.0
05-09-2026,"Sita Rama Nagar, Kurnool - APPCB",Kurnool,Andhra Pradesh,India,15.83411,78.028546,CO,8.0,28.0,15.0
05-09-2026,"Sita Rama Nagar, Kurnool - APPCB",Kurnool,Andhra Pradesh,India,15.83411,78.028546,NH3,5.0,5.0,5.0
05-09-2026,"Sita Rama Nagar, Kurnool - APPCB",Kurnool,Andhra Pradesh,India,15.83411,78.028546,NO2,25.0,43.0,30.0
05-09-2026,"Sita Rama Nagar, Kurnool - APPCB",Kurnool,Andhra Pradesh,India,15.83411,78.028546,OZONE,14.0,33.0,25.0
05-09-2026,"Sita Rama Nagar, Kurnool - APPCB",Kurnool,Andhra Pradesh,India,15.83411,78.028546,PM10,28.0,54.0,41.0
05-09-2026,"Sita Rama Nagar, Kurnool - APPCB",Kurnool,Andhra Pradesh,India,15.83411,78.028546,PM2.5,26.0,56.0,41.0
05-09-2026,"Sita Rama Nagar, Kurnool - APPCB",Kurnool,Andhra Pradesh,India,15.83411,78.028546,SO2,10.0,11.0,11.0
05-09-2026,"Skara Yokma, Leh - LPCC",Leh,Ladakh,India,34.147096,77.55709,CO,190.0,190.0,190.0
05-09-2026,"Skara Yokma, Leh - LPCC",Leh,Ladakh,India,34.147096,77.55709,NH3,,,
05-09-2026,"Skara Yokma, Leh - LPCC",Leh,Ladakh,India,34.147096,77.55709,NO2,,,
05-09-2026,"Skara Yokma, Leh - LPCC",Leh,Ladakh,India,34.147096,77.55709,OZONE,277.0,277.0,277.0
05-09-2026,"Skara Yokma, Leh - LPCC",Leh,Ladakh,India,34.147096,77.55709,PM10,,,
05-09-2026,"Skara Yokma, Leh - LPCC",Leh,Ladakh,India,34.147096,77.55709,PM2.5,,,
05-09-2026,"Skara Yokma, Leh - LPCC",Leh,Ladakh,India,34.147096,77.55709,SO2,,,
05-09-2026,"Sneh Nagar, Nanded - MPCB",Nanded,Maharashtra,India,19.173852,77.296291,CO,20.0,28.0,24.0
05-09-2026,"Sneh Nagar, Nanded - MPCB",Nanded,Maharashtra,India,19.173852,77.296291,NH3,1.0,3.0,2.0
05-09-2026,"Sneh Nagar, Nanded - MPCB",Nanded,Maharashtra,India,19.173852,77.296291,NO2,4.0,14.0,7.0
05-09-2026,"Sneh Nagar, Nanded - MPCB",Nanded,Maharashtra,India,19.173852,77.296291,OZONE,30.0,43.0,37.0
05-09-2026,"Sneh Nagar, Nanded - MPCB",Nanded,Maharashtra,India,19.173852,77.296291,PM10,22.0,60.0,39.0
05-09-2026,"Sneh Nagar, Nanded - MPCB",Nanded,Maharashtra,India,19.173852,77.296291,PM2.5,21.0,46.0,32.0
05-09-2026,"Sneh Nagar, Nanded - MPCB",Nanded,Maharashtra,India,19.173852,77.296291,SO2,16.0,17.0,16.0
05-09-2026,"Somajiguda, Hyderabad - TSPCB",Hyderabad,Telangana,India,17.417094,78.457437,CO,12.0,46.0,29.0
05-09-2026,"Somajiguda, Hyderabad - TSPCB",Hyderabad,Telangana,India,17.417094,78.457437,NH3,3.0,4.0,3.0
05-09-2026,"Somajiguda, Hyderabad - TSPCB",Hyderabad,Telangana,India,17.417094,78.457437,NO2,11.0,14.0,13.0
05-09-2026,"Somajiguda, Hyderabad - TSPCB",Hyderabad,Telangana,India,17.417094,78.457437,OZONE,15.0,16.0,15.0
05-09-2026,"Somajiguda, Hyderabad - TSPCB",Hyderabad,Telangana,India,17.417094,78.457437,PM10,,,
05-09-2026,"Somajiguda, Hyderabad - TSPCB",Hyderabad,Telangana,India,17.417094,78.457437,PM2.5,69.0,116.0,83.0
05-09-2026,"Somajiguda, Hyderabad - TSPCB",Hyderabad,Telangana,India,17.417094,78.457437,SO2,,,
05-09-2026,"Sonia Vihar, Delhi - DPCC",Delhi,Delhi,India,28.710508,77.249485,CO,64.0,89.0,79.0
05-09-2026,"Sonia Vihar, Delhi - DPCC",Delhi,Delhi,India,28.710508,77.249485,NH3,7.0,17.0,11.0
05-09-2026,"Sonia Vihar, Delhi - DPCC",Delhi,Delhi,India,28.710508,77.249485,NO2,21.0,34.0,26.0
05-09-2026,"Sonia Vihar, Delhi - DPCC",Delhi,Delhi,India,28.710508,77.249485,OZONE,,,
05-09-2026,"Sonia Vihar, Delhi - DPCC",Delhi,Delhi,India,28.710508,77.249485,PM10,12.0,50.0,34.0
05-09-2026,"Sonia Vihar, Delhi - DPCC",Delhi,Delhi,India,28.710508,77.249485,PM2.5,8.0,63.0,38.0
05-09-2026,"Sonia Vihar, Delhi - DPCC",Delhi,Delhi,India,28.710508,77.249485,SO2,4.0,7.0,6.0
05-09-2026,"Sri Aurobindo Marg, Delhi - DPCC",Delhi,Delhi,India,28.531346,77.190156,CO,43.0,60.0,52.0
05-09-2026,"Sri Aurobindo Marg, Delhi - DPCC",Delhi,Delhi,India,28.531346,77.190156,NH3,0.0,1.0,1.0
05-09-2026,"Sri Aurobindo Marg, Delhi - DPCC",Delhi,Delhi,India,28.531346,77.190156,NO2,17.0,39.0,26.0
05-09-2026,"Sri Aurobindo Marg, Delhi - DPCC",Delhi,Delhi,India,28.531346,77.190156,OZONE,5.0,14.0,10.0
05-09-2026,"Sri Aurobindo Marg, Delhi - DPCC",Delhi,Delhi,India,28.531346,77.190156,PM10,15.0,76.0,39.0
05-09-2026,"Sri Aurobindo Marg, Delhi - DPCC",Delhi,Delhi,India,28.531346,77.190156,PM2.5,5.0,57.0,23.0
05-09-2026,"Sri Aurobindo Marg, Delhi - DPCC",Delhi,Delhi,India,28.531346,77.190156,SO2,37.0,88.0,44.0
05-09-2026,"Srinivas Nagar Colony, Machilipatnam - APPCB",Machilipatnam,Andhra Pradesh,India,16.186555,81.13219,CO,10.0,21.0,15.0
05-09-2026,"Srinivas Nagar Colony, Machilipatnam - APPCB",Machilipatnam,Andhra Pradesh,India,16.186555,81.13219,NH3,3.0,3.0,3.0
05-09-2026,"Srinivas Nagar Colony, Machilipatnam - APPCB",Machilipatnam,Andhra Pradesh,India,16.186555,81.13219,NO2,21.0,39.0,29.0
05-09-2026,"Srinivas Nagar Colony, Machilipatnam - APPCB",Machilipatnam,Andhra Pradesh,India,16.186555,81.13219,OZONE,12.0,48.0,28.0
05-09-2026,"Srinivas Nagar Colony, Machilipatnam - APPCB",Machilipatnam,Andhra Pradesh,India,16.186555,81.13219,PM10,37.0,66.0,55.0
05-09-2026,"Srinivas Nagar Colony, Machilipatnam - APPCB",Machilipatnam,Andhra Pradesh,India,16.186555,81.13219,PM2.5,33.0,56.0,49.0
05-09-2026,"Srinivas Nagar Colony, Machilipatnam - APPCB",Machilipatnam,Andhra Pradesh,India,16.186555,81.13219,SO2,2.0,19.0,11.0
05-09-2026,"Stuart Hill, Madikeri - KSPCB",Madikeri,Karnataka,India,12.415911,75.73505,CO,8.0,25.0,14.0
05-09-2026,"Stuart Hill, Madikeri - KSPCB",Madikeri,Karnataka,India,12.415911,75.73505,NH3,1.0,1.0,1.0
05-09-2026,"Stuart Hill, Madikeri - KSPCB",Madikeri,Karnataka,India,12.415911,75.73505,NO2,2.0,2.0,2.0
05-09-2026,"Stuart Hill, Madikeri - KSPCB",Madikeri,Karnataka,India,12.415911,75.73505,OZONE,1.0,7.0,3.0
05-09-2026,"Stuart Hill, Madikeri - KSPCB",Madikeri,Karnataka,India,12.415911,75.73505,PM10,14.0,31.0,23.0
05-09-2026,"Stuart Hill, Madikeri - KSPCB",Madikeri,Karnataka,India,12.415911,75.73505,PM2.5,7.0,35.0,21.0
05-09-2026,"Stuart Hill, Madikeri - KSPCB",Madikeri,Karnataka,India,12.415911,75.73505,SO2,6.0,8.0,7.0
05-09-2026,"Subash Chowk, Churu - RSPCB",Churu,Rajasthan,India,28.296139,74.961696,CO,19.0,25.0,23.0
05-09-2026,"Subash Chowk, Churu - RSPCB",Churu,Rajasthan,India,28.296139,74.961696,NH3,7.0,8.0,7.0
05-09-2026,"Subash Chowk, Churu - RSPCB",Churu,Rajasthan,India,28.296139,74.961696,NO2,2.0,11.0,7.0
05-09-2026,"Subash Chowk, Churu - RSPCB",Churu,Rajasthan,India,28.296139,74.961696,OZONE,45.0,82.0,60.0
05-09-2026,"Subash Chowk, Churu - RSPCB",Churu,Rajasthan,India,28.296139,74.961696,PM10,38.0,119.0,72.0
05-09-2026,"Subash Chowk, Churu - RSPCB",Churu,Rajasthan,India,28.296139,74.961696,PM2.5,14.0,49.0,28.0
05-09-2026,"Subash Chowk, Churu - RSPCB",Churu,Rajasthan,India,28.296139,74.961696,SO2,4.0,9.0,5.0
05-09-2026,"Suhagi, Jabalpur - JMC",Jabalpur,Madhya Pradesh,India,23.218135,79.95777,CO,34.0,45.0,38.0
05-09-2026,"Suhagi, Jabalpur - JMC",Jabalpur,Madhya Pradesh,India,23.218135,79.95777,NH3,6.0,6.0,6.0
05-09-2026,"Suhagi, Jabalpur - JMC",Jabalpur,Madhya Pradesh,India,23.218135,79.95777,NO2,37.0,51.0,44.0
05-09-2026,"Suhagi, Jabalpur - JMC",Jabalpur,Madhya Pradesh,India,23.218135,79.95777,OZONE,16.0,26.0,22.0
05-09-2026,"Suhagi, Jabalpur - JMC",Jabalpur,Madhya Pradesh,India,23.218135,79.95777,PM10,14.0,42.0,31.0
05-09-2026,"Suhagi, Jabalpur - JMC",Jabalpur,Madhya Pradesh,India,23.218135,79.95777,PM2.5,19.0,30.0,26.0
05-09-2026,"Suhagi, Jabalpur - JMC",Jabalpur,Madhya Pradesh,India,23.218135,79.95777,SO2,5.0,7.0,6.0
05-09-2026,"T T Nagar, Bhopal - MPPCB",Bhopal,Madhya Pradesh,India,23.233584,77.400574,CO,5.0,10.0,7.0
05-09-2026,"T T Nagar, Bhopal - MPPCB",Bhopal,Madhya Pradesh,India,23.233584,77.400574,NH3,6.0,6.0,6.0
05-09-2026,"T T Nagar, Bhopal - MPPCB",Bhopal,Madhya Pradesh,India,23.233584,77.400574,NO2,8.0,16.0,11.0
05-09-2026,"T T Nagar, Bhopal - MPPCB",Bhopal,Madhya Pradesh,India,23.233584,77.400574,OZONE,18.0,21.0,20.0
05-09-2026,"T T Nagar, Bhopal - MPPCB",Bhopal,Madhya Pradesh,India,23.233584,77.400574,PM10,21.0,44.0,35.0
05-09-2026,"T T Nagar, Bhopal - MPPCB",Bhopal,Madhya Pradesh,India,23.233584,77.400574,PM2.5,22.0,43.0,30.0
05-09-2026,"T T Nagar, Bhopal - MPPCB",Bhopal,Madhya Pradesh,India,23.233584,77.400574,SO2,21.0,26.0,24.0
05-09-2026,"Talcher Coalfields,Talcher - OSPCB",Talcher,Odisha,India,20.9360711,85.1707021,CO,10.0,26.0,21.0
05-09-2026,"Talcher Coalfields,Talcher - OSPCB",Talcher,Odisha,India,20.9360711,85.1707021,NH3,6.0,7.0,6.0
05-09-2026,"Talcher Coalfields,Talcher - OSPCB",Talcher,Odisha,India,20.9360711,85.1707021,NO2,61.0,93.0,79.0
05-09-2026,"Talcher Coalfields,Talcher - OSPCB",Talcher,Odisha,India,20.9360711,85.1707021,OZONE,15.0,16.0,15.0
05-09-2026,"Talcher Coalfields,Talcher - OSPCB",Talcher,Odisha,India,20.9360711,85.1707021,PM10,62.0,231.0,94.0
05-09-2026,"Talcher Coalfields,Talcher - OSPCB",Talcher,Odisha,India,20.9360711,85.1707021,PM2.5,18.0,96.0,47.0
05-09-2026,"Talcher Coalfields,Talcher - OSPCB",Talcher,Odisha,India,20.9360711,85.1707021,SO2,0.0,35.0,16.0
05-09-2026,"Talkatora District Industries Center, Lucknow - CPCB",Lucknow,Uttar Pradesh,India,26.83399722,80.8917361,CO,35.0,53.0,46.0
05-09-2026,"Talkatora District Industries Center, Lucknow - CPCB",Lucknow,Uttar Pradesh,India,26.83399722,80.8917361,NH3,5.0,12.0,9.0
05-09-2026,"Talkatora District Industries Center, Lucknow - CPCB",Lucknow,Uttar Pradesh,India,26.83399722,80.8917361,NO2,18.0,31.0,24.0
05-09-2026,"Talkatora District Industries Center, Lucknow - CPCB",Lucknow,Uttar Pradesh,India,26.83399722,80.8917361,OZONE,44.0,108.0,78.0
05-09-2026,"Talkatora District Industries Center, Lucknow - CPCB",Lucknow,Uttar Pradesh,India,26.83399722,80.8917361,PM10,32.0,75.0,49.0
05-09-2026,"Talkatora District Industries Center, Lucknow - CPCB",Lucknow,Uttar Pradesh,India,26.83399722,80.8917361,PM2.5,20.0,90.0,43.0
05-09-2026,"Talkatora District Industries Center, Lucknow - CPCB",Lucknow,Uttar Pradesh,India,26.83399722,80.8917361,SO2,1.0,54.0,15.0
05-09-2026,"Talkatora Garden, Delhi - DPCC",Delhi,Delhi,India,28.62181,77.1944633,CO,64.0,76.0,69.0
05-09-2026,"Talkatora Garden, Delhi - DPCC",Delhi,Delhi,India,28.62181,77.1944633,NH3,0.0,1.0,0.0
05-09-2026,"Talkatora Garden, Delhi - DPCC",Delhi,Delhi,India,28.62181,77.1944633,NO2,10.0,44.0,28.0
05-09-2026,"Talkatora Garden, Delhi - DPCC",Delhi,Delhi,India,28.62181,77.1944633,OZONE,7.0,11.0,9.0
05-09-2026,"Talkatora Garden, Delhi - DPCC",Delhi,Delhi,India,28.62181,77.1944633,PM10,22.0,57.0,36.0
05-09-2026,"Talkatora Garden, Delhi - DPCC",Delhi,Delhi,India,28.62181,77.1944633,PM2.5,24.0,61.0,43.0
05-09-2026,"Talkatora Garden, Delhi - DPCC",Delhi,Delhi,India,28.62181,77.1944633,SO2,1.0,3.0,2.0
05-09-2026,"Tarakpur, Ahmednagar - MPCB",Ahmednagar,Maharashtra,India,19.10122,74.73339,CO,12.0,14.0,13.0
05-09-2026,"Tarakpur, Ahmednagar - MPCB",Ahmednagar,Maharashtra,India,19.10122,74.73339,NH3,0.0,2.0,1.0
05-09-2026,"Tarakpur, Ahmednagar - MPCB",Ahmednagar,Maharashtra,India,19.10122,74.73339,NO2,2.0,13.0,6.0
05-09-2026,"Tarakpur, Ahmednagar - MPCB",Ahmednagar,Maharashtra,India,19.10122,74.73339,OZONE,35.0,45.0,41.0
05-09-2026,"Tarakpur, Ahmednagar - MPCB",Ahmednagar,Maharashtra,India,19.10122,74.73339,PM10,25.0,136.0,47.0
05-09-2026,"Tarakpur, Ahmednagar - MPCB",Ahmednagar,Maharashtra,India,19.10122,74.73339,PM2.5,5.0,31.0,15.0
05-09-2026,"Tarakpur, Ahmednagar - MPCB",Ahmednagar,Maharashtra,India,19.10122,74.73339,SO2,3.0,18.0,7.0
05-09-2026,"Tarapur, Silchar - PCBA",Silchar,Assam,India,24.82827,92.79525,CO,11.0,35.0,24.0
05-09-2026,"Tarapur, Silchar - PCBA",Silchar,Assam,India,24.82827,92.79525,NH3,1.0,1.0,1.0
05-09-2026,"Tarapur, Silchar - PCBA",Silchar,Assam,India,24.82827,92.79525,NO2,18.0,20.0,19.0
05-09-2026,"Tarapur, Silchar - PCBA",Silchar,Assam,India,24.82827,92.79525,OZONE,5.0,9.0,6.0
05-09-2026,"Tarapur, Silchar - PCBA",Silchar,Assam,India,24.82827,92.79525,PM10,42.0,65.0,51.0
05-09-2026,"Tarapur, Silchar - PCBA",Silchar,Assam,India,24.82827,92.79525,PM2.5,37.0,39.0,38.0
05-09-2026,"Tarapur, Silchar - PCBA",Silchar,Assam,India,24.82827,92.79525,SO2,6.0,7.0,6.0
05-09-2026,"Tata Stadium, Jorapokhar - JSPCB",Jorapokhar,Jharkhand,India,23.707909,86.41467,CO,38.0,40.0,39.0
05-09-2026,"Tata Stadium, Jorapokhar - JSPCB",Jorapokhar,Jharkhand,India,23.707909,86.41467,NH3,3.0,3.0,3.0
05-09-2026,"Tata Stadium, Jorapokhar - JSPCB",Jorapokhar,Jharkhand,India,23.707909,86.41467,NO2,8.0,8.0,8.0
05-09-2026,"Tata Stadium, Jorapokhar - JSPCB",Jorapokhar,Jharkhand,India,23.707909,86.41467,OZONE,5.0,7.0,6.0
05-09-2026,"Tata Stadium, Jorapokhar - JSPCB",Jorapokhar,Jharkhand,India,23.707909,86.41467,PM10,43.0,114.0,81.0
05-09-2026,"Tata Stadium, Jorapokhar - JSPCB",Jorapokhar,Jharkhand,India,23.707909,86.41467,PM2.5,44.0,74.0,49.0
05-09-2026,"Tata Stadium, Jorapokhar - JSPCB",Jorapokhar,Jharkhand,India,23.707909,86.41467,SO2,21.0,21.0,21.0
05-09-2026,"Tata Township, Bileipada - OSPCB",Bileipada,Odisha,India,22.06156703,85.47409613,CO,24.0,26.0,25.0
05-09-2026,"Tata Township, Bileipada - OSPCB",Bileipada,Odisha,India,22.06156703,85.47409613,NH3,5.0,5.0,5.0
05-09-2026,"Tata Township, Bileipada - OSPCB",Bileipada,Odisha,India,22.06156703,85.47409613,NO2,14.0,16.0,15.0
05-09-2026,"Tata Township, Bileipada - OSPCB",Bileipada,Odisha,India,22.06156703,85.47409613,OZONE,17.0,17.0,17.0
05-09-2026,"Tata Township, Bileipada - OSPCB",Bileipada,Odisha,India,22.06156703,85.47409613,PM10,74.0,141.0,105.0
05-09-2026,"Tata Township, Bileipada - OSPCB",Bileipada,Odisha,India,22.06156703,85.47409613,PM2.5,24.0,76.0,42.0
05-09-2026,"Tata Township, Bileipada - OSPCB",Bileipada,Odisha,India,22.06156703,85.47409613,SO2,6.0,7.0,7.0
05-09-2026,"Teri Gram, Gurugram - HSPCB",Gurugram,Haryana,India,28.4275,77.1465,CO,10.0,28.0,17.0
05-09-2026,"Teri Gram, Gurugram - HSPCB",Gurugram,Haryana,India,28.4275,77.1465,NH3,11.0,20.0,14.0
05-09-2026,"Teri Gram, Gurugram - HSPCB",Gurugram,Haryana,India,28.4275,77.1465,NO2,36.0,77.0,53.0
05-09-2026,"Teri Gram, Gurugram - HSPCB",Gurugram,Haryana,India,28.4275,77.1465,OZONE,9.0,44.0,21.0
05-09-2026,"Teri Gram, Gurugram - HSPCB",Gurugram,Haryana,India,28.4275,77.1465,PM10,87.0,146.0,111.0
05-09-2026,"Teri Gram, Gurugram - HSPCB",Gurugram,Haryana,India,28.4275,77.1465,PM2.5,83.0,223.0,128.0
05-09-2026,"Teri Gram, Gurugram - HSPCB",Gurugram,Haryana,India,28.4275,77.1465,SO2,6.0,17.0,10.0
05-09-2026,"Thavakkara, Kannur - Kerala PCB",Kannur,Kerala,India,11.875,75.3732,CO,17.0,20.0,18.0
05-09-2026,"Thavakkara, Kannur - Kerala PCB",Kannur,Kerala,India,11.875,75.3732,NH3,1.0,1.0,1.0
05-09-2026,"Thavakkara, Kannur - Kerala PCB",Kannur,Kerala,India,11.875,75.3732,NO2,11.0,12.0,12.0
05-09-2026,"Thavakkara, Kannur - Kerala PCB",Kannur,Kerala,India,11.875,75.3732,OZONE,27.0,31.0,28.0
05-09-2026,"Thavakkara, Kannur - Kerala PCB",Kannur,Kerala,India,11.875,75.3732,PM10,75.0,86.0,78.0
05-09-2026,"Thavakkara, Kannur - Kerala PCB",Kannur,Kerala,India,11.875,75.3732,PM2.5,68.0,82.0,76.0
05-09-2026,"Thavakkara, Kannur - Kerala PCB",Kannur,Kerala,India,11.875,75.3732,SO2,0.0,0.0,0.0
05-09-2026,"Thergaon, Pimpri Chinchwad - MPCB",Pimpri-Chinchwad,Maharashtra,India,18.616318,73.765797,CO,17.0,39.0,26.0
05-09-2026,"Thergaon, Pimpri Chinchwad - MPCB",Pimpri-Chinchwad,Maharashtra,India,18.616318,73.765797,NH3,2.0,4.0,3.0
05-09-2026,"Thergaon, Pimpri Chinchwad - MPCB",Pimpri-Chinchwad,Maharashtra,India,18.616318,73.765797,NO2,2.0,13.0,7.0
05-09-2026,"Thergaon, Pimpri Chinchwad - MPCB",Pimpri-Chinchwad,Maharashtra,India,18.616318,73.765797,OZONE,9.0,17.0,12.0
05-09-2026,"Thergaon, Pimpri Chinchwad - MPCB",Pimpri-Chinchwad,Maharashtra,India,18.616318,73.765797,PM10,52.0,70.0,60.0
05-09-2026,"Thergaon, Pimpri Chinchwad - MPCB",Pimpri-Chinchwad,Maharashtra,India,18.616318,73.765797,PM2.5,10.0,56.0,20.0
05-09-2026,"Thergaon, Pimpri Chinchwad - MPCB",Pimpri-Chinchwad,Maharashtra,India,18.616318,73.765797,SO2,1.0,2.0,1.0
05-09-2026,"Toll Gate, Tirumala - APPCB",Tirumala,Andhra Pradesh,India,13.67,79.35,CO,14.0,26.0,19.0
05-09-2026,"Toll Gate, Tirumala - APPCB",Tirumala,Andhra Pradesh,India,13.67,79.35,NH3,2.0,3.0,3.0
05-09-2026,"Toll Gate, Tirumala - APPCB",Tirumala,Andhra Pradesh,India,13.67,79.35,NO2,25.0,68.0,49.0
05-09-2026,"Toll Gate, Tirumala - APPCB",Tirumala,Andhra Pradesh,India,13.67,79.35,OZONE,7.0,18.0,10.0
05-09-2026,"Toll Gate, Tirumala - APPCB",Tirumala,Andhra Pradesh,India,13.67,79.35,PM10,22.0,64.0,38.0
05-09-2026,"Toll Gate, Tirumala - APPCB",Tirumala,Andhra Pradesh,India,13.67,79.35,PM2.5,15.0,53.0,30.0
05-09-2026,"Toll Gate, Tirumala - APPCB",Tirumala,Andhra Pradesh,India,13.67,79.35,SO2,2.0,10.0,7.0
05-09-2026,"Tondare-Taloja, Navi Mumbai - MPCB",Navi Mumbai,Maharashtra,India,19.063,73.1209,CO,20.0,52.0,36.0
05-09-2026,"Tondare-Taloja, Navi Mumbai - MPCB",Navi Mumbai,Maharashtra,India,19.063,73.1209,NH3,7.0,12.0,9.0
05-09-2026,"Tondare-Taloja, Navi Mumbai - MPCB",Navi Mumbai,Maharashtra,India,19.063,73.1209,NO2,10.0,20.0,14.0
05-09-2026,"Tondare-Taloja, Navi Mumbai - MPCB",Navi Mumbai,Maharashtra,India,19.063,73.1209,OZONE,19.0,22.0,20.0
05-09-2026,"Tondare-Taloja, Navi Mumbai - MPCB",Navi Mumbai,Maharashtra,India,19.063,73.1209,PM10,16.0,43.0,29.0
05-09-2026,"Tondare-Taloja, Navi Mumbai - MPCB",Navi Mumbai,Maharashtra,India,19.063,73.1209,PM2.5,1.0,44.0,22.0
05-09-2026,"Tondare-Taloja, Navi Mumbai - MPCB",Navi Mumbai,Maharashtra,India,19.063,73.1209,SO2,1.0,6.0,4.0
05-09-2026,"Town Hall, Munger - BSPCB",Munger,Bihar,India,25.376776,86.471523,CO,34.0,36.0,35.0
05-09-2026,"Town Hall, Munger - BSPCB",Munger,Bihar,India,25.376776,86.471523,NH3,3.0,3.0,3.0
05-09-2026,"Town Hall, Munger - BSPCB",Munger,Bihar,India,25.376776,86.471523,NO2,11.0,12.0,12.0
05-09-2026,"Town Hall, Munger - BSPCB",Munger,Bihar,India,25.376776,86.471523,OZONE,13.0,15.0,14.0
05-09-2026,"Town Hall, Munger - BSPCB",Munger,Bihar,India,25.376776,86.471523,PM10,10.0,183.0,83.0
05-09-2026,"Town Hall, Munger - BSPCB",Munger,Bihar,India,25.376776,86.471523,PM2.5,12.0,321.0,124.0
05-09-2026,"Town Hall, Munger - BSPCB",Munger,Bihar,India,25.376776,86.471523,SO2,68.0,77.0,73.0
05-09-2026,"Transport Nagar, Moradabad - UPPCB",Moradabad,Uttar Pradesh,India,28.802625,78.753728,CO,43.0,48.0,46.0
05-09-2026,"Transport Nagar, Moradabad - UPPCB",Moradabad,Uttar Pradesh,India,28.802625,78.753728,NH3,5.0,5.0,5.0
05-09-2026,"Transport Nagar, Moradabad - UPPCB",Moradabad,Uttar Pradesh,India,28.802625,78.753728,NO2,24.0,25.0,24.0
05-09-2026,"Transport Nagar, Moradabad - UPPCB",Moradabad,Uttar Pradesh,India,28.802625,78.753728,OZONE,1.0,62.0,10.0
05-09-2026,"Transport Nagar, Moradabad - UPPCB",Moradabad,Uttar Pradesh,India,28.802625,78.753728,PM10,42.0,99.0,60.0
05-09-2026,"Transport Nagar, Moradabad - UPPCB",Moradabad,Uttar Pradesh,India,28.802625,78.753728,PM2.5,1.0,89.0,40.0
05-09-2026,"Transport Nagar, Moradabad - UPPCB",Moradabad,Uttar Pradesh,India,28.802625,78.753728,SO2,20.0,21.0,21.0
05-09-2026,"Transport Nagar-Nigdi, Pune - IITM",Pimpri-Chinchwad,Maharashtra,India,18.664282,73.763966,CO,28.0,45.0,37.0
05-09-2026,"Transport Nagar-Nigdi, Pune - IITM",Pimpri-Chinchwad,Maharashtra,India,18.664282,73.763966,NH3,,,
05-09-2026,"Transport Nagar-Nigdi, Pune - IITM",Pimpri-Chinchwad,Maharashtra,India,18.664282,73.763966,NO2,31.0,54.0,42.0
05-09-2026,"Transport Nagar-Nigdi, Pune - IITM",Pimpri-Chinchwad,Maharashtra,India,18.664282,73.763966,OZONE,10.0,16.0,13.0
05-09-2026,"Transport Nagar-Nigdi, Pune - IITM",Pimpri-Chinchwad,Maharashtra,India,18.664282,73.763966,PM10,38.0,107.0,60.0
05-09-2026,"Transport Nagar-Nigdi, Pune - IITM",Pimpri-Chinchwad,Maharashtra,India,18.664282,73.763966,PM2.5,22.0,125.0,44.0
05-09-2026,"Transport Nagar-Nigdi, Pune - IITM",Pimpri-Chinchwad,Maharashtra,India,18.664282,73.763966,SO2,,,
05-09-2026,"Trivenidevi Bhalotia College, Asansol - WBPCB",Asansol,West Bengal,India,23.616515,87.119133,CO,27.0,40.0,31.0
05-09-2026,"Trivenidevi Bhalotia College, Asansol - WBPCB",Asansol,West Bengal,India,23.616515,87.119133,NH3,7.0,8.0,8.0
05-09-2026,"Trivenidevi Bhalotia College, Asansol - WBPCB",Asansol,West Bengal,India,23.616515,87.119133,NO2,4.0,11.0,8.0
05-09-2026,"Trivenidevi Bhalotia College, Asansol - WBPCB",Asansol,West Bengal,India,23.616515,87.119133,OZONE,5.0,10.0,7.0
05-09-2026,"Trivenidevi Bhalotia College, Asansol - WBPCB",Asansol,West Bengal,India,23.616515,87.119133,PM10,18.0,35.0,26.0
05-09-2026,"Trivenidevi Bhalotia College, Asansol - WBPCB",Asansol,West Bengal,India,23.616515,87.119133,PM2.5,15.0,39.0,28.0
05-09-2026,"Trivenidevi Bhalotia College, Asansol - WBPCB",Asansol,West Bengal,India,23.616515,87.119133,SO2,38.0,41.0,39.0
05-09-2026,"Upvan Fort, Thane - MPCB",Thane,Maharashtra,India,19.222279,72.957979,CO,8.0,22.0,14.0
05-09-2026,"Upvan Fort, Thane - MPCB",Thane,Maharashtra,India,19.222279,72.957979,NH3,0.0,7.0,3.0
05-09-2026,"Upvan Fort, Thane - MPCB",Thane,Maharashtra,India,19.222279,72.957979,NO2,1.0,15.0,8.0
05-09-2026,"Upvan Fort, Thane - MPCB",Thane,Maharashtra,India,19.222279,72.957979,OZONE,10.0,12.0,11.0
05-09-2026,"Upvan Fort, Thane - MPCB",Thane,Maharashtra,India,19.222279,72.957979,PM10,15.0,28.0,21.0
05-09-2026,"Upvan Fort, Thane - MPCB",Thane,Maharashtra,India,19.222279,72.957979,PM2.5,13.0,45.0,25.0
05-09-2026,"Upvan Fort, Thane - MPCB",Thane,Maharashtra,India,19.222279,72.957979,SO2,0.0,5.0,2.0
05-09-2026,"Urban Estate-II, Hisar - HSPCB",Hisar,Haryana,India,29.14056,75.744941,CO,12.0,16.0,15.0
05-09-2026,"Urban Estate-II, Hisar - HSPCB",Hisar,Haryana,India,29.14056,75.744941,NH3,,,
05-09-2026,"Urban Estate-II, Hisar - HSPCB",Hisar,Haryana,India,29.14056,75.744941,NO2,,,
05-09-2026,"Urban Estate-II, Hisar - HSPCB",Hisar,Haryana,India,29.14056,75.744941,OZONE,32.0,33.0,32.0
05-09-2026,"Urban Estate-II, Hisar - HSPCB",Hisar,Haryana,India,29.14056,75.744941,PM10,26.0,63.0,46.0
05-09-2026,"Urban Estate-II, Hisar - HSPCB",Hisar,Haryana,India,29.14056,75.744941,PM2.5,,,
05-09-2026,"Urban Estate-II, Hisar - HSPCB",Hisar,Haryana,India,29.14056,75.744941,SO2,12.0,131.0,123.0
05-09-2026,"Urban, Chamarajanagar - KSPCB",Chamarajanagar,Karnataka,India,11.55358,76.55521,CO,23.0,25.0,24.0
05-09-2026,"Urban, Chamarajanagar - KSPCB",Chamarajanagar,Karnataka,India,11.55358,76.55521,NH3,1.0,3.0,2.0
05-09-2026,"Urban, Chamarajanagar - KSPCB",Chamarajanagar,Karnataka,India,11.55358,76.55521,NO2,15.0,35.0,27.0
05-09-2026,"Urban, Chamarajanagar - KSPCB",Chamarajanagar,Karnataka,India,11.55358,76.55521,OZONE,26.0,39.0,32.0
05-09-2026,"Urban, Chamarajanagar - KSPCB",Chamarajanagar,Karnataka,India,11.55358,76.55521,PM10,30.0,57.0,43.0
05-09-2026,"Urban, Chamarajanagar - KSPCB",Chamarajanagar,Karnataka,India,11.55358,76.55521,PM2.5,20.0,47.0,30.0
05-09-2026,"Urban, Chamarajanagar - KSPCB",Chamarajanagar,Karnataka,India,11.55358,76.55521,SO2,2.0,8.0,4.0
05-09-2026,"Urja Nagar, Korba - CECB",Korba,Chhattisgarh,India,22.348441,82.549611,CO,16.0,23.0,19.0
05-09-2026,"Urja Nagar, Korba - CECB",Korba,Chhattisgarh,India,22.348441,82.549611,NH3,1.0,1.0,1.0
05-09-2026,"Urja Nagar, Korba - CECB",Korba,Chhattisgarh,India,22.348441,82.549611,NO2,4.0,5.0,5.0
05-09-2026,"Urja Nagar, Korba - CECB",Korba,Chhattisgarh,India,22.348441,82.549611,OZONE,5.0,5.0,5.0
05-09-2026,"Urja Nagar, Korba - CECB",Korba,Chhattisgarh,India,22.348441,82.549611,PM10,25.0,59.0,38.0
05-09-2026,"Urja Nagar, Korba - CECB",Korba,Chhattisgarh,India,22.348441,82.549611,PM2.5,16.0,28.0,21.0
05-09-2026,"Urja Nagar, Korba - CECB",Korba,Chhattisgarh,India,22.348441,82.549611,SO2,10.0,13.0,11.0
05-09-2026,"Vaikuntapuram, Tirupati - APPCB",Tirupati,Andhra Pradesh,India,13.615387,79.40923,CO,18.0,21.0,20.0
05-09-2026,"Vaikuntapuram, Tirupati - APPCB",Tirupati,Andhra Pradesh,India,13.615387,79.40923,NH3,3.0,4.0,3.0
05-09-2026,"Vaikuntapuram, Tirupati - APPCB",Tirupati,Andhra Pradesh,India,13.615387,79.40923,NO2,31.0,35.0,32.0
05-09-2026,"Vaikuntapuram, Tirupati - APPCB",Tirupati,Andhra Pradesh,India,13.615387,79.40923,OZONE,33.0,33.0,33.0
05-09-2026,"Vaikuntapuram, Tirupati - APPCB",Tirupati,Andhra Pradesh,India,13.615387,79.40923,PM10,72.0,80.0,76.0
05-09-2026,"Vaikuntapuram, Tirupati - APPCB",Tirupati,Andhra Pradesh,India,13.615387,79.40923,PM2.5,48.0,52.0,50.0
05-09-2026,"Vaikuntapuram, Tirupati - APPCB",Tirupati,Andhra Pradesh,India,13.615387,79.40923,SO2,19.0,20.0,19.0
05-09-2026,"Vasundhara Nagar_UIT, Bhiwadi - RSPCB",Bhiwadi,Rajasthan,India,28.207266,76.829265,CO,22.0,55.0,35.0
05-09-2026,"Vasundhara Nagar_UIT, Bhiwadi - RSPCB",Bhiwadi,Rajasthan,India,28.207266,76.829265,NH3,,,
05-09-2026,"Vasundhara Nagar_UIT, Bhiwadi - RSPCB",Bhiwadi,Rajasthan,India,28.207266,76.829265,NO2,16.0,37.0,26.0
05-09-2026,"Vasundhara Nagar_UIT, Bhiwadi - RSPCB",Bhiwadi,Rajasthan,India,28.207266,76.829265,OZONE,21.0,22.0,21.0
05-09-2026,"Vasundhara Nagar_UIT, Bhiwadi - RSPCB",Bhiwadi,Rajasthan,India,28.207266,76.829265,PM10,34.0,132.0,84.0
05-09-2026,"Vasundhara Nagar_UIT, Bhiwadi - RSPCB",Bhiwadi,Rajasthan,India,28.207266,76.829265,PM2.5,18.0,96.0,49.0
05-09-2026,"Vasundhara Nagar_UIT, Bhiwadi - RSPCB",Bhiwadi,Rajasthan,India,28.207266,76.829265,SO2,2.0,4.0,3.0
05-09-2026,"Vasundhara, Ghaziabad - UPPCB",Ghaziabad,Uttar Pradesh,India,28.6603346,77.3572563,CO,19.0,96.0,54.0
05-09-2026,"Vasundhara, Ghaziabad - UPPCB",Ghaziabad,Uttar Pradesh,India,28.6603346,77.3572563,NH3,4.0,11.0,7.0
05-09-2026,"Vasundhara, Ghaziabad - UPPCB",Ghaziabad,Uttar Pradesh,India,28.6603346,77.3572563,NO2,17.0,47.0,25.0
05-09-2026,"Vasundhara, Ghaziabad - UPPCB",Ghaziabad,Uttar Pradesh,India,28.6603346,77.3572563,OZONE,36.0,39.0,37.0
05-09-2026,"Vasundhara, Ghaziabad - UPPCB",Ghaziabad,Uttar Pradesh,India,28.6603346,77.3572563,PM10,3.0,74.0,29.0
05-09-2026,"Vasundhara, Ghaziabad - UPPCB",Ghaziabad,Uttar Pradesh,India,28.6603346,77.3572563,PM2.5,,,
05-09-2026,"Vasundhara, Ghaziabad - UPPCB",Ghaziabad,Uttar Pradesh,India,28.6603346,77.3572563,SO2,1.0,12.0,6.0
05-09-2026,"Ved Vihar-Loni, Ghaziabad - UPPCB",Ghaziabad,Uttar Pradesh,India,28.739153,77.273668,CO,86.0,91.0,88.0
05-09-2026,"Ved Vihar-Loni, Ghaziabad - UPPCB",Ghaziabad,Uttar Pradesh,India,28.739153,77.273668,NH3,4.0,13.0,7.0
05-09-2026,"Ved Vihar-Loni, Ghaziabad - UPPCB",Ghaziabad,Uttar Pradesh,India,28.739153,77.273668,NO2,20.0,27.0,23.0
05-09-2026,"Ved Vihar-Loni, Ghaziabad - UPPCB",Ghaziabad,Uttar Pradesh,India,28.739153,77.273668,OZONE,4.0,7.0,6.0
05-09-2026,"Ved Vihar-Loni, Ghaziabad - UPPCB",Ghaziabad,Uttar Pradesh,India,28.739153,77.273668,PM10,16.0,32.0,25.0
05-09-2026,"Ved Vihar-Loni, Ghaziabad - UPPCB",Ghaziabad,Uttar Pradesh,India,28.739153,77.273668,PM2.5,13.0,27.0,21.0
05-09-2026,"Ved Vihar-Loni, Ghaziabad - UPPCB",Ghaziabad,Uttar Pradesh,India,28.739153,77.273668,SO2,6.0,7.0,6.0
05-09-2026,"Vedhaynath Colony, Sirohi - RSPCB",Sirohi,Rajasthan,India,24.885261,72.857549,CO,10.0,20.0,14.0
05-09-2026,"Vedhaynath Colony, Sirohi - RSPCB",Sirohi,Rajasthan,India,24.885261,72.857549,NH3,3.0,5.0,3.0
05-09-2026,"Vedhaynath Colony, Sirohi - RSPCB",Sirohi,Rajasthan,India,24.885261,72.857549,NO2,3.0,12.0,6.0
05-09-2026,"Vedhaynath Colony, Sirohi - RSPCB",Sirohi,Rajasthan,India,24.885261,72.857549,OZONE,42.0,57.0,50.0
05-09-2026,"Vedhaynath Colony, Sirohi - RSPCB",Sirohi,Rajasthan,India,24.885261,72.857549,PM10,43.0,73.0,60.0
05-09-2026,"Vedhaynath Colony, Sirohi - RSPCB",Sirohi,Rajasthan,India,24.885261,72.857549,PM2.5,10.0,35.0,22.0
05-09-2026,"Vedhaynath Colony, Sirohi - RSPCB",Sirohi,Rajasthan,India,24.885261,72.857549,SO2,4.0,6.0,4.0
05-09-2026,"Velachery Res. Area, Chennai - CPCB",Chennai,Tamil Nadu,India,13.0052189,80.2398125,CO,,,
05-09-2026,"Velachery Res. Area, Chennai - CPCB",Chennai,Tamil Nadu,India,13.0052189,80.2398125,NH3,2.0,4.0,3.0
05-09-2026,"Velachery Res. Area, Chennai - CPCB",Chennai,Tamil Nadu,India,13.0052189,80.2398125,NO2,11.0,12.0,12.0
05-09-2026,"Velachery Res. Area, Chennai - CPCB",Chennai,Tamil Nadu,India,13.0052189,80.2398125,OZONE,9.0,13.0,11.0
05-09-2026,"Velachery Res. Area, Chennai - CPCB",Chennai,Tamil Nadu,India,13.0052189,80.2398125,PM10,78.0,122.0,100.0
05-09-2026,"Velachery Res. Area, Chennai - CPCB",Chennai,Tamil Nadu,India,13.0052189,80.2398125,PM2.5,46.0,46.0,46.0
05-09-2026,"Velachery Res. Area, Chennai - CPCB",Chennai,Tamil Nadu,India,13.0052189,80.2398125,SO2,4.0,8.0,6.0
05-09-2026,"Vibhab Nagar, Firozabad - UPPCB",Firozabad,Uttar Pradesh,India,27.1594,78.3953,CO,30.0,31.0,30.0
05-09-2026,"Vibhab Nagar, Firozabad - UPPCB",Firozabad,Uttar Pradesh,India,27.1594,78.3953,NH3,6.0,7.0,7.0
05-09-2026,"Vibhab Nagar, Firozabad - UPPCB",Firozabad,Uttar Pradesh,India,27.1594,78.3953,NO2,15.0,16.0,15.0
05-09-2026,"Vibhab Nagar, Firozabad - UPPCB",Firozabad,Uttar Pradesh,India,27.1594,78.3953,OZONE,1.0,1.0,1.0
05-09-2026,"Vibhab Nagar, Firozabad - UPPCB",Firozabad,Uttar Pradesh,India,27.1594,78.3953,PM10,14.0,447.0,63.0
05-09-2026,"Vibhab Nagar, Firozabad - UPPCB",Firozabad,Uttar Pradesh,India,27.1594,78.3953,PM2.5,9.0,388.0,47.0
05-09-2026,"Vibhab Nagar, Firozabad - UPPCB",Firozabad,Uttar Pradesh,India,27.1594,78.3953,SO2,4.0,7.0,6.0
05-09-2026,"Victoria, Kolkata - WBPCB",Kolkata,West Bengal,India,22.5448082,88.3403691,CO,43.0,76.0,58.0
05-09-2026,"Victoria, Kolkata - WBPCB",Kolkata,West Bengal,India,22.5448082,88.3403691,NH3,6.0,7.0,6.0
05-09-2026,"Victoria, Kolkata - WBPCB",Kolkata,West Bengal,India,22.5448082,88.3403691,NO2,26.0,35.0,29.0
05-09-2026,"Victoria, Kolkata - WBPCB",Kolkata,West Bengal,India,22.5448082,88.3403691,OZONE,16.0,45.0,30.0
05-09-2026,"Victoria, Kolkata - WBPCB",Kolkata,West Bengal,India,22.5448082,88.3403691,PM10,30.0,65.0,44.0
05-09-2026,"Victoria, Kolkata - WBPCB",Kolkata,West Bengal,India,22.5448082,88.3403691,PM2.5,26.0,57.0,39.0
05-09-2026,"Victoria, Kolkata - WBPCB",Kolkata,West Bengal,India,22.5448082,88.3403691,SO2,0.0,11.0,5.0
05-09-2026,"Vidhyanagar, Bhavnagar - Nexteng Enviro",Bhavnagar,Gujarat,India,21.755417,72.139056,CO,62.0,65.0,63.0
05-09-2026,"Vidhyanagar, Bhavnagar - Nexteng Enviro",Bhavnagar,Gujarat,India,21.755417,72.139056,NH3,5.0,6.0,5.0
05-09-2026,"Vidhyanagar, Bhavnagar - Nexteng Enviro",Bhavnagar,Gujarat,India,21.755417,72.139056,NO2,39.0,49.0,45.0
05-09-2026,"Vidhyanagar, Bhavnagar - Nexteng Enviro",Bhavnagar,Gujarat,India,21.755417,72.139056,OZONE,19.0,30.0,27.0
05-09-2026,"Vidhyanagar, Bhavnagar - Nexteng Enviro",Bhavnagar,Gujarat,India,21.755417,72.139056,PM10,41.0,69.0,58.0
05-09-2026,"Vidhyanagar, Bhavnagar - Nexteng Enviro",Bhavnagar,Gujarat,India,21.755417,72.139056,PM2.5,18.0,59.0,35.0
05-09-2026,"Vidhyanagar, Bhavnagar - Nexteng Enviro",Bhavnagar,Gujarat,India,21.755417,72.139056,SO2,7.0,8.0,7.0
05-09-2026,"Vigyan Nagar, Alwar - RSPCB",Alwar,Rajasthan,India,27.598796,76.63861,CO,48.0,51.0,50.0
05-09-2026,"Vigyan Nagar, Alwar - RSPCB",Alwar,Rajasthan,India,27.598796,76.63861,NH3,10.0,15.0,13.0
05-09-2026,"Vigyan Nagar, Alwar - RSPCB",Alwar,Rajasthan,India,27.598796,76.63861,NO2,9.0,16.0,11.0
05-09-2026,"Vigyan Nagar, Alwar - RSPCB",Alwar,Rajasthan,India,27.598796,76.63861,OZONE,16.0,20.0,18.0
05-09-2026,"Vigyan Nagar, Alwar - RSPCB",Alwar,Rajasthan,India,27.598796,76.63861,PM10,53.0,78.0,65.0
05-09-2026,"Vigyan Nagar, Alwar - RSPCB",Alwar,Rajasthan,India,27.598796,76.63861,PM2.5,5.0,38.0,21.0
05-09-2026,"Vigyan Nagar, Alwar - RSPCB",Alwar,Rajasthan,India,27.598796,76.63861,SO2,6.0,7.0,7.0
05-09-2026,"Vijay Nagar, Ramanagara - KSPCB",Ramanagara,Karnataka,India,12.733409,77.298051,CO,26.0,57.0,35.0
05-09-2026,"Vijay Nagar, Ramanagara - KSPCB",Ramanagara,Karnataka,India,12.733409,77.298051,NH3,,,
05-09-2026,"Vijay Nagar, Ramanagara - KSPCB",Ramanagara,Karnataka,India,12.733409,77.298051,NO2,,,
05-09-2026,"Vijay Nagar, Ramanagara - KSPCB",Ramanagara,Karnataka,India,12.733409,77.298051,OZONE,14.0,39.0,27.0
05-09-2026,"Vijay Nagar, Ramanagara - KSPCB",Ramanagara,Karnataka,India,12.733409,77.298051,PM10,14.0,67.0,31.0
05-09-2026,"Vijay Nagar, Ramanagara - KSPCB",Ramanagara,Karnataka,India,12.733409,77.298051,PM2.5,4.0,41.0,16.0
05-09-2026,"Vijay Nagar, Ramanagara - KSPCB",Ramanagara,Karnataka,India,12.733409,77.298051,SO2,13.0,20.0,17.0
05-09-2026,"Vijay Nagar, Sangli - MPCB",Sangli,Maharashtra,India,16.5038,74.3623,CO,13.0,18.0,15.0
05-09-2026,"Vijay Nagar, Sangli - MPCB",Sangli,Maharashtra,India,16.5038,74.3623,NH3,1.0,3.0,2.0
05-09-2026,"Vijay Nagar, Sangli - MPCB",Sangli,Maharashtra,India,16.5038,74.3623,NO2,4.0,10.0,6.0
05-09-2026,"Vijay Nagar, Sangli - MPCB",Sangli,Maharashtra,India,16.5038,74.3623,OZONE,16.0,28.0,22.0
05-09-2026,"Vijay Nagar, Sangli - MPCB",Sangli,Maharashtra,India,16.5038,74.3623,PM10,33.0,50.0,40.0
05-09-2026,"Vijay Nagar, Sangli - MPCB",Sangli,Maharashtra,India,16.5038,74.3623,PM2.5,13.0,60.0,28.0
05-09-2026,"Vijay Nagar, Sangli - MPCB",Sangli,Maharashtra,India,16.5038,74.3623,SO2,1.0,7.0,4.0
05-09-2026,"Vinoba Nagara, Shivamogga - KSPCB",Shivamogga,Karnataka,India,13.94,75.555917,CO,7.0,10.0,9.0
05-09-2026,"Vinoba Nagara, Shivamogga - KSPCB",Shivamogga,Karnataka,India,13.94,75.555917,NH3,2.0,2.0,2.0
05-09-2026,"Vinoba Nagara, Shivamogga - KSPCB",Shivamogga,Karnataka,India,13.94,75.555917,NO2,17.0,22.0,20.0
05-09-2026,"Vinoba Nagara, Shivamogga - KSPCB",Shivamogga,Karnataka,India,13.94,75.555917,OZONE,37.0,42.0,40.0
05-09-2026,"Vinoba Nagara, Shivamogga - KSPCB",Shivamogga,Karnataka,India,13.94,75.555917,PM10,50.0,60.0,55.0
05-09-2026,"Vinoba Nagara, Shivamogga - KSPCB",Shivamogga,Karnataka,India,13.94,75.555917,PM2.5,35.0,42.0,38.0
05-09-2026,"Vinoba Nagara, Shivamogga - KSPCB",Shivamogga,Karnataka,India,13.94,75.555917,SO2,2.0,5.0,3.0
05-09-2026,"Vithalwadi, Ulhasnagar - MPCB",Ulhasnagar,Maharashtra,India,19.2307571,73.155192,CO,6.0,16.0,9.0
05-09-2026,"Vithalwadi, Ulhasnagar - MPCB",Ulhasnagar,Maharashtra,India,19.2307571,73.155192,NH3,6.0,7.0,6.0
05-09-2026,"Vithalwadi, Ulhasnagar - MPCB",Ulhasnagar,Maharashtra,India,19.2307571,73.155192,NO2,5.0,8.0,7.0
05-09-2026,"Vithalwadi, Ulhasnagar - MPCB",Ulhasnagar,Maharashtra,India,19.2307571,73.155192,OZONE,5.0,9.0,7.0
05-09-2026,"Vithalwadi, Ulhasnagar - MPCB",Ulhasnagar,Maharashtra,India,19.2307571,73.155192,PM10,17.0,56.0,32.0
05-09-2026,"Vithalwadi, Ulhasnagar - MPCB",Ulhasnagar,Maharashtra,India,19.2307571,73.155192,PM2.5,5.0,28.0,16.0
05-09-2026,"Vithalwadi, Ulhasnagar - MPCB",Ulhasnagar,Maharashtra,India,19.2307571,73.155192,SO2,7.0,10.0,7.0
05-09-2026,"Vivek Vihar, Delhi - DPCC",Delhi,Delhi,India,28.672342,77.31526,CO,66.0,83.0,73.0
05-09-2026,"Vivek Vihar, Delhi - DPCC",Delhi,Delhi,India,28.672342,77.31526,NH3,4.0,4.0,4.0
05-09-2026,"Vivek Vihar, Delhi - DPCC",Delhi,Delhi,India,28.672342,77.31526,NO2,24.0,42.0,30.0
05-09-2026,"Vivek Vihar, Delhi - DPCC",Delhi,Delhi,India,28.672342,77.31526,OZONE,10.0,12.0,11.0
05-09-2026,"Vivek Vihar, Delhi - DPCC",Delhi,Delhi,India,28.672342,77.31526,PM10,31.0,61.0,44.0
05-09-2026,"Vivek Vihar, Delhi - DPCC",Delhi,Delhi,India,28.672342,77.31526,PM2.5,3.0,69.0,24.0
05-09-2026,"Vivek Vihar, Delhi - DPCC",Delhi,Delhi,India,28.672342,77.31526,SO2,4.0,8.0,6.0
05-09-2026,"Wave City, Ghaziabad - UPPCB",Ghaziabad,Uttar Pradesh,India,28.646675,77.489049,CO,75.0,81.0,78.0
05-09-2026,"Wave City, Ghaziabad - UPPCB",Ghaziabad,Uttar Pradesh,India,28.646675,77.489049,NH3,,,
05-09-2026,"Wave City, Ghaziabad - UPPCB",Ghaziabad,Uttar Pradesh,India,28.646675,77.489049,NO2,15.0,17.0,16.0
05-09-2026,"Wave City, Ghaziabad - UPPCB",Ghaziabad,Uttar Pradesh,India,28.646675,77.489049,OZONE,2.0,6.0,5.0
05-09-2026,"Wave City, Ghaziabad - UPPCB",Ghaziabad,Uttar Pradesh,India,28.646675,77.489049,PM10,,,
05-09-2026,"Wave City, Ghaziabad - UPPCB",Ghaziabad,Uttar Pradesh,India,28.646675,77.489049,PM2.5,,,
05-09-2026,"Wave City, Ghaziabad - UPPCB",Ghaziabad,Uttar Pradesh,India,28.646675,77.489049,SO2,1.0,4.0,3.0
05-09-2026,"Wazirpur, Delhi - DPCC",Delhi,Delhi,India,28.699793,77.165453,CO,62.0,76.0,69.0
05-09-2026,"Wazirpur, Delhi - DPCC",Delhi,Delhi,India,28.699793,77.165453,NH3,5.0,7.0,6.0
05-09-2026,"Wazirpur, Delhi - DPCC",Delhi,Delhi,India,28.699793,77.165453,NO2,34.0,49.0,41.0
05-09-2026,"Wazirpur, Delhi - DPCC",Delhi,Delhi,India,28.699793,77.165453,OZONE,5.0,9.0,7.0
05-09-2026,"Wazirpur, Delhi - DPCC",Delhi,Delhi,India,28.699793,77.165453,PM10,23.0,57.0,40.0
05-09-2026,"Wazirpur, Delhi - DPCC",Delhi,Delhi,India,28.699793,77.165453,PM2.5,10.0,40.0,24.0
05-09-2026,"Wazirpur, Delhi - DPCC",Delhi,Delhi,India,28.699793,77.165453,SO2,24.0,27.0,26.0
05-09-2026,"Womens College_City Center, Durgapur - WBPCB",Durgapur,West Bengal,India,23.549395,87.300496,CO,28.0,42.0,33.0
05-09-2026,"Womens College_City Center, Durgapur - WBPCB",Durgapur,West Bengal,India,23.549395,87.300496,NH3,2.0,4.0,3.0
05-09-2026,"Womens College_City Center, Durgapur - WBPCB",Durgapur,West Bengal,India,23.549395,87.300496,NO2,27.0,38.0,35.0
05-09-2026,"Womens College_City Center, Durgapur - WBPCB",Durgapur,West Bengal,India,23.549395,87.300496,OZONE,19.0,20.0,20.0
05-09-2026,"Womens College_City Center, Durgapur - WBPCB",Durgapur,West Bengal,India,23.549395,87.300496,PM10,56.0,70.0,64.0
05-09-2026,"Womens College_City Center, Durgapur - WBPCB",Durgapur,West Bengal,India,23.549395,87.300496,PM2.5,55.0,96.0,74.0
05-09-2026,"Womens College_City Center, Durgapur - WBPCB",Durgapur,West Bengal,India,23.549395,87.300496,SO2,12.0,12.0,12.0
05-09-2026,"Worli, Mumbai - MPCB",Mumbai,Maharashtra,India,18.9936162,72.8128113,CO,36.0,43.0,38.0
05-09-2026,"Worli, Mumbai - MPCB",Mumbai,Maharashtra,India,18.9936162,72.8128113,NH3,0.0,0.0,0.0
05-09-2026,"Worli, Mumbai - MPCB",Mumbai,Maharashtra,India,18.9936162,72.8128113,NO2,2.0,16.0,8.0
05-09-2026,"Worli, Mumbai - MPCB",Mumbai,Maharashtra,India,18.9936162,72.8128113,OZONE,4.0,8.0,6.0
05-09-2026,"Worli, Mumbai - MPCB",Mumbai,Maharashtra,India,18.9936162,72.8128113,PM10,20.0,59.0,45.0
05-09-2026,"Worli, Mumbai - MPCB",Mumbai,Maharashtra,India,18.9936162,72.8128113,PM2.5,3.0,38.0,18.0
05-09-2026,"Worli, Mumbai - MPCB",Mumbai,Maharashtra,India,18.9936162,72.8128113,SO2,7.0,16.0,12.0
05-09-2026,"Yamunapuram, Bulandshahr - UPPCB",Bulandshahr,Uttar Pradesh,India,28.406963,77.849831,CO,32.0,39.0,35.0
05-09-2026,"Yamunapuram, Bulandshahr - UPPCB",Bulandshahr,Uttar Pradesh,India,28.406963,77.849831,NH3,6.0,10.0,8.0
05-09-2026,"Yamunapuram, Bulandshahr - UPPCB",Bulandshahr,Uttar Pradesh,India,28.406963,77.849831,NO2,9.0,15.0,12.0
05-09-2026,"Yamunapuram, Bulandshahr - UPPCB",Bulandshahr,Uttar Pradesh,India,28.406963,77.849831,OZONE,24.0,37.0,31.0
05-09-2026,"Yamunapuram, Bulandshahr - UPPCB",Bulandshahr,Uttar Pradesh,India,28.406963,77.849831,PM10,8.0,36.0,21.0
05-09-2026,"Yamunapuram, Bulandshahr - UPPCB",Bulandshahr,Uttar Pradesh,India,28.406963,77.849831,PM2.5,5.0,35.0,17.0
05-09-2026,"Yamunapuram, Bulandshahr - UPPCB",Bulandshahr,Uttar Pradesh,India,28.406963,77.849831,SO2,7.0,18.0,13.0
05-09-2026,"Yerramukkapalli, Kadapa - APPCB",Kadapa,Andhra Pradesh,India,14.465052,78.824187,CO,14.0,28.0,19.0
05-09-2026,"Yerramukkapalli, Kadapa - APPCB",Kadapa,Andhra Pradesh,India,14.465052,78.824187,NH3,3.0,3.0,3.0
05-09-2026,"Yerramukkapalli, Kadapa - APPCB",Kadapa,Andhra Pradesh,India,14.465052,78.824187,NO2,21.0,23.0,22.0
05-09-2026,"Yerramukkapalli, Kadapa - APPCB",Kadapa,Andhra Pradesh,India,14.465052,78.824187,OZONE,39.0,43.0,40.0
05-09-2026,"Yerramukkapalli, Kadapa - APPCB",Kadapa,Andhra Pradesh,India,14.465052,78.824187,PM10,61.0,65.0,63.0
05-09-2026,"Yerramukkapalli, Kadapa - APPCB",Kadapa,Andhra Pradesh,India,14.465052,78.824187,PM2.5,69.0,71.0,70.0
05-09-2026,"Yerramukkapalli, Kadapa - APPCB",Kadapa,Andhra Pradesh,India,14.465052,78.824187,SO2,16.0,16.0,16.0
05-09-2026,"Zero Point GICI, Gangtok - SSPCB",Gangtok,Sikkim,India,27.33853,88.614099,CO,2.0,4.0,3.0
05-09-2026,"Zero Point GICI, Gangtok - SSPCB",Gangtok,Sikkim,India,27.33853,88.614099,NH3,1.0,1.0,1.0
05-09-2026,"Zero Point GICI, Gangtok - SSPCB",Gangtok,Sikkim,India,27.33853,88.614099,NO2,7.0,8.0,8.0
05-09-2026,"Zero Point GICI, Gangtok - SSPCB",Gangtok,Sikkim,India,27.33853,88.614099,OZONE,1.0,2.0,2.0
05-09-2026,"Zero Point GICI, Gangtok - SSPCB",Gangtok,Sikkim,India,27.33853,88.614099,PM10,,,
05-09-2026,"Zero Point GICI, Gangtok - SSPCB",Gangtok,Sikkim,India,27.33853,88.614099,PM2.5,,,
05-09-2026,"Zero Point GICI, Gangtok - SSPCB",Gangtok,Sikkim,India,27.33853,88.614099,SO2,1.0,1.0,1.0
05-09-2026,"Zoo Park, Hyderabad - TSPCB",Hyderabad,Telangana,India,17.349694,78.451437,CO,1.0,21.0,12.0
05-09-2026,"Zoo Park, Hyderabad - TSPCB",Hyderabad,Telangana,India,17.349694,78.451437,NH3,2.0,2.0,2.0
05-09-2026,"Zoo Park, Hyderabad - TSPCB",Hyderabad,Telangana,India,17.349694,78.451437,NO2,6.0,11.0,8.0
05-09-2026,"Zoo Park, Hyderabad - TSPCB",Hyderabad,Telangana,India,17.349694,78.451437,OZONE,4.0,5.0,4.0
05-09-2026,"Zoo Park, Hyderabad - TSPCB",Hyderabad,Telangana,India,17.349694,78.451437,PM10,15.0,108.0,41.0
05-09-2026,"Zoo Park, Hyderabad - TSPCB",Hyderabad,Telangana,India,17.349694,78.451437,PM2.5,13.0,98.0,36.0
05-09-2026,"Zoo Park, Hyderabad - TSPCB",Hyderabad,Telangana,India,17.349694,78.451437,SO2,2.0,2.0,2.0
