country,state,city,station,last_update,latitude,longitude,pollutant_id,min_value,max_value,avg_value,collection_time
India,Chhattisgarh,Kunjemura,"OP Jindal School, Kunjemura - CECB",05-09-2026 21:00:00,22.12665,83.483212,OZONE,3.0,5.0,4.0,2026-09-05 16:37:06
India,Chhattisgarh,Milupara,"Govt. Higher Secondary School, Milupara - CECB",05-09-2026 21:00:00,22.1910172,83.5197009,PM10,,,,2026-09-05 16:37:06
India,Chhattisgarh,Raipur,"Krishak Nagar, Raipur - CECB",05-09-2026 21:00:00,21.237755,81.705301,PM2.5,11.0,33.0,20.0,2026-09-05 16:37:06
India,Chhattisgarh,Raipur,"Bhatagaon New ISBT, Raipur - CECB",05-09-2026 21:00:00,21.219665,81.630094,PM2.5,4.0,33.0,15.0,2026-09-05 16:37:06
India,Chhattisgarh,Raipur,"Bhatagaon New ISBT, Raipur - CECB",05-09-2026 21:00:00,21.219665,81.630094,PM10,9.0,62.0,29.0,2026-09-05 16:37:06
India,Chhattisgarh,Raipur,"Bhatagaon New ISBT, Raipur - CECB",05-09-2026 21:00:00,21.219665,81.630094,NH3,2.0,2.0,2.0,2026-09-05 16:37:06
India,Chhattisgarh,Raipur,"AIIMS, Raipur - CECB",05-09-2026 21:00:00,21.258815,81.578979,SO2,4.0,5.0,4.0,2026-09-05 16:37:06
India,Chhattisgarh,Tumidih,"OP Jindal Industrial Park, Tumidih - CECB",05-09-2026 21:00:00,22.06631475,83.33820077,NH3,1.0,2.0,2.0,2026-09-05 16:37:06
India,Chhattisgarh,Tumidih,"OP Jindal Industrial Park, Tumidih - CECB",05-09-2026 21:00:00,22.06631475,83.33820077,SO2,5.0,14.0,6.0,2026-09-05 16:37:06
India,Delhi,Delhi,"ITO, Delhi - CPCB",05-09-2026 21:00:00,28.628624,77.24106,OZONE,15.0,17.0,16.0,2026-09-05 16:37:06
India,Delhi,Delhi,"Narela, Delhi - DPCC",05-09-2026 21:00:00,28.822836,77.101981,PM10,14.0,85.0,39.0,2026-09-05 16:37:06
India,Delhi,Delhi,"Cantonment Area, Delhi - DPCC",05-09-2026 21:00:00,28.594169,77.1251,OZONE,5.0,7.0,6.0,2026-09-05 16:37:06
India,Delhi,Delhi,"Major Dhyan Chand National Stadium, Delhi - DPCC",05-09-2026 21:00:00,28.611281,77.237738,PM2.5,2.0,2.0,2.0,2026-09-05 16:37:06
India,Delhi,Delhi,"Major Dhyan Chand National Stadium, Delhi - DPCC",05-09-2026 21:00:00,28.611281,77.237738,NH3,6.0,8.0,6.0,2026-09-05 16:37:06
India,Delhi,Delhi,"Major Dhyan Chand National Stadium, Delhi - DPCC",05-09-2026 21:00:00,28.611281,77.237738,CO,51.0,82.0,64.0,2026-09-05 16:37:06
India,Delhi,Delhi,"Sonia Vihar, Delhi - DPCC",05-09-2026 21:00:00,28.710508,77.249485,SO2,4.0,7.0,6.0,2026-09-05 16:37:06
India,Bihar,Muzaffarpur,"Buddha Colony, Muzaffarpur - BSPCB",05-09-2026 21:00:00,26.11442,85.39813,CO,15.0,27.0,20.0,2026-09-05 16:37:06
India,Bihar,Muzaffarpur,"MIT-Daudpur Kothi, Muzaffarpur - BSPCB",05-09-2026 21:00:00,26.1403345,85.3650192,OZONE,53.0,54.0,53.0,2026-09-05 16:37:06
India,Bihar,Patna,"Rajbansi Nagar, Patna - BSPCB",05-09-2026 21:00:00,25.599486,85.113666,OZONE,27.0,29.0,28.0,2026-09-05 16:37:06
India,Bihar,Patna,"Govt. High School Shikarpur, Patna - BSPCB",05-09-2026 21:00:00,25.592539,85.227158,NO2,5.0,7.0,6.0,2026-09-05 16:37:06
India,Bihar,Patna,"DRM Office Danapur, Patna - BSPCB",05-09-2026 21:00:00,25.586562,85.043586,NO2,20.0,25.0,23.0,2026-09-05 16:37:06
India,Bihar,Patna,"DRM Office Danapur, Patna - BSPCB",05-09-2026 21:00:00,25.586562,85.043586,NH3,9.0,9.0,9.0,2026-09-05 16:37:06
India,Bihar,Patna,"Muradpur, Patna - BSPCB",05-09-2026 21:00:00,25.619651,85.147382,CO,46.0,52.0,49.0,2026-09-05 16:37:06
India,Bihar,Patna,"Muradpur, Patna - BSPCB",05-09-2026 21:00:00,25.619651,85.147382,OZONE,55.0,95.0,82.0,2026-09-05 16:37:06
India,Bihar,Patna,"Samanpura, Patna - BSPCB",05-09-2026 21:00:00,25.596727,85.085624,NH3,4.0,5.0,5.0,2026-09-05 16:37:06
India,Bihar,Rajgir,"Dangi Tola, Rajgir - BSPCB",05-09-2026 21:00:00,25.0328,85.41948,PM10,,,,2026-09-05 16:37:06
India,Bihar,Rajgir,"Dangi Tola, Rajgir - BSPCB",05-09-2026 21:00:00,25.0328,85.41948,NO2,12.0,15.0,14.0,2026-09-05 16:37:06
India,Bihar,Rajgir,"Dangi Tola, Rajgir - BSPCB",05-09-2026 21:00:00,25.0328,85.41948,SO2,2.0,3.0,3.0,2026-09-05 16:37:06
India,Bihar,Rajgir,"Dangi Tola, Rajgir - BSPCB",05-09-2026 21:00:00,25.0328,85.41948,CO,30.0,48.0,42.0,2026-09-05 16:37:06
India,Bihar,Saharsa,"Police Line, Saharsa - BSPCB",05-09-2026 21:00:00,25.892357,86.590325,PM10,48.0,117.0,60.0,2026-09-05 16:37:06
India,Bihar,Samastipur,"DM Office_Kasipur, Samastipur - BSPCB",05-09-2026 21:00:00,25.859655,85.77944,PM10,13.0,78.0,37.0,2026-09-05 16:37:06
India,Bihar,Samastipur,"DM Office_Kasipur, Samastipur - BSPCB",05-09-2026 21:00:00,25.859655,85.77944,CO,4.0,21.0,13.0,2026-09-05 16:37:06
India,Andhra Pradesh,Vijayawada,"HB Colony, Vijayawada - APPCB",05-09-2026 21:00:00,16.536107,80.594233,OZONE,17.0,45.0,29.0,2026-09-05 16:37:06
India,Andhra Pradesh,Vijayawada,"Rajiv Gandhi Park, Vijayawada - APPCB",05-09-2026 21:00:00,16.509717,80.612222,OZONE,13.0,48.0,28.0,2026-09-05 16:37:06
India,Andhra Pradesh,Visakhapatnam,"GVM Corporation, Visakhapatnam - APPCB",05-09-2026 21:00:00,17.72,83.3,PM2.5,33.0,132.0,68.0,2026-09-05 16:37:06
India,Andhra Pradesh,Visakhapatnam,"GVM Corporation, Visakhapatnam - APPCB",05-09-2026 21:00:00,17.72,83.3,PM10,73.0,146.0,102.0,2026-09-05 16:37:06
India,Andhra Pradesh,Visakhapatnam,"GVM Corporation, Visakhapatnam - APPCB",05-09-2026 21:00:00,17.72,83.3,NO2,32.0,115.0,69.0,2026-09-05 16:37:06
India,Andhra Pradesh,Visakhapatnam,"GVM Corporation, Visakhapatnam - APPCB",05-09-2026 21:00:00,17.72,83.3,OZONE,3.0,56.0,24.0,2026-09-05 16:37:06
India,Arunachal Pradesh,Naharlagun,"Naharlagun, Naharlagun - APSPCB",05-09-2026 21:00:00,27.103358,93.679645,PM2.5,2.0,54.0,23.0,2026-09-05 16:37:06
India,Assam,Byrnihat,"Central Academy for SFS, Byrnihat - PCBA",05-09-2026 21:00:00,26.071318,91.87488,PM2.5,79.0,203.0,102.0,2026-09-05 16:37:06
India,Assam,Byrnihat,"Central Academy for SFS, Byrnihat - PCBA",05-09-2026 21:00:00,26.071318,91.87488,PM10,73.0,127.0,87.0,2026-09-05 16:37:06
India,Assam,Byrnihat,"Central Academy for SFS, Byrnihat - PCBA",05-09-2026 21:00:00,26.071318,91.87488,NH3,4.0,4.0,4.0,2026-09-05 16:37:06
India,Assam,Byrnihat,"Central Academy for SFS, Byrnihat - PCBA",05-09-2026 21:00:00,26.071318,91.87488,SO2,6.0,32.0,30.0,2026-09-05 16:37:06
India,Assam,Byrnihat,"Central Academy for SFS, Byrnihat - PCBA",05-09-2026 21:00:00,26.071318,91.87488,CO,43.0,64.0,57.0,2026-09-05 16:37:06
India,Assam,Guwahati,"Pan Bazaar, Guwahati - PCBA",05-09-2026 21:00:00,26.1875,91.744194,NH3,,,,2026-09-05 16:37:06
India,Assam,Guwahati,"Pan Bazaar, Guwahati - PCBA",05-09-2026 21:00:00,26.1875,91.744194,OZONE,11.0,18.0,14.0,2026-09-05 16:37:06
India,Assam,Guwahati,"LGBI Airport, Guwahati - PCBA",05-09-2026 21:00:00,26.10887,91.589544,OZONE,11.0,13.0,12.0,2026-09-05 16:37:06
India,Assam,Guwahati,"Railway Colony, Guwahati - PCBA",05-09-2026 21:00:00,26.181742,91.78063,PM10,19.0,74.0,42.0,2026-09-05 16:37:06
India,Assam,Guwahati,"Railway Colony, Guwahati - PCBA",05-09-2026 21:00:00,26.181742,91.78063,OZONE,9.0,14.0,12.0,2026-09-05 16:37:06
India,Assam,Nagaon,"Christianpatty, Nagaon - PCBA",05-09-2026 21:00:00,26.349082,92.68449,SO2,2.0,16.0,12.0,2026-09-05 16:37:06
India,Assam,Nalbari,"Bata Chowk, Nalbari - PCBA",05-09-2026 21:00:00,26.446912,91.439057,PM10,15.0,72.0,23.0,2026-09-05 16:37:06
India,Assam,Nalbari,"Bata Chowk, Nalbari - PCBA",05-09-2026 21:00:00,26.446912,91.439057,CO,21.0,22.0,21.0,2026-09-05 16:37:06
India,Assam,Sivasagar,"Girls College, Sivasagar - PCBA",05-09-2026 21:00:00,26.987634,94.636574,OZONE,15.0,47.0,35.0,2026-09-05 16:37:06
India,Bihar,Araria,"Kharahiya Basti, Araria - BSPCB",05-09-2026 21:00:00,26.146529,87.454184,CO,21.0,30.0,27.0,2026-09-05 16:37:06
India,Bihar,Araria,"Kharahiya Basti, Araria - BSPCB",05-09-2026 21:00:00,26.146529,87.454184,OZONE,29.0,48.0,38.0,2026-09-05 16:37:06
India,Bihar,Arrah,"New DM Office, Arrah - BSPCB",05-09-2026 21:00:00,25.5626095,84.663264,NO2,,,,2026-09-05 16:37:06
India,Bihar,Arrah,"New DM Office, Arrah - BSPCB",05-09-2026 21:00:00,25.5626095,84.663264,CO,50.0,62.0,56.0,2026-09-05 16:37:06
India,Bihar,Bettiah,"Kamalnath Nagar, Bettiah - BSPCB",05-09-2026 21:00:00,26.80365,84.51954,PM2.5,21.0,26.0,23.0,2026-09-05 16:37:06
India,Bihar,Bettiah,"Kamalnath Nagar, Bettiah - BSPCB",05-09-2026 21:00:00,26.80365,84.51954,NO2,15.0,48.0,27.0,2026-09-05 16:37:06
India,Bihar,Bettiah,"Kamalnath Nagar, Bettiah - BSPCB",05-09-2026 21:00:00,26.80365,84.51954,CO,25.0,37.0,31.0,2026-09-05 16:37:06
India,Bihar,Bhagalpur,"Mayaganj, Bhagalpur - BSPCB",05-09-2026 21:00:00,25.265194,87.012947,CO,20.0,31.0,26.0,2026-09-05 16:37:06
India,Bihar,Bhagalpur,"Mayaganj, Bhagalpur - BSPCB",05-09-2026 21:00:00,25.265194,87.012947,OZONE,9.0,18.0,13.0,2026-09-05 16:37:06
India,Bihar,Bihar Sharif,"D M Colony, Bihar Sharif - BSPCB",05-09-2026 21:00:00,25.204762,85.51496,OZONE,2.0,2.0,2.0,2026-09-05 16:37:06
India,Bihar,Gaya,"Collectorate, Gaya - BSPCB",05-09-2026 21:00:00,24.7955,84.9994,PM10,,,,2026-09-05 16:37:06
India,Bihar,Gaya,"SFTI Kusdihra, Gaya - BSPCB",05-09-2026 21:00:00,24.762518,84.982348,NO2,21.0,28.0,25.0,2026-09-05 16:37:06
India,Bihar,Gaya,"SFTI Kusdihra, Gaya - BSPCB",05-09-2026 21:00:00,24.762518,84.982348,SO2,8.0,10.0,9.0,2026-09-05 16:37:06
India,Bihar,Gaya,"Kareemganj, Gaya - BSPCB",05-09-2026 21:00:00,24.792403,84.992416,PM10,2.0,324.0,106.0,2026-09-05 16:37:06
India,Bihar,Gaya,"Kareemganj, Gaya - BSPCB",05-09-2026 21:00:00,24.792403,84.992416,NO2,,,,2026-09-05 16:37:06
India,Bihar,Hajipur,"Industrial Area, Hajipur - BSPCB",05-09-2026 21:00:00,25.697189,85.2459,NO2,13.0,34.0,23.0,2026-09-05 16:37:06
India,Bihar,Katihar,"Mirchaibari, Katihar - BSPCB",05-09-2026 21:00:00,25.560083,87.553265,NO2,2.0,2.0,2.0,2026-09-05 16:37:06
India,Bihar,Katihar,"Mirchaibari, Katihar - BSPCB",05-09-2026 21:00:00,25.560083,87.553265,SO2,14.0,21.0,18.0,2026-09-05 16:37:06
India,Bihar,Manguraha,"Forest Rest House, Manguraha - BSPCB",05-09-2026 21:00:00,27.308328,84.531742,CO,17.0,96.0,61.0,2026-09-05 16:37:06
India,Bihar,Motihari,"Gandak Colony, Motihari - BSPCB",05-09-2026 21:00:00,26.63086,84.90051,PM2.5,13.0,100.0,25.0,2026-09-05 16:37:06
India,Bihar,Motihari,"Gandak Colony, Motihari - BSPCB",05-09-2026 21:00:00,26.63086,84.90051,CO,11.0,14.0,13.0,2026-09-05 16:37:06
India,Bihar,Munger,"Town Hall, Munger - BSPCB",05-09-2026 21:00:00,25.376776,86.471523,PM10,10.0,183.0,83.0,2026-09-05 16:37:06
India,Bihar,Munger,"Town Hall, Munger - BSPCB",05-09-2026 21:00:00,25.376776,86.471523,NO2,11.0,12.0,12.0,2026-09-05 16:37:06
India,Andhra Pradesh,Kadapa,"Yerramukkapalli, Kadapa - APPCB",05-09-2026 21:00:00,14.465052,78.824187,PM2.5,69.0,71.0,70.0,2026-09-05 16:37:06
India,Andhra Pradesh,Kadapa,"Yerramukkapalli, Kadapa - APPCB",05-09-2026 21:00:00,14.465052,78.824187,PM10,61.0,65.0,63.0,2026-09-05 16:37:06
India,Andhra Pradesh,Kakinada,"Rama Rao Peta, Kakinada - APPCB",05-09-2026 21:00:00,16.962488,82.229513,NO2,26.0,54.0,38.0,2026-09-05 16:37:06
India,Andhra Pradesh,Machilipatnam,"Srinivas Nagar Colony, Machilipatnam - APPCB",05-09-2026 21:00:00,16.186555,81.13219,CO,10.0,21.0,15.0,2026-09-05 16:37:06
India,Andhra Pradesh,Srikakulam,"Chinna Bharatham Colony, Srikakulam - APPCB",05-09-2026 21:00:00,18.292191,83.897173,PM10,49.0,95.0,65.0,2026-09-05 16:37:06
India,Andhra Pradesh,Srikakulam,"Chinna Bharatham Colony, Srikakulam - APPCB",05-09-2026 21:00:00,18.292191,83.897173,NO2,17.0,43.0,27.0,2026-09-05 16:37:06
India,Andhra Pradesh,Tirupati,"Vaikuntapuram, Tirupati - APPCB",05-09-2026 21:00:00,13.615387,79.40923,SO2,19.0,20.0,19.0,2026-09-05 16:37:06
India,Andhra Pradesh,Tirupati,"Vaikuntapuram, Tirupati - APPCB",05-09-2026 21:00:00,13.615387,79.40923,CO,18.0,21.0,20.0,2026-09-05 16:37:06
India,Andhra Pradesh,Vijayawada,"Rajiv Nagar, Vijayawada - APPCB",05-09-2026 21:00:00,16.554731,80.64911,PM2.5,46.0,74.0,55.0,2026-09-05 16:37:06
India,Andhra Pradesh,Vijayawada,"Rajiv Nagar, Vijayawada - APPCB",05-09-2026 21:00:00,16.554731,80.64911,PM10,52.0,76.0,61.0,2026-09-05 16:37:06
India,Andhra Pradesh,Vijayawada,"Rajiv Nagar, Vijayawada - APPCB",05-09-2026 21:00:00,16.554731,80.64911,NH3,4.0,6.0,5.0,2026-09-05 16:37:06
India,Delhi,Delhi,"Okhla Phase-2, Delhi - DPCC",05-09-2026 21:00:00,28.530785,77.271255,OZONE,7.0,13.0,10.0,2026-09-05 16:37:06
India,Delhi,Delhi,"Rohini, Delhi - DPCC",05-09-2026 21:00:00,28.732528,77.11992,SO2,9.0,11.0,10.0,2026-09-05 16:37:06
India,Delhi,Delhi,"Rohini, Delhi - DPCC",05-09-2026 21:00:00,28.732528,77.11992,CO,42.0,50.0,47.0,2026-09-05 16:37:06
India,Delhi,Delhi,"Rohini, Delhi - DPCC",05-09-2026 21:00:00,28.732528,77.11992,OZONE,12.0,13.0,13.0,2026-09-05 16:37:06
India,Delhi,Delhi,"Vivek Vihar, Delhi - DPCC",05-09-2026 21:00:00,28.672342,77.31526,PM2.5,3.0,69.0,24.0,2026-09-05 16:37:06
India,Delhi,Delhi,"Jahangirpuri, Delhi - DPCC",05-09-2026 21:00:00,28.73282,77.170633,PM2.5,,,,2026-09-05 16:37:06
India,Delhi,Delhi,"Jahangirpuri, Delhi - DPCC",05-09-2026 21:00:00,28.73282,77.170633,CO,41.0,56.0,48.0,2026-09-05 16:37:06
India,Delhi,Delhi,"Jahangirpuri, Delhi - DPCC",05-09-2026 21:00:00,28.73282,77.170633,OZONE,17.0,18.0,18.0,2026-09-05 16:37:06
India,Delhi,Delhi,"IHBAS, Dilshad Garden, Delhi - CPCB",05-09-2026 21:00:00,28.6811736,77.3025234,PM10,13.0,131.0,34.0,2026-09-05 16:37:06
India,Delhi,Delhi,"Sri Aurobindo Marg, Delhi - DPCC",05-09-2026 21:00:00,28.531346,77.190156,NO2,17.0,39.0,26.0,2026-09-05 16:37:06
India,Delhi,Delhi,"Nehru Nagar, Delhi - DPCC",05-09-2026 21:00:00,28.56789,77.250515,SO2,1.0,108.0,11.0,2026-09-05 16:37:06
India,Delhi,Delhi,"Patparganj, Delhi - DPCC",05-09-2026 21:00:00,28.623763,77.287209,PM10,22.0,58.0,43.0,2026-09-05 16:37:06
India,Bihar,Sasaram,"Dada Peer, Sasaram - BSPCB",05-09-2026 21:00:00,24.952822,84.002396,NH3,2.0,4.0,3.0,2026-09-05 16:37:06
India,Bihar,Siwan,"Chitragupta Nagar, Siwan - BSPCB",05-09-2026 21:00:00,26.2271665,84.3570427,NO2,2.0,3.0,2.0,2026-09-05 16:37:06
India,Chandigarh,Chandigarh,"Sector 22, Chandigarh - CPCC",05-09-2026 21:00:00,30.735567,76.775714,NO2,1.0,6.0,3.0,2026-09-05 16:37:06
India,Chandigarh,Chandigarh,"Sector 22, Chandigarh - CPCC",05-09-2026 21:00:00,30.735567,76.775714,SO2,3.0,7.0,5.0,2026-09-05 16:37:06
India,Chandigarh,Chandigarh,"Sector-53, Chandigarh - CPCC",05-09-2026 21:00:00,30.719859,76.738637,CO,34.0,48.0,40.0,2026-09-05 16:37:06
India,Chhattisgarh,Bhilai,"32Bungalows, Bhilai - CECB",05-09-2026 21:00:00,21.194815,81.31477,CO,9.0,18.0,12.0,2026-09-05 16:37:06
India,Chhattisgarh,Bhilai,"Hathkhoj, Bhilai - CECB",05-09-2026 21:00:00,21.224231,81.40835,PM10,12.0,65.0,29.0,2026-09-05 16:37:06
India,Chhattisgarh,Bhilai,"Hathkhoj, Bhilai - CECB",05-09-2026 21:00:00,21.224231,81.40835,SO2,3.0,20.0,9.0,2026-09-05 16:37:06
India,Chhattisgarh,Bilaspur,"Mangala, Bilaspur - NTPC",05-09-2026 21:00:00,22.08815,82.13737,NH3,,,,2026-09-05 16:37:06
India,Chhattisgarh,Korba,"Urja Nagar, Korba - CECB",05-09-2026 21:00:00,22.348441,82.549611,PM10,25.0,59.0,38.0,2026-09-05 16:37:06
India,Delhi,Delhi,"Najafgarh, Delhi - DPCC",05-09-2026 21:00:00,28.570173,76.933762,NH3,7.0,8.0,7.0,2026-09-05 16:37:06
India,Delhi,Delhi,"Najafgarh, Delhi - DPCC",05-09-2026 21:00:00,28.570173,76.933762,OZONE,11.0,13.0,12.0,2026-09-05 16:37:06
India,Delhi,Delhi,"Wazirpur, Delhi - DPCC",05-09-2026 21:00:00,28.699793,77.165453,SO2,24.0,27.0,26.0,2026-09-05 16:37:06
India,Delhi,Delhi,"NSUT Jaffarpur, Delhi - DPCC",05-09-2026 21:00:00,28.594004,76.909423,NH3,0.0,4.0,1.0,2026-09-05 16:37:06
India,Delhi,Delhi,"Mundka, Delhi - DPCC",05-09-2026 21:00:00,28.684678,77.076574,PM10,14.0,44.0,31.0,2026-09-05 16:37:06
India,Delhi,Delhi,"Mundka, Delhi - DPCC",05-09-2026 21:00:00,28.684678,77.076574,NH3,5.0,10.0,7.0,2026-09-05 16:37:06
India,Delhi,Delhi,"Mundka, Delhi - DPCC",05-09-2026 21:00:00,28.684678,77.076574,SO2,6.0,15.0,11.0,2026-09-05 16:37:06
India,Delhi,Delhi,"Punjabi Bagh, Delhi - DPCC",05-09-2026 21:00:00,28.674045,77.131023,PM10,10.0,89.0,55.0,2026-09-05 16:37:06
India,Delhi,Delhi,"Punjabi Bagh, Delhi - DPCC",05-09-2026 21:00:00,28.674045,77.131023,CO,42.0,75.0,58.0,2026-09-05 16:37:06
India,Delhi,Delhi,"Shadipur, Delhi - CPCB",05-09-2026 21:00:00,28.6514781,77.1473105,SO2,3.0,20.0,13.0,2026-09-05 16:37:06
India,Delhi,Delhi,"Shadipur, Delhi - CPCB",05-09-2026 21:00:00,28.6514781,77.1473105,OZONE,8.0,12.0,11.0,2026-09-05 16:37:06
India,Delhi,Delhi,"Sirifort, Delhi - CPCB",05-09-2026 21:00:00,28.5504249,77.2159377,NH3,6.0,9.0,7.0,2026-09-05 16:37:06
India,Andhra Pradesh,Amaravati,"Secretariat, Amaravati - APPCB",05-09-2026 21:00:00,16.5150833,80.5181667,PM2.5,20.0,47.0,31.0,2026-09-05 16:37:06
India,Andhra Pradesh,Amaravati,"Secretariat, Amaravati - APPCB",05-09-2026 21:00:00,16.5150833,80.5181667,NO2,12.0,53.0,26.0,2026-09-05 16:37:06
India,Andhra Pradesh,Anantapur,"Gulzarpet, Anantapur - APPCB",05-09-2026 21:00:00,14.675886,77.593027,PM10,55.0,89.0,69.0,2026-09-05 16:37:06
India,Andhra Pradesh,Anantapur,"Gulzarpet, Anantapur - APPCB",05-09-2026 21:00:00,14.675886,77.593027,NH3,3.0,5.0,3.0,2026-09-05 16:37:06
India,Andhra Pradesh,Chittoor,"Gangineni Cheruvu, Chittoor - APPCB",05-09-2026 21:00:00,13.20488,79.097889,NH3,8.0,8.0,8.0,2026-09-05 16:37:06
India,Andhra Pradesh,Guntur,"Rajendra Nagar North, Guntur - APPCB",05-09-2026 21:00:00,16.316553,80.413302,SO2,8.0,19.0,12.0,2026-09-05 16:37:06
India,Delhi,Delhi,"Chandni Chowk, Delhi - IITM",05-09-2026 21:00:00,28.656756,77.227234,NH3,4.0,6.0,5.0,2026-09-05 16:37:06
India,Delhi,Delhi,"Pusa, Delhi - IITM",05-09-2026 21:00:00,28.63611,77.173332,PM2.5,,,,2026-09-05 16:37:06
India,Delhi,Delhi,"Pusa, Delhi - IITM",05-09-2026 21:00:00,28.63611,77.173332,NH3,,,,2026-09-05 16:37:06
India,Delhi,Delhi,"Pusa, Delhi - IITM",05-09-2026 21:00:00,28.63611,77.173332,OZONE,35.0,53.0,43.0,2026-09-05 16:37:06
India,Delhi,Delhi,"DTU, Delhi - CPCB",05-09-2026 21:00:00,28.7500499,77.1112615,CO,8.0,13.0,10.0,2026-09-05 16:37:06
India,Delhi,Delhi,"Dwarka-Sector 8, Delhi - DPCC ",05-09-2026 21:00:00,28.5710274,77.0719006,PM2.5,8.0,52.0,24.0,2026-09-05 16:37:06
India,Delhi,Delhi,"Dwarka-Sector 8, Delhi - DPCC ",05-09-2026 21:00:00,28.5710274,77.0719006,NH3,4.0,12.0,6.0,2026-09-05 16:37:06
India,Delhi,Delhi,"Dr. Karni Singh Shooting Range, Delhi - DPCC",05-09-2026 21:00:00,28.498571,77.26484,NO2,17.0,40.0,27.0,2026-09-05 16:37:06
India,Delhi,Delhi,"IIT Delhi, Delhi - IITM",05-09-2026 21:00:00,28.54246,77.191651,NH3,,,,2026-09-05 16:37:06
India,Delhi,Delhi,"IIT Delhi, Delhi - IITM",05-09-2026 21:00:00,28.54246,77.191651,SO2,,,,2026-09-05 16:37:06
India,Delhi,Delhi,"IIT Delhi, Delhi - IITM",05-09-2026 21:00:00,28.54246,77.191651,OZONE,15.0,22.0,18.0,2026-09-05 16:37:06
India,Delhi,Delhi,"IGNOU_Maidan Garhi, Delhi - DPCC",05-09-2026 21:00:00,28.493624,77.201159,PM10,15.0,47.0,34.0,2026-09-05 16:37:06
India,Delhi,Delhi,"IGNOU_Maidan Garhi, Delhi - DPCC",05-09-2026 21:00:00,28.493624,77.201159,CO,57.0,67.0,63.0,2026-09-05 16:37:06
India,Delhi,Delhi,"Commonwealth Sports Complex, Delhi - DPCC",05-09-2026 21:00:00,28.615828,77.271992,SO2,2.0,3.0,3.0,2026-09-05 16:37:06
India,Delhi,Delhi,"Talkatora Garden, Delhi - DPCC",05-09-2026 21:00:00,28.62181,77.1944633,NO2,10.0,44.0,28.0,2026-09-05 16:37:06
India,Delhi,Delhi,"NSIT Dwarka, Delhi - CPCB",05-09-2026 21:00:00,28.60909,77.0325413,PM2.5,10.0,31.0,20.0,2026-09-05 16:37:06
India,Delhi,Delhi,"NSIT Dwarka, Delhi - CPCB",05-09-2026 21:00:00,28.60909,77.0325413,NH3,6.0,9.0,7.0,2026-09-05 16:37:06
India,Delhi,Delhi,"Aya Nagar, Delhi - IITM",05-09-2026 21:00:00,28.4706914,77.1099364,NO2,13.0,35.0,21.0,2026-09-05 16:37:06
India,Delhi,Delhi,"Aya Nagar, Delhi - IITM",05-09-2026 21:00:00,28.4706914,77.1099364,SO2,,,,2026-09-05 16:37:06
India,Delhi,Delhi,"Aya Nagar, Delhi - IITM",05-09-2026 21:00:00,28.4706914,77.1099364,CO,26.0,40.0,32.0,2026-09-05 16:37:06
India,Haryana,Dharuhera,"Municipal Corporation Office, Dharuhera -  HSPCB",05-09-2026 21:00:00,28.2068,76.7997,NH3,4.0,8.0,5.0,2026-09-05 16:37:06
India,Haryana,Faridabad,"New Industrial Town, Faridabad - HSPCB",05-09-2026 21:00:00,28.39072,77.30059,PM10,46.0,122.0,84.0,2026-09-05 16:37:06
India,Haryana,Faridabad,"New Industrial Town, Faridabad - HSPCB",05-09-2026 21:00:00,28.39072,77.30059,CO,22.0,26.0,24.0,2026-09-05 16:37:06
India,Haryana,Faridabad,"Sector 11, Faridabad - HSPCB",05-09-2026 21:00:00,28.376058,77.315741,NO2,,,,2026-09-05 16:37:06
India,Haryana,Faridabad,"Sector 11, Faridabad - HSPCB",05-09-2026 21:00:00,28.376058,77.315741,NH3,,,,2026-09-05 16:37:06
India,Haryana,Faridabad,"Sector 11, Faridabad - HSPCB",05-09-2026 21:00:00,28.376058,77.315741,SO2,,,,2026-09-05 16:37:06
India,Haryana,Faridabad,"Sector 30, Faridabad - HSPCB",05-09-2026 21:00:00,28.4417,77.3217,CO,24.0,34.0,26.0,2026-09-05 16:37:06
India,Haryana,Fatehabad,"Huda Sector, Fatehabad - HSPCB",05-09-2026 21:00:00,29.503664,75.467934,PM2.5,,,,2026-09-05 16:37:06
India,Haryana,Gurugram,"Teri Gram, Gurugram - HSPCB",05-09-2026 21:00:00,28.4275,77.1465,CO,10.0,28.0,17.0,2026-09-05 16:37:06
India,Haryana,Gurugram,"NISE Gwal Pahari, Gurugram - IITM",05-09-2026 21:00:00,28.422681,77.148944,PM2.5,7.0,73.0,37.0,2026-09-05 16:37:06
India,Haryana,Gurugram,"NISE Gwal Pahari, Gurugram - IITM",05-09-2026 21:00:00,28.422681,77.148944,NO2,13.0,42.0,24.0,2026-09-05 16:37:06
India,Haryana,Gurugram,"NISE Gwal Pahari, Gurugram - IITM",05-09-2026 21:00:00,28.422681,77.148944,SO2,,,,2026-09-05 16:37:06
India,Haryana,Gurugram,"Sector-51, Gurugram - HSPCB",05-09-2026 21:00:00,28.4227,77.0667,SO2,6.0,10.0,8.0,2026-09-05 16:37:06
India,Haryana,Hisar,"Urban Estate-II, Hisar - HSPCB",05-09-2026 21:00:00,29.14056,75.744941,PM10,26.0,63.0,46.0,2026-09-05 16:37:06
India,Haryana,Jind,"Police Lines, Jind - HSPCB",05-09-2026 21:00:00,29.307814,76.337619,PM2.5,76.0,101.0,89.0,2026-09-05 16:37:06
India,Haryana,Jind,"Police Lines, Jind - HSPCB",05-09-2026 21:00:00,29.307814,76.337619,PM10,50.0,66.0,59.0,2026-09-05 16:37:06
India,Haryana,Jind,"Police Lines, Jind - HSPCB",05-09-2026 21:00:00,29.307814,76.337619,NH3,4.0,6.0,5.0,2026-09-05 16:37:06
India,Haryana,Kaithal,"Rishi Nagar, Kaithal - HSPCB",05-09-2026 21:00:00,29.8006,76.4155,NO2,20.0,25.0,23.0,2026-09-05 16:37:06
India,Haryana,Yamuna Nagar,"Gobind Pura, Yamuna Nagar - HSPCB",05-09-2026 21:00:00,30.1480566,77.2893471,CO,50.0,52.0,51.0,2026-09-05 16:37:06
India,Haryana,Yamuna Nagar,"Gobind Pura, Yamuna Nagar - HSPCB",05-09-2026 21:00:00,30.1480566,77.2893471,OZONE,24.0,63.0,47.0,2026-09-05 16:37:06
India,Jammu and Kashmir,Pampore,"Khrew, Pampore - JKPCC",05-09-2026 21:00:00,34.031606,75.009712,OZONE,,,,2026-09-05 16:37:06
India,Jammu and Kashmir,Srinagar,"Rajbagh, Srinagar - JKPCC",05-09-2026 21:00:00,34.066206,74.81982,NH3,9.0,9.0,9.0,2026-09-05 16:37:06
India,Jammu and Kashmir,Srinagar,"Khunmoh, Srinagar - JKPCC",05-09-2026 21:00:00,34.06313,74.96017,CO,,,,2026-09-05 16:37:06
India,Jammu and Kashmir,Srinagar,"Khunmoh, Srinagar - JKPCC",05-09-2026 21:00:00,34.06313,74.96017,OZONE,,,,2026-09-05 16:37:06
India,Jharkhand,Dhanbad,"Sardar Patel Nagar, Dhanbad - JSPCB",05-09-2026 21:00:00,23.80569,86.44268,PM10,,,,2026-09-05 16:37:06
India,Karnataka,Bengaluru,"Jigani, Bengaluru - KSPCB",05-09-2026 21:00:00,12.7816279,77.6299145,PM2.5,,,,2026-09-05 16:37:06
India,Karnataka,Bengaluru,"City Railway Station, Bengaluru - KSPCB",05-09-2026 21:00:00,12.9756843,77.5660749,PM10,85.0,101.0,100.0,2026-09-05 16:37:06
India,Karnataka,Bengaluru,"City Railway Station, Bengaluru - KSPCB",05-09-2026 21:00:00,12.9756843,77.5660749,NO2,27.0,37.0,31.0,2026-09-05 16:37:06
India,Karnataka,Bengaluru,"City Railway Station, Bengaluru - KSPCB",05-09-2026 21:00:00,12.9756843,77.5660749,NH3,,,,2026-09-05 16:37:06
India,Karnataka,Bengaluru,"City Railway Station, Bengaluru - KSPCB",05-09-2026 21:00:00,12.9756843,77.5660749,SO2,12.0,13.0,12.0,2026-09-05 16:37:06
India,Karnataka,Bengaluru,"Jayanagar 5th Block, Bengaluru - KSPCB",05-09-2026 21:00:00,12.920984,77.584908,SO2,3.0,14.0,9.0,2026-09-05 16:37:06
India,Karnataka,Bengaluru,"Hombegowda Nagar, Bengaluru - KSPCB",05-09-2026 21:00:00,12.938539,77.5901,NH3,1.0,1.0,1.0,2026-09-05 16:37:06
India,Karnataka,Bengaluru,"Hombegowda Nagar, Bengaluru - KSPCB",05-09-2026 21:00:00,12.938539,77.5901,CO,17.0,54.0,28.0,2026-09-05 16:37:06
India,Karnataka,Bengaluru,"Peenya, Bengaluru - CPCB",05-09-2026 21:00:00,13.0270199,77.494094,NH3,3.0,113.0,12.0,2026-09-05 16:37:06
India,Haryana,Kurukshetra,"Sector-7, Kurukshetra - HSPCB",05-09-2026 21:00:00,29.966942,76.875879,OZONE,15.0,28.0,21.0,2026-09-05 16:37:06
India,Haryana,Mandikhera,"General Hospital, Mandikhera(Nuh) - HSPCB",05-09-2026 21:00:00,27.9002,76.9938,NH3,,,,2026-09-05 16:37:06
India,Haryana,Mandikhera,"General Hospital, Mandikhera(Nuh) - HSPCB",05-09-2026 21:00:00,27.9002,76.9938,OZONE,46.0,48.0,47.0,2026-09-05 16:37:06
India,Haryana,Manesar,"Sector-2 IMT, Manesar - HSPCB",05-09-2026 21:00:00,28.360699,76.93609,NH3,,,,2026-09-05 16:37:06
India,Haryana,Palwal,"Shyam Nagar, Palwal - HSPCB",05-09-2026 21:00:00,28.1485564,77.3320667,OZONE,9.0,10.0,10.0,2026-09-05 16:37:06
India,Haryana,Panchgaon,"Amity University, Panchgaon - IITM",05-09-2026 21:00:00,28.3153,76.9143,PM2.5,31.0,500.0,91.0,2026-09-05 16:37:06
India,Haryana,Panchgaon,"Amity University, Panchgaon - IITM",05-09-2026 21:00:00,28.3153,76.9143,CO,23.0,59.0,47.0,2026-09-05 16:37:06
India,Haryana,Panipat,"Sector-18, Panipat - HSPCB",05-09-2026 21:00:00,29.432304,76.972765,PM2.5,22.0,148.0,47.0,2026-09-05 16:37:06
India,Haryana,Panipat,"Sector-18, Panipat - HSPCB",05-09-2026 21:00:00,29.432304,76.972765,NH3,7.0,12.0,9.0,2026-09-05 16:37:06
India,Haryana,Rohtak,"MD University, Rohtak - HSPCB",05-09-2026 21:00:00,28.52123,76.37138,SO2,9.0,12.0,11.0,2026-09-05 16:37:06
India,Haryana,Sirsa,"F-Block, Sirsa - HSPCB",05-09-2026 21:00:00,29.5364,75.0158,PM2.5,16.0,30.0,22.0,2026-09-05 16:37:06
India,Haryana,Sonipat,"Murthal, Sonipat - HSPCB",05-09-2026 21:00:00,29.0272,77.0621,OZONE,49.0,51.0,50.0,2026-09-05 16:37:06
India,Haryana,Yamuna Nagar,"Gobind Pura, Yamuna Nagar - HSPCB",05-09-2026 21:00:00,30.1480566,77.2893471,PM2.5,69.0,135.0,91.0,2026-09-05 16:37:06
India,Haryana,Yamuna Nagar,"Gobind Pura, Yamuna Nagar - HSPCB",05-09-2026 21:00:00,30.1480566,77.2893471,NO2,11.0,21.0,16.0,2026-09-05 16:37:06
India,Delhi,Delhi,"CRRI Mathura Road, Delhi - IITM",05-09-2026 21:00:00,28.5512005,77.2735737,OZONE,17.0,24.0,21.0,2026-09-05 16:37:06
India,Delhi,Delhi,"Burari Crossing, Delhi - IITM",05-09-2026 21:00:00,28.7256504,77.2011573,PM2.5,16.0,49.0,34.0,2026-09-05 16:37:06
India,Delhi,Delhi,"Burari Crossing, Delhi - IITM",05-09-2026 21:00:00,28.7256504,77.2011573,PM10,23.0,51.0,35.0,2026-09-05 16:37:06
India,Delhi,Delhi,"Burari Crossing, Delhi - IITM",05-09-2026 21:00:00,28.7256504,77.2011573,NO2,15.0,61.0,37.0,2026-09-05 16:37:06
India,Delhi,Delhi,"JNU, Delhi - DPCC",05-09-2026 21:00:00,28.540721,77.168544,NO2,16.0,45.0,27.0,2026-09-05 16:37:06
India,Delhi,Delhi,"North Campus, DU, Delhi - IITM",05-09-2026 21:00:00,28.6573814,77.1585447,NO2,70.0,161.0,105.0,2026-09-05 16:37:06
India,Gujarat,Ahmedabad,"SVPI Airport Hansol, Ahmedabad - IITM",05-09-2026 21:00:00,23.076793,72.627874,CO,42.0,64.0,46.0,2026-09-05 16:37:06
India,Gujarat,Ahmedabad,"Maninagar, Ahmedabad - GPCB",05-09-2026 21:00:00,23.002657,72.591912,CO,42.0,107.0,85.0,2026-09-05 16:37:06
India,Gujarat,Ahmedabad,"Chandkheda, Ahmedabad - IITM",05-09-2026 21:00:00,23.107969,72.574648,NH3,4.0,6.0,5.0,2026-09-05 16:37:06
India,Gujarat,Ahmedabad,"Chandkheda, Ahmedabad - IITM",05-09-2026 21:00:00,23.107969,72.574648,SO2,4.0,8.0,6.0,2026-09-05 16:37:06
India,Gujarat,Ahmedabad,"SAC ISRO Bopal, Ahmedabad - IITM",05-09-2026 21:00:00,23.041137,72.456691,PM10,36.0,68.0,50.0,2026-09-05 16:37:06
India,Gujarat,Ahmedabad,"SAC ISRO Satellite, Ahmedabad - IITM",05-09-2026 21:00:00,23.023389,72.515201,OZONE,2.0,7.0,5.0,2026-09-05 16:37:06
India,Gujarat,Ahmedabad,"Gyaspur, Ahmedabad - IITM",05-09-2026 21:00:00,22.977134,72.553024,PM2.5,25.0,69.0,45.0,2026-09-05 16:37:06
India,Gujarat,Ahmedabad,"Gyaspur, Ahmedabad - IITM",05-09-2026 21:00:00,22.977134,72.553024,CO,30.0,59.0,38.0,2026-09-05 16:37:06
India,Gujarat,Ahmedabad,"Raikhad, Ahmedabad - IITM",05-09-2026 21:00:00,23.020509,72.579261,OZONE,3.0,9.0,7.0,2026-09-05 16:37:06
India,Gujarat,Ankleshwar,"GIDC, Ankleshwar - GPCB",05-09-2026 21:00:00,21.613267,73.010555,CO,32.0,44.0,38.0,2026-09-05 16:37:06
India,Gujarat,Bhavnagar,"Vidhyanagar, Bhavnagar - Nexteng Enviro",05-09-2026 21:00:00,21.755417,72.139056,PM2.5,18.0,59.0,35.0,2026-09-05 16:37:06
India,Gujarat,Gandhinagar,"Sector-10, Gandhinagar - GPCB",05-09-2026 21:00:00,23.221714,72.654328,CO,13.0,14.0,14.0,2026-09-05 16:37:06
India,Gujarat,Gandhinagar,"IIPHG Lekawada, Gandhinagar - IITM",05-09-2026 21:00:00,23.243639,72.68994,NO2,7.0,22.0,13.0,2026-09-05 16:37:06
India,Gujarat,Gandhinagar,"GIFT City, Gandhinagar - IITM",05-09-2026 21:00:00,23.163798,72.677768,CO,7.0,30.0,19.0,2026-09-05 16:37:06
India,Gujarat,Nandesari,"GIDC, Nandesari - Nandesari Ind. Association",05-09-2026 21:00:00,22.410802,73.097923,PM2.5,28.0,84.0,50.0,2026-09-05 16:37:06
India,Gujarat,Rajkot,"Mavdi, Rajkot - Nexteng Enviro ",05-09-2026 21:00:00,22.248853,70.776774,PM2.5,11.0,50.0,27.0,2026-09-05 16:37:06
India,Gujarat,Rajkot,"Mavdi, Rajkot - Nexteng Enviro ",05-09-2026 21:00:00,22.248853,70.776774,NO2,3.0,8.0,5.0,2026-09-05 16:37:06
India,Gujarat,Rajkot,"Mavdi, Rajkot - Nexteng Enviro ",05-09-2026 21:00:00,22.248853,70.776774,OZONE,13.0,17.0,16.0,2026-09-05 16:37:06
India,Karnataka,Mysuru,"Hebbal 1st Stage, Mysuru - KSPCB",05-09-2026 21:00:00,12.21041,76.37376,SO2,1.0,5.0,3.0,2026-09-05 16:37:06
India,Karnataka,Mysuru,"Hebbal 1st Stage, Mysuru - KSPCB",05-09-2026 21:00:00,12.21041,76.37376,CO,11.0,33.0,21.0,2026-09-05 16:37:06
India,Karnataka,Ramanagara,"Vijay Nagar, Ramanagara - KSPCB",05-09-2026 21:00:00,12.733409,77.298051,NH3,,,,2026-09-05 16:37:06
India,Karnataka,Ramanagara,"Vijay Nagar, Ramanagara - KSPCB",05-09-2026 21:00:00,12.733409,77.298051,OZONE,14.0,39.0,27.0,2026-09-05 16:37:06
India,Karnataka,Shivamogga,"Vinoba Nagara, Shivamogga - KSPCB",05-09-2026 21:00:00,13.94,75.555917,PM10,50.0,60.0,55.0,2026-09-05 16:37:06
India,Karnataka,Vijayapura,"Ibrahimpur, Vijayapura - KSPCB",05-09-2026 21:00:00,16.802639,75.722694,PM2.5,27.0,28.0,27.0,2026-09-05 16:37:06
India,Karnataka,Yadgir,"Collector Office, Yadgir - KSPCB",05-09-2026 21:00:00,16.7602,77.1428,OZONE,19.0,20.0,20.0,2026-09-05 16:37:06
India,Kerala,Kannur,"Thavakkara, Kannur - Kerala PCB",05-09-2026 21:00:00,11.875,75.3732,PM2.5,68.0,82.0,76.0,2026-09-05 16:37:06
India,Kerala,Kannur,"Thavakkara, Kannur - Kerala PCB",05-09-2026 21:00:00,11.875,75.3732,OZONE,27.0,31.0,28.0,2026-09-05 16:37:06
India,Kerala,Thiruvananthapuram,"Plammoodu, Thiruvananthapuram - Kerala PCB",05-09-2026 21:00:00,8.5149093,76.9435879,SO2,7.0,19.0,14.0,2026-09-05 16:37:06
India,Karnataka,Bengaluru,"Shivapura_Peenya, Bengaluru - KSPCB",05-09-2026 21:00:00,13.0246342,77.5080115,PM2.5,36.0,43.0,38.0,2026-09-05 16:37:06
India,Karnataka,Bengaluru,"Hebbal, Bengaluru - KSPCB",05-09-2026 21:00:00,13.029152,77.585901,OZONE,3.0,6.0,5.0,2026-09-05 16:37:06
India,Karnataka,Bengaluru,"Silk Board, Bengaluru - KSPCB",05-09-2026 21:00:00,12.917348,77.622813,NH3,2.0,2.0,2.0,2026-09-05 16:37:06
India,Karnataka,Bengaluru,"Bapuji Nagar, Bengaluru - KSPCB",05-09-2026 21:00:00,12.951913,77.539784,SO2,16.0,41.0,26.0,2026-09-05 16:37:06
India,Karnataka,Chamarajanagar,"Urban, Chamarajanagar - KSPCB",05-09-2026 21:00:00,11.55358,76.55521,PM10,30.0,57.0,43.0,2026-09-05 16:37:06
India,Karnataka,Chikkaballapur,"Chikkaballapur Rural, Chikkaballapur - KSPCB",05-09-2026 21:00:00,13.428828,77.731418,CO,21.0,31.0,24.0,2026-09-05 16:37:06
India,Karnataka,Dharwad,"Kalabhavan, Dharwad - KSPCB",05-09-2026 21:00:00,15.459706,75.008381,PM2.5,48.0,53.0,50.0,2026-09-05 16:37:06
India,Karnataka,Gadag,"Panchal Nagar, Gadag - KSPCB",05-09-2026 21:00:00,15.411456,75.638133,PM10,34.0,39.0,36.0,2026-09-05 16:37:06
India,Karnataka,Karwar,"KHB Colony, Karwar - KSPCB",05-09-2026 21:00:00,14.816666,74.141003,PM2.5,5.0,35.0,13.0,2026-09-05 16:37:06
India,Gujarat,Surat,"Science Center, Surat - SMC",05-09-2026 21:00:00,21.170046,72.795405,CO,38.0,43.0,40.0,2026-09-05 16:37:06
India,Gujarat,Vatva,"Phase-4 GIDC, Vatva - GPCB",05-09-2026 21:00:00,22.969611,72.6435,CO,51.0,78.0,62.0,2026-09-05 16:37:06
India,Haryana,Ambala,"Patti Mehar, Ambala - HSPCB",05-09-2026 21:00:00,30.379589,76.778328,NH3,6.0,7.0,6.0,2026-09-05 16:37:06
India,Haryana,Ambala,"Patti Mehar, Ambala - HSPCB",05-09-2026 21:00:00,30.379589,76.778328,SO2,39.0,96.0,73.0,2026-09-05 16:37:06
India,Haryana,Bahadurgarh,"Arya Nagar, Bahadurgarh - HSPCB",05-09-2026 21:00:00,28.6701,76.9254,CO,24.0,28.0,26.0,2026-09-05 16:37:06
India,Haryana,Ballabgarh,"Nathu Colony, Ballabgarh - HSPCB",05-09-2026 21:00:00,28.3419248,77.319699,SO2,2.0,4.0,3.0,2026-09-05 16:37:06
India,Haryana,Bhiwani,"H.B. Colony, Bhiwani - HSPCB",05-09-2026 21:00:00,28.806223,76.141105,PM10,17.0,38.0,29.0,2026-09-05 16:37:06
India,Haryana,Charkhi Dadri,"Mini Secretariat, Charkhi Dadri - HSPCB",05-09-2026 21:00:00,28.593883,76.270653,PM2.5,23.0,129.0,54.0,2026-09-05 16:37:06
India,Haryana,Charkhi Dadri,"Mini Secretariat, Charkhi Dadri - HSPCB",05-09-2026 21:00:00,28.593883,76.270653,NO2,9.0,23.0,15.0,2026-09-05 16:37:06
India,Maharashtra,Navi Mumbai,"Mahape, Navi Mumbai - MPCB",05-09-2026 21:00:00,19.1135051,73.008978,CO,28.0,29.0,29.0,2026-09-05 16:37:06
India,Maharashtra,Parbhani,"Masoom Colony, Parbhani - MPCB",05-09-2026 21:00:00,19.265594,76.761463,NO2,4.0,13.0,9.0,2026-09-05 16:37:06
India,Maharashtra,Pimpri-Chinchwad,"Gavalinagar, Pimpri Chinchwad - MPCB",05-09-2026 21:00:00,18.63673,73.82487,PM2.5,19.0,39.0,29.0,2026-09-05 16:37:06
India,Maharashtra,Pimpri-Chinchwad,"Gavalinagar, Pimpri Chinchwad - MPCB",05-09-2026 21:00:00,18.63673,73.82487,NH3,2.0,3.0,2.0,2026-09-05 16:37:06
India,Maharashtra,Pimpri-Chinchwad,"Gavalinagar, Pimpri Chinchwad - MPCB",05-09-2026 21:00:00,18.63673,73.82487,CO,7.0,12.0,10.0,2026-09-05 16:37:06
India,Maharashtra,Pimpri-Chinchwad,"Gavalinagar, Pimpri Chinchwad - MPCB",05-09-2026 21:00:00,18.63673,73.82487,OZONE,6.0,15.0,11.0,2026-09-05 16:37:06
India,Maharashtra,Pimpri-Chinchwad,"Bhumkar Nagar, Pune - IITM",05-09-2026 21:00:00,18.60577,73.749976,NH3,,,,2026-09-05 16:37:06
India,Maharashtra,Pimpri-Chinchwad,"Thergaon, Pimpri Chinchwad - MPCB",05-09-2026 21:00:00,18.616318,73.765797,PM2.5,10.0,56.0,20.0,2026-09-05 16:37:06
India,Maharashtra,Pimpri-Chinchwad,"Thergaon, Pimpri Chinchwad - MPCB",05-09-2026 21:00:00,18.616318,73.765797,NO2,2.0,13.0,7.0,2026-09-05 16:37:06
India,Maharashtra,Pimpri-Chinchwad,"Thergaon, Pimpri Chinchwad - MPCB",05-09-2026 21:00:00,18.616318,73.765797,SO2,1.0,2.0,1.0,2026-09-05 16:37:06
India,Maharashtra,Pimpri-Chinchwad,"Transport Nagar-Nigdi, Pune - IITM",05-09-2026 21:00:00,18.664282,73.763966,OZONE,10.0,16.0,13.0,2026-09-05 16:37:06
India,Maharashtra,Pimpri-Chinchwad,"Park Street Wakad, Pimpri Chinchwad - MPCB",05-09-2026 21:00:00,18.59051,73.77946,PM10,31.0,60.0,42.0,2026-09-05 16:37:06
India,Maharashtra,Pimpri-Chinchwad,"Park Street Wakad, Pimpri Chinchwad - MPCB",05-09-2026 21:00:00,18.59051,73.77946,NH3,2.0,3.0,3.0,2026-09-05 16:37:06
India,Maharashtra,Pimpri-Chinchwad,"Savta Mali Nagar, Pimpri-Chinchwad - IITM",05-09-2026 21:00:00,18.614767,73.799516,SO2,,,,2026-09-05 16:37:06
India,Maharashtra,Pimpri-Chinchwad,"Savta Mali Nagar, Pimpri-Chinchwad - IITM",05-09-2026 21:00:00,18.614767,73.799516,OZONE,2.0,18.0,10.0,2026-09-05 16:37:06
India,Maharashtra,Pune,"Katraj Dairy, Pune - MPCB",05-09-2026 21:00:00,18.45445,73.854155,NH3,1.0,1.0,1.0,2026-09-05 16:37:06
India,Maharashtra,Pune,"Hadapsar, Pune - IITM",05-09-2026 21:00:00,18.501793,73.927532,PM10,42.0,97.0,69.0,2026-09-05 16:37:06
India,Maharashtra,Pune,"Revenue Colony-Shivajinagar, Pune - IITM",05-09-2026 21:00:00,18.530085,73.849598,PM10,37.0,78.0,55.0,2026-09-05 16:37:06
India,Madhya Pradesh,Indore,"Regional Park, Indore - IMC",05-09-2026 21:00:00,22.678,75.8559,SO2,42.0,58.0,46.0,2026-09-05 16:37:06
India,Madhya Pradesh,Indore,"Maguda Nagar, Indore - IMC",05-09-2026 21:00:00,22.7524,75.8872,NH3,,,,2026-09-05 16:37:06
India,Madhya Pradesh,Indore,"Residency Area, Indore - IMC",05-09-2026 21:00:00,22.7084,75.8815,NO2,,,,2026-09-05 16:37:06
India,Madhya Pradesh,Jabalpur,"Marhatal, Jabalpur - MPPCB",05-09-2026 21:00:00,23.168606,79.932247,NO2,24.0,32.0,28.0,2026-09-05 16:37:06
India,Madhya Pradesh,Jabalpur,"Govindh Bhavan Colony, Jabalpur - JMC",05-09-2026 21:00:00,23.163174,79.973061,NO2,61.0,67.0,64.0,2026-09-05 16:37:06
India,Madhya Pradesh,Jabalpur,"Govindh Bhavan Colony, Jabalpur - JMC",05-09-2026 21:00:00,23.163174,79.973061,OZONE,34.0,43.0,37.0,2026-09-05 16:37:06
India,Madhya Pradesh,Jabalpur,"Suhagi, Jabalpur - JMC",05-09-2026 21:00:00,23.218135,79.95777,NO2,37.0,51.0,44.0,2026-09-05 16:37:06
India,Madhya Pradesh,Jabalpur,"Suhagi, Jabalpur - JMC",05-09-2026 21:00:00,23.218135,79.95777,SO2,5.0,7.0,6.0,2026-09-05 16:37:06
India,Madhya Pradesh,Maihar,"Sahilara, Maihar - KJS Cements",05-09-2026 21:00:00,24.2613009,80.7231783,PM10,59.0,59.0,59.0,2026-09-05 16:37:06
India,Madhya Pradesh,Maihar,"Sahilara, Maihar - KJS Cements",05-09-2026 21:00:00,24.2613009,80.7231783,SO2,11.0,12.0,12.0,2026-09-05 16:37:06
India,Madhya Pradesh,Maihar,"Sahilara, Maihar - KJS Cements",05-09-2026 21:00:00,24.2613009,80.7231783,OZONE,,,,2026-09-05 16:37:06
India,Madhya Pradesh,Mandideep,"Sector-D Industrial Area, Mandideep - MPPCB",05-09-2026 21:00:00,23.10844,77.511428,PM2.5,37.0,58.0,46.0,2026-09-05 16:37:06
India,Madhya Pradesh,Mandideep,"Sector-D Industrial Area, Mandideep - MPPCB",05-09-2026 21:00:00,23.10844,77.511428,NH3,2.0,3.0,3.0,2026-09-05 16:37:06
India,Madhya Pradesh,Pithampur,"Sector-2 Industrial Area, Pithampur - MPPCB",05-09-2026 21:00:00,22.624758,75.675238,PM2.5,59.0,178.0,87.0,2026-09-05 16:37:06
India,Madhya Pradesh,Pithampur,"Sector-2 Industrial Area, Pithampur - MPPCB",05-09-2026 21:00:00,22.624758,75.675238,SO2,28.0,57.0,38.0,2026-09-05 16:37:06
India,Madhya Pradesh,Pithampur,"Sector-2 Industrial Area, Pithampur - MPPCB",05-09-2026 21:00:00,22.624758,75.675238,CO,15.0,33.0,25.0,2026-09-05 16:37:06
India,Madhya Pradesh,Ratlam,"Shasthri Nagar, Ratlam - IPCA Lab",05-09-2026 21:00:00,23.331731,75.045981,NH3,,,,2026-09-05 16:37:06
India,Madhya Pradesh,Ratlam,"Shasthri Nagar, Ratlam - IPCA Lab",05-09-2026 21:00:00,23.331731,75.045981,SO2,9.0,11.0,10.0,2026-09-05 16:37:06
India,Maharashtra,Mumbai,"Khindipada-Bhandup West, Mumbai - IITM",05-09-2026 21:00:00,19.1653323,72.922099,PM10,8.0,33.0,22.0,2026-09-05 16:37:06
India,Maharashtra,Mumbai,"Malad West, Mumbai - IITM",05-09-2026 21:00:00,19.19709,72.82204,PM2.5,2.0,37.0,14.0,2026-09-05 16:37:06
India,Maharashtra,Mumbai,"Borivali East, Mumbai - IITM",05-09-2026 21:00:00,19.23241,72.86895,PM2.5,10.0,30.0,18.0,2026-09-05 16:37:06
India,Maharashtra,Mumbai,"Borivali East, Mumbai - IITM",05-09-2026 21:00:00,19.23241,72.86895,OZONE,12.0,32.0,22.0,2026-09-05 16:37:06
India,Maharashtra,Mumbai,"Mazgaon, Mumbai - IITM",05-09-2026 21:00:00,18.96702,72.84214,PM2.5,12.0,41.0,21.0,2026-09-05 16:37:06
India,Maharashtra,Mumbai,"Mazgaon, Mumbai - IITM",05-09-2026 21:00:00,18.96702,72.84214,PM10,28.0,47.0,36.0,2026-09-05 16:37:06
India,Maharashtra,Mumbai,"Chakala-Andheri East, Mumbai - IITM",05-09-2026 21:00:00,19.11074,72.86084,SO2,0.0,8.0,4.0,2026-09-05 16:37:06
India,Maharashtra,Mumbai,"Bandra Kurla Complex, Mumbai - IITM",05-09-2026 21:00:00,19.053536,72.84643,OZONE,14.0,19.0,18.0,2026-09-05 16:37:06
India,Maharashtra,Mumbai,"Kurla, Mumbai - MPCB",05-09-2026 21:00:00,19.0863,72.8888,PM10,,,,2026-09-05 16:37:06
India,Maharashtra,Mumbai,"Ghatkopar, Mumbai - BMC",05-09-2026 21:00:00,19.083694,72.920967,PM2.5,23.0,45.0,35.0,2026-09-05 16:37:06
India,Maharashtra,Mumbai,"Ghatkopar, Mumbai - BMC",05-09-2026 21:00:00,19.083694,72.920967,SO2,0.0,9.0,3.0,2026-09-05 16:37:06
India,Maharashtra,Mumbai,"Deonar, Mumbai - IITM",05-09-2026 21:00:00,19.04946,72.923,PM10,25.0,59.0,42.0,2026-09-05 16:37:06
India,Maharashtra,Mumbai,"Deonar, Mumbai - IITM",05-09-2026 21:00:00,19.04946,72.923,NO2,2.0,13.0,8.0,2026-09-05 16:37:06
India,Maharashtra,Mumbai,"Chhatrapati Shivaji Intl. Airport (T2), Mumbai - MPCB",05-09-2026 21:00:00,19.10078,72.87462,CO,,,,2026-09-05 16:37:06
India,Maharashtra,Mumbai,"Chhatrapati Shivaji Intl. Airport (T2), Mumbai - MPCB",05-09-2026 21:00:00,19.10078,72.87462,OZONE,,,,2026-09-05 16:37:06
India,Maharashtra,Mumbai,"Powai, Mumbai - MPCB",05-09-2026 21:00:00,19.1375,72.915056,SO2,12.0,12.0,12.0,2026-09-05 16:37:06
India,Maharashtra,Jalna,"Old MIDC, Jalna - MPCB",05-09-2026 21:00:00,19.854616,75.905894,CO,24.0,28.0,26.0,2026-09-05 16:37:06
India,Maharashtra,Kalyan,"Pimpleshwar Mandir, Kalyan - MPCB",05-09-2026 21:00:00,19.192056,72.9585188,OZONE,8.0,17.0,11.0,2026-09-05 16:37:06
India,Maharashtra,Kolhapur,"Sinchan Bhavan, Kolhapur - MPCB",05-09-2026 21:00:00,16.7143745,74.2426398,PM2.5,13.0,24.0,17.0,2026-09-05 16:37:06
India,Maharashtra,Kolhapur,"Sinchan Bhavan, Kolhapur - MPCB",05-09-2026 21:00:00,16.7143745,74.2426398,OZONE,10.0,25.0,18.0,2026-09-05 16:37:06
India,Maharashtra,Kolhapur,"Shivaji University, Kolhapur - MPCB",05-09-2026 21:00:00,16.6870449,74.2505872,NH3,3.0,4.0,3.0,2026-09-05 16:37:06
India,Maharashtra,Mahad,"Kamble Tarf Birwadi, Mahad - MPCB",05-09-2026 21:00:00,18.1023399,73.4783687,PM2.5,15.0,39.0,24.0,2026-09-05 16:37:06
India,Maharashtra,Mahad,"Kamble Tarf Birwadi, Mahad - MPCB",05-09-2026 21:00:00,18.1023399,73.4783687,CO,18.0,28.0,25.0,2026-09-05 16:37:06
India,Maharashtra,Malegaon,"Mahesh Nagar, Malegaon - MPCB",05-09-2026 21:00:00,20.555712,74.529236,PM10,61.0,129.0,83.0,2026-09-05 16:37:06
India,Maharashtra,Malegaon,"Mahesh Nagar, Malegaon - MPCB",05-09-2026 21:00:00,20.555712,74.529236,NO2,16.0,18.0,17.0,2026-09-05 16:37:06
India,Maharashtra,Malegaon,"Mahesh Nagar, Malegaon - MPCB",05-09-2026 21:00:00,20.555712,74.529236,SO2,0.0,57.0,5.0,2026-09-05 16:37:06
India,Maharashtra,Mumbai,"Shivaji Nagar, Mumbai - BMC",05-09-2026 21:00:00,19.060498,72.923356,PM10,41.0,111.0,71.0,2026-09-05 16:37:06
India,Maharashtra,Mumbai,"Sion, Mumbai - MPCB",05-09-2026 21:00:00,19.047,72.8746,NO2,81.0,219.0,149.0,2026-09-05 16:37:06
India,Maharashtra,Mumbai,"Borivali East, Mumbai - MPCB",05-09-2026 21:00:00,19.2243333,72.8658113,NH3,2.0,2.0,2.0,2026-09-05 16:37:06
India,Maharashtra,Mumbai,"Siddharth Nagar-Worli, Mumbai - IITM",05-09-2026 21:00:00,19.000083,72.813993,PM10,13.0,37.0,25.0,2026-09-05 16:37:06
India,Kerala,Thrissur,"Corporation Ground, Thrissur - Kerala PCB",05-09-2026 21:00:00,10.5324,76.2159,OZONE,32.0,32.0,32.0,2026-09-05 16:37:06
India,Madhya Pradesh,Bhopal,"Paryavaran Parisar, Bhopal - MPPCB",05-09-2026 21:00:00,23.210494,77.425409,NH3,2.0,2.0,2.0,2026-09-05 16:37:06
India,Madhya Pradesh,Bhopal,"Idgah Hills, Bhopal - MPPCB",05-09-2026 21:00:00,23.264759,77.381568,OZONE,4.0,15.0,9.0,2026-09-05 16:37:06
India,Madhya Pradesh,Bhopal,"T T Nagar, Bhopal - MPPCB",05-09-2026 21:00:00,23.233584,77.400574,PM2.5,22.0,43.0,30.0,2026-09-05 16:37:06
India,Madhya Pradesh,Damoh,"Shrivastav Colony, Damoh - MPPCB",05-09-2026 21:00:00,23.81748678,79.446246,PM2.5,0.0,28.0,10.0,2026-09-05 16:37:06
India,Madhya Pradesh,Dewas,"Bhopal Chauraha, Dewas - MPPCB",05-09-2026 21:00:00,22.9682591,76.064118,PM10,20.0,76.0,47.0,2026-09-05 16:37:06
India,Madhya Pradesh,Dewas,"Bhopal Chauraha, Dewas - MPPCB",05-09-2026 21:00:00,22.9682591,76.064118,SO2,41.0,80.0,57.0,2026-09-05 16:37:06
India,Madhya Pradesh,Gwalior,"City Center, Gwalior - MPPCB",05-09-2026 21:00:00,26.203442,78.193251,CO,20.0,53.0,39.0,2026-09-05 16:37:06
India,Madhya Pradesh,Gwalior,"Deen Dayal Nagar, Gwalior - MPPCB",05-09-2026 21:00:00,26.259242,78.216432,PM2.5,5.0,24.0,12.0,2026-09-05 16:37:06
India,Madhya Pradesh,Gwalior,"Deen Dayal Nagar, Gwalior - MPPCB",05-09-2026 21:00:00,26.259242,78.216432,SO2,8.0,12.0,9.0,2026-09-05 16:37:06
India,Madhya Pradesh,Gwalior,"Deen Dayal Nagar, Gwalior - MPPCB",05-09-2026 21:00:00,26.259242,78.216432,OZONE,28.0,45.0,35.0,2026-09-05 16:37:06
India,Madhya Pradesh,Indore,"Regional Park, Indore - IMC",05-09-2026 21:00:00,22.678,75.8559,PM2.5,4.0,32.0,22.0,2026-09-05 16:37:06
India,Maharashtra,Mumbai,"Siddharth Nagar-Worli, Mumbai - IITM",05-09-2026 21:00:00,19.000083,72.813993,SO2,,,,2026-09-05 16:37:06
India,Maharashtra,Mumbai,"Bandra Kurla Complex, Mumbai - MPCB",05-09-2026 21:00:00,19.065931,72.862131,PM2.5,6.0,33.0,19.0,2026-09-05 16:37:06
India,Maharashtra,Mumbai,"Bandra Kurla Complex, Mumbai - MPCB",05-09-2026 21:00:00,19.065931,72.862131,PM10,28.0,47.0,37.0,2026-09-05 16:37:06
India,Maharashtra,Mumbai,"Bandra Kurla Complex, Mumbai - MPCB",05-09-2026 21:00:00,19.065931,72.862131,SO2,2.0,3.0,3.0,2026-09-05 16:37:06
India,Maharashtra,Mumbai,"Bandra Kurla Complex, Mumbai - MPCB",05-09-2026 21:00:00,19.065931,72.862131,OZONE,10.0,16.0,13.0,2026-09-05 16:37:06
India,Maharashtra,Mumbai,"Byculla, Mumbai - BMC",05-09-2026 21:00:00,18.9767,72.838,PM2.5,9.0,19.0,14.0,2026-09-05 16:37:06
India,Maharashtra,Mumbai,"Byculla, Mumbai - BMC",05-09-2026 21:00:00,18.9767,72.838,PM10,14.0,41.0,23.0,2026-09-05 16:37:06
India,Maharashtra,Mumbai,"Worli, Mumbai - MPCB",05-09-2026 21:00:00,18.9936162,72.8128113,PM2.5,3.0,38.0,18.0,2026-09-05 16:37:06
India,Maharashtra,Mumbai,"Navy Nagar-Colaba, Mumbai - IITM",05-09-2026 21:00:00,18.897756,72.81332,NO2,27.0,47.0,35.0,2026-09-05 16:37:06
India,Maharashtra,Mumbai,"Navy Nagar-Colaba, Mumbai - IITM",05-09-2026 21:00:00,18.897756,72.81332,SO2,0.0,18.0,9.0,2026-09-05 16:37:06
India,Maharashtra,Mumbai,"Chembur, Mumbai - MPCB",05-09-2026 21:00:00,19.0364585,72.8954371,SO2,1.0,4.0,3.0,2026-09-05 16:37:06
India,Maharashtra,Mumbai,"Kandivali West, Mumbai - BMC",05-09-2026 21:00:00,19.215859,72.831718,CO,5.0,33.0,11.0,2026-09-05 16:37:06
India,Maharashtra,Mumbai,"Kandivali West, Mumbai - BMC",05-09-2026 21:00:00,19.215859,72.831718,OZONE,11.0,23.0,16.0,2026-09-05 16:37:06
India,Maharashtra,Mumbai,"Sewri, Mumbai - BMC",05-09-2026 21:00:00,19.000084,72.85673,PM10,31.0,51.0,38.0,2026-09-05 16:37:06
India,Maharashtra,Mumbai,"Sewri, Mumbai - BMC",05-09-2026 21:00:00,19.000084,72.85673,OZONE,7.0,15.0,11.0,2026-09-05 16:37:06
India,Madhya Pradesh,Satna,"Bandhavgar Colony, Satna - Birla Cement",05-09-2026 21:00:00,24.58434363,80.8549414,NO2,12.0,13.0,13.0,2026-09-05 16:37:06
India,Madhya Pradesh,Satna,"Bandhavgar Colony, Satna - Birla Cement",05-09-2026 21:00:00,24.58434363,80.8549414,NH3,,,,2026-09-05 16:37:06
India,Madhya Pradesh,Satna,"Bandhavgar Colony, Satna - Birla Cement",05-09-2026 21:00:00,24.58434363,80.8549414,CO,13.0,16.0,14.0,2026-09-05 16:37:06
India,Madhya Pradesh,Ujjain,"Mahashweta Nagar, Ujjain - MPPCB",05-09-2026 21:00:00,23.1633321,75.800225,SO2,2.0,5.0,3.0,2026-09-05 16:37:06
India,Madhya Pradesh,Ujjain,"Mahashweta Nagar, Ujjain - MPPCB",05-09-2026 21:00:00,23.1633321,75.800225,CO,21.0,33.0,28.0,2026-09-05 16:37:06
India,Maharashtra,Ahmednagar,"Tarakpur, Ahmednagar - MPCB",05-09-2026 21:00:00,19.10122,74.73339,PM2.5,5.0,31.0,15.0,2026-09-05 16:37:06
India,Maharashtra,Akola,"Ramdaspeth, Akola - MPCB",05-09-2026 21:00:00,20.719516,77.000253,NO2,27.0,34.0,30.0,2026-09-05 16:37:06
India,Maharashtra,Akola,"Ramdaspeth, Akola - MPCB",05-09-2026 21:00:00,20.719516,77.000253,SO2,1.0,8.0,3.0,2026-09-05 16:37:06
India,Maharashtra,Amravati,"Shri Shivaji Science College, Amravati - MPCB",05-09-2026 21:00:00,20.939198,77.765701,PM2.5,17.0,45.0,27.0,2026-09-05 16:37:06
India,Maharashtra,Amravati,"Shri Shivaji Science College, Amravati - MPCB",05-09-2026 21:00:00,20.939198,77.765701,SO2,5.0,6.0,5.0,2026-09-05 16:37:06
India,Maharashtra,Amravati,"Shri Shivaji Science College, Amravati - MPCB",05-09-2026 21:00:00,20.939198,77.765701,CO,25.0,27.0,26.0,2026-09-05 16:37:06
India,Maharashtra,Amravati,"Shri Shivaji Science College, Amravati - MPCB",05-09-2026 21:00:00,20.939198,77.765701,OZONE,9.0,24.0,17.0,2026-09-05 16:37:06
India,Maharashtra,Aurangabad,"MIDC Chilkalthana, Aurangabad - MPCB",05-09-2026 21:00:00,19.87562,75.38731,OZONE,22.0,33.0,26.0,2026-09-05 16:37:06
India,Maharashtra,Aurangabad,"More Chowk Waluj, Aurangabad - MPCB",05-09-2026 21:00:00,19.8389439,75.244448,NO2,8.0,12.0,10.0,2026-09-05 16:37:06
India,Maharashtra,Aurangabad,"More Chowk Waluj, Aurangabad - MPCB",05-09-2026 21:00:00,19.8389439,75.244448,NH3,7.0,8.0,7.0,2026-09-05 16:37:06
India,Maharashtra,Aurangabad,"More Chowk Waluj, Aurangabad - MPCB",05-09-2026 21:00:00,19.8389439,75.244448,SO2,0.0,6.0,4.0,2026-09-05 16:37:06
India,Maharashtra,Badlapur,"Katrap, Badlapur - MPCB",05-09-2026 21:00:00,19.16485,73.23409,SO2,6.0,9.0,8.0,2026-09-05 16:37:06
India,Maharashtra,Badlapur,"Katrap, Badlapur - MPCB",05-09-2026 21:00:00,19.16485,73.23409,CO,31.0,41.0,34.0,2026-09-05 16:37:06
India,Maharashtra,Belapur,"CBD Belapur, Belapur - MPCB",05-09-2026 21:00:00,19.0243902,73.0406721,PM10,30.0,58.0,43.0,2026-09-05 16:37:06
India,Maharashtra,Bhiwandi,"Gokul Nagar, Bhiwandi - MPCB",05-09-2026 21:00:00,19.309073,73.057223,NH3,2.0,24.0,11.0,2026-09-05 16:37:06
India,Maharashtra,Bhiwandi,"Gokul Nagar, Bhiwandi - MPCB",05-09-2026 21:00:00,19.309073,73.057223,CO,16.0,25.0,19.0,2026-09-05 16:37:06
India,Maharashtra,Chandrapur,"Chauhan Colony, Chandrapur - MPCB",05-09-2026 21:00:00,19.9629,79.298714,NH3,0.0,5.0,1.0,2026-09-05 16:37:06
India,Maharashtra,Dhule,"Deopur, Dhule - MPCB",05-09-2026 21:00:00,20.918946,74.776388,NO2,4.0,13.0,8.0,2026-09-05 16:37:06
India,Maharashtra,Dhule,"Deopur, Dhule - MPCB",05-09-2026 21:00:00,20.918946,74.776388,CO,2.0,7.0,4.0,2026-09-05 16:37:06
India,Maharashtra,Nagpur,"Mahal, Nagpur - MPCB",05-09-2026 21:00:00,21.14472,79.107595,SO2,0.0,15.0,6.0,2026-09-05 16:37:06
India,Maharashtra,Nagpur,"Ram Nagar, Nagpur - MPCB",05-09-2026 21:00:00,21.143383,79.048912,PM2.5,31.0,75.0,48.0,2026-09-05 16:37:06
India,Maharashtra,Nagpur,"Opp GPO Civil Lines, Nagpur - MPCB",05-09-2026 21:00:00,21.152875,79.0517531,PM2.5,13.0,54.0,29.0,2026-09-05 16:37:06
India,Maharashtra,Nagpur,"Opp GPO Civil Lines, Nagpur - MPCB",05-09-2026 21:00:00,21.152875,79.0517531,SO2,3.0,9.0,6.0,2026-09-05 16:37:06
India,Maharashtra,Nagpur,"Ambazari, Nagpur - MPCB",05-09-2026 21:00:00,21.121801,79.04952,PM2.5,21.0,51.0,33.0,2026-09-05 16:37:06
India,Maharashtra,Nanded,"Sneh Nagar, Nanded - MPCB",05-09-2026 21:00:00,19.173852,77.296291,CO,20.0,28.0,24.0,2026-09-05 16:37:06
India,Maharashtra,Nashik,"Gangapur Road, Nashik - MPCB",05-09-2026 21:00:00,20.0073285,73.7762427,NO2,5.0,5.0,5.0,2026-09-05 16:37:06
India,Maharashtra,Nashik,"Gangapur Road, Nashik - MPCB",05-09-2026 21:00:00,20.0073285,73.7762427,SO2,1.0,6.0,4.0,2026-09-05 16:37:06
India,Maharashtra,Navi Mumbai,"Tondare-Taloja, Navi Mumbai - MPCB",05-09-2026 21:00:00,19.063,73.1209,NH3,7.0,12.0,9.0,2026-09-05 16:37:06
India,Punjab,Jalandhar,"Civil Line, Jalandhar - PPCB",05-09-2026 21:00:00,31.321907,75.578914,NH3,4.0,4.0,4.0,2026-09-05 16:37:06
India,Punjab,Jalandhar,"Civil Line, Jalandhar - PPCB",05-09-2026 21:00:00,31.321907,75.578914,CO,26.0,85.0,56.0,2026-09-05 16:37:06
India,Punjab,Khanna,"Kalal Majra, Khanna - PPCB",05-09-2026 21:00:00,30.736056,76.209694,PM10,54.0,102.0,79.0,2026-09-05 16:37:06
India,Punjab,Mandi Gobindgarh,"RIMT University, Mandi Gobindgarh - PPCB",05-09-2026 21:00:00,30.649961,76.331442,SO2,8.0,16.0,14.0,2026-09-05 16:37:06
India,Punjab,Mandi Gobindgarh,"RIMT University, Mandi Gobindgarh - PPCB",05-09-2026 21:00:00,30.649961,76.331442,OZONE,65.0,65.0,65.0,2026-09-05 16:37:06
India,Punjab,Patiala,"Model Town, Patiala - PPCB",05-09-2026 21:00:00,30.349388,76.366642,NH3,3.0,10.0,6.0,2026-09-05 16:37:06
India,Punjab,Patiala,"Model Town, Patiala - PPCB",05-09-2026 21:00:00,30.349388,76.366642,OZONE,28.0,53.0,38.0,2026-09-05 16:37:06
India,Punjab,Rupnagar,"Ratanpura, Rupnagar - Ambuja Cements",05-09-2026 21:00:00,31.0325454,76.5623046,PM2.5,7.0,90.0,34.0,2026-09-05 16:37:06
India,Punjab,Rupnagar,"Ratanpura, Rupnagar - Ambuja Cements",05-09-2026 21:00:00,31.0325454,76.5623046,NO2,9.0,47.0,26.0,2026-09-05 16:37:06
India,Punjab,Rupnagar,"Ratanpura, Rupnagar - Ambuja Cements",05-09-2026 21:00:00,31.0325454,76.5623046,NH3,,,,2026-09-05 16:37:06
India,Rajasthan,Alwar,"Moti Doongri, Alwar - RSPCB",05-09-2026 21:00:00,27.554793,76.611536,NH3,6.0,12.0,8.0,2026-09-05 16:37:06
India,Rajasthan,Alwar,"Moti Doongri, Alwar - RSPCB",05-09-2026 21:00:00,27.554793,76.611536,CO,83.0,103.0,94.0,2026-09-05 16:37:06
India,Rajasthan,Alwar,"Vigyan Nagar, Alwar - RSPCB",05-09-2026 21:00:00,27.598796,76.63861,NH3,10.0,15.0,13.0,2026-09-05 16:37:06
India,Rajasthan,Alwar,"Vigyan Nagar, Alwar - RSPCB",05-09-2026 21:00:00,27.598796,76.63861,SO2,6.0,7.0,7.0,2026-09-05 16:37:06
India,Rajasthan,Banswara,"Rati Talai, Banswara - RSPCB",05-09-2026 21:00:00,23.55519,74.44001,CO,14.0,33.0,19.0,2026-09-05 16:37:06
India,Rajasthan,Baran,"Bamboliya, Baran - RSPCB",05-09-2026 21:00:00,25.106006,76.469948,PM2.5,3.0,12.0,9.0,2026-09-05 16:37:06
India,Rajasthan,Baran,"Bamboliya, Baran - RSPCB",05-09-2026 21:00:00,25.106006,76.469948,PM10,14.0,44.0,33.0,2026-09-05 16:37:06
India,Rajasthan,Barmer,"Railway Colony, Barmer - RSPCB",05-09-2026 21:00:00,25.747299,71.393989,PM2.5,12.0,68.0,24.0,2026-09-05 16:37:06
India,Rajasthan,Barmer,"Railway Colony, Barmer - RSPCB",05-09-2026 21:00:00,25.747299,71.393989,PM10,28.0,133.0,70.0,2026-09-05 16:37:06
India,Rajasthan,Barmer,"Railway Colony, Barmer - RSPCB",05-09-2026 21:00:00,25.747299,71.393989,OZONE,37.0,61.0,48.0,2026-09-05 16:37:06
India,Rajasthan,Bharatpur,"Krishna Nagar, Bharatpur - RSPCB",05-09-2026 21:00:00,27.215415,77.50873,PM2.5,10.0,30.0,17.0,2026-09-05 16:37:06
India,Rajasthan,Bharatpur,"Krishna Nagar, Bharatpur - RSPCB",05-09-2026 21:00:00,27.215415,77.50873,PM10,11.0,45.0,23.0,2026-09-05 16:37:06
India,Rajasthan,Bharatpur,"Krishna Nagar, Bharatpur - RSPCB",05-09-2026 21:00:00,27.215415,77.50873,SO2,2.0,5.0,4.0,2026-09-05 16:37:06
India,Rajasthan,Bhilwara,"Pratap Nagar, Bhilwara - RSPCB",05-09-2026 21:00:00,25.339605,74.618883,NO2,8.0,20.0,15.0,2026-09-05 16:37:06
India,Rajasthan,Bhilwara,"Pratap Nagar, Bhilwara - RSPCB",05-09-2026 21:00:00,25.339605,74.618883,CO,18.0,25.0,20.0,2026-09-05 16:37:06
India,Rajasthan,Sikar,"Radhakishan Pura, Sikar - RSPCB",05-09-2026 21:00:00,27.608912,75.153302,NO2,5.0,23.0,10.0,2026-09-05 16:37:06
India,Rajasthan,Sirohi,"Vedhaynath Colony, Sirohi - RSPCB",05-09-2026 21:00:00,24.885261,72.857549,PM10,43.0,73.0,60.0,2026-09-05 16:37:06
India,Rajasthan,Sri Ganganagar,"Old City, Sri Ganganagar - RSPCB",05-09-2026 21:00:00,29.931624,73.864511,PM2.5,,,,2026-09-05 16:37:06
India,Rajasthan,Udaipur,"Ashok Nagar, Udaipur - RSPCB",05-09-2026 21:00:00,24.5886166,73.6321397,SO2,2.0,21.0,8.0,2026-09-05 16:37:06
India,Sikkim,Gangtok,"Zero Point GICI, Gangtok - SSPCB",05-09-2026 21:00:00,27.33853,88.614099,PM10,,,,2026-09-05 16:37:06
India,Sikkim,Gangtok,"Zero Point GICI, Gangtok - SSPCB",05-09-2026 21:00:00,27.33853,88.614099,CO,2.0,4.0,3.0,2026-09-05 16:37:06
India,Tamil Nadu,Chennai,"Kodungaiyur, Chennai - TNPCB",05-09-2026 21:00:00,13.1278,80.2642,PM10,,,,2026-09-05 16:37:06
India,Tamil Nadu,Chennai,"Kodungaiyur, Chennai - TNPCB",05-09-2026 21:00:00,13.1278,80.2642,SO2,,,,2026-09-05 16:37:06
India,Tamil Nadu,Chennai,"Kodungaiyur, Chennai - TNPCB",05-09-2026 21:00:00,13.1278,80.2642,OZONE,29.0,35.0,32.0,2026-09-05 16:37:06
India,Tamil Nadu,Chennai,"Arumbakkam, Chennai - TNPCB",05-09-2026 21:00:00,13.0664,80.2112,PM2.5,20.0,72.0,42.0,2026-09-05 16:37:06
India,Tamil Nadu,Chennai,"Arumbakkam, Chennai - TNPCB",05-09-2026 21:00:00,13.0664,80.2112,SO2,0.0,2.0,1.0,2026-09-05 16:37:06
India,Tamil Nadu,Chennai,"Velachery Res. Area, Chennai - CPCB",05-09-2026 21:00:00,13.0052189,80.2398125,PM10,78.0,122.0,100.0,2026-09-05 16:37:06
India,Tamil Nadu,Chennai,"Perungudi, Chennai - TNPCB",05-09-2026 21:00:00,12.9533,80.2357,PM10,19.0,363.0,227.0,2026-09-05 16:37:06
India,Tamil Nadu,Chennai,"Manali, Chennai - CPCB",05-09-2026 21:00:00,13.164544,80.26285,PM2.5,9.0,169.0,39.0,2026-09-05 16:37:06
India,Tamil Nadu,Chennai,"Manali, Chennai - CPCB",05-09-2026 21:00:00,13.164544,80.26285,PM10,,,,2026-09-05 16:37:06
India,Tamil Nadu,Chennai,"Manali, Chennai - CPCB",05-09-2026 21:00:00,13.164544,80.26285,NH3,6.0,7.0,7.0,2026-09-05 16:37:06
India,Tamil Nadu,Chennai,"Manali, Chennai - CPCB",05-09-2026 21:00:00,13.164544,80.26285,CO,11.0,28.0,22.0,2026-09-05 16:37:06
India,Tamil Nadu,Chennai,"Royapuram, Chennai - TNPCB",05-09-2026 21:00:00,13.1036,80.2909,PM10,51.0,69.0,61.0,2026-09-05 16:37:06
India,Rajasthan,Bhiwadi,"RIICO Ind. Area III, Bhiwadi - RSPCB",05-09-2026 21:00:00,28.194909,76.862296,SO2,0.0,23.0,8.0,2026-09-05 16:37:06
India,Rajasthan,Bhiwadi,"RIICO Ind. Area III, Bhiwadi - RSPCB",05-09-2026 21:00:00,28.194909,76.862296,CO,32.0,114.0,69.0,2026-09-05 16:37:06
India,Rajasthan,Bhiwadi,"Vasundhara Nagar_UIT, Bhiwadi - RSPCB",05-09-2026 21:00:00,28.207266,76.829265,PM2.5,18.0,96.0,49.0,2026-09-05 16:37:06
India,Rajasthan,Bhiwadi,"Vasundhara Nagar_UIT, Bhiwadi - RSPCB",05-09-2026 21:00:00,28.207266,76.829265,SO2,2.0,4.0,3.0,2026-09-05 16:37:06
India,Rajasthan,Bhiwadi,"Vasundhara Nagar_UIT, Bhiwadi - RSPCB",05-09-2026 21:00:00,28.207266,76.829265,OZONE,21.0,22.0,21.0,2026-09-05 16:37:06
India,Rajasthan,Bikaner,"MM Ground, Bikaner - RSPCB",05-09-2026 21:00:00,28.018792,73.292658,PM10,64.0,200.0,100.0,2026-09-05 16:37:06
India,Rajasthan,Bikaner,"MM Ground, Bikaner - RSPCB",05-09-2026 21:00:00,28.018792,73.292658,NO2,4.0,34.0,10.0,2026-09-05 16:37:06
India,Rajasthan,Bikaner,"MM Ground, Bikaner - RSPCB",05-09-2026 21:00:00,28.018792,73.292658,OZONE,28.0,40.0,37.0,2026-09-05 16:37:06
India,Rajasthan,Bundi,"New Colony, Bundi - RSPCB",05-09-2026 21:00:00,25.435774,75.644272,NH3,4.0,5.0,4.0,2026-09-05 16:37:06
India,Rajasthan,Bundi,"New Colony, Bundi - RSPCB",05-09-2026 21:00:00,25.435774,75.644272,CO,8.0,12.0,10.0,2026-09-05 16:37:06
India,Rajasthan,Chittorgarh,"Shastri Nagar, Chittorgarh - RSPCB",05-09-2026 21:00:00,24.892047,74.623527,PM10,31.0,84.0,54.0,2026-09-05 16:37:06
India,Rajasthan,Chittorgarh,"Shastri Nagar, Chittorgarh - RSPCB",05-09-2026 21:00:00,24.892047,74.623527,CO,14.0,47.0,24.0,2026-09-05 16:37:06
India,Rajasthan,Chittorgarh,"Shastri Nagar, Chittorgarh - RSPCB",05-09-2026 21:00:00,24.892047,74.623527,OZONE,7.0,29.0,20.0,2026-09-05 16:37:06
India,Rajasthan,Churu,"Subash Chowk, Churu - RSPCB",05-09-2026 21:00:00,28.296139,74.961696,PM2.5,14.0,49.0,28.0,2026-09-05 16:37:06
India,Rajasthan,Dausa,"Khatikan Mohalla, Dausa - RSPCB",05-09-2026 21:00:00,26.895552,76.334753,NO2,8.0,35.0,18.0,2026-09-05 16:37:06
India,Rajasthan,Dungarpur,"Bhoiwada, Dungarpur - RSPCB",05-09-2026 21:00:00,23.837789,73.714926,OZONE,31.0,37.0,34.0,2026-09-05 16:37:06
India,Rajasthan,Hanumangarh,"Housing Board, Hanumangarh - RSPCB",05-09-2026 21:00:00,29.61075,74.283608,PM10,44.0,135.0,65.0,2026-09-05 16:37:06
India,Rajasthan,Jaipur,"Sector-2 Murlipura, Jaipur - RSPCB",05-09-2026 21:00:00,26.960669,75.771817,NH3,3.0,10.0,5.0,2026-09-05 16:37:06
India,Rajasthan,Jodhpur,"Samrat Ashok Udhyan, Jodhpur - RSPCB",05-09-2026 21:00:00,26.253384,72.976571,OZONE,30.0,33.0,32.0,2026-09-05 16:37:06
India,Rajasthan,Karauli,"Satyawati Vihar, Karauli - RSPCB",05-09-2026 21:00:00,26.506177,77.025989,SO2,3.0,8.0,5.0,2026-09-05 16:37:06
India,Rajasthan,Karauli,"Satyawati Vihar, Karauli - RSPCB",05-09-2026 21:00:00,26.506177,77.025989,CO,19.0,32.0,25.0,2026-09-05 16:37:06
India,Rajasthan,Khairthal,"New Anaj Mandi, Khairthal - RSPCB",05-09-2026 21:00:00,27.8015617,76.6365217,PM2.5,17.0,354.0,142.0,2026-09-05 16:37:06
India,Rajasthan,Khairthal,"New Anaj Mandi, Khairthal - RSPCB",05-09-2026 21:00:00,27.8015617,76.6365217,NH3,2.0,4.0,2.0,2026-09-05 16:37:06
India,Rajasthan,Khairthal,"New Anaj Mandi, Khairthal - RSPCB",05-09-2026 21:00:00,27.8015617,76.6365217,CO,105.0,118.0,111.0,2026-09-05 16:37:06
India,Rajasthan,Kota,"Nayapura, Kota - RSPCB",05-09-2026 21:00:00,25.196024,75.855668,SO2,6.0,8.0,7.0,2026-09-05 16:37:06
India,Rajasthan,Kota,"Dhanmandi, Kota - RSPCB",05-09-2026 21:00:00,25.16409,75.858137,NO2,12.0,36.0,18.0,2026-09-05 16:37:06
India,Rajasthan,Kota,"Dhanmandi, Kota - RSPCB",05-09-2026 21:00:00,25.16409,75.858137,OZONE,16.0,26.0,22.0,2026-09-05 16:37:06
India,Rajasthan,Kota,"Shrinath Puram, Kota - RSPCB",05-09-2026 21:00:00,25.14389,75.821256,OZONE,7.0,12.0,10.0,2026-09-05 16:37:06
India,Rajasthan,Nagaur,"Karni Colony, Nagaur - RSPCB",05-09-2026 21:00:00,27.213494,73.734444,PM2.5,7.0,48.0,24.0,2026-09-05 16:37:06
India,Rajasthan,Pali,"Indira Colony Vistar, Pali - RSPCB",05-09-2026 21:00:00,25.771061,73.340227,CO,14.0,37.0,26.0,2026-09-05 16:37:06
India,Rajasthan,Pratapgarh,"Pragati Nagar, Pratapgarh - RSPCB",05-09-2026 21:00:00,24.041198,74.780702,OZONE,23.0,40.0,30.0,2026-09-05 16:37:06
India,Rajasthan,Rajsamand,"Dhoinda, Rajsamand - RSPCB",05-09-2026 21:00:00,25.03636,73.883502,PM10,56.0,91.0,68.0,2026-09-05 16:37:06
India,Rajasthan,Rajsamand,"Dhoinda, Rajsamand - RSPCB",05-09-2026 21:00:00,25.03636,73.883502,NH3,6.0,11.0,8.0,2026-09-05 16:37:06
India,Rajasthan,Sawai Madhopur,"Sahu Nagar, Sawai Madhopur - RSPCB",05-09-2026 21:00:00,26.031443,76.359327,PM10,27.0,66.0,42.0,2026-09-05 16:37:06
India,Maharashtra,Ulhasnagar,"Vithalwadi, Ulhasnagar - MPCB",05-09-2026 21:00:00,19.2307571,73.155192,PM10,17.0,56.0,32.0,2026-09-05 16:37:06
India,Maharashtra,Ulhasnagar,"Vithalwadi, Ulhasnagar - MPCB",05-09-2026 21:00:00,19.2307571,73.155192,SO2,7.0,10.0,7.0,2026-09-05 16:37:06
India,Maharashtra,Virar,"Bolinj, Virar - MPCB",05-09-2026 21:00:00,19.445821,72.7988231,CO,2.0,64.0,17.0,2026-09-05 16:37:06
India,Maharashtra,Virar,"Bolinj, Virar - MPCB",05-09-2026 21:00:00,19.445821,72.7988231,OZONE,1.0,2.0,1.0,2026-09-05 16:37:06
India,Meghalaya,Shillong,"Lumpyngngad, Shillong - Meghalaya PCB",05-09-2026 21:00:00,25.5586,91.8985,OZONE,16.0,34.0,29.0,2026-09-05 16:37:06
India,Odisha,Barbil,"Forest Office, Barbil - OSPCB",05-09-2026 21:00:00,22.1166054,85.3945546,NH3,2.0,3.0,2.0,2026-09-05 16:37:06
India,Odisha,Barbil,"Forest Office, Barbil - OSPCB",05-09-2026 21:00:00,22.1166054,85.3945546,CO,13.0,45.0,24.0,2026-09-05 16:37:06
India,Odisha,Baripada,"Meher Colony, Baripada - OSPCB",05-09-2026 21:00:00,21.941841,86.728318,NO2,,,,2026-09-05 16:37:06
India,Odisha,Baripada,"Meher Colony, Baripada - OSPCB",05-09-2026 21:00:00,21.941841,86.728318,OZONE,32.0,64.0,44.0,2026-09-05 16:37:06
India,Odisha,Bhubaneswar,"Lingraj Mandir, Bhubaneswar - OSPCB",05-09-2026 21:00:00,20.24079,85.836784,PM2.5,31.0,138.0,59.0,2026-09-05 16:37:06
India,Odisha,Bhubaneswar,"Lingraj Mandir, Bhubaneswar - OSPCB",05-09-2026 21:00:00,20.24079,85.836784,NO2,12.0,35.0,19.0,2026-09-05 16:37:06
India,Odisha,Bhubaneswar,"Lingraj Mandir, Bhubaneswar - OSPCB",05-09-2026 21:00:00,20.24079,85.836784,SO2,6.0,8.0,7.0,2026-09-05 16:37:06
India,Odisha,Bhubaneswar,"Lingraj Mandir, Bhubaneswar - OSPCB",05-09-2026 21:00:00,20.24079,85.836784,CO,22.0,61.0,40.0,2026-09-05 16:37:06
India,Odisha,Brajrajnagar,"GM Office, Brajrajnagar - OSPCB",05-09-2026 21:00:00,21.8004996,83.8396977,NH3,4.0,4.0,4.0,2026-09-05 16:37:06
India,Odisha,Brajrajnagar,"GM Office, Brajrajnagar - OSPCB",05-09-2026 21:00:00,21.8004996,83.8396977,CO,38.0,55.0,48.0,2026-09-05 16:37:06
India,Odisha,Brajrajnagar,"GM Office, Brajrajnagar - OSPCB",05-09-2026 21:00:00,21.8004996,83.8396977,OZONE,42.0,43.0,43.0,2026-09-05 16:37:06
India,Odisha,Byasanagar,"Ferro Chrome Colony, Byasanagar - OSPCB",05-09-2026 21:00:00,20.94185,86.1151,SO2,8.0,18.0,12.0,2026-09-05 16:37:06
India,Odisha,Cuttack,"CDA Area, Cuttack - OSPCB",05-09-2026 21:00:00,20.48891,85.84768,NO2,8.0,42.0,17.0,2026-09-05 16:37:06
India,Odisha,Keonjhar,"Jagamohanpur, Keonjhar - OSPCB",05-09-2026 21:00:00,21.6439,85.599355,NO2,12.0,17.0,14.0,2026-09-05 16:37:06
India,Odisha,Nayagarh,"Dabuna, Nayagarh - OSPCB",05-09-2026 21:00:00,21.847279,85.416905,NO2,6.0,8.0,7.0,2026-09-05 16:37:06
India,Odisha,Nayagarh,"Dabuna, Nayagarh - OSPCB",05-09-2026 21:00:00,21.847279,85.416905,NH3,6.0,10.0,9.0,2026-09-05 16:37:06
India,Odisha,Rairangpur,"Divisional Forest Office, Rairangpur - OSPCB",05-09-2026 21:00:00,22.265816,86.174829,NO2,6.0,6.0,6.0,2026-09-05 16:37:06
India,Odisha,Rairangpur,"Divisional Forest Office, Rairangpur - OSPCB",05-09-2026 21:00:00,22.265816,86.174829,SO2,,,,2026-09-05 16:37:06
India,Odisha,Rairangpur,"Divisional Forest Office, Rairangpur - OSPCB",05-09-2026 21:00:00,22.265816,86.174829,CO,12.0,28.0,19.0,2026-09-05 16:37:06
India,Odisha,Rourkela,"Sector-2, Rourkela - OSPCB",05-09-2026 21:00:00,22.245,84.88111111,NO2,14.0,14.0,14.0,2026-09-05 16:37:06
India,Odisha,Rourkela,"Sector-2, Rourkela - OSPCB",05-09-2026 21:00:00,22.245,84.88111111,CO,10.0,10.0,10.0,2026-09-05 16:37:06
India,Odisha,Rourkela,"Raghunathpali, Rourkela - OSPCB",05-09-2026 21:00:00,22.220833,84.809444,NO2,8.0,9.0,9.0,2026-09-05 16:37:06
India,Odisha,Rourkela,"Fertilizer Township, Rourkela - OSPCB",05-09-2026 21:00:00,22.18972222,84.86277778,PM2.5,15.0,63.0,34.0,2026-09-05 16:37:06
India,Odisha,Rourkela,"Fertilizer Township, Rourkela - OSPCB",05-09-2026 21:00:00,22.18972222,84.86277778,CO,25.0,38.0,32.0,2026-09-05 16:37:06
India,Odisha,Talcher,"Talcher Coalfields,Talcher - OSPCB",05-09-2026 21:00:00,20.9360711,85.1707021,PM2.5,18.0,96.0,47.0,2026-09-05 16:37:06
India,Odisha,Talcher,"Talcher Coalfields,Talcher - OSPCB",05-09-2026 21:00:00,20.9360711,85.1707021,NH3,6.0,7.0,6.0,2026-09-05 16:37:06
India,Punjab,Amritsar,"Golden Temple, Amritsar - PPCB",05-09-2026 21:00:00,31.62,74.876512,OZONE,10.0,13.0,12.0,2026-09-05 16:37:06
India,Punjab,Bathinda,"Hardev Nagar, Bathinda - PPCB",05-09-2026 21:00:00,30.233011,74.907758,OZONE,,,,2026-09-05 16:37:06
India,Tamil Nadu,Chennai,"Royapuram, Chennai - TNPCB",05-09-2026 21:00:00,13.1036,80.2909,CO,48.0,63.0,53.0,2026-09-05 16:37:06
India,Tamil Nadu,Chennai,"Royapuram, Chennai - TNPCB",05-09-2026 21:00:00,13.1036,80.2909,OZONE,29.0,34.0,31.0,2026-09-05 16:37:06
India,Tamil Nadu,Coimbatore,"SIDCO Kurichi, Coimbatore - TNPCB",05-09-2026 21:00:00,10.942451,76.978996,CO,40.0,43.0,42.0,2026-09-05 16:37:06
India,Tamil Nadu,Cuddalore,"Kudikadu, Cuddalore - TNPCB",05-09-2026 21:00:00,11.6829898,79.7532099,NO2,,,,2026-09-05 16:37:06
India,Tamil Nadu,Cuddalore,"Semmandalam, Cuddalore - TNPCB",05-09-2026 21:00:00,11.7637683,79.7499835,PM10,,,,2026-09-05 16:37:06
India,Tamil Nadu,Gummidipoondi,"Anthoni Pillai Nagar, Gummidipoondi - TNPCB",05-09-2026 21:00:00,13.4127,80.1081,PM2.5,37.0,309.0,101.0,2026-09-05 16:37:06
India,Tamil Nadu,Thoothukudi,"Meelavittan, Thoothukudi - TNPCB",05-09-2026 21:00:00,8.816428,78.099039,OZONE,28.0,35.0,31.0,2026-09-05 16:37:06
India,Telangana,Hyderabad,"Zoo Park, Hyderabad - TSPCB",05-09-2026 21:00:00,17.349694,78.451437,NO2,6.0,11.0,8.0,2026-09-05 16:37:06
India,Telangana,Hyderabad,"Zoo Park, Hyderabad - TSPCB",05-09-2026 21:00:00,17.349694,78.451437,CO,1.0,21.0,12.0,2026-09-05 16:37:06
India,Telangana,Hyderabad,"Central University, Hyderabad - TSPCB",05-09-2026 21:00:00,17.460103,78.334361,NH3,0.0,3.0,1.0,2026-09-05 16:37:06
India,Telangana,Hyderabad,"Central University, Hyderabad - TSPCB",05-09-2026 21:00:00,17.460103,78.334361,OZONE,10.0,13.0,11.0,2026-09-05 16:37:06
India,Telangana,Hyderabad,"IITH Kandi, Hyderabad - TSPCB",05-09-2026 21:00:00,17.585705,78.126199,PM10,59.0,77.0,69.0,2026-09-05 16:37:06
India,Telangana,Hyderabad,"IITH Kandi, Hyderabad - TSPCB",05-09-2026 21:00:00,17.585705,78.126199,NO2,10.0,13.0,11.0,2026-09-05 16:37:06
India,Telangana,Hyderabad,"IITH Kandi, Hyderabad - TSPCB",05-09-2026 21:00:00,17.585705,78.126199,SO2,8.0,16.0,11.0,2026-09-05 16:37:06
India,Telangana,Hyderabad,"Nacharam_TSIIC IALA, Hyderabad - TSPCB",05-09-2026 21:00:00,17.429398,78.569354,PM10,60.0,81.0,69.0,2026-09-05 16:37:06
India,Maharashtra,Pune,"Revenue Colony-Shivajinagar, Pune - IITM",05-09-2026 21:00:00,18.530085,73.849598,OZONE,8.0,14.0,12.0,2026-09-05 16:37:06
India,Maharashtra,Pune,"Mhada Colony, Pune - IITM",05-09-2026 21:00:00,18.57304,73.927715,PM10,48.0,92.0,70.0,2026-09-05 16:37:06
India,Maharashtra,Pune,"Mhada Colony, Pune - IITM",05-09-2026 21:00:00,18.57304,73.927715,NO2,13.0,37.0,23.0,2026-09-05 16:37:06
India,Maharashtra,Pune,"Mhada Colony, Pune - IITM",05-09-2026 21:00:00,18.57304,73.927715,SO2,,,,2026-09-05 16:37:06
India,Maharashtra,Pune,"Dhankawadi, Pune - IITM",05-09-2026 21:00:00,18.459883,73.852193,PM10,,,,2026-09-05 16:37:06
India,Maharashtra,Pune,"Dhankawadi, Pune - IITM",05-09-2026 21:00:00,18.459883,73.852193,CO,26.0,80.0,42.0,2026-09-05 16:37:06
India,Maharashtra,Pune,"Dhankawadi, Pune - IITM",05-09-2026 21:00:00,18.459883,73.852193,OZONE,4.0,10.0,7.0,2026-09-05 16:37:06
India,Maharashtra,Pune,"Panchawati_Pashan, Pune - IITM",05-09-2026 21:00:00,18.536457,73.805454,OZONE,,,,2026-09-05 16:37:06
India,Maharashtra,Sangli,"Vijay Nagar, Sangli - MPCB",05-09-2026 21:00:00,16.5038,74.3623,NO2,4.0,10.0,6.0,2026-09-05 16:37:06
India,Maharashtra,Satara,"Koyana Nagar, Satara - MPCB",05-09-2026 21:00:00,17.696651,74.003387,PM10,22.0,108.0,65.0,2026-09-05 16:37:06
India,Maharashtra,Solapur,"Dnyaneshwar Nagar, Solapur - MPCB",05-09-2026 21:00:00,17.6336264,75.9132495,PM2.5,13.0,32.0,21.0,2026-09-05 16:37:06
India,Maharashtra,Solapur,"Dnyaneshwar Nagar, Solapur - MPCB",05-09-2026 21:00:00,17.6336264,75.9132495,PM10,29.0,58.0,42.0,2026-09-05 16:37:06
India,Maharashtra,Solapur,"Dnyaneshwar Nagar, Solapur - MPCB",05-09-2026 21:00:00,17.6336264,75.9132495,OZONE,13.0,24.0,19.0,2026-09-05 16:37:06
India,Maharashtra,Thane,"Upvan Fort, Thane - MPCB",05-09-2026 21:00:00,19.222279,72.957979,SO2,0.0,5.0,2.0,2026-09-05 16:37:06
India,Maharashtra,Thane,"Upvan Fort, Thane - MPCB",05-09-2026 21:00:00,19.222279,72.957979,OZONE,10.0,12.0,11.0,2026-09-05 16:37:06
India,Maharashtra,Thane,"Kasarvadavali, Thane - MPCB",05-09-2026 21:00:00,19.26777,72.97182,PM2.5,18.0,47.0,32.0,2026-09-05 16:37:06
India,Rajasthan,Jaipur,"RIICO Sitapura, Jaipur - RSPCB",05-09-2026 21:00:00,26.786682,75.827928,NO2,14.0,111.0,46.0,2026-09-05 16:37:06
India,Rajasthan,Jaipur,"Shastri Nagar, Jaipur - RSPCB",05-09-2026 21:00:00,26.9502929,75.730943,PM10,39.0,74.0,48.0,2026-09-05 16:37:06
India,Rajasthan,Jaipur,"Adarsh Nagar, Jaipur - RSPCB",05-09-2026 21:00:00,26.902909,75.836858,NO2,14.0,65.0,26.0,2026-09-05 16:37:06
India,Rajasthan,Jaipur,"Adarsh Nagar, Jaipur - RSPCB",05-09-2026 21:00:00,26.902909,75.836858,NH3,5.0,12.0,8.0,2026-09-05 16:37:06
India,Rajasthan,Jaipur,"Adarsh Nagar, Jaipur - RSPCB",05-09-2026 21:00:00,26.902909,75.836858,CO,13.0,100.0,45.0,2026-09-05 16:37:06
India,Rajasthan,Jaisalmer,"Sadar Bazar, Jaisalmer - RSPCB",05-09-2026 21:00:00,26.912329,70.909168,SO2,3.0,9.0,4.0,2026-09-05 16:37:06
India,Rajasthan,Jalore,"Mudtra Sili, Jalore - RSPCB",05-09-2026 21:00:00,25.344694,72.626208,CO,23.0,32.0,27.0,2026-09-05 16:37:06
India,Rajasthan,Jhalawar,"Rajlaxmi Nagar, Jhalawar - RSPCB",05-09-2026 21:00:00,24.588397,76.172782,PM10,36.0,64.0,49.0,2026-09-05 16:37:06
India,Rajasthan,Jhalawar,"Rajlaxmi Nagar, Jhalawar - RSPCB",05-09-2026 21:00:00,24.588397,76.172782,NH3,2.0,4.0,3.0,2026-09-05 16:37:06
India,Rajasthan,Jhunjhunu,"Indra Nagar, Jhunjhunu - RSPCB",05-09-2026 21:00:00,28.108988,75.386577,PM10,16.0,74.0,42.0,2026-09-05 16:37:06
India,Rajasthan,Jodhpur,"Digari Kalan, Jodhpur - RSPCB",05-09-2026 21:00:00,26.29581,73.082283,PM2.5,8.0,30.0,15.0,2026-09-05 16:37:06
India,Rajasthan,Jodhpur,"Digari Kalan, Jodhpur - RSPCB",05-09-2026 21:00:00,26.29581,73.082283,CO,11.0,14.0,12.0,2026-09-05 16:37:06
India,Rajasthan,Jodhpur,"Mandor, Jodhpur - RSPCB",05-09-2026 21:00:00,26.358805,73.047444,NO2,1.0,9.0,3.0,2026-09-05 16:37:06
India,Rajasthan,Jodhpur,"Collectorate, Jodhpur - RSPCB",05-09-2026 21:00:00,26.268249,73.0193853,NH3,1.0,9.0,4.0,2026-09-05 16:37:06
India,West Bengal,Haldia,"Priyambada Housing Estate, Haldia - WBPCB",05-09-2026 21:00:00,22.06047,88.109737,SO2,12.0,13.0,13.0,2026-09-05 16:37:06
India,West Bengal,Haldia,"Priyambada Housing Estate, Haldia - WBPCB",05-09-2026 21:00:00,22.06047,88.109737,CO,21.0,27.0,25.0,2026-09-05 16:37:06
India,West Bengal,Howrah,"Belur Math, Howrah - WBPCB",05-09-2026 21:00:00,22.629801,88.352017,PM2.5,41.0,96.0,62.0,2026-09-05 16:37:06
India,West Bengal,Howrah,"Belur Math, Howrah - WBPCB",05-09-2026 21:00:00,22.629801,88.352017,PM10,55.0,107.0,80.0,2026-09-05 16:37:06
India,West Bengal,Howrah,"Belur Math, Howrah - WBPCB",05-09-2026 21:00:00,22.629801,88.352017,NH3,3.0,4.0,4.0,2026-09-05 16:37:06
India,West Bengal,Howrah,"Dasnagar, Howrah - WBPCB",05-09-2026 21:00:00,22.6025571,88.3105664,PM2.5,29.0,228.0,91.0,2026-09-05 16:37:06
India,West Bengal,Howrah,"Dasnagar, Howrah - WBPCB",05-09-2026 21:00:00,22.6025571,88.3105664,NH3,1.0,8.0,3.0,2026-09-05 16:37:06
India,West Bengal,Howrah,"Dasnagar, Howrah - WBPCB",05-09-2026 21:00:00,22.6025571,88.3105664,CO,52.0,181.0,105.0,2026-09-05 16:37:06
India,West Bengal,Howrah,"Botanical Garden, Howrah - WBPCB",05-09-2026 21:00:00,22.554954,88.292568,PM10,59.0,137.0,95.0,2026-09-05 16:37:06
India,West Bengal,Howrah,"Botanical Garden, Howrah - WBPCB",05-09-2026 21:00:00,22.554954,88.292568,NH3,2.0,5.0,3.0,2026-09-05 16:37:06
India,West Bengal,Howrah,"Ghusuri, Howrah - WBPCB",05-09-2026 21:00:00,22.611968,88.347422,NO2,48.0,76.0,60.0,2026-09-05 16:37:06
India,West Bengal,Howrah,"Ghusuri, Howrah - WBPCB",05-09-2026 21:00:00,22.611968,88.347422,NH3,2.0,4.0,3.0,2026-09-05 16:37:06
India,West Bengal,Howrah,"Ghusuri, Howrah - WBPCB",05-09-2026 21:00:00,22.611968,88.347422,SO2,8.0,12.0,10.0,2026-09-05 16:37:06
India,West Bengal,Howrah,"Padmapukur, Howrah - WBPCB",05-09-2026 21:00:00,22.5687319,88.2797276,OZONE,9.0,36.0,23.0,2026-09-05 16:37:06
India,West Bengal,Kolkata,"Bidhannagar, Kolkata - WBPCB",05-09-2026 21:00:00,22.58157048,88.41002457,PM10,30.0,61.0,45.0,2026-09-05 16:37:06
India,West Bengal,Kolkata,"Bidhannagar, Kolkata - WBPCB",05-09-2026 21:00:00,22.58157048,88.41002457,SO2,6.0,10.0,8.0,2026-09-05 16:37:06
India,West Bengal,Kolkata,"Bidhannagar, Kolkata - WBPCB",05-09-2026 21:00:00,22.58157048,88.41002457,OZONE,13.0,23.0,19.0,2026-09-05 16:37:06
India,West Bengal,Kolkata,"Jadavpur, Kolkata - WBPCB",05-09-2026 21:00:00,22.49929,88.36917,CO,34.0,63.0,42.0,2026-09-05 16:37:06
India,West Bengal,Kolkata,"Rabindra Bharati University, Kolkata - WBPCB",05-09-2026 21:00:00,22.627847,88.380669,PM2.5,28.0,83.0,51.0,2026-09-05 16:37:06
India,West Bengal,Kolkata,"Rabindra Bharati University, Kolkata - WBPCB",05-09-2026 21:00:00,22.627847,88.380669,SO2,8.0,11.0,9.0,2026-09-05 16:37:06
India,West Bengal,Kolkata,"Rabindra Bharati University, Kolkata - WBPCB",05-09-2026 21:00:00,22.627847,88.380669,OZONE,14.0,81.0,47.0,2026-09-05 16:37:06
India,West Bengal,Kolkata,"Fort William, Kolkata - WBPCB",05-09-2026 21:00:00,22.55664,88.342674,NH3,7.0,8.0,7.0,2026-09-05 16:37:06
India,West Bengal,Kolkata,"Fort William, Kolkata - WBPCB",05-09-2026 21:00:00,22.55664,88.342674,SO2,5.0,6.0,5.0,2026-09-05 16:37:06
India,West Bengal,Kolkata,"Rabindra Sarobar, Kolkata - WBPCB",05-09-2026 21:00:00,22.51106,88.35142,OZONE,6.0,23.0,16.0,2026-09-05 16:37:06
India,Uttar Pradesh,Vrindavan,"Omex Eternity, Vrindavan - UPPCB",05-09-2026 21:00:00,27.571409,77.655757,NH3,7.0,10.0,8.0,2026-09-05 16:37:06
India,Uttar Pradesh,Vrindavan,"Omex Eternity, Vrindavan - UPPCB",05-09-2026 21:00:00,27.571409,77.655757,SO2,27.0,41.0,30.0,2026-09-05 16:37:06
India,Uttarakhand,Dehradun,"Doon University, Dehradun - UKPCB",05-09-2026 21:00:00,30.269444,78.044167,SO2,1.0,1.0,1.0,2026-09-05 16:37:06
India,Uttarakhand,Rishikesh,"Shivaji Nagar, Rishikesh - UKPCB",05-09-2026 21:00:00,30.075911,78.2859547,SO2,1.0,1.0,1.0,2026-09-05 16:37:06
India,West Bengal,Asansol,"Asansol Court Area, Asansol - WBPCB",05-09-2026 21:00:00,23.685297,86.945968,OZONE,21.0,34.0,28.0,2026-09-05 16:37:06
India,West Bengal,Asansol,"Mahabir Colliery, Asansol - WBPCB",05-09-2026 21:00:00,23.618183,87.105718,PM10,25.0,55.0,43.0,2026-09-05 16:37:06
India,West Bengal,Asansol,"Trivenidevi Bhalotia College, Asansol - WBPCB",05-09-2026 21:00:00,23.616515,87.119133,NO2,4.0,11.0,8.0,2026-09-05 16:37:06
India,West Bengal,Barrackpore,"SVSPA Campus, Barrackpore - WBPCB",05-09-2026 21:00:00,22.7605581,88.3617589,SO2,13.0,14.0,13.0,2026-09-05 16:37:06
India,West Bengal,Barrackpore,"SVSPA Campus, Barrackpore - WBPCB",05-09-2026 21:00:00,22.7605581,88.3617589,OZONE,5.0,16.0,11.0,2026-09-05 16:37:06
India,West Bengal,Durgapur,"PCBL Residential Complex, Durgapur - WBPCB",05-09-2026 21:00:00,23.508764,87.35444,PM2.5,20.0,56.0,34.0,2026-09-05 16:37:06
India,West Bengal,Durgapur,"Mahishkapur Road_B-Zone, Durgapur - WBPCB",05-09-2026 21:00:00,23.567923,87.306843,NO2,4.0,16.0,7.0,2026-09-05 16:37:06
India,West Bengal,Durgapur,"Womens College_City Center, Durgapur - WBPCB",05-09-2026 21:00:00,23.549395,87.300496,PM2.5,55.0,96.0,74.0,2026-09-05 16:37:06
India,West Bengal,Durgapur,"Womens College_City Center, Durgapur - WBPCB",05-09-2026 21:00:00,23.549395,87.300496,PM10,56.0,70.0,64.0,2026-09-05 16:37:06
India,Uttar Pradesh,Moradabad,"Buddhi Vihar, Moradabad - UPPCB",05-09-2026 21:00:00,28.83526,78.7446,NH3,5.0,5.0,5.0,2026-09-05 16:37:06
India,Uttar Pradesh,Moradabad,"Jigar Colony, Moradabad - UPPCB",05-09-2026 21:00:00,28.856664,78.772638,SO2,36.0,104.0,63.0,2026-09-05 16:37:06
India,Uttar Pradesh,Moradabad,"Jigar Colony, Moradabad - UPPCB",05-09-2026 21:00:00,28.856664,78.772638,OZONE,20.0,27.0,24.0,2026-09-05 16:37:06
India,Uttar Pradesh,Moradabad,"Transport Nagar, Moradabad - UPPCB",05-09-2026 21:00:00,28.802625,78.753728,PM10,42.0,99.0,60.0,2026-09-05 16:37:06
India,Uttar Pradesh,Moradabad,"Kashiram Nagar, Moradabad - UPPCB",05-09-2026 21:00:00,28.849399,78.742362,NO2,24.0,25.0,25.0,2026-09-05 16:37:06
India,Uttar Pradesh,Moradabad,"Kashiram Nagar, Moradabad - UPPCB",05-09-2026 21:00:00,28.849399,78.742362,CO,33.0,43.0,38.0,2026-09-05 16:37:06
India,Uttar Pradesh,Moradabad,"Kashiram Nagar, Moradabad - UPPCB",05-09-2026 21:00:00,28.849399,78.742362,OZONE,15.0,26.0,18.0,2026-09-05 16:37:06
India,Uttar Pradesh,Moradabad,"Employment Office, Moradabad - UPPCB",05-09-2026 21:00:00,28.88528,78.7388,PM10,21.0,52.0,38.0,2026-09-05 16:37:06
India,Uttar Pradesh,Muzaffarnagar,"New Mandi, Muzaffarnagar - UPPCB",05-09-2026 21:00:00,29.4723508,77.7194031,PM10,19.0,74.0,37.0,2026-09-05 16:37:06
India,Uttar Pradesh,Noida,"Sector-1, Noida - UPPCB",05-09-2026 21:00:00,28.5898,77.3101,NH3,,,,2026-09-05 16:37:06
India,Uttar Pradesh,Noida,"Sector-116, Noida - UPPCB",05-09-2026 21:00:00,28.56923,77.393848,PM2.5,58.0,183.0,94.0,2026-09-05 16:37:06
India,Uttar Pradesh,Noida,"Sector-116, Noida - UPPCB",05-09-2026 21:00:00,28.56923,77.393848,SO2,11.0,16.0,13.0,2026-09-05 16:37:06
India,Uttar Pradesh,Prayagraj,"Motilal Nehru NIT, Prayagraj - UPPCB",05-09-2026 21:00:00,25.494,81.863,NO2,12.0,15.0,12.0,2026-09-05 16:37:06
India,Uttar Pradesh,Prayagraj,"Nagar Nigam, Prayagraj - UPPCB",05-09-2026 21:00:00,25.44919916,81.82735986,NH3,3.0,8.0,5.0,2026-09-05 16:37:06
India,Uttar Pradesh,Prayagraj,"Nagar Nigam, Prayagraj - UPPCB",05-09-2026 21:00:00,25.44919916,81.82735986,OZONE,12.0,39.0,18.0,2026-09-05 16:37:06
India,Uttar Pradesh,Agra,"Shahjahan Garden, Agra - UPPCB",05-09-2026 21:00:00,27.169338,78.03582,NO2,17.0,24.0,21.0,2026-09-05 16:37:06
India,Uttar Pradesh,Agra,"Sanjay Palace, Agra - UPPCB",05-09-2026 21:00:00,27.19865833,78.00598056,PM10,15.0,82.0,49.0,2026-09-05 16:37:06
India,Uttar Pradesh,Agra,"Sanjay Palace, Agra - UPPCB",05-09-2026 21:00:00,27.19865833,78.00598056,NO2,12.0,16.0,13.0,2026-09-05 16:37:06
India,Uttar Pradesh,Agra,"Shastripuram, Agra - UPPCB",05-09-2026 21:00:00,27.19862,77.92066,NO2,53.0,55.0,54.0,2026-09-05 16:37:06
India,Uttar Pradesh,Baghpat,"Sardar Patel Inter College, Baghpat - UPPCB",05-09-2026 21:00:00,28.964949,77.278761,SO2,5.0,19.0,11.0,2026-09-05 16:37:06
India,Uttar Pradesh,Bareilly,"Rajendra Nagar, Bareilly - UPPCB",05-09-2026 21:00:00,28.38910936,79.42963708,SO2,11.0,14.0,12.0,2026-09-05 16:37:06
India,Uttar Pradesh,Bareilly,"Civil Lines, Bareilly - UPPCB",05-09-2026 21:00:00,28.359581,79.414455,PM2.5,27.0,42.0,32.0,2026-09-05 16:37:06
India,Uttar Pradesh,Bareilly,"Civil Lines, Bareilly - UPPCB",05-09-2026 21:00:00,28.359581,79.414455,SO2,22.0,51.0,33.0,2026-09-05 16:37:06
India,Uttar Pradesh,Bulandshahr,"Yamunapuram, Bulandshahr - UPPCB",05-09-2026 21:00:00,28.406963,77.849831,SO2,7.0,18.0,13.0,2026-09-05 16:37:06
India,Uttar Pradesh,Fatehpur Sikri,"Dadupura, Fatehpur Sikri - UPPCB",05-09-2026 21:00:00,27.097694,77.671335,NH3,2.0,2.0,2.0,2026-09-05 16:37:06
India,Uttar Pradesh,Fatehpur Sikri,"Dadupura, Fatehpur Sikri - UPPCB",05-09-2026 21:00:00,27.097694,77.671335,SO2,10.0,11.0,10.0,2026-09-05 16:37:06
India,Uttar Pradesh,Gajraula,"Rajanpur, Gajraula - UPPCB",05-09-2026 21:00:00,28.829109,78.248796,PM2.5,13.0,55.0,30.0,2026-09-05 16:37:06
India,Uttar Pradesh,Gajraula,"Rajanpur, Gajraula - UPPCB",05-09-2026 21:00:00,28.829109,78.248796,SO2,10.0,14.0,12.0,2026-09-05 16:37:06
India,Uttar Pradesh,Ghaziabad,"Ved Vihar-Loni, Ghaziabad - UPPCB",05-09-2026 21:00:00,28.739153,77.273668,NH3,4.0,13.0,7.0,2026-09-05 16:37:06
India,Uttar Pradesh,Lucknow,"Gomti Nagar, Lucknow - UPPCB",05-09-2026 21:00:00,26.86812,81.005119,OZONE,40.0,44.0,42.0,2026-09-05 16:37:06
India,Uttar Pradesh,Lucknow,"B R Ambedkar University, Lucknow - UPPCB",05-09-2026 21:00:00,26.766433,80.927299,SO2,28.0,36.0,31.0,2026-09-05 16:37:06
India,Uttar Pradesh,Lucknow,"B R Ambedkar University, Lucknow - UPPCB",05-09-2026 21:00:00,26.766433,80.927299,CO,22.0,25.0,24.0,2026-09-05 16:37:06
India,Uttar Pradesh,Lucknow,"B R Ambedkar University, Lucknow - UPPCB",05-09-2026 21:00:00,26.766433,80.927299,OZONE,11.0,33.0,20.0,2026-09-05 16:37:06
India,Uttar Pradesh,Lucknow,"Lalbagh, Lucknow - CPCB",05-09-2026 21:00:00,26.8458805,80.9365541,NO2,19.0,37.0,27.0,2026-09-05 16:37:06
India,Uttar Pradesh,Lucknow,"Kukrail Picnic Spot-1, Lucknow - UPPCB",05-09-2026 21:00:00,26.90723,80.98579,SO2,26.0,31.0,28.0,2026-09-05 16:37:06
India,Uttar Pradesh,Meerut,"Jai Bhim Nagar, Meerut - UPPCB",05-09-2026 21:00:00,28.9535882,77.7622941,PM10,2.0,29.0,15.0,2026-09-05 16:37:06
India,Uttar Pradesh,Meerut,"MIET College, Meerut - UPPCB",05-09-2026 21:00:00,28.972677,77.641018,OZONE,10.0,15.0,13.0,2026-09-05 16:37:06
India,Uttar Pradesh,Meerut,"Pallavpuram Phase 2, Meerut - UPPCB",05-09-2026 21:00:00,29.06351,77.709723,SO2,17.0,27.0,21.0,2026-09-05 16:37:06
India,Uttar Pradesh,Meerut,"Pallavpuram Phase 2, Meerut - UPPCB",05-09-2026 21:00:00,29.06351,77.709723,OZONE,32.0,46.0,40.0,2026-09-05 16:37:06
India,Uttar Pradesh,Modinagar,"SRM University, Modinagar - UPPCB",05-09-2026 21:00:00,28.798171,77.540243,PM2.5,,,,2026-09-05 16:37:06
India,Uttar Pradesh,Modinagar,"SRM University, Modinagar - UPPCB",05-09-2026 21:00:00,28.798171,77.540243,SO2,,,,2026-09-05 16:37:06
India,Uttar Pradesh,Modinagar,"SRM University, Modinagar - UPPCB",05-09-2026 21:00:00,28.798171,77.540243,CO,16.0,25.0,19.0,2026-09-05 16:37:06
India,Uttar Pradesh,Modinagar,"SRM University, Modinagar - UPPCB",05-09-2026 21:00:00,28.798171,77.540243,OZONE,4.0,18.0,8.0,2026-09-05 16:37:06
India,Telangana,Hyderabad,"Kokapet, Hyderabad - TSPCB",05-09-2026 21:00:00,17.393559,78.339194,PM2.5,34.0,56.0,41.0,2026-09-05 16:37:06
India,Telangana,Hyderabad,"Kokapet, Hyderabad - TSPCB",05-09-2026 21:00:00,17.393559,78.339194,OZONE,20.0,28.0,26.0,2026-09-05 16:37:06
India,Telangana,Hyderabad,"ECIL Kapra, Hyderabad - TSPCB",05-09-2026 21:00:00,17.470431,78.566959,NH3,2.0,4.0,3.0,2026-09-05 16:37:06
India,Telangana,Hyderabad,"Kompally Municipal Office, Hyderabad - TSPCB",05-09-2026 21:00:00,17.544899,78.486949,PM2.5,33.0,42.0,37.0,2026-09-05 16:37:06
India,Telangana,Hyderabad,"Kompally Municipal Office, Hyderabad - TSPCB",05-09-2026 21:00:00,17.544899,78.486949,NH3,2.0,3.0,3.0,2026-09-05 16:37:06
India,Telangana,Hyderabad,"Kompally Municipal Office, Hyderabad - TSPCB",05-09-2026 21:00:00,17.544899,78.486949,CO,14.0,44.0,24.0,2026-09-05 16:37:06
India,Telangana,Hyderabad,"IDA Pashamylaram, Hyderabad - TSPCB",05-09-2026 21:00:00,17.5316895,78.218939,PM10,37.0,102.0,60.0,2026-09-05 16:37:06
India,Telangana,Hyderabad,"IDA Pashamylaram, Hyderabad - TSPCB",05-09-2026 21:00:00,17.5316895,78.218939,CO,6.0,37.0,20.0,2026-09-05 16:37:06
India,Telangana,Hyderabad,"Sanathnagar, Hyderabad - TSPCB",05-09-2026 21:00:00,17.4559458,78.4332152,SO2,,,,2026-09-05 16:37:06
India,Telangana,Hyderabad,"ICRISAT Patancheru, Hyderabad - TSPCB",05-09-2026 21:00:00,17.5184,78.278777,SO2,0.0,9.0,5.0,2026-09-05 16:37:06
India,Tripura,Agartala,"Bardowali, Agartala - Tripura SPCB",05-09-2026 21:00:00,23.8175497,91.2726974,PM2.5,26.0,68.0,52.0,2026-09-05 16:37:06
India,Tripura,Agartala,"Bardowali, Agartala - Tripura SPCB",05-09-2026 21:00:00,23.8175497,91.2726974,CO,21.0,36.0,31.0,2026-09-05 16:37:06
India,Uttar Pradesh,Agra,"Rohta, Agra - UPPCB",05-09-2026 21:00:00,27.106972,78.000111,PM2.5,12.0,39.0,26.0,2026-09-05 16:37:06
India,Uttar Pradesh,Hapur,"Anand Vihar, Hapur - UPPCB",05-09-2026 21:00:00,28.725645,77.749675,PM10,13.0,46.0,29.0,2026-09-05 16:37:06
India,Uttar Pradesh,Hapur,"Anand Vihar, Hapur - UPPCB",05-09-2026 21:00:00,28.725645,77.749675,NO2,0.0,10.0,4.0,2026-09-05 16:37:06
India,Uttar Pradesh,Kanpur,"FTI Kidwai Nagar, Kanpur - UPPCB",05-09-2026 21:00:00,26.428282,80.327067,SO2,28.0,41.0,38.0,2026-09-05 16:37:06
India,Uttar Pradesh,Kanpur,"FTI Kidwai Nagar, Kanpur - UPPCB",05-09-2026 21:00:00,26.428282,80.327067,CO,30.0,31.0,31.0,2026-09-05 16:37:06
India,Uttar Pradesh,Kanpur,"NSI Kalyanpur, Kanpur - UPPCB",05-09-2026 21:00:00,26.509954,80.249612,PM2.5,16.0,41.0,28.0,2026-09-05 16:37:06
India,Uttar Pradesh,Kanpur,"NSI Kalyanpur, Kanpur - UPPCB",05-09-2026 21:00:00,26.509954,80.249612,NO2,31.0,32.0,31.0,2026-09-05 16:37:06
India,Uttar Pradesh,Kanpur,"Nehru Nagar, Kanpur - UPPCB",05-09-2026 21:00:00,26.4703136,80.3229863,NH3,,,,2026-09-05 16:37:06
India,Uttar Pradesh,Khora,"Prashant Garden, Khora - UPPCB",05-09-2026 21:00:00,28.61119,77.34206,PM10,66.0,97.0,80.0,2026-09-05 16:37:06
India,Uttar Pradesh,Khurja,"Kalindi Kunj, Khurja - UPPCB",05-09-2026 21:00:00,28.2348927,77.8683002,PM2.5,9.0,33.0,17.0,2026-09-05 16:37:06
India,Uttar Pradesh,Khurja,"Kalindi Kunj, Khurja - UPPCB",05-09-2026 21:00:00,28.2348927,77.8683002,NO2,12.0,13.0,12.0,2026-09-05 16:37:06
India,Uttar Pradesh,Lucknow,"Kendriya Vidyalaya, Lucknow - CPCB",05-09-2026 21:00:00,26.906111,80.948222,NO2,24.0,36.0,29.0,2026-09-05 16:37:06
India,Uttar Pradesh,Lucknow,"Gomti Nagar, Lucknow - UPPCB",05-09-2026 21:00:00,26.86812,81.005119,PM2.5,24.0,103.0,39.0,2026-09-05 16:37:06
India,Uttar Pradesh,Prayagraj,"Jhunsi, Prayagraj - UPPCB",05-09-2026 21:00:00,25.425602,81.917152,OZONE,30.0,48.0,36.0,2026-09-05 16:37:06
India,Uttar Pradesh,Raebareli," Indira Nagar, Raebareli - NTPC Unchahar",05-09-2026 21:00:00,26.207781,81.245571,NH3,8.0,15.0,11.0,2026-09-05 16:37:06
India,Uttar Pradesh,Raebareli," Indira Nagar, Raebareli - NTPC Unchahar",05-09-2026 21:00:00,26.207781,81.245571,SO2,11.0,18.0,14.0,2026-09-05 16:37:06
India,Uttar Pradesh,Shamli,"New Tehsil, Shamli - UPPCB",05-09-2026 21:00:00,29.4603683,77.3410291,PM10,21.0,57.0,36.0,2026-09-05 16:37:06
India,Uttar Pradesh,Shamli,"New Tehsil, Shamli - UPPCB",05-09-2026 21:00:00,29.4603683,77.3410291,NO2,8.0,15.0,10.0,2026-09-05 16:37:06
India,Uttar Pradesh,Shamli,"New Tehsil, Shamli - UPPCB",05-09-2026 21:00:00,29.4603683,77.3410291,SO2,1.0,2.0,2.0,2026-09-05 16:37:06
India,Uttar Pradesh,Varanasi,"Bhelupur, Varanasi - UPPCB",05-09-2026 21:00:00,25.301778,82.996789,PM10,16.0,432.0,87.0,2026-09-05 16:37:06
India,Uttar Pradesh,Varanasi,"Maldahiya, Varanasi - UPPCB",05-09-2026 21:00:00,25.32393,82.99687,PM2.5,13.0,44.0,27.0,2026-09-05 16:37:06
India,Uttar Pradesh,Varanasi,"Ardhali Bazar, Varanasi - UPPCB",05-09-2026 21:00:00,25.3505986,82.9083074,PM10,28.0,93.0,56.0,2026-09-05 16:37:06
India,Uttar Pradesh,Varanasi,"Ardhali Bazar, Varanasi - UPPCB",05-09-2026 21:00:00,25.3505986,82.9083074,NO2,20.0,24.0,22.0,2026-09-05 16:37:06
India,Uttar Pradesh,Varanasi,"Ardhali Bazar, Varanasi - UPPCB",05-09-2026 21:00:00,25.3505986,82.9083074,SO2,4.0,7.0,6.0,2026-09-05 16:37:06
India,Uttar Pradesh,Varanasi,"Ardhali Bazar, Varanasi - UPPCB",05-09-2026 21:00:00,25.3505986,82.9083074,CO,14.0,20.0,15.0,2026-09-05 16:37:06
India,Uttar Pradesh,Ghaziabad,"Sanjay Nagar, Ghaziabad - UPPCB",05-09-2026 21:00:00,28.685382,77.453839,SO2,5.0,12.0,9.0,2026-09-05 16:37:06
India,Uttar Pradesh,Ghaziabad,"Indirapuram, Ghaziabad - UPPCB",05-09-2026 21:00:00,28.646233,77.358075,PM2.5,16.0,69.0,34.0,2026-09-05 16:37:06
India,Uttar Pradesh,Ghaziabad,"Indirapuram, Ghaziabad - UPPCB",05-09-2026 21:00:00,28.646233,77.358075,SO2,12.0,17.0,14.0,2026-09-05 16:37:06
India,Uttar Pradesh,Ghaziabad,"Indirapuram, Ghaziabad - UPPCB",05-09-2026 21:00:00,28.646233,77.358075,CO,17.0,20.0,20.0,2026-09-05 16:37:06
India,Uttar Pradesh,Ghaziabad,"Loni, Ghaziabad - UPPCB",05-09-2026 21:00:00,28.757294,77.278792,NO2,28.0,39.0,33.0,2026-09-05 16:37:06
India,Uttar Pradesh,Ghaziabad,"Loni, Ghaziabad - UPPCB",05-09-2026 21:00:00,28.757294,77.278792,OZONE,3.0,9.0,6.0,2026-09-05 16:37:06
India,Uttar Pradesh,Ghaziabad,"Govindpuram, Ghaziabad - UPPCB",05-09-2026 21:00:00,28.694528,77.494705,NH3,1.0,2.0,2.0,2026-09-05 16:37:06
India,Uttar Pradesh,Ghaziabad,"Govindpuram, Ghaziabad - UPPCB",05-09-2026 21:00:00,28.694528,77.494705,SO2,1.0,3.0,2.0,2026-09-05 16:37:06
India,Uttar Pradesh,Gorakhpur,"Madan Mohan Malaviya University of Technology, Gorakhpur - UPPCB",05-09-2026 21:00:00,26.730136,83.433859,PM2.5,,,,2026-09-05 16:37:06
India,Uttar Pradesh,Gorakhpur,"Madan Mohan Malaviya University of Technology, Gorakhpur - UPPCB",05-09-2026 21:00:00,26.730136,83.433859,PM10,,,,2026-09-05 16:37:06
India,Uttar Pradesh,Greater Noida,"Knowledge Park - V, Greater Noida - UPPCB",05-09-2026 21:00:00,28.557054,77.453663,CO,7.0,13.0,10.0,2026-09-05 16:37:06
India,West Bengal,Kolkata,"Ballygunge, Kolkata - WBPCB",05-09-2026 21:00:00,22.5367507,88.3638022,PM10,41.0,80.0,58.0,2026-09-05 16:37:06
India,West Bengal,Kolkata,"Ballygunge, Kolkata - WBPCB",05-09-2026 21:00:00,22.5367507,88.3638022,NH3,8.0,13.0,9.0,2026-09-05 16:37:06
India,West Bengal,Kolkata,"Ballygunge, Kolkata - WBPCB",05-09-2026 21:00:00,22.5367507,88.3638022,SO2,2.0,7.0,5.0,2026-09-05 16:37:06
India,West Bengal,Kolkata,"Ballygunge, Kolkata - WBPCB",05-09-2026 21:00:00,22.5367507,88.3638022,CO,21.0,57.0,36.0,2026-09-05 16:37:06
India,West Bengal,Kolkata,"Victoria, Kolkata - WBPCB",05-09-2026 21:00:00,22.5448082,88.3403691,PM2.5,26.0,57.0,39.0,2026-09-05 16:37:06
India,West Bengal,Kolkata,"Victoria, Kolkata - WBPCB",05-09-2026 21:00:00,22.5448082,88.3403691,PM10,30.0,65.0,44.0,2026-09-05 16:37:06
India,Chhattisgarh,Milupara,"Govt. Higher Secondary School, Milupara - CECB",05-09-2026 21:00:00,22.1910172,83.5197009,NO2,,,,2026-09-05 16:37:06
India,Chhattisgarh,Milupara,"Govt. Higher Secondary School, Milupara - CECB",05-09-2026 21:00:00,22.1910172,83.5197009,CO,6.0,46.0,20.0,2026-09-05 16:37:06
India,Chhattisgarh,Milupara,"Govt. Higher Secondary School, Milupara - CECB",05-09-2026 21:00:00,22.1910172,83.5197009,OZONE,36.0,40.0,38.0,2026-09-05 16:37:06
India,Chhattisgarh,Raipur,"Krishak Nagar, Raipur - CECB",05-09-2026 21:00:00,21.237755,81.705301,PM10,12.0,35.0,23.0,2026-09-05 16:37:06
India,Chhattisgarh,Raipur,"Krishak Nagar, Raipur - CECB",05-09-2026 21:00:00,21.237755,81.705301,NH3,2.0,2.0,2.0,2026-09-05 16:37:06
India,Chhattisgarh,Raipur,"Krishak Nagar, Raipur - CECB",05-09-2026 21:00:00,21.237755,81.705301,OZONE,3.0,5.0,3.0,2026-09-05 16:37:06
India,Chhattisgarh,Raipur,"Bhatagaon New ISBT, Raipur - CECB",05-09-2026 21:00:00,21.219665,81.630094,CO,16.0,49.0,26.0,2026-09-05 16:37:06
India,Chhattisgarh,Raipur,"Siltara Phase-II, Raipur - CECB",05-09-2026 21:00:00,21.371751,81.664929,NO2,12.0,29.0,22.0,2026-09-05 16:37:06
India,Chhattisgarh,Raipur,"AIIMS, Raipur - CECB",05-09-2026 21:00:00,21.258815,81.578979,PM2.5,7.0,28.0,15.0,2026-09-05 16:37:06
India,Chhattisgarh,Raipur,"AIIMS, Raipur - CECB",05-09-2026 21:00:00,21.258815,81.578979,NO2,0.0,2.0,1.0,2026-09-05 16:37:06
India,Chhattisgarh,Raipur,"AIIMS, Raipur - CECB",05-09-2026 21:00:00,21.258815,81.578979,CO,21.0,22.0,21.0,2026-09-05 16:37:06
India,Chhattisgarh,Tumidih,"OP Jindal Industrial Park, Tumidih - CECB",05-09-2026 21:00:00,22.06631475,83.33820077,NO2,16.0,82.0,36.0,2026-09-05 16:37:06
India,Chhattisgarh,Tumidih,"OP Jindal Industrial Park, Tumidih - CECB",05-09-2026 21:00:00,22.06631475,83.33820077,CO,14.0,23.0,18.0,2026-09-05 16:37:06
India,Delhi,Delhi,"Narela, Delhi - DPCC",05-09-2026 21:00:00,28.822836,77.101981,CO,54.0,68.0,63.0,2026-09-05 16:37:06
India,Delhi,Delhi,"Narela, Delhi - DPCC",05-09-2026 21:00:00,28.822836,77.101981,OZONE,13.0,19.0,16.0,2026-09-05 16:37:06
India,Delhi,Delhi,"Cantonment Area, Delhi - DPCC",05-09-2026 21:00:00,28.594169,77.1251,NH3,2.0,4.0,3.0,2026-09-05 16:37:06
India,Delhi,Delhi,"Major Dhyan Chand National Stadium, Delhi - DPCC",05-09-2026 21:00:00,28.611281,77.237738,NO2,33.0,65.0,46.0,2026-09-05 16:37:06
India,Delhi,Delhi,"Major Dhyan Chand National Stadium, Delhi - DPCC",05-09-2026 21:00:00,28.611281,77.237738,SO2,2.0,8.0,4.0,2026-09-05 16:37:06
India,Delhi,Delhi,"Sonia Vihar, Delhi - DPCC",05-09-2026 21:00:00,28.710508,77.249485,NO2,21.0,34.0,26.0,2026-09-05 16:37:06
India,Delhi,Delhi,"Bawana, Delhi - DPCC",05-09-2026 21:00:00,28.7762,77.051074,PM10,12.0,74.0,31.0,2026-09-05 16:37:06
India,Andhra Pradesh,Kadapa,"Yerramukkapalli, Kadapa - APPCB",05-09-2026 21:00:00,14.465052,78.824187,NH3,3.0,3.0,3.0,2026-09-05 16:37:06
India,Andhra Pradesh,Kakinada,"Rama Rao Peta, Kakinada - APPCB",05-09-2026 21:00:00,16.962488,82.229513,NH3,3.0,5.0,4.0,2026-09-05 16:37:06
India,Andhra Pradesh,Kakinada,"Rama Rao Peta, Kakinada - APPCB",05-09-2026 21:00:00,16.962488,82.229513,OZONE,29.0,59.0,45.0,2026-09-05 16:37:06
India,Andhra Pradesh,Kurnool,"Sita Rama Nagar, Kurnool - APPCB",05-09-2026 21:00:00,15.83411,78.028546,PM10,28.0,54.0,41.0,2026-09-05 16:37:06
India,Andhra Pradesh,Kurnool,"Sita Rama Nagar, Kurnool - APPCB",05-09-2026 21:00:00,15.83411,78.028546,NO2,25.0,43.0,30.0,2026-09-05 16:37:06
India,Andhra Pradesh,Kurnool,"Sita Rama Nagar, Kurnool - APPCB",05-09-2026 21:00:00,15.83411,78.028546,NH3,5.0,5.0,5.0,2026-09-05 16:37:06
India,Andhra Pradesh,Machilipatnam,"Srinivas Nagar Colony, Machilipatnam - APPCB",05-09-2026 21:00:00,16.186555,81.13219,PM2.5,33.0,56.0,49.0,2026-09-05 16:37:06
India,Andhra Pradesh,Machilipatnam,"Srinivas Nagar Colony, Machilipatnam - APPCB",05-09-2026 21:00:00,16.186555,81.13219,NH3,3.0,3.0,3.0,2026-09-05 16:37:06
India,Andhra Pradesh,Rajamahendravaram,"Anand Kala Kshetram, Rajamahendravaram - APPCB",05-09-2026 21:00:00,16.9872867,81.7363176,PM10,43.0,81.0,61.0,2026-09-05 16:37:06
India,Andhra Pradesh,Rajamahendravaram,"Anand Kala Kshetram, Rajamahendravaram - APPCB",05-09-2026 21:00:00,16.9872867,81.7363176,SO2,2.0,8.0,4.0,2026-09-05 16:37:06
India,Andhra Pradesh,Srikakulam,"Chinna Bharatham Colony, Srikakulam - APPCB",05-09-2026 21:00:00,18.292191,83.897173,NH3,1.0,6.0,3.0,2026-09-05 16:37:06
India,Andhra Pradesh,Srikakulam,"Chinna Bharatham Colony, Srikakulam - APPCB",05-09-2026 21:00:00,18.292191,83.897173,SO2,14.0,19.0,16.0,2026-09-05 16:37:06
India,Andhra Pradesh,Tirumala,"Toll Gate, Tirumala - APPCB",05-09-2026 21:00:00,13.67,79.35,SO2,2.0,10.0,7.0,2026-09-05 16:37:06
India,Andhra Pradesh,Tirupati,"Vaikuntapuram, Tirupati - APPCB",05-09-2026 21:00:00,13.615387,79.40923,PM10,72.0,80.0,76.0,2026-09-05 16:37:06
India,Andhra Pradesh,Tirupati,"Vaikuntapuram, Tirupati - APPCB",05-09-2026 21:00:00,13.615387,79.40923,NO2,31.0,35.0,32.0,2026-09-05 16:37:06
India,Andhra Pradesh,Vijayawada,"Rajiv Nagar, Vijayawada - APPCB",05-09-2026 21:00:00,16.554731,80.64911,OZONE,20.0,48.0,31.0,2026-09-05 16:37:06
India,Delhi,Delhi,"Wazirpur, Delhi - DPCC",05-09-2026 21:00:00,28.699793,77.165453,PM2.5,10.0,40.0,24.0,2026-09-05 16:37:06
India,Delhi,Delhi,"Wazirpur, Delhi - DPCC",05-09-2026 21:00:00,28.699793,77.165453,NH3,5.0,7.0,6.0,2026-09-05 16:37:06
India,Delhi,Delhi,"Wazirpur, Delhi - DPCC",05-09-2026 21:00:00,28.699793,77.165453,CO,62.0,76.0,69.0,2026-09-05 16:37:06
India,Delhi,Delhi,"NSUT Jaffarpur, Delhi - DPCC",05-09-2026 21:00:00,28.594004,76.909423,SO2,1.0,3.0,2.0,2026-09-05 16:37:06
India,Delhi,Delhi,"Mundka, Delhi - DPCC",05-09-2026 21:00:00,28.684678,77.076574,NO2,45.0,87.0,74.0,2026-09-05 16:37:06
India,Delhi,Delhi,"Mundka, Delhi - DPCC",05-09-2026 21:00:00,28.684678,77.076574,OZONE,3.0,15.0,11.0,2026-09-05 16:37:06
India,Delhi,Delhi,"Punjabi Bagh, Delhi - DPCC",05-09-2026 21:00:00,28.674045,77.131023,PM2.5,20.0,85.0,41.0,2026-09-05 16:37:06
India,Delhi,Delhi,"Punjabi Bagh, Delhi - DPCC",05-09-2026 21:00:00,28.674045,77.131023,NH3,2.0,4.0,2.0,2026-09-05 16:37:06
India,Delhi,Delhi,"Punjabi Bagh, Delhi - DPCC",05-09-2026 21:00:00,28.674045,77.131023,OZONE,13.0,21.0,17.0,2026-09-05 16:37:06
India,Delhi,Delhi,"Ashok Vihar, Delhi - DPCC",05-09-2026 21:00:00,28.695381,77.181665,NO2,16.0,38.0,21.0,2026-09-05 16:37:06
India,Delhi,Delhi,"Anand Vihar, Delhi - DPCC",05-09-2026 21:00:00,28.647622,77.315809,PM10,3.0,135.0,66.0,2026-09-05 16:37:06
India,Delhi,Delhi,"Anand Vihar, Delhi - DPCC",05-09-2026 21:00:00,28.647622,77.315809,SO2,19.0,42.0,29.0,2026-09-05 16:37:06
India,Delhi,Delhi,"Anand Vihar, Delhi - DPCC",05-09-2026 21:00:00,28.647622,77.315809,CO,1.0,18.0,7.0,2026-09-05 16:37:06
India,Delhi,Delhi,"Anand Vihar, Delhi - DPCC",05-09-2026 21:00:00,28.647622,77.315809,OZONE,11.0,23.0,13.0,2026-09-05 16:37:06
India,Delhi,Delhi,"Shadipur, Delhi - CPCB",05-09-2026 21:00:00,28.6514781,77.1473105,PM2.5,,,,2026-09-05 16:37:06
India,Delhi,Delhi,"Mandir Marg, Delhi - DPCC",05-09-2026 21:00:00,28.636429,77.201067,PM2.5,2.0,40.0,19.0,2026-09-05 16:37:06
India,Delhi,Delhi,"Mandir Marg, Delhi - DPCC",05-09-2026 21:00:00,28.636429,77.201067,NH3,9.0,11.0,10.0,2026-09-05 16:37:06
India,Delhi,Delhi,"Mandir Marg, Delhi - DPCC",05-09-2026 21:00:00,28.636429,77.201067,SO2,6.0,25.0,11.0,2026-09-05 16:37:06
India,Delhi,Delhi,"Pusa, Delhi - DPCC",05-09-2026 21:00:00,28.639652,77.146275,PM10,12.0,67.0,37.0,2026-09-05 16:37:06
India,Delhi,Delhi,"Pusa, Delhi - DPCC",05-09-2026 21:00:00,28.639652,77.146275,CO,70.0,87.0,81.0,2026-09-05 16:37:06
India,Bihar,Muzaffarpur,"MIT-Daudpur Kothi, Muzaffarpur - BSPCB",05-09-2026 21:00:00,26.1403345,85.3650192,NO2,1.0,4.0,2.0,2026-09-05 16:37:06
India,Bihar,Muzaffarpur,"MIT-Daudpur Kothi, Muzaffarpur - BSPCB",05-09-2026 21:00:00,26.1403345,85.3650192,SO2,11.0,19.0,14.0,2026-09-05 16:37:06
India,Bihar,Muzaffarpur,"MIT-Daudpur Kothi, Muzaffarpur - BSPCB",05-09-2026 21:00:00,26.1403345,85.3650192,CO,13.0,23.0,17.0,2026-09-05 16:37:06
India,Bihar,Patna,"Govt. High School Shikarpur, Patna - BSPCB",05-09-2026 21:00:00,25.592539,85.227158,PM10,66.0,110.0,78.0,2026-09-05 16:37:06
India,Bihar,Patna,"Govt. High School Shikarpur, Patna - BSPCB",05-09-2026 21:00:00,25.592539,85.227158,SO2,12.0,14.0,12.0,2026-09-05 16:37:06
India,Bihar,Patna,"Govt. High School Shikarpur, Patna - BSPCB",05-09-2026 21:00:00,25.592539,85.227158,CO,36.0,61.0,46.0,2026-09-05 16:37:06
India,Bihar,Purnia,"Mariam Nagar, Purnia - BSPCB",05-09-2026 21:00:00,25.366336,87.117468,NH3,4.0,4.0,4.0,2026-09-05 16:37:06
India,Bihar,Purnia,"Mariam Nagar, Purnia - BSPCB",05-09-2026 21:00:00,25.366336,87.117468,OZONE,18.0,54.0,29.0,2026-09-05 16:37:06
India,Bihar,Rajgir,"Dangi Tola, Rajgir - BSPCB",05-09-2026 21:00:00,25.0328,85.41948,OZONE,3.0,43.0,20.0,2026-09-05 16:37:06
India,Bihar,Saharsa,"Police Line, Saharsa - BSPCB",05-09-2026 21:00:00,25.892357,86.590325,NO2,6.0,8.0,7.0,2026-09-05 16:37:06
India,Bihar,Saharsa,"Police Line, Saharsa - BSPCB",05-09-2026 21:00:00,25.892357,86.590325,CO,40.0,47.0,44.0,2026-09-05 16:37:06
India,Bihar,Saharsa,"Police Line, Saharsa - BSPCB",05-09-2026 21:00:00,25.892357,86.590325,OZONE,8.0,23.0,14.0,2026-09-05 16:37:06
India,Bihar,Samastipur,"DM Office_Kasipur, Samastipur - BSPCB",05-09-2026 21:00:00,25.859655,85.77944,PM2.5,17.0,97.0,46.0,2026-09-05 16:37:06
India,Bihar,Samastipur,"DM Office_Kasipur, Samastipur - BSPCB",05-09-2026 21:00:00,25.859655,85.77944,NO2,8.0,9.0,8.0,2026-09-05 16:37:06
India,Bihar,Samastipur,"DM Office_Kasipur, Samastipur - BSPCB",05-09-2026 21:00:00,25.859655,85.77944,NH3,1.0,1.0,1.0,2026-09-05 16:37:06
India,Bihar,Samastipur,"DM Office_Kasipur, Samastipur - BSPCB",05-09-2026 21:00:00,25.859655,85.77944,SO2,11.0,16.0,12.0,2026-09-05 16:37:06
India,Bihar,Samastipur,"DM Office_Kasipur, Samastipur - BSPCB",05-09-2026 21:00:00,25.859655,85.77944,OZONE,6.0,8.0,6.0,2026-09-05 16:37:06
India,Bihar,Sasaram,"Dada Peer, Sasaram - BSPCB",05-09-2026 21:00:00,24.952822,84.002396,PM2.5,2.0,113.0,40.0,2026-09-05 16:37:06
India,Bihar,Chhapra,"Darshan Nagar, Chhapra - BSPCB",05-09-2026 21:00:00,25.7808257,84.7446768,PM2.5,88.0,96.0,92.0,2026-09-05 16:37:06
India,Bihar,Chhapra,"Darshan Nagar, Chhapra - BSPCB",05-09-2026 21:00:00,25.7808257,84.7446768,NO2,0.0,1.0,1.0,2026-09-05 16:37:06
India,Bihar,Gaya,"Collectorate, Gaya - BSPCB",05-09-2026 21:00:00,24.7955,84.9994,NH3,,,,2026-09-05 16:37:06
India,Bihar,Gaya,"Collectorate, Gaya - BSPCB",05-09-2026 21:00:00,24.7955,84.9994,CO,11.0,12.0,12.0,2026-09-05 16:37:06
India,Bihar,Gaya,"Collectorate, Gaya - BSPCB",05-09-2026 21:00:00,24.7955,84.9994,OZONE,27.0,28.0,28.0,2026-09-05 16:37:06
India,Bihar,Gaya,"SFTI Kusdihra, Gaya - BSPCB",05-09-2026 21:00:00,24.762518,84.982348,PM2.5,24.0,41.0,33.0,2026-09-05 16:37:06
India,Bihar,Gaya,"Kareemganj, Gaya - BSPCB",05-09-2026 21:00:00,24.792403,84.992416,NH3,0.0,2.0,1.0,2026-09-05 16:37:06
India,Bihar,Katihar,"Mirchaibari, Katihar - BSPCB",05-09-2026 21:00:00,25.560083,87.553265,PM10,17.0,47.0,32.0,2026-09-05 16:37:06
India,Bihar,Katihar,"Mirchaibari, Katihar - BSPCB",05-09-2026 21:00:00,25.560083,87.553265,NH3,1.0,1.0,1.0,2026-09-05 16:37:06
India,Bihar,Manguraha,"Forest Rest House, Manguraha - BSPCB",05-09-2026 21:00:00,27.308328,84.531742,NH3,0.0,1.0,1.0,2026-09-05 16:37:06
India,Bihar,Motihari,"Gandak Colony, Motihari - BSPCB",05-09-2026 21:00:00,26.63086,84.90051,NO2,2.0,3.0,3.0,2026-09-05 16:37:06
India,Bihar,Motihari,"Gandak Colony, Motihari - BSPCB",05-09-2026 21:00:00,26.63086,84.90051,NH3,1.0,1.0,1.0,2026-09-05 16:37:06
India,Bihar,Motihari,"Gandak Colony, Motihari - BSPCB",05-09-2026 21:00:00,26.63086,84.90051,OZONE,48.0,55.0,51.0,2026-09-05 16:37:06
India,Bihar,Munger,"Town Hall, Munger - BSPCB",05-09-2026 21:00:00,25.376776,86.471523,SO2,68.0,77.0,73.0,2026-09-05 16:37:06
India,Bihar,Munger,"Town Hall, Munger - BSPCB",05-09-2026 21:00:00,25.376776,86.471523,CO,34.0,36.0,35.0,2026-09-05 16:37:06
India,Andhra Pradesh,Vijayawada,"HB Colony, Vijayawada - APPCB",05-09-2026 21:00:00,16.536107,80.594233,SO2,10.0,18.0,12.0,2026-09-05 16:37:06
India,Andhra Pradesh,Vijayawada,"HB Colony, Vijayawada - APPCB",05-09-2026 21:00:00,16.536107,80.594233,CO,29.0,33.0,31.0,2026-09-05 16:37:06
India,Andhra Pradesh,Vijayawada,"Rajiv Gandhi Park, Vijayawada - APPCB",05-09-2026 21:00:00,16.509717,80.612222,SO2,10.0,19.0,14.0,2026-09-05 16:37:06
India,Andhra Pradesh,Visakhapatnam,"GVM Corporation, Visakhapatnam - APPCB",05-09-2026 21:00:00,17.72,83.3,NH3,2.0,3.0,2.0,2026-09-05 16:37:06
India,Andhra Pradesh,Visakhapatnam,"GVM Corporation, Visakhapatnam - APPCB",05-09-2026 21:00:00,17.72,83.3,CO,4.0,63.0,19.0,2026-09-05 16:37:06
India,Arunachal Pradesh,Naharlagun,"Naharlagun, Naharlagun - APSPCB",05-09-2026 21:00:00,27.103358,93.679645,CO,8.0,11.0,10.0,2026-09-05 16:37:06
India,Assam,Guwahati,"IITG, Guwahati - PCBA",05-09-2026 21:00:00,26.2028636,91.70046436,NO2,1.0,3.0,2.0,2026-09-05 16:37:06
India,Assam,Guwahati,"IITG, Guwahati - PCBA",05-09-2026 21:00:00,26.2028636,91.70046436,CO,74.0,80.0,76.0,2026-09-05 16:37:06
India,Assam,Guwahati,"Pan Bazaar, Guwahati - PCBA",05-09-2026 21:00:00,26.1875,91.744194,PM10,,,,2026-09-05 16:37:06
India,Assam,Guwahati,"Pan Bazaar, Guwahati - PCBA",05-09-2026 21:00:00,26.1875,91.744194,SO2,,,,2026-09-05 16:37:06
India,Assam,Guwahati,"LGBI Airport, Guwahati - PCBA",05-09-2026 21:00:00,26.10887,91.589544,PM2.5,17.0,72.0,35.0,2026-09-05 16:37:06
India,Assam,Guwahati,"LGBI Airport, Guwahati - PCBA",05-09-2026 21:00:00,26.10887,91.589544,NO2,12.0,84.0,18.0,2026-09-05 16:37:06
India,Assam,Guwahati,"LGBI Airport, Guwahati - PCBA",05-09-2026 21:00:00,26.10887,91.589544,SO2,8.0,14.0,11.0,2026-09-05 16:37:06
India,Assam,Guwahati,"Railway Colony, Guwahati - PCBA",05-09-2026 21:00:00,26.181742,91.78063,PM2.5,16.0,75.0,43.0,2026-09-05 16:37:06
India,Assam,Nagaon,"Christianpatty, Nagaon - PCBA",05-09-2026 21:00:00,26.349082,92.68449,NO2,1.0,1.0,1.0,2026-09-05 16:37:06
India,Assam,Nalbari,"Bata Chowk, Nalbari - PCBA",05-09-2026 21:00:00,26.446912,91.439057,PM2.5,20.0,98.0,31.0,2026-09-05 16:37:06
India,Assam,Nalbari,"Bata Chowk, Nalbari - PCBA",05-09-2026 21:00:00,26.446912,91.439057,NH3,6.0,6.0,6.0,2026-09-05 16:37:06
India,Assam,Nalbari,"Bata Chowk, Nalbari - PCBA",05-09-2026 21:00:00,26.446912,91.439057,SO2,8.0,8.0,8.0,2026-09-05 16:37:06
India,Assam,Nalbari,"Bata Chowk, Nalbari - PCBA",05-09-2026 21:00:00,26.446912,91.439057,OZONE,19.0,19.0,19.0,2026-09-05 16:37:06
India,Assam,Silchar,"Tarapur, Silchar - PCBA",05-09-2026 21:00:00,24.82827,92.79525,SO2,6.0,7.0,6.0,2026-09-05 16:37:06
India,Assam,Silchar,"Tarapur, Silchar - PCBA",05-09-2026 21:00:00,24.82827,92.79525,CO,11.0,35.0,24.0,2026-09-05 16:37:06
India,Assam,Silchar,"Tarapur, Silchar - PCBA",05-09-2026 21:00:00,24.82827,92.79525,OZONE,5.0,9.0,6.0,2026-09-05 16:37:06
India,Assam,Sivasagar,"Girls College, Sivasagar - PCBA",05-09-2026 21:00:00,26.987634,94.636574,CO,9.0,25.0,15.0,2026-09-05 16:37:06
India,Bihar,Araria,"Kharahiya Basti, Araria - BSPCB",05-09-2026 21:00:00,26.146529,87.454184,NH3,3.0,5.0,4.0,2026-09-05 16:37:06
India,Bihar,Begusarai,"Lohiyanagar, Begusarai - BSPCB",05-09-2026 21:00:00,25.42742023,86.13886079,NH3,2.0,3.0,3.0,2026-09-05 16:37:06
India,Bihar,Bettiah,"Kamalnath Nagar, Bettiah - BSPCB",05-09-2026 21:00:00,26.80365,84.51954,NH3,2.0,5.0,3.0,2026-09-05 16:37:06
India,Bihar,Bhagalpur,"Mayaganj, Bhagalpur - BSPCB",05-09-2026 21:00:00,25.265194,87.012947,NO2,16.0,22.0,18.0,2026-09-05 16:37:06
India,Bihar,Bhagalpur,"Mayaganj, Bhagalpur - BSPCB",05-09-2026 21:00:00,25.265194,87.012947,NH3,4.0,4.0,4.0,2026-09-05 16:37:06
India,Delhi,Delhi,"Bawana, Delhi - DPCC",05-09-2026 21:00:00,28.7762,77.051074,OZONE,15.0,17.0,16.0,2026-09-05 16:37:06
India,Delhi,Delhi,"Okhla Phase-2, Delhi - DPCC",05-09-2026 21:00:00,28.530785,77.271255,PM10,31.0,500.0,67.0,2026-09-05 16:37:06
India,Delhi,Delhi,"Okhla Phase-2, Delhi - DPCC",05-09-2026 21:00:00,28.530785,77.271255,SO2,7.0,10.0,8.0,2026-09-05 16:37:06
India,Delhi,Delhi,"Okhla Phase-2, Delhi - DPCC",05-09-2026 21:00:00,28.530785,77.271255,CO,61.0,76.0,68.0,2026-09-05 16:37:06
India,Delhi,Delhi,"Rohini, Delhi - DPCC",05-09-2026 21:00:00,28.732528,77.11992,PM2.5,43.0,103.0,66.0,2026-09-05 16:37:06
India,Delhi,Delhi,"Vivek Vihar, Delhi - DPCC",05-09-2026 21:00:00,28.672342,77.31526,NH3,4.0,4.0,4.0,2026-09-05 16:37:06
India,Delhi,Delhi,"Vivek Vihar, Delhi - DPCC",05-09-2026 21:00:00,28.672342,77.31526,CO,66.0,83.0,73.0,2026-09-05 16:37:06
India,Delhi,Delhi,"Vivek Vihar, Delhi - DPCC",05-09-2026 21:00:00,28.672342,77.31526,OZONE,10.0,12.0,11.0,2026-09-05 16:37:06
India,Delhi,Delhi,"IHBAS, Dilshad Garden, Delhi - CPCB",05-09-2026 21:00:00,28.6811736,77.3025234,NO2,40.0,52.0,48.0,2026-09-05 16:37:06
India,Delhi,Delhi,"Nehru Nagar, Delhi - DPCC",05-09-2026 21:00:00,28.56789,77.250515,PM2.5,3.0,97.0,45.0,2026-09-05 16:37:06
India,Delhi,Delhi,"Nehru Nagar, Delhi - DPCC",05-09-2026 21:00:00,28.56789,77.250515,PM10,38.0,100.0,60.0,2026-09-05 16:37:06
India,Delhi,Delhi,"Jawaharlal Nehru Stadium, Delhi - DPCC",05-09-2026 21:00:00,28.58028,77.233829,NH3,5.0,6.0,6.0,2026-09-05 16:37:06
India,Delhi,Delhi,"Jawaharlal Nehru Stadium, Delhi - DPCC",05-09-2026 21:00:00,28.58028,77.233829,OZONE,14.0,47.0,26.0,2026-09-05 16:37:06
India,Delhi,Delhi,"Najafgarh, Delhi - DPCC",05-09-2026 21:00:00,28.570173,76.933762,PM2.5,,,,2026-09-05 16:37:06
India,Bihar,Sasaram,"Dada Peer, Sasaram - BSPCB",05-09-2026 21:00:00,24.952822,84.002396,CO,10.0,14.0,12.0,2026-09-05 16:37:06
India,Bihar,Siwan,"Chitragupta Nagar, Siwan - BSPCB",05-09-2026 21:00:00,26.2271665,84.3570427,CO,67.0,87.0,77.0,2026-09-05 16:37:06
India,Chandigarh,Chandigarh,"Sector-25, Chandigarh - CPCC",05-09-2026 21:00:00,30.751462,76.762879,NO2,5.0,34.0,15.0,2026-09-05 16:37:06
India,Chandigarh,Chandigarh,"Sector-53, Chandigarh - CPCC",05-09-2026 21:00:00,30.719859,76.738637,NO2,6.0,61.0,26.0,2026-09-05 16:37:06
India,Chhattisgarh,Bhilai,"Civic Center, Bhilai - Bhilai Steel Plant",05-09-2026 21:00:00,21.185571,81.343175,CO,20.0,28.0,23.0,2026-09-05 16:37:06
India,Chhattisgarh,Chhal,"Nawapara SECL Colony, Chhal - CECB",05-09-2026 21:00:00,22.118125,83.140608,NO2,7.0,16.0,11.0,2026-09-05 16:37:06
India,Chhattisgarh,Korba,"Urja Nagar, Korba - CECB",05-09-2026 21:00:00,22.348441,82.549611,NO2,4.0,5.0,5.0,2026-09-05 16:37:06
India,Chhattisgarh,Korba,"Urja Nagar, Korba - CECB",05-09-2026 21:00:00,22.348441,82.549611,SO2,10.0,13.0,11.0,2026-09-05 16:37:06
India,Chhattisgarh,Korba,"Rampur, Korba - CECB",05-09-2026 21:00:00,22.368195,82.746431,NH3,1.0,1.0,1.0,2026-09-05 16:37:06
India,Chhattisgarh,Korba,"Rampur, Korba - CECB",05-09-2026 21:00:00,22.368195,82.746431,CO,7.0,28.0,13.0,2026-09-05 16:37:06
India,Chhattisgarh,Korba,"Rampur, Korba - CECB",05-09-2026 21:00:00,22.368195,82.746431,OZONE,6.0,34.0,22.0,2026-09-05 16:37:06
India,Andhra Pradesh,Anantapur,"Gulzarpet, Anantapur - APPCB",05-09-2026 21:00:00,14.675886,77.593027,OZONE,15.0,46.0,29.0,2026-09-05 16:37:06
India,Andhra Pradesh,Chittoor,"Gangineni Cheruvu, Chittoor - APPCB",05-09-2026 21:00:00,13.20488,79.097889,CO,14.0,18.0,17.0,2026-09-05 16:37:06
India,Andhra Pradesh,Eluru,"District Court, Eluru - APPCB",05-09-2026 21:00:00,16.711754,81.092095,PM10,47.0,60.0,53.0,2026-09-05 16:37:06
India,Andhra Pradesh,Guntur,"Rajendra Nagar North, Guntur - APPCB",05-09-2026 21:00:00,16.316553,80.413302,NH3,4.0,9.0,6.0,2026-09-05 16:37:06
India,Andhra Pradesh,Guntur,"Rajendra Nagar North, Guntur - APPCB",05-09-2026 21:00:00,16.316553,80.413302,CO,22.0,37.0,27.0,2026-09-05 16:37:06
India,Karnataka,Bengaluru,"Shivapura_Peenya, Bengaluru - KSPCB",05-09-2026 21:00:00,13.0246342,77.5080115,PM10,,,,2026-09-05 16:37:06
India,Karnataka,Bengaluru,"Shivapura_Peenya, Bengaluru - KSPCB",05-09-2026 21:00:00,13.0246342,77.5080115,CO,,,,2026-09-05 16:37:06
India,Karnataka,Bengaluru,"Silk Board, Bengaluru - KSPCB",05-09-2026 21:00:00,12.917348,77.622813,NO2,16.0,18.0,17.0,2026-09-05 16:37:06
India,Karnataka,Bengaluru,"Silk Board, Bengaluru - KSPCB",05-09-2026 21:00:00,12.917348,77.622813,OZONE,12.0,23.0,17.0,2026-09-05 16:37:06
India,Karnataka,Bengaluru,"Bapuji Nagar, Bengaluru - KSPCB",05-09-2026 21:00:00,12.951913,77.539784,PM2.5,10.0,73.0,25.0,2026-09-05 16:37:06
India,Karnataka,Bengaluru,"Bapuji Nagar, Bengaluru - KSPCB",05-09-2026 21:00:00,12.951913,77.539784,NH3,2.0,3.0,3.0,2026-09-05 16:37:06
India,Karnataka,Chamarajanagar,"Urban, Chamarajanagar - KSPCB",05-09-2026 21:00:00,11.55358,76.55521,NH3,1.0,3.0,2.0,2026-09-05 16:37:06
India,Karnataka,Chamarajanagar,"Urban, Chamarajanagar - KSPCB",05-09-2026 21:00:00,11.55358,76.55521,SO2,2.0,8.0,4.0,2026-09-05 16:37:06
India,Karnataka,Chamarajanagar,"Urban, Chamarajanagar - KSPCB",05-09-2026 21:00:00,11.55358,76.55521,CO,23.0,25.0,24.0,2026-09-05 16:37:06
India,Karnataka,Chamarajanagar,"Urban, Chamarajanagar - KSPCB",05-09-2026 21:00:00,11.55358,76.55521,OZONE,26.0,39.0,32.0,2026-09-05 16:37:06
India,Karnataka,Chikkaballapur,"Chikkaballapur Rural, Chikkaballapur - KSPCB",05-09-2026 21:00:00,13.428828,77.731418,PM2.5,2.0,23.0,11.0,2026-09-05 16:37:06
India,Karnataka,Chikkaballapur,"Chikkaballapur Rural, Chikkaballapur - KSPCB",05-09-2026 21:00:00,13.428828,77.731418,PM10,12.0,140.0,48.0,2026-09-05 16:37:06
India,Karnataka,Chikkaballapur,"Chikkaballapur Rural, Chikkaballapur - KSPCB",05-09-2026 21:00:00,13.428828,77.731418,NO2,3.0,4.0,4.0,2026-09-05 16:37:06
India,Karnataka,Dharwad,"Kalabhavan, Dharwad - KSPCB",05-09-2026 21:00:00,15.459706,75.008381,NO2,23.0,27.0,26.0,2026-09-05 16:37:06
India,Karnataka,Dharwad,"Kalabhavan, Dharwad - KSPCB",05-09-2026 21:00:00,15.459706,75.008381,SO2,7.0,9.0,7.0,2026-09-05 16:37:06
India,Karnataka,Gadag,"Panchal Nagar, Gadag - KSPCB",05-09-2026 21:00:00,15.411456,75.638133,SO2,30.0,35.0,32.0,2026-09-05 16:37:06
India,Karnataka,Hubballi,"Lingaraj Nagar, Hubballi - KSPCB",05-09-2026 21:00:00,15.3714823,75.1160168,NO2,7.0,14.0,9.0,2026-09-05 16:37:06
India,Karnataka,Hubballi,"Lingaraj Nagar, Hubballi - KSPCB",05-09-2026 21:00:00,15.3714823,75.1160168,SO2,2.0,2.0,2.0,2026-09-05 16:37:06
India,Karnataka,Hubballi,"Lingaraj Nagar, Hubballi - KSPCB",05-09-2026 21:00:00,15.3714823,75.1160168,CO,13.0,17.0,15.0,2026-09-05 16:37:06
India,Karnataka,Hubballi,"Lingaraj Nagar, Hubballi - KSPCB",05-09-2026 21:00:00,15.3714823,75.1160168,OZONE,21.0,27.0,25.0,2026-09-05 16:37:06
India,Karnataka,Kalaburagi,"Mahatma Basaveswar Colony, Kalaburgi - KSPCB",05-09-2026 21:00:00,17.336318,76.847397,PM2.5,11.0,43.0,26.0,2026-09-05 16:37:06
India,Karnataka,Kalaburagi,"Mahatma Basaveswar Colony, Kalaburgi - KSPCB",05-09-2026 21:00:00,17.336318,76.847397,PM10,18.0,56.0,36.0,2026-09-05 16:37:06
India,Karnataka,Karwar,"KHB Colony, Karwar - KSPCB",05-09-2026 21:00:00,14.816666,74.141003,PM10,9.0,42.0,18.0,2026-09-05 16:37:06
India,Delhi,Delhi,"CRRI Mathura Road, Delhi - IITM",05-09-2026 21:00:00,28.5512005,77.2735737,NO2,4.0,12.0,8.0,2026-09-05 16:37:06
India,Delhi,Delhi,"IMD Lodhi Road, Delhi - IITM",05-09-2026 21:00:00,28.5918245,77.2273074,PM10,25.0,72.0,41.0,2026-09-05 16:37:06
India,Delhi,Delhi,"JNU, Delhi - DPCC",05-09-2026 21:00:00,28.540721,77.168544,PM2.5,17.0,61.0,35.0,2026-09-05 16:37:06
India,Delhi,Delhi,"North Campus, DU, Delhi - IITM",05-09-2026 21:00:00,28.6573814,77.1585447,SO2,,,,2026-09-05 16:37:06
India,Delhi,Delhi,"North Campus, DU, Delhi - IITM",05-09-2026 21:00:00,28.6573814,77.1585447,CO,50.0,79.0,66.0,2026-09-05 16:37:06
India,Delhi,Delhi,"R K Puram, Delhi - DPCC",05-09-2026 21:00:00,28.563262,77.186937,OZONE,4.0,16.0,12.0,2026-09-05 16:37:06
India,Gujarat,Ahmedabad,"SVPI Airport Hansol, Ahmedabad - IITM",05-09-2026 21:00:00,23.076793,72.627874,SO2,10.0,44.0,20.0,2026-09-05 16:37:06
India,Gujarat,Ahmedabad,"SVPI Airport Hansol, Ahmedabad - IITM",05-09-2026 21:00:00,23.076793,72.627874,OZONE,15.0,29.0,25.0,2026-09-05 16:37:06
India,Gujarat,Ahmedabad,"Rakhial, Ahmedabad - IITM",05-09-2026 21:00:00,23.016834,72.625775,PM10,58.0,112.0,74.0,2026-09-05 16:37:06
India,Gujarat,Ahmedabad,"Rakhial, Ahmedabad - IITM",05-09-2026 21:00:00,23.016834,72.625775,NO2,18.0,98.0,33.0,2026-09-05 16:37:06
India,Gujarat,Ahmedabad,"Maninagar, Ahmedabad - GPCB",05-09-2026 21:00:00,23.002657,72.591912,PM10,48.0,114.0,76.0,2026-09-05 16:37:06
India,Gujarat,Ahmedabad,"Maninagar, Ahmedabad - GPCB",05-09-2026 21:00:00,23.002657,72.591912,SO2,0.0,109.0,77.0,2026-09-05 16:37:06
India,Gujarat,Ahmedabad,"Chandkheda, Ahmedabad - IITM",05-09-2026 21:00:00,23.107969,72.574648,NO2,6.0,30.0,11.0,2026-09-05 16:37:06
India,Gujarat,Ahmedabad,"Chandkheda, Ahmedabad - IITM",05-09-2026 21:00:00,23.107969,72.574648,CO,3.0,25.0,12.0,2026-09-05 16:37:06
India,Gujarat,Ahmedabad,"SAC ISRO Bopal, Ahmedabad - IITM",05-09-2026 21:00:00,23.041137,72.456691,OZONE,16.0,27.0,23.0,2026-09-05 16:37:06
India,Gujarat,Ahmedabad,"SAC ISRO Satellite, Ahmedabad - IITM",05-09-2026 21:00:00,23.023389,72.515201,PM2.5,29.0,61.0,44.0,2026-09-05 16:37:06
India,Gujarat,Ahmedabad,"SAC ISRO Satellite, Ahmedabad - IITM",05-09-2026 21:00:00,23.023389,72.515201,NO2,17.0,40.0,21.0,2026-09-05 16:37:06
India,Gujarat,Ahmedabad,"SAC ISRO Satellite, Ahmedabad - IITM",05-09-2026 21:00:00,23.023389,72.515201,CO,20.0,49.0,34.0,2026-09-05 16:37:06
India,Gujarat,Ahmedabad,"Gyaspur, Ahmedabad - IITM",05-09-2026 21:00:00,22.977134,72.553024,NO2,27.0,50.0,31.0,2026-09-05 16:37:06
India,Himachal Pradesh,Baddi,"HIMUDA Complex Phase-1, Baddi - HPPCB",05-09-2026 21:00:00,30.943887,76.801991,NH3,2.0,5.0,3.0,2026-09-05 16:37:06
India,Himachal Pradesh,Baddi,"HIMUDA Complex Phase-1, Baddi - HPPCB",05-09-2026 21:00:00,30.943887,76.801991,CO,89.0,107.0,100.0,2026-09-05 16:37:06
India,Himachal Pradesh,Baddi,"HIMUDA Complex Phase-1, Baddi - HPPCB",05-09-2026 21:00:00,30.943887,76.801991,OZONE,13.0,53.0,32.0,2026-09-05 16:37:06
India,Jammu and Kashmir,Pampore,"Khrew, Pampore - JKPCC",05-09-2026 21:00:00,34.031606,75.009712,NO2,1.0,3.0,1.0,2026-09-05 16:37:06
India,Jammu and Kashmir,Srinagar,"Rajbagh, Srinagar - JKPCC",05-09-2026 21:00:00,34.066206,74.81982,PM2.5,17.0,30.0,23.0,2026-09-05 16:37:06
India,Jammu and Kashmir,Srinagar,"Rajbagh, Srinagar - JKPCC",05-09-2026 21:00:00,34.066206,74.81982,PM10,26.0,48.0,36.0,2026-09-05 16:37:06
India,Jammu and Kashmir,Srinagar,"Khunmoh, Srinagar - JKPCC",05-09-2026 21:00:00,34.06313,74.96017,PM10,44.0,92.0,62.0,2026-09-05 16:37:06
India,Jammu and Kashmir,Srinagar,"Khunmoh, Srinagar - JKPCC",05-09-2026 21:00:00,34.06313,74.96017,NH3,,,,2026-09-05 16:37:06
India,Jammu and Kashmir,Srinagar,"Khunmoh, Srinagar - JKPCC",05-09-2026 21:00:00,34.06313,74.96017,SO2,3.0,4.0,4.0,2026-09-05 16:37:06
India,Jharkhand,Jorapokhar,"Tata Stadium, Jorapokhar - JSPCB",05-09-2026 21:00:00,23.707909,86.41467,NO2,8.0,8.0,8.0,2026-09-05 16:37:06
India,Karnataka,Bengaluru,"Jigani, Bengaluru - KSPCB",05-09-2026 21:00:00,12.7816279,77.6299145,NO2,21.0,23.0,22.0,2026-09-05 16:37:06
India,Karnataka,Bengaluru,"Jigani, Bengaluru - KSPCB",05-09-2026 21:00:00,12.7816279,77.6299145,SO2,14.0,14.0,14.0,2026-09-05 16:37:06
India,Karnataka,Bengaluru,"Jigani, Bengaluru - KSPCB",05-09-2026 21:00:00,12.7816279,77.6299145,OZONE,18.0,19.0,18.0,2026-09-05 16:37:06
India,Karnataka,Bengaluru,"Jayanagar 5th Block, Bengaluru - KSPCB",05-09-2026 21:00:00,12.920984,77.584908,CO,4.0,95.0,35.0,2026-09-05 16:37:06
India,Karnataka,Bengaluru,"Hombegowda Nagar, Bengaluru - KSPCB",05-09-2026 21:00:00,12.938539,77.5901,NO2,10.0,66.0,21.0,2026-09-05 16:37:06
India,Karnataka,Bengaluru,"Hombegowda Nagar, Bengaluru - KSPCB",05-09-2026 21:00:00,12.938539,77.5901,OZONE,7.0,48.0,34.0,2026-09-05 16:37:06
India,Karnataka,Bengaluru,"Peenya, Bengaluru - CPCB",05-09-2026 21:00:00,13.0270199,77.494094,OZONE,23.0,24.0,24.0,2026-09-05 16:37:06
India,Gujarat,Ahmedabad,"Gyaspur, Ahmedabad - IITM",05-09-2026 21:00:00,22.977134,72.553024,OZONE,13.0,14.0,14.0,2026-09-05 16:37:06
India,Gujarat,Ahmedabad,"Raikhad, Ahmedabad - IITM",05-09-2026 21:00:00,23.020509,72.579261,NO2,10.0,36.0,15.0,2026-09-05 16:37:06
India,Gujarat,Ahmedabad,"Raikhad, Ahmedabad - IITM",05-09-2026 21:00:00,23.020509,72.579261,NH3,0.0,3.0,2.0,2026-09-05 16:37:06
India,Gujarat,Ankleshwar,"GIDC, Ankleshwar - GPCB",05-09-2026 21:00:00,21.613267,73.010555,NH3,5.0,5.0,5.0,2026-09-05 16:37:06
India,Gujarat,Ankleshwar,"GIDC, Ankleshwar - GPCB",05-09-2026 21:00:00,21.613267,73.010555,OZONE,48.0,62.0,57.0,2026-09-05 16:37:06
India,Gujarat,Bhavnagar,"Vidhyanagar, Bhavnagar - Nexteng Enviro",05-09-2026 21:00:00,21.755417,72.139056,NH3,5.0,6.0,5.0,2026-09-05 16:37:06
India,Gujarat,Bhavnagar,"Vidhyanagar, Bhavnagar - Nexteng Enviro",05-09-2026 21:00:00,21.755417,72.139056,CO,62.0,65.0,63.0,2026-09-05 16:37:06
India,Gujarat,Gandhinagar,"Sector-10, Gandhinagar - GPCB",05-09-2026 21:00:00,23.221714,72.654328,PM10,,,,2026-09-05 16:37:06
India,Gujarat,Gandhinagar,"Sector-10, Gandhinagar - GPCB",05-09-2026 21:00:00,23.221714,72.654328,NO2,5.0,7.0,6.0,2026-09-05 16:37:06
India,Gujarat,Gandhinagar,"Sector-10, Gandhinagar - GPCB",05-09-2026 21:00:00,23.221714,72.654328,OZONE,,,,2026-09-05 16:37:06
India,Gujarat,Gandhinagar,"IIPHG Lekawada, Gandhinagar - IITM",05-09-2026 21:00:00,23.243639,72.68994,SO2,1.0,3.0,2.0,2026-09-05 16:37:06
India,Gujarat,Gandhinagar,"IIPHG Lekawada, Gandhinagar - IITM",05-09-2026 21:00:00,23.243639,72.68994,CO,14.0,25.0,17.0,2026-09-05 16:37:06
India,Gujarat,Gandhinagar,"GIFT City, Gandhinagar - IITM",05-09-2026 21:00:00,23.163798,72.677768,PM10,56.0,107.0,78.0,2026-09-05 16:37:06
India,Gujarat,Gandhinagar,"GIFT City, Gandhinagar - IITM",05-09-2026 21:00:00,23.163798,72.677768,NH3,3.0,3.0,3.0,2026-09-05 16:37:06
India,Gujarat,Nandesari,"GIDC, Nandesari - Nandesari Ind. Association",05-09-2026 21:00:00,22.410802,73.097923,OZONE,,,,2026-09-05 16:37:06
India,Gujarat,Rajkot,"Mavdi, Rajkot - Nexteng Enviro ",05-09-2026 21:00:00,22.248853,70.776774,NH3,0.0,1.0,0.0,2026-09-05 16:37:06
India,Gujarat,Surat,"Science Center, Surat - SMC",05-09-2026 21:00:00,21.170046,72.795405,PM2.5,9.0,64.0,35.0,2026-09-05 16:37:06
India,Delhi,Delhi,"Chandni Chowk, Delhi - IITM",05-09-2026 21:00:00,28.656756,77.227234,SO2,6.0,22.0,10.0,2026-09-05 16:37:06
India,Delhi,Delhi,"Pusa, Delhi - IITM",05-09-2026 21:00:00,28.63611,77.173332,NO2,50.0,94.0,66.0,2026-09-05 16:37:06
India,Delhi,Delhi,"DTU, Delhi - CPCB",05-09-2026 21:00:00,28.7500499,77.1112615,PM2.5,17.0,55.0,34.0,2026-09-05 16:37:06
India,Delhi,Delhi,"DTU, Delhi - CPCB",05-09-2026 21:00:00,28.7500499,77.1112615,NO2,20.0,23.0,21.0,2026-09-05 16:37:06
India,Delhi,Delhi,"DTU, Delhi - CPCB",05-09-2026 21:00:00,28.7500499,77.1112615,OZONE,16.0,22.0,19.0,2026-09-05 16:37:06
India,Delhi,Delhi,"Dwarka-Sector 8, Delhi - DPCC ",05-09-2026 21:00:00,28.5710274,77.0719006,OZONE,13.0,18.0,16.0,2026-09-05 16:37:06
India,Delhi,Delhi,"IIT Delhi, Delhi - IITM",05-09-2026 21:00:00,28.54246,77.191651,PM10,27.0,118.0,62.0,2026-09-05 16:37:06
India,Delhi,Delhi,"IGI Airport (T3), Delhi - IITM",05-09-2026 21:00:00,28.5627763,77.1180053,PM2.5,,,,2026-09-05 16:37:06
India,Delhi,Delhi,"IGI Airport (T3), Delhi - IITM",05-09-2026 21:00:00,28.5627763,77.1180053,NO2,,,,2026-09-05 16:37:06
India,Delhi,Delhi,"IGNOU_Maidan Garhi, Delhi - DPCC",05-09-2026 21:00:00,28.493624,77.201159,OZONE,3.0,7.0,5.0,2026-09-05 16:37:06
India,Delhi,Delhi,"Commonwealth Sports Complex, Delhi - DPCC",05-09-2026 21:00:00,28.615828,77.271992,PM10,28.0,63.0,50.0,2026-09-05 16:37:06
India,Delhi,Delhi,"Commonwealth Sports Complex, Delhi - DPCC",05-09-2026 21:00:00,28.615828,77.271992,NO2,16.0,44.0,26.0,2026-09-05 16:37:06
India,Delhi,Delhi,"Commonwealth Sports Complex, Delhi - DPCC",05-09-2026 21:00:00,28.615828,77.271992,CO,63.0,89.0,76.0,2026-09-05 16:37:06
India,Delhi,Delhi,"NSIT Dwarka, Delhi - CPCB",05-09-2026 21:00:00,28.60909,77.0325413,PM10,11.0,33.0,21.0,2026-09-05 16:37:06
India,Delhi,Delhi,"Aya Nagar, Delhi - IITM",05-09-2026 21:00:00,28.4706914,77.1099364,PM10,8.0,81.0,34.0,2026-09-05 16:37:06
India,Delhi,Delhi,"Aya Nagar, Delhi - IITM",05-09-2026 21:00:00,28.4706914,77.1099364,NH3,,,,2026-09-05 16:37:06
India,Haryana,Kurukshetra,"Sector-7, Kurukshetra - HSPCB",05-09-2026 21:00:00,29.966942,76.875879,PM2.5,41.0,80.0,59.0,2026-09-05 16:37:06
India,Haryana,Kurukshetra,"Sector-7, Kurukshetra - HSPCB",05-09-2026 21:00:00,29.966942,76.875879,NO2,7.0,9.0,8.0,2026-09-05 16:37:06
India,Haryana,Narnaul,"Shastri Nagar, Narnaul - HSPCB",05-09-2026 21:00:00,28.060249,76.113115,PM10,50.0,80.0,65.0,2026-09-05 16:37:06
India,Haryana,Narnaul,"Shastri Nagar, Narnaul - HSPCB",05-09-2026 21:00:00,28.060249,76.113115,NO2,19.0,80.0,48.0,2026-09-05 16:37:06
India,Haryana,Palwal,"Shyam Nagar, Palwal - HSPCB",05-09-2026 21:00:00,28.1485564,77.3320667,PM2.5,22.0,55.0,33.0,2026-09-05 16:37:06
India,Haryana,Palwal,"Shyam Nagar, Palwal - HSPCB",05-09-2026 21:00:00,28.1485564,77.3320667,PM10,47.0,69.0,54.0,2026-09-05 16:37:06
India,Haryana,Palwal,"Shyam Nagar, Palwal - HSPCB",05-09-2026 21:00:00,28.1485564,77.3320667,CO,12.0,127.0,62.0,2026-09-05 16:37:06
India,Haryana,Panchgaon,"Amity University, Panchgaon - IITM",05-09-2026 21:00:00,28.3153,76.9143,NO2,38.0,237.0,103.0,2026-09-05 16:37:06
India,Haryana,Panchgaon,"Amity University, Panchgaon - IITM",05-09-2026 21:00:00,28.3153,76.9143,NH3,4.0,15.0,8.0,2026-09-05 16:37:06
India,Haryana,Panchkula,"Sector-6, Panchkula - HSPCB ",05-09-2026 21:00:00,30.7057778,76.8531805555555,PM10,,,,2026-09-05 16:37:06
India,Haryana,Panchkula,"Sector-6, Panchkula - HSPCB ",05-09-2026 21:00:00,30.7057778,76.8531805555555,NO2,26.0,32.0,29.0,2026-09-05 16:37:06
India,Haryana,Panchkula,"Sector-6, Panchkula - HSPCB ",05-09-2026 21:00:00,30.7057778,76.8531805555555,OZONE,42.0,54.0,48.0,2026-09-05 16:37:06
India,Haryana,Panipat,"Sector-18, Panipat - HSPCB",05-09-2026 21:00:00,29.432304,76.972765,CO,26.0,28.0,27.0,2026-09-05 16:37:06
India,Haryana,Panipat,"Sector-18, Panipat - HSPCB",05-09-2026 21:00:00,29.432304,76.972765,OZONE,41.0,43.0,42.0,2026-09-05 16:37:06
India,Haryana,Sirsa,"F-Block, Sirsa - HSPCB",05-09-2026 21:00:00,29.5364,75.0158,PM10,25.0,100.0,49.0,2026-09-05 16:37:06
India,Haryana,Sirsa,"F-Block, Sirsa - HSPCB",05-09-2026 21:00:00,29.5364,75.0158,NH3,13.0,26.0,15.0,2026-09-05 16:37:06
India,Karnataka,Madikeri,"Stuart Hill, Madikeri - KSPCB",05-09-2026 21:00:00,12.415911,75.73505,PM2.5,7.0,35.0,21.0,2026-09-05 16:37:06
India,Karnataka,Madikeri,"Stuart Hill, Madikeri - KSPCB",05-09-2026 21:00:00,12.415911,75.73505,NO2,2.0,2.0,2.0,2026-09-05 16:37:06
India,Karnataka,Madikeri,"Stuart Hill, Madikeri - KSPCB",05-09-2026 21:00:00,12.415911,75.73505,NH3,1.0,1.0,1.0,2026-09-05 16:37:06
India,Karnataka,Madikeri,"Stuart Hill, Madikeri - KSPCB",05-09-2026 21:00:00,12.415911,75.73505,SO2,6.0,8.0,7.0,2026-09-05 16:37:06
India,Karnataka,Mysuru,"Hebbal 1st Stage, Mysuru - KSPCB",05-09-2026 21:00:00,12.21041,76.37376,NO2,13.0,23.0,18.0,2026-09-05 16:37:06
India,Karnataka,Ramanagara,"Vijay Nagar, Ramanagara - KSPCB",05-09-2026 21:00:00,12.733409,77.298051,PM2.5,4.0,41.0,16.0,2026-09-05 16:37:06
India,Karnataka,Ramanagara,"Vijay Nagar, Ramanagara - KSPCB",05-09-2026 21:00:00,12.733409,77.298051,CO,26.0,57.0,35.0,2026-09-05 16:37:06
India,Karnataka,Vijayapura,"Ibrahimpur, Vijayapura - KSPCB",05-09-2026 21:00:00,16.802639,75.722694,CO,15.0,31.0,20.0,2026-09-05 16:37:06
India,Karnataka,Yadgir,"Collector Office, Yadgir - KSPCB",05-09-2026 21:00:00,16.7602,77.1428,NO2,0.0,2.0,2.0,2026-09-05 16:37:06
India,Kerala,Kannur,"Thavakkara, Kannur - Kerala PCB",05-09-2026 21:00:00,11.875,75.3732,NH3,1.0,1.0,1.0,2026-09-05 16:37:06
India,Kerala,Kannur,"Thavakkara, Kannur - Kerala PCB",05-09-2026 21:00:00,11.875,75.3732,CO,17.0,20.0,18.0,2026-09-05 16:37:06
India,Kerala,Thiruvananthapuram,"Plammoodu, Thiruvananthapuram - Kerala PCB",05-09-2026 21:00:00,8.5149093,76.9435879,PM10,23.0,42.0,31.0,2026-09-05 16:37:06
India,Kerala,Thiruvananthapuram,"Kariavattom, Thiruvananthapuram - Kerala PCB",05-09-2026 21:00:00,8.5637,76.8865,OZONE,30.0,31.0,31.0,2026-09-05 16:37:06
India,Haryana,Faridabad,"Sector 11, Faridabad - HSPCB",05-09-2026 21:00:00,28.376058,77.315741,OZONE,15.0,17.0,16.0,2026-09-05 16:37:06
India,Haryana,Faridabad,"Sector 30, Faridabad - HSPCB",05-09-2026 21:00:00,28.4417,77.3217,NO2,36.0,39.0,38.0,2026-09-05 16:37:06
India,Haryana,Fatehabad,"Huda Sector, Fatehabad - HSPCB",05-09-2026 21:00:00,29.503664,75.467934,PM10,,,,2026-09-05 16:37:06
India,Haryana,Fatehabad,"Huda Sector, Fatehabad - HSPCB",05-09-2026 21:00:00,29.503664,75.467934,SO2,11.0,59.0,43.0,2026-09-05 16:37:06
India,Haryana,Fatehabad,"Huda Sector, Fatehabad - HSPCB",05-09-2026 21:00:00,29.503664,75.467934,OZONE,41.0,97.0,66.0,2026-09-05 16:37:06
India,Haryana,Gurugram,"NISE Gwal Pahari, Gurugram - IITM",05-09-2026 21:00:00,28.422681,77.148944,NH3,,,,2026-09-05 16:37:06
India,Haryana,Gurugram,"NISE Gwal Pahari, Gurugram - IITM",05-09-2026 21:00:00,28.422681,77.148944,CO,35.0,39.0,38.0,2026-09-05 16:37:06
India,Haryana,Gurugram,"NISE Gwal Pahari, Gurugram - IITM",05-09-2026 21:00:00,28.422681,77.148944,OZONE,14.0,25.0,19.0,2026-09-05 16:37:06
India,Haryana,Hisar,"Urban Estate-II, Hisar - HSPCB",05-09-2026 21:00:00,29.14056,75.744941,NO2,,,,2026-09-05 16:37:06
India,Haryana,Hisar,"Urban Estate-II, Hisar - HSPCB",05-09-2026 21:00:00,29.14056,75.744941,SO2,12.0,131.0,123.0,2026-09-05 16:37:06
India,Haryana,Kaithal,"Rishi Nagar, Kaithal - HSPCB",05-09-2026 21:00:00,29.8006,76.4155,NH3,4.0,6.0,5.0,2026-09-05 16:37:06
India,Haryana,Kaithal,"Rishi Nagar, Kaithal - HSPCB",05-09-2026 21:00:00,29.8006,76.4155,SO2,30.0,32.0,31.0,2026-09-05 16:37:06
India,Haryana,Karnal,"Sector-12, Karnal - HSPCB",05-09-2026 21:00:00,29.6953,77.0027,PM2.5,26.0,40.0,31.0,2026-09-05 16:37:06
India,Haryana,Karnal,"Sector-12, Karnal - HSPCB",05-09-2026 21:00:00,29.6953,77.0027,NH3,6.0,12.0,8.0,2026-09-05 16:37:06
India,Gujarat,Surat,"Katargam, Surat - Nexteng Enviro",05-09-2026 21:00:00,21.217779,72.834787,SO2,9.0,11.0,10.0,2026-09-05 16:37:06
India,Gujarat,Vadodara,"Bapunagar, Vadodara - Nexteng Enviro",05-09-2026 21:00:00,22.320153,73.216285,CO,77.0,80.0,78.0,2026-09-05 16:37:06
India,Gujarat,Vapi,"Phase-1 GIDC, Vapi - GPCB",05-09-2026 21:00:00,20.362421,72.918013,PM10,18.0,108.0,37.0,2026-09-05 16:37:06
India,Gujarat,Vatva,"Phase-4 GIDC, Vatva - GPCB",05-09-2026 21:00:00,22.969611,72.6435,PM10,90.0,138.0,106.0,2026-09-05 16:37:06
India,Haryana,Bahadurgarh,"Arya Nagar, Bahadurgarh - HSPCB",05-09-2026 21:00:00,28.6701,76.9254,PM2.5,28.0,46.0,36.0,2026-09-05 16:37:06
India,Haryana,Bahadurgarh,"Arya Nagar, Bahadurgarh - HSPCB",05-09-2026 21:00:00,28.6701,76.9254,SO2,5.0,7.0,6.0,2026-09-05 16:37:06
India,Haryana,Ballabgarh,"Nathu Colony, Ballabgarh - HSPCB",05-09-2026 21:00:00,28.3419248,77.319699,NH3,4.0,5.0,4.0,2026-09-05 16:37:06
India,Haryana,Ballabgarh,"Nathu Colony, Ballabgarh - HSPCB",05-09-2026 21:00:00,28.3419248,77.319699,OZONE,5.0,48.0,21.0,2026-09-05 16:37:06
India,Haryana,Charkhi Dadri,"Mini Secretariat, Charkhi Dadri - HSPCB",05-09-2026 21:00:00,28.593883,76.270653,PM10,18.0,92.0,43.0,2026-09-05 16:37:06
India,Haryana,Charkhi Dadri,"Mini Secretariat, Charkhi Dadri - HSPCB",05-09-2026 21:00:00,28.593883,76.270653,CO,8.0,19.0,14.0,2026-09-05 16:37:06
India,Kerala,Thrissur,"Corporation Ground, Thrissur - Kerala PCB",05-09-2026 21:00:00,10.5324,76.2159,NO2,7.0,11.0,9.0,2026-09-05 16:37:06
India,Kerala,Thrissur,"Corporation Ground, Thrissur - Kerala PCB",05-09-2026 21:00:00,10.5324,76.2159,NH3,0.0,0.0,0.0,2026-09-05 16:37:06
India,Ladakh,Leh,"Skara Yokma, Leh - LPCC",05-09-2026 21:00:00,34.147096,77.55709,NH3,,,,2026-09-05 16:37:06
India,Madhya Pradesh,Bhopal,"Paryavaran Parisar, Bhopal - MPPCB",05-09-2026 21:00:00,23.210494,77.425409,PM2.5,23.0,42.0,33.0,2026-09-05 16:37:06
India,Madhya Pradesh,Bhopal,"Paryavaran Parisar, Bhopal - MPPCB",05-09-2026 21:00:00,23.210494,77.425409,PM10,17.0,49.0,36.0,2026-09-05 16:37:06
India,Madhya Pradesh,Bhopal,"Paryavaran Parisar, Bhopal - MPPCB",05-09-2026 21:00:00,23.210494,77.425409,NO2,6.0,8.0,7.0,2026-09-05 16:37:06
India,Madhya Pradesh,Bhopal,"Idgah Hills, Bhopal - MPPCB",05-09-2026 21:00:00,23.264759,77.381568,PM2.5,,,,2026-09-05 16:37:06
India,Madhya Pradesh,Bhopal,"Idgah Hills, Bhopal - MPPCB",05-09-2026 21:00:00,23.264759,77.381568,NH3,,,,2026-09-05 16:37:06
India,Madhya Pradesh,Bhopal,"T T Nagar, Bhopal - MPPCB",05-09-2026 21:00:00,23.233584,77.400574,PM10,21.0,44.0,35.0,2026-09-05 16:37:06
India,Madhya Pradesh,Bhopal,"T T Nagar, Bhopal - MPPCB",05-09-2026 21:00:00,23.233584,77.400574,NO2,8.0,16.0,11.0,2026-09-05 16:37:06
India,Madhya Pradesh,Bhopal,"T T Nagar, Bhopal - MPPCB",05-09-2026 21:00:00,23.233584,77.400574,OZONE,18.0,21.0,20.0,2026-09-05 16:37:06
India,Madhya Pradesh,Damoh,"Shrivastav Colony, Damoh - MPPCB",05-09-2026 21:00:00,23.81748678,79.446246,NH3,,,,2026-09-05 16:37:06
India,Madhya Pradesh,Damoh,"Shrivastav Colony, Damoh - MPPCB",05-09-2026 21:00:00,23.81748678,79.446246,SO2,41.0,57.0,50.0,2026-09-05 16:37:06
India,Madhya Pradesh,Damoh,"Shrivastav Colony, Damoh - MPPCB",05-09-2026 21:00:00,23.81748678,79.446246,CO,17.0,20.0,19.0,2026-09-05 16:37:06
India,Madhya Pradesh,Dewas,"Bhopal Chauraha, Dewas - MPPCB",05-09-2026 21:00:00,22.9682591,76.064118,PM2.5,9.0,58.0,28.0,2026-09-05 16:37:06
India,Madhya Pradesh,Dewas,"Bhopal Chauraha, Dewas - MPPCB",05-09-2026 21:00:00,22.9682591,76.064118,NO2,48.0,83.0,57.0,2026-09-05 16:37:06
India,Madhya Pradesh,Dewas,"Bhopal Chauraha, Dewas - MPPCB",05-09-2026 21:00:00,22.9682591,76.064118,NH3,2.0,3.0,2.0,2026-09-05 16:37:06
India,Madhya Pradesh,Dewas,"Bhopal Chauraha, Dewas - MPPCB",05-09-2026 21:00:00,22.9682591,76.064118,OZONE,31.0,42.0,38.0,2026-09-05 16:37:06
India,Madhya Pradesh,Gwalior,"Maharaj Bada, Gwalior - MPPCB",05-09-2026 21:00:00,26.200388,78.147714,OZONE,15.0,37.0,30.0,2026-09-05 16:37:06
India,Madhya Pradesh,Gwalior,"City Center, Gwalior - MPPCB",05-09-2026 21:00:00,26.203442,78.193251,PM10,25.0,41.0,30.0,2026-09-05 16:37:06
India,Madhya Pradesh,Gwalior,"Deen Dayal Nagar, Gwalior - MPPCB",05-09-2026 21:00:00,26.259242,78.216432,NO2,56.0,85.0,71.0,2026-09-05 16:37:06
India,Madhya Pradesh,Gwalior,"Deen Dayal Nagar, Gwalior - MPPCB",05-09-2026 21:00:00,26.259242,78.216432,CO,50.0,59.0,54.0,2026-09-05 16:37:06
India,Madhya Pradesh,Indore,"Regional Park, Indore - IMC",05-09-2026 21:00:00,22.678,75.8559,OZONE,4.0,7.0,6.0,2026-09-05 16:37:06
India,Madhya Pradesh,Indore,"Chhoti Gwaltoli, Indore - MPPCB",05-09-2026 21:00:00,22.431,75.5213,PM2.5,26.0,70.0,53.0,2026-09-05 16:37:06
India,Madhya Pradesh,Indore,"Chhoti Gwaltoli, Indore - MPPCB",05-09-2026 21:00:00,22.431,75.5213,NH3,7.0,9.0,7.0,2026-09-05 16:37:06
India,Madhya Pradesh,Indore,"Chhoti Gwaltoli, Indore - MPPCB",05-09-2026 21:00:00,22.431,75.5213,SO2,14.0,19.0,17.0,2026-09-05 16:37:06
India,Madhya Pradesh,Indore,"Airport Area, Indore - IMC",05-09-2026 21:00:00,22.7289,75.8076,PM10,28.0,72.0,44.0,2026-09-05 16:37:06
India,Madhya Pradesh,Indore,"Airport Area, Indore - IMC",05-09-2026 21:00:00,22.7289,75.8076,NO2,20.0,21.0,20.0,2026-09-05 16:37:06
India,Madhya Pradesh,Indore,"Airport Area, Indore - IMC",05-09-2026 21:00:00,22.7289,75.8076,CO,35.0,40.0,36.0,2026-09-05 16:37:06
India,Madhya Pradesh,Indore,"Maguda Nagar, Indore - IMC",05-09-2026 21:00:00,22.7524,75.8872,SO2,16.0,29.0,20.0,2026-09-05 16:37:06
India,Madhya Pradesh,Indore,"Maguda Nagar, Indore - IMC",05-09-2026 21:00:00,22.7524,75.8872,CO,30.0,35.0,31.0,2026-09-05 16:37:06
India,Madhya Pradesh,Indore,"Maguda Nagar, Indore - IMC",05-09-2026 21:00:00,22.7524,75.8872,OZONE,9.0,12.0,11.0,2026-09-05 16:37:06
India,Madhya Pradesh,Indore,"Residency Area, Indore - IMC",05-09-2026 21:00:00,22.7084,75.8815,PM2.5,23.0,62.0,42.0,2026-09-05 16:37:06
India,Madhya Pradesh,Indore,"Residency Area, Indore - IMC",05-09-2026 21:00:00,22.7084,75.8815,NH3,0.0,0.0,0.0,2026-09-05 16:37:06
India,Madhya Pradesh,Indore,"Residency Area, Indore - IMC",05-09-2026 21:00:00,22.7084,75.8815,OZONE,6.0,8.0,6.0,2026-09-05 16:37:06
India,Madhya Pradesh,Jabalpur,"Suhagi, Jabalpur - JMC",05-09-2026 21:00:00,23.218135,79.95777,PM2.5,19.0,30.0,26.0,2026-09-05 16:37:06
India,Madhya Pradesh,Jabalpur,"Suhagi, Jabalpur - JMC",05-09-2026 21:00:00,23.218135,79.95777,PM10,14.0,42.0,31.0,2026-09-05 16:37:06
India,Madhya Pradesh,Katni,"Gole Bazar, Katni - MPPCB",05-09-2026 21:00:00,23.50016,80.23284,PM2.5,,,,2026-09-05 16:37:06
India,Madhya Pradesh,Maihar,"Sahilara, Maihar - KJS Cements",05-09-2026 21:00:00,24.2613009,80.7231783,PM2.5,40.0,41.0,41.0,2026-09-05 16:37:06
India,Madhya Pradesh,Maihar,"Sahilara, Maihar - KJS Cements",05-09-2026 21:00:00,24.2613009,80.7231783,NH3,,,,2026-09-05 16:37:06
India,Madhya Pradesh,Mandideep,"Sector-D Industrial Area, Mandideep - MPPCB",05-09-2026 21:00:00,23.10844,77.511428,NO2,29.0,42.0,35.0,2026-09-05 16:37:06
India,Madhya Pradesh,Mandideep,"Sector-D Industrial Area, Mandideep - MPPCB",05-09-2026 21:00:00,23.10844,77.511428,SO2,2.0,7.0,4.0,2026-09-05 16:37:06
India,Madhya Pradesh,Mandideep,"Sector-D Industrial Area, Mandideep - MPPCB",05-09-2026 21:00:00,23.10844,77.511428,CO,14.0,24.0,19.0,2026-09-05 16:37:06
India,Madhya Pradesh,Pithampur,"Sector-2 Industrial Area, Pithampur - MPPCB",05-09-2026 21:00:00,22.624758,75.675238,NH3,7.0,8.0,7.0,2026-09-05 16:37:06
India,Madhya Pradesh,Pithampur,"Sector-2 Industrial Area, Pithampur - MPPCB",05-09-2026 21:00:00,22.624758,75.675238,OZONE,23.0,51.0,38.0,2026-09-05 16:37:06
India,Madhya Pradesh,Ratlam,"Shasthri Nagar, Ratlam - IPCA Lab",05-09-2026 21:00:00,23.331731,75.045981,NO2,39.0,54.0,44.0,2026-09-05 16:37:06
India,Madhya Pradesh,Sagar,"Civil Lines, Sagar - MPPCB",05-09-2026 21:00:00,23.838586,78.759431,PM10,,,,2026-09-05 16:37:06
India,Maharashtra,Aurangabad,"More Chowk Waluj, Aurangabad - MPCB",05-09-2026 21:00:00,19.8389439,75.244448,CO,21.0,65.0,36.0,2026-09-05 16:37:06
India,Maharashtra,Aurangabad,"More Chowk Waluj, Aurangabad - MPCB",05-09-2026 21:00:00,19.8389439,75.244448,OZONE,20.0,32.0,27.0,2026-09-05 16:37:06
India,Maharashtra,Badlapur,"Katrap, Badlapur - MPCB",05-09-2026 21:00:00,19.16485,73.23409,PM2.5,19.0,24.0,20.0,2026-09-05 16:37:06
India,Maharashtra,Badlapur,"Katrap, Badlapur - MPCB",05-09-2026 21:00:00,19.16485,73.23409,NO2,19.0,21.0,20.0,2026-09-05 16:37:06
India,Maharashtra,Beed,"Bir, Beed - MPCB",05-09-2026 21:00:00,18.988474,75.753873,NH3,3.0,4.0,3.0,2026-09-05 16:37:06
India,Maharashtra,Beed,"Bir, Beed - MPCB",05-09-2026 21:00:00,18.988474,75.753873,CO,14.0,38.0,22.0,2026-09-05 16:37:06
India,Maharashtra,Belapur,"CBD Belapur, Belapur - MPCB",05-09-2026 21:00:00,19.0243902,73.0406721,SO2,5.0,8.0,7.0,2026-09-05 16:37:06
India,Maharashtra,Bhiwandi,"Gokul Nagar, Bhiwandi - MPCB",05-09-2026 21:00:00,19.309073,73.057223,SO2,3.0,4.0,3.0,2026-09-05 16:37:06
India,Maharashtra,Bhiwandi,"Gokul Nagar, Bhiwandi - MPCB",05-09-2026 21:00:00,19.309073,73.057223,OZONE,30.0,37.0,32.0,2026-09-05 16:37:06
India,Maharashtra,Chandrapur,"MIDC Khutala, Chandrapur - MPCB",05-09-2026 21:00:00,19.9775302,79.2337086,NO2,16.0,28.0,22.0,2026-09-05 16:37:06
India,Maharashtra,Chandrapur,"Chauhan Colony, Chandrapur - MPCB",05-09-2026 21:00:00,19.9629,79.298714,PM10,47.0,132.0,72.0,2026-09-05 16:37:06
India,Maharashtra,Chandrapur,"Chauhan Colony, Chandrapur - MPCB",05-09-2026 21:00:00,19.9629,79.298714,NO2,14.0,30.0,17.0,2026-09-05 16:37:06
India,Maharashtra,Chandrapur,"Chauhan Colony, Chandrapur - MPCB",05-09-2026 21:00:00,19.9629,79.298714,OZONE,0.0,53.0,13.0,2026-09-05 16:37:06
India,Maharashtra,Dhule,"Deopur, Dhule - MPCB",05-09-2026 21:00:00,20.918946,74.776388,OZONE,10.0,11.0,11.0,2026-09-05 16:37:06
India,Maharashtra,Hingoli,"Ashta Vinayak Nagar, Hingoli - MPCB",05-09-2026 21:00:00,19.710842,77.151824,NH3,1.0,4.0,2.0,2026-09-05 16:37:06
India,Maharashtra,Hingoli,"Ashta Vinayak Nagar, Hingoli - MPCB",05-09-2026 21:00:00,19.710842,77.151824,SO2,3.0,12.0,5.0,2026-09-05 16:37:06
India,Maharashtra,Hingoli,"Ashta Vinayak Nagar, Hingoli - MPCB",05-09-2026 21:00:00,19.710842,77.151824,OZONE,13.0,38.0,30.0,2026-09-05 16:37:06
India,Maharashtra,Jalgaon,"Prabhat Colony, Jalgaon - MPCB",05-09-2026 21:00:00,21.001264,75.565602,PM10,21.0,68.0,37.0,2026-09-05 16:37:06
India,Maharashtra,Jalgaon,"Prabhat Colony, Jalgaon - MPCB",05-09-2026 21:00:00,21.001264,75.565602,SO2,2.0,4.0,3.0,2026-09-05 16:37:06
India,Maharashtra,Jalgaon,"Prabhat Colony, Jalgaon - MPCB",05-09-2026 21:00:00,21.001264,75.565602,OZONE,21.0,31.0,26.0,2026-09-05 16:37:06
India,Maharashtra,Jalna,"Old MIDC, Jalna - MPCB",05-09-2026 21:00:00,19.854616,75.905894,PM2.5,,,,2026-09-05 16:37:06
India,Maharashtra,Jalna,"Old MIDC, Jalna - MPCB",05-09-2026 21:00:00,19.854616,75.905894,PM10,2.0,156.0,59.0,2026-09-05 16:37:06
India,Maharashtra,Jalna,"Old MIDC, Jalna - MPCB",05-09-2026 21:00:00,19.854616,75.905894,NO2,14.0,25.0,19.0,2026-09-05 16:37:06
India,Maharashtra,Kalyan,"Pimpleshwar Mandir, Kalyan - MPCB",05-09-2026 21:00:00,19.192056,72.9585188,CO,37.0,55.0,44.0,2026-09-05 16:37:06
India,Maharashtra,Kolhapur,"Sinchan Bhavan, Kolhapur - MPCB",05-09-2026 21:00:00,16.7143745,74.2426398,PM10,16.0,34.0,22.0,2026-09-05 16:37:06
India,Maharashtra,Kolhapur,"Sinchan Bhavan, Kolhapur - MPCB",05-09-2026 21:00:00,16.7143745,74.2426398,NH3,1.0,2.0,1.0,2026-09-05 16:37:06
India,Maharashtra,Kolhapur,"Shivaji University, Kolhapur - MPCB",05-09-2026 21:00:00,16.6870449,74.2505872,CO,13.0,20.0,17.0,2026-09-05 16:37:06
India,Maharashtra,Kolhapur,"Shivaji University, Kolhapur - MPCB",05-09-2026 21:00:00,16.6870449,74.2505872,OZONE,14.0,18.0,16.0,2026-09-05 16:37:06
India,Maharashtra,Mahad,"Kamble Tarf Birwadi, Mahad - MPCB",05-09-2026 21:00:00,18.1023399,73.4783687,PM10,25.0,60.0,36.0,2026-09-05 16:37:06
India,Maharashtra,Mahad,"Kamble Tarf Birwadi, Mahad - MPCB",05-09-2026 21:00:00,18.1023399,73.4783687,NH3,5.0,5.0,5.0,2026-09-05 16:37:06
India,Maharashtra,Malegaon,"Mahesh Nagar, Malegaon - MPCB",05-09-2026 21:00:00,20.555712,74.529236,NH3,1.0,1.0,1.0,2026-09-05 16:37:06
India,Maharashtra,Malegaon,"Mahesh Nagar, Malegaon - MPCB",05-09-2026 21:00:00,20.555712,74.529236,CO,10.0,25.0,17.0,2026-09-05 16:37:06
India,Maharashtra,Mira-Bhayandar,"Bhayandar West, Mira-Bhayandar - MPCB",05-09-2026 21:00:00,19.296481,72.840923,PM2.5,14.0,41.0,27.0,2026-09-05 16:37:06
India,Maharashtra,Mira-Bhayandar,"Bhayandar West, Mira-Bhayandar - MPCB",05-09-2026 21:00:00,19.296481,72.840923,NH3,1.0,25.0,6.0,2026-09-05 16:37:06
India,Maharashtra,Mira-Bhayandar,"Bhayandar West, Mira-Bhayandar - MPCB",05-09-2026 21:00:00,19.296481,72.840923,CO,10.0,11.0,10.0,2026-09-05 16:37:06
India,Maharashtra,Mira-Bhayandar,"Bhayandar West, Mira-Bhayandar - MPCB",05-09-2026 21:00:00,19.296481,72.840923,OZONE,9.0,12.0,10.0,2026-09-05 16:37:06
India,Maharashtra,Mumbai,"Sion, Mumbai - MPCB",05-09-2026 21:00:00,19.047,72.8746,NH3,0.0,1.0,1.0,2026-09-05 16:37:06
India,Maharashtra,Mumbai,"Sion, Mumbai - MPCB",05-09-2026 21:00:00,19.047,72.8746,CO,17.0,20.0,19.0,2026-09-05 16:37:06
India,Maharashtra,Mumbai,"Sion, Mumbai - MPCB",05-09-2026 21:00:00,19.047,72.8746,OZONE,,,,2026-09-05 16:37:06
India,Maharashtra,Mumbai,"Siddharth Nagar-Worli, Mumbai - IITM",05-09-2026 21:00:00,19.000083,72.813993,PM2.5,10.0,14.0,12.0,2026-09-05 16:37:06
India,Maharashtra,Mumbai,"Siddharth Nagar-Worli, Mumbai - IITM",05-09-2026 21:00:00,19.000083,72.813993,NH3,1.0,1.0,1.0,2026-09-05 16:37:06
India,Maharashtra,Nagpur,"Ram Nagar, Nagpur - MPCB",05-09-2026 21:00:00,21.143383,79.048912,SO2,6.0,9.0,8.0,2026-09-05 16:37:06
India,Maharashtra,Nagpur,"Ram Nagar, Nagpur - MPCB",05-09-2026 21:00:00,21.143383,79.048912,OZONE,10.0,20.0,16.0,2026-09-05 16:37:06
India,Maharashtra,Nagpur,"Opp GPO Civil Lines, Nagpur - MPCB",05-09-2026 21:00:00,21.152875,79.0517531,NH3,3.0,4.0,3.0,2026-09-05 16:37:06
India,Maharashtra,Nagpur,"Opp GPO Civil Lines, Nagpur - MPCB",05-09-2026 21:00:00,21.152875,79.0517531,CO,4.0,39.0,23.0,2026-09-05 16:37:06
India,Maharashtra,Nanded,"Sneh Nagar, Nanded - MPCB",05-09-2026 21:00:00,19.173852,77.296291,PM10,22.0,60.0,39.0,2026-09-05 16:37:06
India,Maharashtra,Nanded,"Sneh Nagar, Nanded - MPCB",05-09-2026 21:00:00,19.173852,77.296291,OZONE,30.0,43.0,37.0,2026-09-05 16:37:06
India,Maharashtra,Nashik,"Pandav Nagari, Nashik - MPCB",05-09-2026 21:00:00,19.9591346,73.7788008,PM2.5,8.0,32.0,20.0,2026-09-05 16:37:06
India,Maharashtra,Nashik,"Pandav Nagari, Nashik - MPCB",05-09-2026 21:00:00,19.9591346,73.7788008,PM10,12.0,44.0,23.0,2026-09-05 16:37:06
India,Maharashtra,Nashik,"MIDC Ambad, Nashik - MPCB",05-09-2026 21:00:00,19.95022,73.73148,NO2,0.0,7.0,4.0,2026-09-05 16:37:06
India,Maharashtra,Nashik,"MIDC Ambad, Nashik - MPCB",05-09-2026 21:00:00,19.95022,73.73148,NH3,3.0,4.0,4.0,2026-09-05 16:37:06
India,Maharashtra,Nashik,"MIDC Ambad, Nashik - MPCB",05-09-2026 21:00:00,19.95022,73.73148,OZONE,8.0,14.0,12.0,2026-09-05 16:37:06
India,Maharashtra,Navi Mumbai,"Kopripada-Vashi, Navi Mumbai - MPCB",05-09-2026 21:00:00,19.090337,73.014232,PM2.5,9.0,64.0,32.0,2026-09-05 16:37:06
India,Maharashtra,Navi Mumbai,"Tondare-Taloja, Navi Mumbai - MPCB",05-09-2026 21:00:00,19.063,73.1209,PM2.5,1.0,44.0,22.0,2026-09-05 16:37:06
India,Maharashtra,Navi Mumbai,"Tondare-Taloja, Navi Mumbai - MPCB",05-09-2026 21:00:00,19.063,73.1209,NO2,10.0,20.0,14.0,2026-09-05 16:37:06
India,Maharashtra,Navi Mumbai,"Tondare-Taloja, Navi Mumbai - MPCB",05-09-2026 21:00:00,19.063,73.1209,CO,20.0,52.0,36.0,2026-09-05 16:37:06
India,Maharashtra,Navi Mumbai,"Tondare-Taloja, Navi Mumbai - MPCB",05-09-2026 21:00:00,19.063,73.1209,OZONE,19.0,22.0,20.0,2026-09-05 16:37:06
India,Maharashtra,Navi Mumbai,"Sanpada, Navi Mumbai - MPCB",05-09-2026 21:00:00,19.0575752,73.0151367,SO2,8.0,10.0,8.0,2026-09-05 16:37:06
India,Maharashtra,Navi Mumbai,"Sanpada, Navi Mumbai - MPCB",05-09-2026 21:00:00,19.0575752,73.0151367,CO,6.0,33.0,15.0,2026-09-05 16:37:06
India,Maharashtra,Navi Mumbai,"Sector-2E Kalamboli, Navi Mumbai - MPCB",05-09-2026 21:00:00,19.02579,73.10297,PM2.5,17.0,31.0,24.0,2026-09-05 16:37:06
India,Maharashtra,Navi Mumbai,"Mahape, Navi Mumbai - MPCB",05-09-2026 21:00:00,19.1135051,73.008978,OZONE,8.0,11.0,9.0,2026-09-05 16:37:06
India,Maharashtra,Mumbai,"Malad West, Mumbai - IITM",05-09-2026 21:00:00,19.19709,72.82204,SO2,0.0,15.0,7.0,2026-09-05 16:37:06
India,Maharashtra,Mumbai,"Malad West, Mumbai - IITM",05-09-2026 21:00:00,19.19709,72.82204,OZONE,5.0,14.0,10.0,2026-09-05 16:37:06
India,Maharashtra,Mumbai,"Mazgaon, Mumbai - IITM",05-09-2026 21:00:00,18.96702,72.84214,NO2,12.0,41.0,23.0,2026-09-05 16:37:06
India,Maharashtra,Mumbai,"Mazgaon, Mumbai - IITM",05-09-2026 21:00:00,18.96702,72.84214,OZONE,13.0,22.0,17.0,2026-09-05 16:37:06
India,Maharashtra,Mumbai,"Bandra Kurla Complex, Mumbai - IITM",05-09-2026 21:00:00,19.053536,72.84643,PM10,39.0,83.0,57.0,2026-09-05 16:37:06
India,Maharashtra,Mumbai,"Bandra Kurla Complex, Mumbai - IITM",05-09-2026 21:00:00,19.053536,72.84643,NO2,7.0,23.0,12.0,2026-09-05 16:37:06
India,Maharashtra,Mumbai,"Bandra Kurla Complex, Mumbai - IITM",05-09-2026 21:00:00,19.053536,72.84643,CO,23.0,42.0,32.0,2026-09-05 16:37:06
India,Maharashtra,Mumbai,"Kurla, Mumbai - MPCB",05-09-2026 21:00:00,19.0863,72.8888,CO,25.0,25.0,25.0,2026-09-05 16:37:06
India,Maharashtra,Mumbai,"Kurla, Mumbai - MPCB",05-09-2026 21:00:00,19.0863,72.8888,OZONE,28.0,28.0,28.0,2026-09-05 16:37:06
India,Maharashtra,Mumbai,"Ghatkopar, Mumbai - BMC",05-09-2026 21:00:00,19.083694,72.920967,NH3,4.0,30.0,10.0,2026-09-05 16:37:06
India,Maharashtra,Mumbai,"Ghatkopar, Mumbai - BMC",05-09-2026 21:00:00,19.083694,72.920967,CO,19.0,34.0,24.0,2026-09-05 16:37:06
India,Maharashtra,Mumbai,"Deonar, Mumbai - IITM",05-09-2026 21:00:00,19.04946,72.923,PM2.5,7.0,42.0,18.0,2026-09-05 16:37:06
India,Maharashtra,Mumbai,"Deonar, Mumbai - IITM",05-09-2026 21:00:00,19.04946,72.923,NH3,6.0,8.0,7.0,2026-09-05 16:37:06
India,Maharashtra,Mumbai,"Chhatrapati Shivaji Intl. Airport (T2), Mumbai - MPCB",05-09-2026 21:00:00,19.10078,72.87462,PM10,10.0,40.0,27.0,2026-09-05 16:37:06
India,Maharashtra,Mumbai,"Chhatrapati Shivaji Intl. Airport (T2), Mumbai - MPCB",05-09-2026 21:00:00,19.10078,72.87462,NH3,1.0,1.0,1.0,2026-09-05 16:37:06
India,Maharashtra,Mumbai,"Powai, Mumbai - MPCB",05-09-2026 21:00:00,19.1375,72.915056,PM2.5,12.0,35.0,25.0,2026-09-05 16:37:06
India,Maharashtra,Mumbai,"Powai, Mumbai - MPCB",05-09-2026 21:00:00,19.1375,72.915056,NH3,,,,2026-09-05 16:37:06
India,Madhya Pradesh,Sagar,"Civil Lines, Sagar - MPPCB",05-09-2026 21:00:00,23.838586,78.759431,NO2,,,,2026-09-05 16:37:06
India,Madhya Pradesh,Sagar,"Civil Lines, Sagar - MPPCB",05-09-2026 21:00:00,23.838586,78.759431,CO,9.0,23.0,18.0,2026-09-05 16:37:06
India,Madhya Pradesh,Ujjain,"Mahashweta Nagar, Ujjain - MPPCB",05-09-2026 21:00:00,23.1633321,75.800225,PM10,21.0,84.0,46.0,2026-09-05 16:37:06
India,Madhya Pradesh,Ujjain,"Mahashweta Nagar, Ujjain - MPPCB",05-09-2026 21:00:00,23.1633321,75.800225,NH3,3.0,14.0,9.0,2026-09-05 16:37:06
India,Madhya Pradesh,Ujjain,"Mahashweta Nagar, Ujjain - MPPCB",05-09-2026 21:00:00,23.1633321,75.800225,OZONE,44.0,63.0,56.0,2026-09-05 16:37:06
India,Maharashtra,Ahmednagar,"Tarakpur, Ahmednagar - MPCB",05-09-2026 21:00:00,19.10122,74.73339,SO2,3.0,18.0,7.0,2026-09-05 16:37:06
India,Maharashtra,Ahmednagar,"Tarakpur, Ahmednagar - MPCB",05-09-2026 21:00:00,19.10122,74.73339,CO,12.0,14.0,13.0,2026-09-05 16:37:06
India,Maharashtra,Akola,"Ramdaspeth, Akola - MPCB",05-09-2026 21:00:00,20.719516,77.000253,PM2.5,16.0,46.0,24.0,2026-09-05 16:37:06
India,Maharashtra,Amravati,"Shivneri Colony, Amravati - MPCB",05-09-2026 21:00:00,20.9402359,77.7895248,NO2,3.0,9.0,5.0,2026-09-05 16:37:06
India,Maharashtra,Amravati,"Shivneri Colony, Amravati - MPCB",05-09-2026 21:00:00,20.9402359,77.7895248,OZONE,8.0,17.0,12.0,2026-09-05 16:37:06
India,Maharashtra,Aurangabad,"Rachnakar Colony, Aurangabad - MPCB",05-09-2026 21:00:00,19.863756,75.321188,NH3,1.0,2.0,1.0,2026-09-05 16:37:06
India,Maharashtra,Aurangabad,"Rachnakar Colony, Aurangabad - MPCB",05-09-2026 21:00:00,19.863756,75.321188,OZONE,9.0,10.0,10.0,2026-09-05 16:37:06
India,Maharashtra,Aurangabad,"More Chowk Waluj, Aurangabad - MPCB",05-09-2026 21:00:00,19.8389439,75.244448,PM10,23.0,53.0,36.0,2026-09-05 16:37:06
India,Maharashtra,Parbhani,"Masoom Colony, Parbhani - MPCB",05-09-2026 21:00:00,19.265594,76.761463,PM2.5,5.0,15.0,9.0,2026-09-05 16:37:06
India,Maharashtra,Pimpri-Chinchwad,"Bhosari, Pune - IITM",05-09-2026 21:00:00,18.640051,73.848956,OZONE,10.0,25.0,18.0,2026-09-05 16:37:06
India,Maharashtra,Pimpri-Chinchwad,"Bhumkar Nagar, Pune - IITM",05-09-2026 21:00:00,18.60577,73.749976,PM2.5,9.0,57.0,23.0,2026-09-05 16:37:06
India,Maharashtra,Pimpri-Chinchwad,"Thergaon, Pimpri Chinchwad - MPCB",05-09-2026 21:00:00,18.616318,73.765797,CO,17.0,39.0,26.0,2026-09-05 16:37:06
India,Maharashtra,Pimpri-Chinchwad,"Transport Nagar-Nigdi, Pune - IITM",05-09-2026 21:00:00,18.664282,73.763966,NO2,31.0,54.0,42.0,2026-09-05 16:37:06
India,Maharashtra,Pimpri-Chinchwad,"Park Street Wakad, Pimpri Chinchwad - MPCB",05-09-2026 21:00:00,18.59051,73.77946,NO2,10.0,20.0,16.0,2026-09-05 16:37:06
India,Maharashtra,Pimpri-Chinchwad,"Park Street Wakad, Pimpri Chinchwad - MPCB",05-09-2026 21:00:00,18.59051,73.77946,SO2,2.0,3.0,3.0,2026-09-05 16:37:06
India,Maharashtra,Pimpri-Chinchwad,"Savta Mali Nagar, Pimpri-Chinchwad - IITM",05-09-2026 21:00:00,18.614767,73.799516,NO2,20.0,43.0,26.0,2026-09-05 16:37:06
India,Maharashtra,Pune,"Katraj Dairy, Pune - MPCB",05-09-2026 21:00:00,18.45445,73.854155,PM10,28.0,59.0,46.0,2026-09-05 16:37:06
India,Maharashtra,Pune,"Hadapsar, Pune - IITM",05-09-2026 21:00:00,18.501793,73.927532,PM2.5,11.0,51.0,33.0,2026-09-05 16:37:06
India,Maharashtra,Mumbai,"Siddharth Nagar-Worli, Mumbai - IITM",05-09-2026 21:00:00,19.000083,72.813993,OZONE,25.0,29.0,27.0,2026-09-05 16:37:06
India,Maharashtra,Mumbai,"Byculla, Mumbai - BMC",05-09-2026 21:00:00,18.9767,72.838,NO2,8.0,24.0,12.0,2026-09-05 16:37:06
India,Maharashtra,Mumbai,"Byculla, Mumbai - BMC",05-09-2026 21:00:00,18.9767,72.838,SO2,0.0,3.0,2.0,2026-09-05 16:37:06
India,Maharashtra,Mumbai,"Byculla, Mumbai - BMC",05-09-2026 21:00:00,18.9767,72.838,CO,37.0,49.0,41.0,2026-09-05 16:37:06
India,Maharashtra,Mumbai,"Mindspace-Malad West, Mumbai - MPCB",05-09-2026 21:00:00,19.1878657,72.8304069,NO2,18.0,18.0,18.0,2026-09-05 16:37:06
India,Maharashtra,Mumbai,"Mindspace-Malad West, Mumbai - MPCB",05-09-2026 21:00:00,19.1878657,72.8304069,SO2,4.0,4.0,4.0,2026-09-05 16:37:06
India,Maharashtra,Mumbai,"Worli, Mumbai - MPCB",05-09-2026 21:00:00,18.9936162,72.8128113,OZONE,4.0,8.0,6.0,2026-09-05 16:37:06
India,Maharashtra,Mumbai,"Navy Nagar-Colaba, Mumbai - IITM",05-09-2026 21:00:00,18.897756,72.81332,PM2.5,14.0,43.0,26.0,2026-09-05 16:37:06
India,Maharashtra,Mumbai,"Mulund West, Mumbai - MPCB",05-09-2026 21:00:00,19.175,72.9419,NH3,4.0,5.0,4.0,2026-09-05 16:37:06
India,Maharashtra,Mumbai,"Sewri, Mumbai - BMC",05-09-2026 21:00:00,19.000084,72.85673,SO2,1.0,8.0,4.0,2026-09-05 16:37:06
India,Maharashtra,Mumbai,"Sewri, Mumbai - BMC",05-09-2026 21:00:00,19.000084,72.85673,CO,19.0,29.0,23.0,2026-09-05 16:37:06
India,Maharashtra,Mumbai,"Khindipada-Bhandup West, Mumbai - IITM",05-09-2026 21:00:00,19.1653323,72.922099,NO2,5.0,13.0,10.0,2026-09-05 16:37:06
India,Meghalaya,Shillong,"Lumpyngngad, Shillong - Meghalaya PCB",05-09-2026 21:00:00,25.5586,91.8985,CO,10.0,14.0,12.0,2026-09-05 16:37:06
India,Mizoram,Aizawl,"Sikulpuikawn, Aizawl - Mizoram PCB",05-09-2026 21:00:00,23.7176342,92.7192841,PM2.5,,,,2026-09-05 16:37:06
India,Mizoram,Aizawl,"Sikulpuikawn, Aizawl - Mizoram PCB",05-09-2026 21:00:00,23.7176342,92.7192841,PM10,,,,2026-09-05 16:37:06
India,Mizoram,Aizawl,"Sikulpuikawn, Aizawl - Mizoram PCB",05-09-2026 21:00:00,23.7176342,92.7192841,NH3,,,,2026-09-05 16:37:06
India,Mizoram,Aizawl,"Sikulpuikawn, Aizawl - Mizoram PCB",05-09-2026 21:00:00,23.7176342,92.7192841,OZONE,0.0,1.0,0.0,2026-09-05 16:37:06
India,Nagaland,Kohima,"PWD Junction, Kohima - NPCB",05-09-2026 21:00:00,25.6635413,94.0989878,CO,4.0,8.0,5.0,2026-09-05 16:37:06
India,Odisha,Balasore,"Kalidaspur, Balasore - OSPCB",05-09-2026 21:00:00,21.51161,86.89088,PM10,40.0,94.0,72.0,2026-09-05 16:37:06
India,Odisha,Barbil,"Forest Office, Barbil - OSPCB",05-09-2026 21:00:00,22.1166054,85.3945546,PM10,38.0,113.0,63.0,2026-09-05 16:37:06
India,Odisha,Barbil,"Forest Office, Barbil - OSPCB",05-09-2026 21:00:00,22.1166054,85.3945546,SO2,8.0,36.0,15.0,2026-09-05 16:37:06
India,Odisha,Baripada,"Meher Colony, Baripada - OSPCB",05-09-2026 21:00:00,21.941841,86.728318,PM10,,,,2026-09-05 16:37:06
India,Odisha,Baripada,"Meher Colony, Baripada - OSPCB",05-09-2026 21:00:00,21.941841,86.728318,CO,9.0,26.0,18.0,2026-09-05 16:37:06
India,Odisha,Bhubaneswar,"Patia, Bhubaneswar - OSPCB",05-09-2026 21:00:00,20.34652,85.8163,NH3,3.0,12.0,7.0,2026-09-05 16:37:06
India,Odisha,Bhubaneswar,"Lingraj Mandir, Bhubaneswar - OSPCB",05-09-2026 21:00:00,20.24079,85.836784,PM10,37.0,130.0,71.0,2026-09-05 16:37:06
India,Odisha,Bhubaneswar,"Lingraj Mandir, Bhubaneswar - OSPCB",05-09-2026 21:00:00,20.24079,85.836784,OZONE,25.0,32.0,28.0,2026-09-05 16:37:06
India,Odisha,Bileipada,"Tata Township, Bileipada - OSPCB",05-09-2026 21:00:00,22.06156703,85.47409613,SO2,6.0,7.0,7.0,2026-09-05 16:37:06
India,Odisha,Bileipada,"Tata Township, Bileipada - OSPCB",05-09-2026 21:00:00,22.06156703,85.47409613,CO,24.0,26.0,25.0,2026-09-05 16:37:06
India,Odisha,Brajrajnagar,"GM Office, Brajrajnagar - OSPCB",05-09-2026 21:00:00,21.8004996,83.8396977,NO2,19.0,42.0,29.0,2026-09-05 16:37:06
India,Odisha,Byasanagar,"Ferro Chrome Colony, Byasanagar - OSPCB",05-09-2026 21:00:00,20.94185,86.1151,PM2.5,33.0,93.0,62.0,2026-09-05 16:37:06
India,Odisha,Byasanagar,"Ferro Chrome Colony, Byasanagar - OSPCB",05-09-2026 21:00:00,20.94185,86.1151,NO2,6.0,14.0,10.0,2026-09-05 16:37:06
India,Rajasthan,Bhiwadi,"RIICO Ind. Area III, Bhiwadi - RSPCB",05-09-2026 21:00:00,28.194909,76.862296,NH3,3.0,11.0,5.0,2026-09-05 16:37:06
India,Rajasthan,Bhiwadi,"Vasundhara Nagar_UIT, Bhiwadi - RSPCB",05-09-2026 21:00:00,28.207266,76.829265,CO,22.0,55.0,35.0,2026-09-05 16:37:06
India,Rajasthan,Bundi,"New Colony, Bundi - RSPCB",05-09-2026 21:00:00,25.435774,75.644272,NO2,11.0,23.0,16.0,2026-09-05 16:37:06
India,Rajasthan,Chittorgarh,"Shastri Nagar, Chittorgarh - RSPCB",05-09-2026 21:00:00,24.892047,74.623527,SO2,4.0,10.0,6.0,2026-09-05 16:37:06
India,Rajasthan,Churu,"Subash Chowk, Churu - RSPCB",05-09-2026 21:00:00,28.296139,74.961696,NO2,2.0,11.0,7.0,2026-09-05 16:37:06
India,Rajasthan,Churu,"Subash Chowk, Churu - RSPCB",05-09-2026 21:00:00,28.296139,74.961696,NH3,7.0,8.0,7.0,2026-09-05 16:37:06
India,Rajasthan,Dausa,"Khatikan Mohalla, Dausa - RSPCB",05-09-2026 21:00:00,26.895552,76.334753,SO2,2.0,7.0,3.0,2026-09-05 16:37:06
India,Rajasthan,Dausa,"Khatikan Mohalla, Dausa - RSPCB",05-09-2026 21:00:00,26.895552,76.334753,OZONE,21.0,27.0,24.0,2026-09-05 16:37:06
India,Rajasthan,Dholpur,"Raja Ganj, Dholpur - RSPCB",05-09-2026 21:00:00,26.699557,77.898881,NO2,1.0,7.0,4.0,2026-09-05 16:37:06
India,Rajasthan,Dholpur,"Raja Ganj, Dholpur - RSPCB",05-09-2026 21:00:00,26.699557,77.898881,OZONE,15.0,17.0,16.0,2026-09-05 16:37:06
India,Rajasthan,Dungarpur,"Bhoiwada, Dungarpur - RSPCB",05-09-2026 21:00:00,23.837789,73.714926,PM10,19.0,96.0,64.0,2026-09-05 16:37:06
India,Rajasthan,Jaipur,"Sector-2 Murlipura, Jaipur - RSPCB",05-09-2026 21:00:00,26.960669,75.771817,PM10,8.0,52.0,32.0,2026-09-05 16:37:06
India,Rajasthan,Jaipur,"Sector-2 Murlipura, Jaipur - RSPCB",05-09-2026 21:00:00,26.960669,75.771817,NO2,10.0,40.0,26.0,2026-09-05 16:37:06
India,Rajasthan,Jaipur,"Sector-2 Murlipura, Jaipur - RSPCB",05-09-2026 21:00:00,26.960669,75.771817,CO,,,,2026-09-05 16:37:06
India,Rajasthan,Jaipur,"Police Commissionerate, Jaipur - RSPCB",05-09-2026 21:00:00,26.9164092,75.7994901,PM2.5,29.0,60.0,46.0,2026-09-05 16:37:06
India,Rajasthan,Jaipur,"Police Commissionerate, Jaipur - RSPCB",05-09-2026 21:00:00,26.9164092,75.7994901,NH3,0.0,13.0,7.0,2026-09-05 16:37:06
India,Rajasthan,Jaipur,"Police Commissionerate, Jaipur - RSPCB",05-09-2026 21:00:00,26.9164092,75.7994901,SO2,5.0,18.0,9.0,2026-09-05 16:37:06
India,Rajasthan,Jaipur,"RIICO Sitapura, Jaipur - RSPCB",05-09-2026 21:00:00,26.786682,75.827928,PM2.5,5.0,28.0,21.0,2026-09-05 16:37:06
India,Rajasthan,Jaipur,"RIICO Sitapura, Jaipur - RSPCB",05-09-2026 21:00:00,26.786682,75.827928,NH3,7.0,10.0,9.0,2026-09-05 16:37:06
India,Rajasthan,Jaipur,"RIICO Sitapura, Jaipur - RSPCB",05-09-2026 21:00:00,26.786682,75.827928,SO2,0.0,14.0,4.0,2026-09-05 16:37:06
India,Rajasthan,Jaipur,"RIICO Sitapura, Jaipur - RSPCB",05-09-2026 21:00:00,26.786682,75.827928,OZONE,16.0,25.0,21.0,2026-09-05 16:37:06
India,Rajasthan,Jaipur,"Shastri Nagar, Jaipur - RSPCB",05-09-2026 21:00:00,26.9502929,75.730943,PM2.5,52.0,101.0,66.0,2026-09-05 16:37:06
India,Rajasthan,Jaipur,"Shastri Nagar, Jaipur - RSPCB",05-09-2026 21:00:00,26.9502929,75.730943,SO2,14.0,38.0,24.0,2026-09-05 16:37:06
India,Rajasthan,Jaipur,"Adarsh Nagar, Jaipur - RSPCB",05-09-2026 21:00:00,26.902909,75.836858,PM10,13.0,54.0,34.0,2026-09-05 16:37:06
India,Rajasthan,Jaisalmer,"Sadar Bazar, Jaisalmer - RSPCB",05-09-2026 21:00:00,26.912329,70.909168,PM2.5,10.0,35.0,23.0,2026-09-05 16:37:06
India,Rajasthan,Jaisalmer,"Sadar Bazar, Jaisalmer - RSPCB",05-09-2026 21:00:00,26.912329,70.909168,NO2,25.0,37.0,31.0,2026-09-05 16:37:06
India,Rajasthan,Jaisalmer,"Sadar Bazar, Jaisalmer - RSPCB",05-09-2026 21:00:00,26.912329,70.909168,NH3,8.0,14.0,11.0,2026-09-05 16:37:06
India,Rajasthan,Jhalawar,"Rajlaxmi Nagar, Jhalawar - RSPCB",05-09-2026 21:00:00,24.588397,76.172782,SO2,7.0,9.0,8.0,2026-09-05 16:37:06
India,Rajasthan,Jhalawar,"Rajlaxmi Nagar, Jhalawar - RSPCB",05-09-2026 21:00:00,24.588397,76.172782,CO,30.0,52.0,40.0,2026-09-05 16:37:06
India,Rajasthan,Jhunjhunu,"Indra Nagar, Jhunjhunu - RSPCB",05-09-2026 21:00:00,28.108988,75.386577,SO2,4.0,5.0,4.0,2026-09-05 16:37:06
India,Rajasthan,Jodhpur,"Jhalamand, Jodhpur - RSPCB",05-09-2026 21:00:00,26.215415,73.070156,SO2,2.0,5.0,3.0,2026-09-05 16:37:06
India,Rajasthan,Jodhpur,"Mandor, Jodhpur - RSPCB",05-09-2026 21:00:00,26.358805,73.047444,OZONE,61.0,74.0,68.0,2026-09-05 16:37:06
India,Rajasthan,Jodhpur,"Collectorate, Jodhpur - RSPCB",05-09-2026 21:00:00,26.268249,73.0193853,PM2.5,20.0,57.0,37.0,2026-09-05 16:37:06
India,Rajasthan,Jodhpur,"Collectorate, Jodhpur - RSPCB",05-09-2026 21:00:00,26.268249,73.0193853,OZONE,13.0,15.0,14.0,2026-09-05 16:37:06
India,Rajasthan,Jodhpur,"Samrat Ashok Udhyan, Jodhpur - RSPCB",05-09-2026 21:00:00,26.253384,72.976571,PM2.5,12.0,30.0,22.0,2026-09-05 16:37:06
India,Punjab,Khanna,"Kalal Majra, Khanna - PPCB",05-09-2026 21:00:00,30.736056,76.209694,NO2,17.0,26.0,21.0,2026-09-05 16:37:06
India,Punjab,Khanna,"Kalal Majra, Khanna - PPCB",05-09-2026 21:00:00,30.736056,76.209694,SO2,5.0,16.0,9.0,2026-09-05 16:37:06
India,Punjab,Khanna,"Kalal Majra, Khanna - PPCB",05-09-2026 21:00:00,30.736056,76.209694,OZONE,18.0,45.0,30.0,2026-09-05 16:37:06
India,Punjab,Patiala,"Model Town, Patiala - PPCB",05-09-2026 21:00:00,30.349388,76.366642,PM2.5,14.0,34.0,23.0,2026-09-05 16:37:06
India,Punjab,Patiala,"Model Town, Patiala - PPCB",05-09-2026 21:00:00,30.349388,76.366642,PM10,17.0,36.0,26.0,2026-09-05 16:37:06
India,Rajasthan,Ajmer,"Civil Lines,  Ajmer - RSPCB",05-09-2026 21:00:00,26.470859,74.646594,PM2.5,47.0,64.0,55.0,2026-09-05 16:37:06
India,Rajasthan,Alwar,"Moti Doongri, Alwar - RSPCB",05-09-2026 21:00:00,27.554793,76.611536,PM10,81.0,94.0,85.0,2026-09-05 16:37:06
India,Rajasthan,Alwar,"Moti Doongri, Alwar - RSPCB",05-09-2026 21:00:00,27.554793,76.611536,NO2,21.0,97.0,50.0,2026-09-05 16:37:06
India,Rajasthan,Alwar,"Vigyan Nagar, Alwar - RSPCB",05-09-2026 21:00:00,27.598796,76.63861,CO,48.0,51.0,50.0,2026-09-05 16:37:06
India,Rajasthan,Banswara,"Rati Talai, Banswara - RSPCB",05-09-2026 21:00:00,23.55519,74.44001,NH3,2.0,4.0,3.0,2026-09-05 16:37:06
India,Rajasthan,Banswara,"Rati Talai, Banswara - RSPCB",05-09-2026 21:00:00,23.55519,74.44001,OZONE,31.0,39.0,36.0,2026-09-05 16:37:06
India,Rajasthan,Baran,"Bamboliya, Baran - RSPCB",05-09-2026 21:00:00,25.106006,76.469948,SO2,4.0,8.0,6.0,2026-09-05 16:37:06
India,Rajasthan,Bhilwara,"Pratap Nagar, Bhilwara - RSPCB",05-09-2026 21:00:00,25.339605,74.618883,PM10,35.0,90.0,64.0,2026-09-05 16:37:06
India,Rajasthan,Bhiwadi,"RIICO Ind. Area III, Bhiwadi - RSPCB",05-09-2026 21:00:00,28.194909,76.862296,PM10,25.0,135.0,89.0,2026-09-05 16:37:06
India,Maharashtra,Pune,"Mhada Colony, Pune - IITM",05-09-2026 21:00:00,18.57304,73.927715,OZONE,11.0,23.0,18.0,2026-09-05 16:37:06
India,Maharashtra,Pune,"Dhankawadi, Pune - IITM",05-09-2026 21:00:00,18.459883,73.852193,SO2,,,,2026-09-05 16:37:06
India,Maharashtra,Pune,"Savitribai Phule Pune University, Pune - MPCB",05-09-2026 21:00:00,18.547056,73.826908,OZONE,11.0,20.0,17.0,2026-09-05 16:37:06
India,Maharashtra,Satara,"Koyana Nagar, Satara - MPCB",05-09-2026 21:00:00,17.696651,74.003387,NO2,1.0,14.0,6.0,2026-09-05 16:37:06
India,Maharashtra,Solapur,"Dnyaneshwar Nagar, Solapur - MPCB",05-09-2026 21:00:00,17.6336264,75.9132495,CO,9.0,14.0,11.0,2026-09-05 16:37:06
India,Maharashtra,Solapur,"Ratandeep Housing Society, Solapur - MPCB",05-09-2026 21:00:00,17.65439,75.90649,PM10,32.0,54.0,42.0,2026-09-05 16:37:06
India,Maharashtra,Solapur,"Ratandeep Housing Society, Solapur - MPCB",05-09-2026 21:00:00,17.65439,75.90649,CO,18.0,27.0,22.0,2026-09-05 16:37:06
India,Maharashtra,Thane,"Upvan Fort, Thane - MPCB",05-09-2026 21:00:00,19.222279,72.957979,PM2.5,13.0,45.0,25.0,2026-09-05 16:37:06
India,Maharashtra,Thane,"Upvan Fort, Thane - MPCB",05-09-2026 21:00:00,19.222279,72.957979,PM10,15.0,28.0,21.0,2026-09-05 16:37:06
India,Maharashtra,Thane,"Upvan Fort, Thane - MPCB",05-09-2026 21:00:00,19.222279,72.957979,NO2,1.0,15.0,8.0,2026-09-05 16:37:06
India,Maharashtra,Thane,"Upvan Fort, Thane - MPCB",05-09-2026 21:00:00,19.222279,72.957979,NH3,0.0,7.0,3.0,2026-09-05 16:37:06
India,Maharashtra,Thane,"Kasarvadavali, Thane - MPCB",05-09-2026 21:00:00,19.26777,72.97182,NH3,0.0,0.0,0.0,2026-09-05 16:37:06
India,Maharashtra,Ulhasnagar,"Sidhi Vinayak Nagar, Ulhasnagar - MPCB",05-09-2026 21:00:00,19.235581,73.159121,PM2.5,17.0,55.0,35.0,2026-09-05 16:37:06
India,Maharashtra,Ulhasnagar,"Sidhi Vinayak Nagar, Ulhasnagar - MPCB",05-09-2026 21:00:00,19.235581,73.159121,CO,,,,2026-09-05 16:37:06
India,Tamil Nadu,Cuddalore,"Semmandalam, Cuddalore - TNPCB",05-09-2026 21:00:00,11.7637683,79.7499835,SO2,,,,2026-09-05 16:37:06
India,Tamil Nadu,Gummidipoondi,"Anthoni Pillai Nagar, Gummidipoondi - TNPCB",05-09-2026 21:00:00,13.4127,80.1081,PM10,53.0,142.0,93.0,2026-09-05 16:37:06
India,Tamil Nadu,Gummidipoondi,"Anthoni Pillai Nagar, Gummidipoondi - TNPCB",05-09-2026 21:00:00,13.4127,80.1081,NO2,12.0,26.0,19.0,2026-09-05 16:37:06
India,Tamil Nadu,Gummidipoondi,"Anthoni Pillai Nagar, Gummidipoondi - TNPCB",05-09-2026 21:00:00,13.4127,80.1081,SO2,2.0,71.0,22.0,2026-09-05 16:37:06
India,Tamil Nadu,Thoothukudi,"Meelavittan, Thoothukudi - TNPCB",05-09-2026 21:00:00,8.816428,78.099039,PM10,58.0,72.0,64.0,2026-09-05 16:37:06
India,Telangana,Hyderabad,"Zoo Park, Hyderabad - TSPCB",05-09-2026 21:00:00,17.349694,78.451437,NH3,2.0,2.0,2.0,2026-09-05 16:37:06
India,Telangana,Hyderabad,"Zoo Park, Hyderabad - TSPCB",05-09-2026 21:00:00,17.349694,78.451437,SO2,2.0,2.0,2.0,2026-09-05 16:37:06
India,Telangana,Hyderabad,"Central University, Hyderabad - TSPCB",05-09-2026 21:00:00,17.460103,78.334361,PM10,12.0,32.0,20.0,2026-09-05 16:37:06
India,Telangana,Hyderabad,"Central University, Hyderabad - TSPCB",05-09-2026 21:00:00,17.460103,78.334361,CO,14.0,26.0,19.0,2026-09-05 16:37:06
India,Telangana,Hyderabad,"IITH Kandi, Hyderabad - TSPCB",05-09-2026 21:00:00,17.585705,78.126199,NH3,3.0,4.0,3.0,2026-09-05 16:37:06
India,Telangana,Hyderabad,"IITH Kandi, Hyderabad - TSPCB",05-09-2026 21:00:00,17.585705,78.126199,OZONE,16.0,25.0,22.0,2026-09-05 16:37:06
India,Telangana,Hyderabad,"Nacharam_TSIIC IALA, Hyderabad - TSPCB",05-09-2026 21:00:00,17.429398,78.569354,NO2,10.0,13.0,12.0,2026-09-05 16:37:06
India,Telangana,Hyderabad,"Nacharam_TSIIC IALA, Hyderabad - TSPCB",05-09-2026 21:00:00,17.429398,78.569354,SO2,7.0,18.0,12.0,2026-09-05 16:37:06
India,Telangana,Hyderabad,"Nacharam_TSIIC IALA, Hyderabad - TSPCB",05-09-2026 21:00:00,17.429398,78.569354,CO,25.0,35.0,32.0,2026-09-05 16:37:06
India,Rajasthan,Jodhpur,"Samrat Ashok Udhyan, Jodhpur - RSPCB",05-09-2026 21:00:00,26.253384,72.976571,CO,9.0,11.0,10.0,2026-09-05 16:37:06
India,Rajasthan,Karauli,"Satyawati Vihar, Karauli - RSPCB",05-09-2026 21:00:00,26.506177,77.025989,PM2.5,3.0,19.0,8.0,2026-09-05 16:37:06
India,Rajasthan,Karauli,"Satyawati Vihar, Karauli - RSPCB",05-09-2026 21:00:00,26.506177,77.025989,NH3,5.0,11.0,8.0,2026-09-05 16:37:06
India,Rajasthan,Kota,"Shrinath Puram, Kota - RSPCB",05-09-2026 21:00:00,25.14389,75.821256,PM10,43.0,103.0,55.0,2026-09-05 16:37:06
India,Rajasthan,Kota,"Shrinath Puram, Kota - RSPCB",05-09-2026 21:00:00,25.14389,75.821256,CO,26.0,37.0,32.0,2026-09-05 16:37:06
India,Rajasthan,Nagaur,"Karni Colony, Nagaur - RSPCB",05-09-2026 21:00:00,27.213494,73.734444,PM10,51.0,164.0,88.0,2026-09-05 16:37:06
India,Rajasthan,Nagaur,"Karni Colony, Nagaur - RSPCB",05-09-2026 21:00:00,27.213494,73.734444,OZONE,37.0,74.0,51.0,2026-09-05 16:37:06
India,Rajasthan,Pali,"Indira Colony Vistar, Pali - RSPCB",05-09-2026 21:00:00,25.771061,73.340227,NO2,11.0,22.0,17.0,2026-09-05 16:37:06
India,Rajasthan,Pali,"Indira Colony Vistar, Pali - RSPCB",05-09-2026 21:00:00,25.771061,73.340227,OZONE,11.0,72.0,39.0,2026-09-05 16:37:06
India,Rajasthan,Rajsamand,"Dhoinda, Rajsamand - RSPCB",05-09-2026 21:00:00,25.03636,73.883502,NO2,5.0,24.0,9.0,2026-09-05 16:37:06
India,Rajasthan,Sawai Madhopur,"Sahu Nagar, Sawai Madhopur - RSPCB",05-09-2026 21:00:00,26.031443,76.359327,NO2,8.0,43.0,14.0,2026-09-05 16:37:06
India,Rajasthan,Sawai Madhopur,"Sahu Nagar, Sawai Madhopur - RSPCB",05-09-2026 21:00:00,26.031443,76.359327,CO,20.0,58.0,34.0,2026-09-05 16:37:06
India,Rajasthan,Sikar,"Radhakishan Pura, Sikar - RSPCB",05-09-2026 21:00:00,27.608912,75.153302,CO,16.0,32.0,25.0,2026-09-05 16:37:06
India,Rajasthan,Sri Ganganagar,"Old City, Sri Ganganagar - RSPCB",05-09-2026 21:00:00,29.931624,73.864511,NO2,25.0,72.0,48.0,2026-09-05 16:37:06
India,Rajasthan,Sri Ganganagar,"Old City, Sri Ganganagar - RSPCB",05-09-2026 21:00:00,29.931624,73.864511,SO2,2.0,20.0,6.0,2026-09-05 16:37:06
India,Rajasthan,Tonk,"Shastri Nagar, Tonk - RSPCB",05-09-2026 21:00:00,26.159933,75.780517,NO2,3.0,14.0,7.0,2026-09-05 16:37:06
India,Rajasthan,Tonk,"Shastri Nagar, Tonk - RSPCB",05-09-2026 21:00:00,26.159933,75.780517,NH3,4.0,5.0,4.0,2026-09-05 16:37:06
India,Rajasthan,Udaipur,"Ashok Nagar, Udaipur - RSPCB",05-09-2026 21:00:00,24.5886166,73.6321397,PM2.5,16.0,125.0,55.0,2026-09-05 16:37:06
India,Sikkim,Gangtok,"Zero Point GICI, Gangtok - SSPCB",05-09-2026 21:00:00,27.33853,88.614099,SO2,1.0,1.0,1.0,2026-09-05 16:37:06
India,Tamil Nadu,Chennai,"Kodungaiyur, Chennai - TNPCB",05-09-2026 21:00:00,13.1278,80.2642,NH3,,,,2026-09-05 16:37:06
India,Tamil Nadu,Chennai,"Arumbakkam, Chennai - TNPCB",05-09-2026 21:00:00,13.0664,80.2112,CO,,,,2026-09-05 16:37:06
India,Tamil Nadu,Chennai,"Manali Village, Chennai - TNPCB",05-09-2026 21:00:00,13.1662,80.2584,NH3,1.0,6.0,2.0,2026-09-05 16:37:06
India,Tamil Nadu,Chennai,"Manali Village, Chennai - TNPCB",05-09-2026 21:00:00,13.1662,80.2584,OZONE,,,,2026-09-05 16:37:06
India,Odisha,Rourkela,"Sector-2, Rourkela - OSPCB",05-09-2026 21:00:00,22.245,84.88111111,OZONE,,,,2026-09-05 16:37:06
India,Odisha,Talcher,"Talcher Coalfields,Talcher - OSPCB",05-09-2026 21:00:00,20.9360711,85.1707021,PM10,62.0,231.0,94.0,2026-09-05 16:37:06
India,Odisha,Talcher,"Talcher Coalfields,Talcher - OSPCB",05-09-2026 21:00:00,20.9360711,85.1707021,SO2,0.0,35.0,16.0,2026-09-05 16:37:06
India,Puducherry,Puducherry,"Jawahar Nagar, Puducherry - PPCC",05-09-2026 21:00:00,11.9309,79.8027,PM10,25.0,47.0,35.0,2026-09-05 16:37:06
India,Puducherry,Puducherry,"Jawahar Nagar, Puducherry - PPCC",05-09-2026 21:00:00,11.9309,79.8027,NO2,6.0,21.0,10.0,2026-09-05 16:37:06
India,Puducherry,Puducherry,"Jawahar Nagar, Puducherry - PPCC",05-09-2026 21:00:00,11.9309,79.8027,SO2,3.0,13.0,8.0,2026-09-05 16:37:06
India,Punjab,Amritsar,"Golden Temple, Amritsar - PPCB",05-09-2026 21:00:00,31.62,74.876512,NO2,19.0,33.0,23.0,2026-09-05 16:37:06
India,Punjab,Amritsar,"Golden Temple, Amritsar - PPCB",05-09-2026 21:00:00,31.62,74.876512,SO2,15.0,20.0,17.0,2026-09-05 16:37:06
India,Punjab,Amritsar,"Golden Temple, Amritsar - PPCB",05-09-2026 21:00:00,31.62,74.876512,CO,25.0,32.0,28.0,2026-09-05 16:37:06
India,Punjab,Bathinda,"Hardev Nagar, Bathinda - PPCB",05-09-2026 21:00:00,30.233011,74.907758,SO2,9.0,24.0,15.0,2026-09-05 16:37:06
India,Uttar Pradesh,Agra,"Sector-3B Avas Vikas Colony, Agra - UPPCB",05-09-2026 21:00:00,27.19412,77.96237,CO,40.0,50.0,43.0,2026-09-05 16:37:06
India,Uttar Pradesh,Agra,"Sector-3B Avas Vikas Colony, Agra - UPPCB",05-09-2026 21:00:00,27.19412,77.96237,OZONE,13.0,15.0,14.0,2026-09-05 16:37:06
India,Uttar Pradesh,Agra,"Shahjahan Garden, Agra - UPPCB",05-09-2026 21:00:00,27.169338,78.03582,PM2.5,18.0,33.0,25.0,2026-09-05 16:37:06
India,Uttar Pradesh,Agra,"Shahjahan Garden, Agra - UPPCB",05-09-2026 21:00:00,27.169338,78.03582,PM10,27.0,50.0,37.0,2026-09-05 16:37:06
India,Uttar Pradesh,Agra,"Shahjahan Garden, Agra - UPPCB",05-09-2026 21:00:00,27.169338,78.03582,NH3,1.0,1.0,1.0,2026-09-05 16:37:06
India,Uttar Pradesh,Agra,"Manoharpur, Agra - UPPCB",05-09-2026 21:00:00,27.23711,78.01936,NH3,2.0,2.0,2.0,2026-09-05 16:37:06
India,Uttar Pradesh,Agra,"Sanjay Palace, Agra - UPPCB",05-09-2026 21:00:00,27.19865833,78.00598056,OZONE,5.0,7.0,6.0,2026-09-05 16:37:06
India,Uttar Pradesh,Agra,"Shastripuram, Agra - UPPCB",05-09-2026 21:00:00,27.19862,77.92066,PM2.5,11.0,40.0,27.0,2026-09-05 16:37:06
India,Uttar Pradesh,Baghpat,"Sardar Patel Inter College, Baghpat - UPPCB",05-09-2026 21:00:00,28.964949,77.278761,PM2.5,5.0,37.0,15.0,2026-09-05 16:37:06
India,Uttar Pradesh,Bareilly,"Rajendra Nagar, Bareilly - UPPCB",05-09-2026 21:00:00,28.38910936,79.42963708,PM10,27.0,61.0,40.0,2026-09-05 16:37:06
India,Uttar Pradesh,Bareilly,"Civil Lines, Bareilly - UPPCB",05-09-2026 21:00:00,28.359581,79.414455,PM10,20.0,34.0,28.0,2026-09-05 16:37:06
India,Uttar Pradesh,Bareilly,"Civil Lines, Bareilly - UPPCB",05-09-2026 21:00:00,28.359581,79.414455,NH3,0.0,0.0,0.0,2026-09-05 16:37:06
India,Uttar Pradesh,Bulandshahr,"Yamunapuram, Bulandshahr - UPPCB",05-09-2026 21:00:00,28.406963,77.849831,CO,32.0,39.0,35.0,2026-09-05 16:37:06
India,Uttar Pradesh,Fatehpur Sikri,"Dadupura, Fatehpur Sikri - UPPCB",05-09-2026 21:00:00,27.097694,77.671335,PM2.5,,,,2026-09-05 16:37:06
India,Uttar Pradesh,Firozabad,"Nagla Bhau, Firozabad - UPPCB",05-09-2026 21:00:00,27.168897,78.37696,PM10,16.0,46.0,27.0,2026-09-05 16:37:06
India,Uttar Pradesh,Firozabad,"Vibhab Nagar, Firozabad - UPPCB",05-09-2026 21:00:00,27.1594,78.3953,PM10,14.0,447.0,63.0,2026-09-05 16:37:06
India,Uttar Pradesh,Gajraula,"Rajanpur, Gajraula - UPPCB",05-09-2026 21:00:00,28.829109,78.248796,PM10,15.0,56.0,34.0,2026-09-05 16:37:06
India,Uttar Pradesh,Ghaziabad,"Ved Vihar-Loni, Ghaziabad - UPPCB",05-09-2026 21:00:00,28.739153,77.273668,OZONE,4.0,7.0,6.0,2026-09-05 16:37:06
India,Uttar Pradesh,Ghaziabad,"Sanjay Nagar, Ghaziabad - UPPCB",05-09-2026 21:00:00,28.685382,77.453839,NO2,8.0,60.0,22.0,2026-09-05 16:37:06
India,Uttarakhand,Kashipur,"Govt. Girls Inter College, Kashipur - UKPCB",05-09-2026 21:00:00,29.2124114,78.9611753,PM2.5,,,,2026-09-05 16:37:06
India,Uttarakhand,Kashipur,"Govt. Girls Inter College, Kashipur - UKPCB",05-09-2026 21:00:00,29.2124114,78.9611753,CO,10.0,12.0,11.0,2026-09-05 16:37:06
India,Uttarakhand,Rishikesh,"Shivaji Nagar, Rishikesh - UKPCB",05-09-2026 21:00:00,30.075911,78.2859547,NH3,6.0,6.0,6.0,2026-09-05 16:37:06
India,Uttarakhand,Rishikesh,"Shivaji Nagar, Rishikesh - UKPCB",05-09-2026 21:00:00,30.075911,78.2859547,OZONE,34.0,34.0,34.0,2026-09-05 16:37:06
India,West Bengal,Asansol,"Asansol Court Area, Asansol - WBPCB",05-09-2026 21:00:00,23.685297,86.945968,NO2,28.0,38.0,33.0,2026-09-05 16:37:06
India,West Bengal,Asansol,"Asansol Court Area, Asansol - WBPCB",05-09-2026 21:00:00,23.685297,86.945968,SO2,11.0,16.0,13.0,2026-09-05 16:37:06
India,West Bengal,Asansol,"Evelyn Lodge, Asansol - WBPCB",05-09-2026 21:00:00,23.697936,86.944395,PM2.5,28.0,43.0,36.0,2026-09-05 16:37:06
India,West Bengal,Asansol,"Evelyn Lodge, Asansol - WBPCB",05-09-2026 21:00:00,23.697936,86.944395,PM10,33.0,56.0,45.0,2026-09-05 16:37:06
India,West Bengal,Asansol,"Evelyn Lodge, Asansol - WBPCB",05-09-2026 21:00:00,23.697936,86.944395,NH3,5.0,6.0,5.0,2026-09-05 16:37:06
India,West Bengal,Asansol,"Evelyn Lodge, Asansol - WBPCB",05-09-2026 21:00:00,23.697936,86.944395,CO,21.0,39.0,28.0,2026-09-05 16:37:06
India,West Bengal,Asansol,"Mahabir Colliery, Asansol - WBPCB",05-09-2026 21:00:00,23.618183,87.105718,OZONE,12.0,21.0,18.0,2026-09-05 16:37:06
India,West Bengal,Asansol,"Trivenidevi Bhalotia College, Asansol - WBPCB",05-09-2026 21:00:00,23.616515,87.119133,CO,27.0,40.0,31.0,2026-09-05 16:37:06
India,West Bengal,Barrackpore,"SVSPA Campus, Barrackpore - WBPCB",05-09-2026 21:00:00,22.7605581,88.3617589,PM2.5,39.0,83.0,58.0,2026-09-05 16:37:06
India,West Bengal,Barrackpore,"SVSPA Campus, Barrackpore - WBPCB",05-09-2026 21:00:00,22.7605581,88.3617589,NH3,5.0,8.0,6.0,2026-09-05 16:37:06
India,West Bengal,Durgapur,"PCBL Residential Complex, Durgapur - WBPCB",05-09-2026 21:00:00,23.508764,87.35444,SO2,11.0,12.0,12.0,2026-09-05 16:37:06
India,West Bengal,Durgapur,"Mahishkapur Road_B-Zone, Durgapur - WBPCB",05-09-2026 21:00:00,23.567923,87.306843,NH3,0.0,1.0,1.0,2026-09-05 16:37:06
India,West Bengal,Durgapur,"Mahishkapur Road_B-Zone, Durgapur - WBPCB",05-09-2026 21:00:00,23.567923,87.306843,SO2,2.0,3.0,2.0,2026-09-05 16:37:06
India,West Bengal,Durgapur,"Womens College_City Center, Durgapur - WBPCB",05-09-2026 21:00:00,23.549395,87.300496,NH3,2.0,4.0,3.0,2026-09-05 16:37:06
India,West Bengal,Haldia,"Priyambada Housing Estate, Haldia - WBPCB",05-09-2026 21:00:00,22.06047,88.109737,PM2.5,26.0,56.0,38.0,2026-09-05 16:37:06
India,Uttar Pradesh,Hapur,"Anand Vihar, Hapur - UPPCB",05-09-2026 21:00:00,28.725645,77.749675,OZONE,10.0,20.0,14.0,2026-09-05 16:37:06
India,Uttar Pradesh,Jhansi,"Shivaji Nagar, Jhansi - UPPCB",05-09-2026 21:00:00,25.4547,78.6039,NH3,4.0,4.0,4.0,2026-09-05 16:37:06
India,Uttar Pradesh,Jhansi,"Shivaji Nagar, Jhansi - UPPCB",05-09-2026 21:00:00,25.4547,78.6039,OZONE,5.0,9.0,7.0,2026-09-05 16:37:06
India,Uttar Pradesh,Kanpur,"FTI Kidwai Nagar, Kanpur - UPPCB",05-09-2026 21:00:00,26.428282,80.327067,PM2.5,9.0,98.0,28.0,2026-09-05 16:37:06
India,Uttar Pradesh,Kanpur,"NSI Kalyanpur, Kanpur - UPPCB",05-09-2026 21:00:00,26.509954,80.249612,OZONE,21.0,22.0,21.0,2026-09-05 16:37:06
India,Uttar Pradesh,Kanpur,"Nehru Nagar, Kanpur - UPPCB",05-09-2026 21:00:00,26.4703136,80.3229863,PM10,10.0,44.0,21.0,2026-09-05 16:37:06
India,Uttar Pradesh,Kanpur,"Nehru Nagar, Kanpur - UPPCB",05-09-2026 21:00:00,26.4703136,80.3229863,SO2,10.0,12.0,11.0,2026-09-05 16:37:06
India,Uttar Pradesh,Kanpur,"Nehru Nagar, Kanpur - UPPCB",05-09-2026 21:00:00,26.4703136,80.3229863,OZONE,2.0,35.0,13.0,2026-09-05 16:37:06
India,Uttar Pradesh,Khora,"Prashant Garden, Khora - UPPCB",05-09-2026 21:00:00,28.61119,77.34206,PM2.5,71.0,108.0,86.0,2026-09-05 16:37:06
India,Uttar Pradesh,Khora,"Prashant Garden, Khora - UPPCB",05-09-2026 21:00:00,28.61119,77.34206,NO2,18.0,24.0,21.0,2026-09-05 16:37:06
India,Uttar Pradesh,Khora,"Prashant Garden, Khora - UPPCB",05-09-2026 21:00:00,28.61119,77.34206,SO2,1.0,1.0,1.0,2026-09-05 16:37:06
India,Uttar Pradesh,Khora,"Prashant Garden, Khora - UPPCB",05-09-2026 21:00:00,28.61119,77.34206,CO,57.0,61.0,59.0,2026-09-05 16:37:06
India,Uttar Pradesh,Khurja,"Kalindi Kunj, Khurja - UPPCB",05-09-2026 21:00:00,28.2348927,77.8683002,PM10,18.0,57.0,28.0,2026-09-05 16:37:06
India,Uttar Pradesh,Lucknow,"Talkatora District Industries Center, Lucknow - CPCB",05-09-2026 21:00:00,26.83399722,80.8917361,NH3,5.0,12.0,9.0,2026-09-05 16:37:06
India,Uttar Pradesh,Lucknow,"Talkatora District Industries Center, Lucknow - CPCB",05-09-2026 21:00:00,26.83399722,80.8917361,SO2,1.0,54.0,15.0,2026-09-05 16:37:06
India,Uttar Pradesh,Lucknow,"Talkatora District Industries Center, Lucknow - CPCB",05-09-2026 21:00:00,26.83399722,80.8917361,OZONE,44.0,108.0,78.0,2026-09-05 16:37:06
India,Uttar Pradesh,Lucknow,"Kendriya Vidyalaya, Lucknow - CPCB",05-09-2026 21:00:00,26.906111,80.948222,NH3,8.0,29.0,17.0,2026-09-05 16:37:06
India,Uttar Pradesh,Lucknow,"Kendriya Vidyalaya, Lucknow - CPCB",05-09-2026 21:00:00,26.906111,80.948222,SO2,3.0,10.0,6.0,2026-09-05 16:37:06
India,Uttar Pradesh,Lucknow,"Gomti Nagar, Lucknow - UPPCB",05-09-2026 21:00:00,26.86812,81.005119,PM10,22.0,80.0,33.0,2026-09-05 16:37:06
India,Telangana,Hyderabad,"Nacharam_TSIIC IALA, Hyderabad - TSPCB",05-09-2026 21:00:00,17.429398,78.569354,OZONE,17.0,26.0,23.0,2026-09-05 16:37:06
India,Telangana,Hyderabad,"New Malakpet, Hyderabad - TSPCB",05-09-2026 21:00:00,17.37206,78.50864,PM10,51.0,57.0,54.0,2026-09-05 16:37:06
India,Telangana,Hyderabad,"New Malakpet, Hyderabad - TSPCB",05-09-2026 21:00:00,17.37206,78.50864,NH3,2.0,4.0,3.0,2026-09-05 16:37:06
India,Telangana,Hyderabad,"New Malakpet, Hyderabad - TSPCB",05-09-2026 21:00:00,17.37206,78.50864,OZONE,18.0,31.0,27.0,2026-09-05 16:37:06
India,Telangana,Hyderabad,"Kompally Municipal Office, Hyderabad - TSPCB",05-09-2026 21:00:00,17.544899,78.486949,OZONE,20.0,21.0,20.0,2026-09-05 16:37:06
India,Telangana,Hyderabad,"Somajiguda, Hyderabad - TSPCB",05-09-2026 21:00:00,17.417094,78.457437,NO2,11.0,14.0,13.0,2026-09-05 16:37:06
India,Telangana,Hyderabad,"Somajiguda, Hyderabad - TSPCB",05-09-2026 21:00:00,17.417094,78.457437,NH3,3.0,4.0,3.0,2026-09-05 16:37:06
India,Telangana,Hyderabad,"IDA Pashamylaram, Hyderabad - TSPCB",05-09-2026 21:00:00,17.5316895,78.218939,SO2,9.0,11.0,10.0,2026-09-05 16:37:06
India,Telangana,Hyderabad,"IDA Pashamylaram, Hyderabad - TSPCB",05-09-2026 21:00:00,17.5316895,78.218939,OZONE,5.0,10.0,8.0,2026-09-05 16:37:06
India,Telangana,Hyderabad,"Sanathnagar, Hyderabad - TSPCB",05-09-2026 21:00:00,17.4559458,78.4332152,NO2,,,,2026-09-05 16:37:06
India,Telangana,Hyderabad,"ICRISAT Patancheru, Hyderabad - TSPCB",05-09-2026 21:00:00,17.5184,78.278777,PM2.5,6.0,88.0,34.0,2026-09-05 16:37:06
India,Telangana,Hyderabad,"ICRISAT Patancheru, Hyderabad - TSPCB",05-09-2026 21:00:00,17.5184,78.278777,CO,17.0,51.0,42.0,2026-09-05 16:37:06
India,Tripura,Agartala,"Bardowali, Agartala - Tripura SPCB",05-09-2026 21:00:00,23.8175497,91.2726974,NH3,,,,2026-09-05 16:37:06
India,Tripura,Agartala,"Bardowali, Agartala - Tripura SPCB",05-09-2026 21:00:00,23.8175497,91.2726974,SO2,12.0,14.0,13.0,2026-09-05 16:37:06
India,Uttar Pradesh,Agra,"Rohta, Agra - UPPCB",05-09-2026 21:00:00,27.106972,78.000111,NO2,16.0,16.0,16.0,2026-09-05 16:37:06
India,Uttar Pradesh,Agra,"Rohta, Agra - UPPCB",05-09-2026 21:00:00,27.106972,78.000111,OZONE,14.0,17.0,15.0,2026-09-05 16:37:06
India,Uttar Pradesh,Agra,"Sector-3B Avas Vikas Colony, Agra - UPPCB",05-09-2026 21:00:00,27.19412,77.96237,PM10,27.0,56.0,39.0,2026-09-05 16:37:06
India,Uttar Pradesh,Moradabad,"Transport Nagar, Moradabad - UPPCB",05-09-2026 21:00:00,28.802625,78.753728,NO2,24.0,25.0,24.0,2026-09-05 16:37:06
India,Uttar Pradesh,Moradabad,"Kashiram Nagar, Moradabad - UPPCB",05-09-2026 21:00:00,28.849399,78.742362,PM2.5,1.0,80.0,35.0,2026-09-05 16:37:06
India,Uttar Pradesh,Moradabad,"Kashiram Nagar, Moradabad - UPPCB",05-09-2026 21:00:00,28.849399,78.742362,SO2,,,,2026-09-05 16:37:06
India,Uttar Pradesh,Muzaffarnagar,"New Mandi, Muzaffarnagar - UPPCB",05-09-2026 21:00:00,29.4723508,77.7194031,NH3,1.0,4.0,3.0,2026-09-05 16:37:06
India,Uttar Pradesh,Noida,"Sector - 62, Noida - IITM",05-09-2026 21:00:00,28.6245479,77.3577104,PM2.5,13.0,79.0,37.0,2026-09-05 16:37:06
India,Uttar Pradesh,Noida,"Sector - 62, Noida - IITM",05-09-2026 21:00:00,28.6245479,77.3577104,PM10,21.0,55.0,35.0,2026-09-05 16:37:06
India,Uttar Pradesh,Noida,"Sector-1, Noida - UPPCB",05-09-2026 21:00:00,28.5898,77.3101,OZONE,,,,2026-09-05 16:37:06
India,Uttar Pradesh,Noida,"Sector-116, Noida - UPPCB",05-09-2026 21:00:00,28.56923,77.393848,PM10,52.0,94.0,71.0,2026-09-05 16:37:06
India,Uttar Pradesh,Noida,"Sector-116, Noida - UPPCB",05-09-2026 21:00:00,28.56923,77.393848,CO,18.0,46.0,28.0,2026-09-05 16:37:06
India,Uttar Pradesh,Prayagraj,"Motilal Nehru NIT, Prayagraj - UPPCB",05-09-2026 21:00:00,25.494,81.863,PM2.5,5.0,16.0,11.0,2026-09-05 16:37:06
India,Uttar Pradesh,Prayagraj,"Motilal Nehru NIT, Prayagraj - UPPCB",05-09-2026 21:00:00,25.494,81.863,PM10,23.0,83.0,36.0,2026-09-05 16:37:06
India,Uttar Pradesh,Prayagraj,"Motilal Nehru NIT, Prayagraj - UPPCB",05-09-2026 21:00:00,25.494,81.863,CO,1.0,10.0,5.0,2026-09-05 16:37:06
India,Uttar Pradesh,Prayagraj,"Motilal Nehru NIT, Prayagraj - UPPCB",05-09-2026 21:00:00,25.494,81.863,OZONE,11.0,24.0,17.0,2026-09-05 16:37:06
India,Uttar Pradesh,Prayagraj,"Nagar Nigam, Prayagraj - UPPCB",05-09-2026 21:00:00,25.44919916,81.82735986,PM2.5,3.0,62.0,14.0,2026-09-05 16:37:06
India,Uttar Pradesh,Prayagraj,"Nagar Nigam, Prayagraj - UPPCB",05-09-2026 21:00:00,25.44919916,81.82735986,NO2,5.0,5.0,5.0,2026-09-05 16:37:06
India,Uttar Pradesh,Prayagraj,"Nagar Nigam, Prayagraj - UPPCB",05-09-2026 21:00:00,25.44919916,81.82735986,CO,14.0,14.0,14.0,2026-09-05 16:37:06
India,Uttar Pradesh,Prayagraj,"Jhunsi, Prayagraj - UPPCB",05-09-2026 21:00:00,25.425602,81.917152,PM2.5,,,,2026-09-05 16:37:06
India,Uttar Pradesh,Prayagraj,"Jhunsi, Prayagraj - UPPCB",05-09-2026 21:00:00,25.425602,81.917152,NO2,6.0,6.0,6.0,2026-09-05 16:37:06
India,West Bengal,Howrah,"Belur Math, Howrah - WBPCB",05-09-2026 21:00:00,22.629801,88.352017,SO2,7.0,9.0,8.0,2026-09-05 16:37:06
India,West Bengal,Howrah,"Dasnagar, Howrah - WBPCB",05-09-2026 21:00:00,22.6025571,88.3105664,PM10,49.0,126.0,89.0,2026-09-05 16:37:06
India,West Bengal,Howrah,"Dasnagar, Howrah - WBPCB",05-09-2026 21:00:00,22.6025571,88.3105664,NO2,4.0,22.0,9.0,2026-09-05 16:37:06
India,West Bengal,Howrah,"Dasnagar, Howrah - WBPCB",05-09-2026 21:00:00,22.6025571,88.3105664,SO2,3.0,4.0,3.0,2026-09-05 16:37:06
India,West Bengal,Howrah,"Ghusuri, Howrah - WBPCB",05-09-2026 21:00:00,22.611968,88.347422,PM10,50.0,218.0,117.0,2026-09-05 16:37:06
India,West Bengal,Howrah,"Ghusuri, Howrah - WBPCB",05-09-2026 21:00:00,22.611968,88.347422,CO,27.0,62.0,46.0,2026-09-05 16:37:06
India,West Bengal,Howrah,"Padmapukur, Howrah - WBPCB",05-09-2026 21:00:00,22.5687319,88.2797276,PM2.5,33.0,54.0,41.0,2026-09-05 16:37:06
India,West Bengal,Howrah,"Padmapukur, Howrah - WBPCB",05-09-2026 21:00:00,22.5687319,88.2797276,NH3,3.0,11.0,7.0,2026-09-05 16:37:06
India,West Bengal,Kolkata,"Jadavpur, Kolkata - WBPCB",05-09-2026 21:00:00,22.49929,88.36917,NH3,12.0,13.0,12.0,2026-09-05 16:37:06
India,West Bengal,Kolkata,"Jadavpur, Kolkata - WBPCB",05-09-2026 21:00:00,22.49929,88.36917,SO2,6.0,8.0,7.0,2026-09-05 16:37:06
India,West Bengal,Kolkata,"Rabindra Bharati University, Kolkata - WBPCB",05-09-2026 21:00:00,22.627847,88.380669,NO2,23.0,76.0,42.0,2026-09-05 16:37:06
India,West Bengal,Kolkata,"Rabindra Bharati University, Kolkata - WBPCB",05-09-2026 21:00:00,22.627847,88.380669,NH3,5.0,19.0,9.0,2026-09-05 16:37:06
India,West Bengal,Kolkata,"Fort William, Kolkata - WBPCB",05-09-2026 21:00:00,22.55664,88.342674,OZONE,54.0,82.0,68.0,2026-09-05 16:37:06
India,West Bengal,Kolkata,"Rabindra Sarobar, Kolkata - WBPCB",05-09-2026 21:00:00,22.51106,88.35142,NO2,14.0,106.0,36.0,2026-09-05 16:37:06
India,West Bengal,Kolkata,"Rabindra Sarobar, Kolkata - WBPCB",05-09-2026 21:00:00,22.51106,88.35142,CO,19.0,54.0,31.0,2026-09-05 16:37:06
India,Uttar Pradesh,Prayagraj,"Jhunsi, Prayagraj - UPPCB",05-09-2026 21:00:00,25.425602,81.917152,SO2,18.0,50.0,32.0,2026-09-05 16:37:06
India,Uttar Pradesh,Raebareli,"Anand Nagar, Raebareli - UPPCB",05-09-2026 21:00:00,26.219512,81.237648,PM2.5,25.0,42.0,35.0,2026-09-05 16:37:06
India,Uttar Pradesh,Raebareli," Indira Nagar, Raebareli - NTPC Unchahar",05-09-2026 21:00:00,26.207781,81.245571,CO,47.0,64.0,55.0,2026-09-05 16:37:06
India,Uttar Pradesh,Varanasi,"Bhelupur, Varanasi - UPPCB",05-09-2026 21:00:00,25.301778,82.996789,OZONE,8.0,10.0,9.0,2026-09-05 16:37:06
India,Uttar Pradesh,Varanasi,"Maldahiya, Varanasi - UPPCB",05-09-2026 21:00:00,25.32393,82.99687,PM10,31.0,118.0,73.0,2026-09-05 16:37:06
India,Uttar Pradesh,Varanasi,"Maldahiya, Varanasi - UPPCB",05-09-2026 21:00:00,25.32393,82.99687,SO2,30.0,31.0,30.0,2026-09-05 16:37:06
India,Uttar Pradesh,Varanasi,"Maldahiya, Varanasi - UPPCB",05-09-2026 21:00:00,25.32393,82.99687,CO,13.0,22.0,17.0,2026-09-05 16:37:06
India,Uttar Pradesh,Varanasi,"Maldahiya, Varanasi - UPPCB",05-09-2026 21:00:00,25.32393,82.99687,OZONE,4.0,5.0,4.0,2026-09-05 16:37:06
India,Uttar Pradesh,Varanasi,"Ardhali Bazar, Varanasi - UPPCB",05-09-2026 21:00:00,25.3505986,82.9083074,PM2.5,20.0,69.0,41.0,2026-09-05 16:37:06
India,Uttar Pradesh,Varanasi,"Ardhali Bazar, Varanasi - UPPCB",05-09-2026 21:00:00,25.3505986,82.9083074,NH3,,,,2026-09-05 16:37:06
India,Uttar Pradesh,Varanasi,"IESD Banaras Hindu University, Varanasi - UPPCB",05-09-2026 21:00:00,25.262326,82.995408,SO2,16.0,41.0,28.0,2026-09-05 16:37:06
India,Uttar Pradesh,Varanasi,"IESD Banaras Hindu University, Varanasi - UPPCB",05-09-2026 21:00:00,25.262326,82.995408,CO,3.0,4.0,3.0,2026-09-05 16:37:06
India,Uttar Pradesh,Vrindavan,"Omex Eternity, Vrindavan - UPPCB",05-09-2026 21:00:00,27.571409,77.655757,PM2.5,10.0,57.0,28.0,2026-09-05 16:37:06
India,Uttar Pradesh,Ghaziabad,"Indirapuram, Ghaziabad - UPPCB",05-09-2026 21:00:00,28.646233,77.358075,OZONE,27.0,31.0,29.0,2026-09-05 16:37:06
India,Uttar Pradesh,Ghaziabad,"Vasundhara, Ghaziabad - UPPCB",05-09-2026 21:00:00,28.6603346,77.3572563,CO,19.0,96.0,54.0,2026-09-05 16:37:06
India,Uttar Pradesh,Ghaziabad,"Wave City, Ghaziabad - UPPCB",05-09-2026 21:00:00,28.646675,77.489049,PM2.5,,,,2026-09-05 16:37:06
India,Uttar Pradesh,Ghaziabad,"Wave City, Ghaziabad - UPPCB",05-09-2026 21:00:00,28.646675,77.489049,OZONE,2.0,6.0,5.0,2026-09-05 16:37:06
India,Uttar Pradesh,Ghaziabad,"Loni, Ghaziabad - UPPCB",05-09-2026 21:00:00,28.757294,77.278792,NH3,2.0,3.0,3.0,2026-09-05 16:37:06
India,Uttar Pradesh,Gorakhpur,"Madan Mohan Malaviya University of Technology, Gorakhpur - UPPCB",05-09-2026 21:00:00,26.730136,83.433859,NO2,,,,2026-09-05 16:37:06
India,Uttar Pradesh,Gorakhpur,"Madan Mohan Malaviya University of Technology, Gorakhpur - UPPCB",05-09-2026 21:00:00,26.730136,83.433859,SO2,,,,2026-09-05 16:37:06
India,Uttar Pradesh,Gorakhpur,"Madan Mohan Malaviya University of Technology, Gorakhpur - UPPCB",05-09-2026 21:00:00,26.730136,83.433859,OZONE,58.0,183.0,122.0,2026-09-05 16:37:06
India,Uttar Pradesh,Greater Noida,"Knowledge Park - V, Greater Noida - UPPCB",05-09-2026 21:00:00,28.557054,77.453663,NH3,7.0,8.0,7.0,2026-09-05 16:37:06
India,Uttar Pradesh,Greater Noida,"Knowledge Park - V, Greater Noida - UPPCB",05-09-2026 21:00:00,28.557054,77.453663,OZONE,7.0,12.0,10.0,2026-09-05 16:37:06
India,Uttar Pradesh,Lucknow,"Kukrail Picnic Spot-1, Lucknow - UPPCB",05-09-2026 21:00:00,26.90723,80.98579,PM10,34.0,85.0,46.0,2026-09-05 16:37:06
India,Uttar Pradesh,Lucknow,"Kukrail Picnic Spot-1, Lucknow - UPPCB",05-09-2026 21:00:00,26.90723,80.98579,NO2,31.0,32.0,32.0,2026-09-05 16:37:06
India,Uttar Pradesh,Meerut,"Jai Bhim Nagar, Meerut - UPPCB",05-09-2026 21:00:00,28.9535882,77.7622941,PM2.5,,,,2026-09-05 16:37:06
India,Uttar Pradesh,Meerut,"Jai Bhim Nagar, Meerut - UPPCB",05-09-2026 21:00:00,28.9535882,77.7622941,NH3,12.0,16.0,13.0,2026-09-05 16:37:06
India,Uttar Pradesh,Meerut,"MIET College, Meerut - UPPCB",05-09-2026 21:00:00,28.972677,77.641018,NH3,1.0,10.0,4.0,2026-09-05 16:37:06
India,Uttar Pradesh,Meerut,"Pallavpuram Phase 2, Meerut - UPPCB",05-09-2026 21:00:00,29.06351,77.709723,PM2.5,33.0,67.0,48.0,2026-09-05 16:37:06
India,Uttar Pradesh,Meerut,"Ganga Nagar, Meerut - UPPCB",05-09-2026 21:00:00,28.999264,77.7590354,SO2,22.0,33.0,26.0,2026-09-05 16:37:06
India,West Bengal,Kolkata,"Victoria, Kolkata - WBPCB",05-09-2026 21:00:00,22.5448082,88.3403691,CO,43.0,76.0,58.0,2026-09-05 16:37:06
India,Chandigarh,Chandigarh,"Sector 22, Chandigarh - CPCC",05-09-2026 21:00:00,30.735567,76.775714,PM10,10.0,47.0,21.0,2026-09-05 16:37:06
India,Chandigarh,Chandigarh,"Sector 22, Chandigarh - CPCC",05-09-2026 21:00:00,30.735567,76.775714,NH3,1.0,6.0,4.0,2026-09-05 16:37:06
India,Chandigarh,Chandigarh,"Sector-25, Chandigarh - CPCC",05-09-2026 21:00:00,30.751462,76.762879,PM2.5,14.0,33.0,21.0,2026-09-05 16:37:06
India,Chandigarh,Chandigarh,"Sector-25, Chandigarh - CPCC",05-09-2026 21:00:00,30.751462,76.762879,NH3,10.0,15.0,12.0,2026-09-05 16:37:06
India,Chandigarh,Chandigarh,"Sector-25, Chandigarh - CPCC",05-09-2026 21:00:00,30.751462,76.762879,SO2,5.0,9.0,6.0,2026-09-05 16:37:06
India,Chandigarh,Chandigarh,"Sector-53, Chandigarh - CPCC",05-09-2026 21:00:00,30.719859,76.738637,NH3,2.0,5.0,4.0,2026-09-05 16:37:06
India,Chhattisgarh,Bhilai,"Civic Center, Bhilai - Bhilai Steel Plant",05-09-2026 21:00:00,21.185571,81.343175,OZONE,11.0,12.0,11.0,2026-09-05 16:37:06
India,Chhattisgarh,Bhilai,"Hathkhoj, Bhilai - CECB",05-09-2026 21:00:00,21.224231,81.40835,CO,13.0,37.0,21.0,2026-09-05 16:37:06
India,Chhattisgarh,Bilaspur,"Mangala, Bilaspur - NTPC",05-09-2026 21:00:00,22.08815,82.13737,PM10,27.0,68.0,46.0,2026-09-05 16:37:06
India,Chhattisgarh,Bilaspur,"Mangala, Bilaspur - NTPC",05-09-2026 21:00:00,22.08815,82.13737,CO,28.0,42.0,34.0,2026-09-05 16:37:06
India,Chhattisgarh,Bilaspur,"Mangala, Bilaspur - NTPC",05-09-2026 21:00:00,22.08815,82.13737,OZONE,,,,2026-09-05 16:37:06
India,Chhattisgarh,Chhal,"Nawapara SECL Colony, Chhal - CECB",05-09-2026 21:00:00,22.118125,83.140608,PM10,30.0,156.0,74.0,2026-09-05 16:37:06
India,Chhattisgarh,Korba,"Urja Nagar, Korba - CECB",05-09-2026 21:00:00,22.348441,82.549611,NH3,1.0,1.0,1.0,2026-09-05 16:37:06
India,Chhattisgarh,Korba,"Urja Nagar, Korba - CECB",05-09-2026 21:00:00,22.348441,82.549611,CO,16.0,23.0,19.0,2026-09-05 16:37:06
India,Chhattisgarh,Korba,"Rampur, Korba - CECB",05-09-2026 21:00:00,22.368195,82.746431,PM2.5,10.0,40.0,21.0,2026-09-05 16:37:06
India,Chhattisgarh,Korba,"Rampur, Korba - CECB",05-09-2026 21:00:00,22.368195,82.746431,PM10,12.0,45.0,25.0,2026-09-05 16:37:06
India,Chhattisgarh,Kunjemura,"OP Jindal School, Kunjemura - CECB",05-09-2026 21:00:00,22.12665,83.483212,PM10,19.0,154.0,66.0,2026-09-05 16:37:06
India,Assam,Nagaon,"Christianpatty, Nagaon - PCBA",05-09-2026 21:00:00,26.349082,92.68449,PM2.5,54.0,73.0,63.0,2026-09-05 16:37:06
India,Assam,Nagaon,"Christianpatty, Nagaon - PCBA",05-09-2026 21:00:00,26.349082,92.68449,PM10,48.0,67.0,57.0,2026-09-05 16:37:06
India,Assam,Nagaon,"Christianpatty, Nagaon - PCBA",05-09-2026 21:00:00,26.349082,92.68449,CO,11.0,28.0,23.0,2026-09-05 16:37:06
India,Assam,Silchar,"Tarapur, Silchar - PCBA",05-09-2026 21:00:00,24.82827,92.79525,PM2.5,37.0,39.0,38.0,2026-09-05 16:37:06
India,Assam,Sivasagar,"Girls College, Sivasagar - PCBA",05-09-2026 21:00:00,26.987634,94.636574,PM10,26.0,38.0,32.0,2026-09-05 16:37:06
India,Bihar,Arrah,"New DM Office, Arrah - BSPCB",05-09-2026 21:00:00,25.5626095,84.663264,PM2.5,,,,2026-09-05 16:37:06
India,Bihar,Arrah,"New DM Office, Arrah - BSPCB",05-09-2026 21:00:00,25.5626095,84.663264,PM10,,,,2026-09-05 16:37:06
India,Bihar,Arrah,"New DM Office, Arrah - BSPCB",05-09-2026 21:00:00,25.5626095,84.663264,NH3,,,,2026-09-05 16:37:06
India,Bihar,Arrah,"New DM Office, Arrah - BSPCB",05-09-2026 21:00:00,25.5626095,84.663264,SO2,,,,2026-09-05 16:37:06
India,Bihar,Begusarai,"Lohiyanagar, Begusarai - BSPCB",05-09-2026 21:00:00,25.42742023,86.13886079,PM10,94.0,178.0,134.0,2026-09-05 16:37:06
India,Bihar,Begusarai,"Lohiyanagar, Begusarai - BSPCB",05-09-2026 21:00:00,25.42742023,86.13886079,SO2,17.0,20.0,19.0,2026-09-05 16:37:06
India,Bihar,Bettiah,"Kamalnath Nagar, Bettiah - BSPCB",05-09-2026 21:00:00,26.80365,84.51954,OZONE,15.0,31.0,23.0,2026-09-05 16:37:06
India,Bihar,Bhagalpur,"Mayaganj, Bhagalpur - BSPCB",05-09-2026 21:00:00,25.265194,87.012947,SO2,2.0,44.0,30.0,2026-09-05 16:37:06
India,Bihar,Bhagalpur,"DM Office_Kachari Chowk, Bhagalpur - BSPCB",05-09-2026 21:00:00,25.251013,86.989001,PM2.5,10.0,500.0,159.0,2026-09-05 16:37:06
India,Bihar,Bhagalpur,"DM Office_Kachari Chowk, Bhagalpur - BSPCB",05-09-2026 21:00:00,25.251013,86.989001,CO,27.0,30.0,28.0,2026-09-05 16:37:06
India,Bihar,Bihar Sharif,"D M Colony, Bihar Sharif - BSPCB",05-09-2026 21:00:00,25.204762,85.51496,NO2,,,,2026-09-05 16:37:06
India,Bihar,Bihar Sharif,"D M Colony, Bihar Sharif - BSPCB",05-09-2026 21:00:00,25.204762,85.51496,SO2,1.0,86.0,33.0,2026-09-05 16:37:06
India,Chhattisgarh,Milupara,"Govt. Higher Secondary School, Milupara - CECB",05-09-2026 21:00:00,22.1910172,83.5197009,PM2.5,,,,2026-09-05 16:37:06
India,Chhattisgarh,Raipur,"Krishak Nagar, Raipur - CECB",05-09-2026 21:00:00,21.237755,81.705301,SO2,6.0,10.0,9.0,2026-09-05 16:37:06
India,Chhattisgarh,Raipur,"Bhatagaon New ISBT, Raipur - CECB",05-09-2026 21:00:00,21.219665,81.630094,SO2,3.0,4.0,3.0,2026-09-05 16:37:06
India,Chhattisgarh,Raipur,"Siltara Phase-II, Raipur - CECB",05-09-2026 21:00:00,21.371751,81.664929,PM10,30.0,83.0,57.0,2026-09-05 16:37:06
India,Chhattisgarh,Raipur,"Siltara Phase-II, Raipur - CECB",05-09-2026 21:00:00,21.371751,81.664929,NH3,2.0,2.0,2.0,2026-09-05 16:37:06
India,Chhattisgarh,Raipur,"Siltara Phase-II, Raipur - CECB",05-09-2026 21:00:00,21.371751,81.664929,CO,17.0,17.0,17.0,2026-09-05 16:37:06
India,Chhattisgarh,Raipur,"Siltara Phase-II, Raipur - CECB",05-09-2026 21:00:00,21.371751,81.664929,OZONE,2.0,4.0,3.0,2026-09-05 16:37:06
India,Chhattisgarh,Raipur,"AIIMS, Raipur - CECB",05-09-2026 21:00:00,21.258815,81.578979,NH3,2.0,2.0,2.0,2026-09-05 16:37:06
India,Chhattisgarh,Tumidih,"OP Jindal Industrial Park, Tumidih - CECB",05-09-2026 21:00:00,22.06631475,83.33820077,OZONE,6.0,8.0,7.0,2026-09-05 16:37:06
India,Delhi,Delhi,"ITO, Delhi - CPCB",05-09-2026 21:00:00,28.628624,77.24106,PM10,20.0,78.0,45.0,2026-09-05 16:37:06
India,Delhi,Delhi,"ITO, Delhi - CPCB",05-09-2026 21:00:00,28.628624,77.24106,SO2,8.0,43.0,24.0,2026-09-05 16:37:06
India,Delhi,Delhi,"Narela, Delhi - DPCC",05-09-2026 21:00:00,28.822836,77.101981,NH3,5.0,10.0,7.0,2026-09-05 16:37:06
India,Delhi,Delhi,"Narela, Delhi - DPCC",05-09-2026 21:00:00,28.822836,77.101981,SO2,7.0,11.0,9.0,2026-09-05 16:37:06
India,Delhi,Delhi,"Cantonment Area, Delhi - DPCC",05-09-2026 21:00:00,28.594169,77.1251,SO2,4.0,6.0,5.0,2026-09-05 16:37:06
India,Delhi,Delhi,"Sonia Vihar, Delhi - DPCC",05-09-2026 21:00:00,28.710508,77.249485,PM10,12.0,50.0,34.0,2026-09-05 16:37:06
India,Delhi,Delhi,"Bawana, Delhi - DPCC",05-09-2026 21:00:00,28.7762,77.051074,CO,44.0,51.0,47.0,2026-09-05 16:37:06
India,Delhi,Delhi,"Wazirpur, Delhi - DPCC",05-09-2026 21:00:00,28.699793,77.165453,OZONE,5.0,9.0,7.0,2026-09-05 16:37:06
India,Delhi,Delhi,"NSUT Jaffarpur, Delhi - DPCC",05-09-2026 21:00:00,28.594004,76.909423,PM2.5,30.0,54.0,43.0,2026-09-05 16:37:06
India,Delhi,Delhi,"NSUT Jaffarpur, Delhi - DPCC",05-09-2026 21:00:00,28.594004,76.909423,NO2,9.0,48.0,21.0,2026-09-05 16:37:06
India,Delhi,Delhi,"Mundka, Delhi - DPCC",05-09-2026 21:00:00,28.684678,77.076574,CO,40.0,56.0,48.0,2026-09-05 16:37:06
India,Delhi,Delhi,"Ashok Vihar, Delhi - DPCC",05-09-2026 21:00:00,28.695381,77.181665,PM10,28.0,55.0,40.0,2026-09-05 16:37:06
India,Delhi,Delhi,"Ashok Vihar, Delhi - DPCC",05-09-2026 21:00:00,28.695381,77.181665,CO,37.0,106.0,74.0,2026-09-05 16:37:06
India,Delhi,Delhi,"Ashok Vihar, Delhi - DPCC",05-09-2026 21:00:00,28.695381,77.181665,OZONE,5.0,7.0,6.0,2026-09-05 16:37:06
India,Delhi,Delhi,"Anand Vihar, Delhi - DPCC",05-09-2026 21:00:00,28.647622,77.315809,PM2.5,2.0,2.0,2.0,2026-09-05 16:37:06
India,Delhi,Delhi,"Anand Vihar, Delhi - DPCC",05-09-2026 21:00:00,28.647622,77.315809,NO2,8.0,38.0,18.0,2026-09-05 16:37:06
India,Delhi,Delhi,"Shadipur, Delhi - CPCB",05-09-2026 21:00:00,28.6514781,77.1473105,CO,45.0,69.0,52.0,2026-09-05 16:37:06
India,Delhi,Delhi,"Mandir Marg, Delhi - DPCC",05-09-2026 21:00:00,28.636429,77.201067,OZONE,2.0,6.0,4.0,2026-09-05 16:37:06
India,Delhi,Delhi,"Pusa, Delhi - DPCC",05-09-2026 21:00:00,28.639652,77.146275,PM2.5,3.0,67.0,32.0,2026-09-05 16:37:06
India,Delhi,Delhi,"Pusa, Delhi - DPCC",05-09-2026 21:00:00,28.639652,77.146275,NH3,4.0,7.0,6.0,2026-09-05 16:37:06
India,Delhi,Delhi,"Sirifort, Delhi - CPCB",05-09-2026 21:00:00,28.5504249,77.2159377,PM2.5,37.0,95.0,59.0,2026-09-05 16:37:06
India,Delhi,Delhi,"Sirifort, Delhi - CPCB",05-09-2026 21:00:00,28.5504249,77.2159377,NO2,48.0,61.0,54.0,2026-09-05 16:37:06
India,Delhi,Delhi,"Sirifort, Delhi - CPCB",05-09-2026 21:00:00,28.5504249,77.2159377,SO2,43.0,44.0,43.0,2026-09-05 16:37:06
India,Delhi,Delhi,"Sirifort, Delhi - CPCB",05-09-2026 21:00:00,28.5504249,77.2159377,CO,25.0,31.0,29.0,2026-09-05 16:37:06
India,Delhi,Delhi,"Chandni Chowk, Delhi - IITM",05-09-2026 21:00:00,28.656756,77.227234,NO2,9.0,17.0,12.0,2026-09-05 16:37:06
India,Bihar,Muzaffarpur,"MIT-Daudpur Kothi, Muzaffarpur - BSPCB",05-09-2026 21:00:00,26.1403345,85.3650192,PM10,24.0,44.0,32.0,2026-09-05 16:37:06
India,Bihar,Patna,"Rajbansi Nagar, Patna - BSPCB",05-09-2026 21:00:00,25.599486,85.113666,PM2.5,26.0,51.0,39.0,2026-09-05 16:37:06
India,Bihar,Patna,"Govt. High School Shikarpur, Patna - BSPCB",05-09-2026 21:00:00,25.592539,85.227158,PM2.5,38.0,46.0,41.0,2026-09-05 16:37:06
India,Bihar,Patna,"Govt. High School Shikarpur, Patna - BSPCB",05-09-2026 21:00:00,25.592539,85.227158,NH3,6.0,7.0,6.0,2026-09-05 16:37:06
India,Bihar,Patna,"DRM Office Danapur, Patna - BSPCB",05-09-2026 21:00:00,25.586562,85.043586,PM2.5,21.0,35.0,27.0,2026-09-05 16:37:06
India,Bihar,Patna,"DRM Office Danapur, Patna - BSPCB",05-09-2026 21:00:00,25.586562,85.043586,OZONE,16.0,326.0,84.0,2026-09-05 16:37:06
India,Bihar,Patna,"Muradpur, Patna - BSPCB",05-09-2026 21:00:00,25.619651,85.147382,NO2,4.0,4.0,4.0,2026-09-05 16:37:06
India,Bihar,Patna,"Muradpur, Patna - BSPCB",05-09-2026 21:00:00,25.619651,85.147382,SO2,8.0,9.0,9.0,2026-09-05 16:37:06
India,Bihar,Purnia,"Mariam Nagar, Purnia - BSPCB",05-09-2026 21:00:00,25.366336,87.117468,PM10,33.0,33.0,33.0,2026-09-05 16:37:06
India,Bihar,Purnia,"Mariam Nagar, Purnia - BSPCB",05-09-2026 21:00:00,25.366336,87.117468,NO2,17.0,19.0,18.0,2026-09-05 16:37:06
India,Bihar,Purnia,"Mariam Nagar, Purnia - BSPCB",05-09-2026 21:00:00,25.366336,87.117468,CO,56.0,57.0,57.0,2026-09-05 16:37:06
India,Bihar,Saharsa,"Police Line, Saharsa - BSPCB",05-09-2026 21:00:00,25.892357,86.590325,PM2.5,17.0,68.0,35.0,2026-09-05 16:37:06
India,Bihar,Saharsa,"Police Line, Saharsa - BSPCB",05-09-2026 21:00:00,25.892357,86.590325,SO2,17.0,20.0,19.0,2026-09-05 16:37:06
India,Bihar,Sasaram,"Dada Peer, Sasaram - BSPCB",05-09-2026 21:00:00,24.952822,84.002396,PM10,1.0,91.0,31.0,2026-09-05 16:37:06
India,Bihar,Chhapra,"Darshan Nagar, Chhapra - BSPCB",05-09-2026 21:00:00,25.7808257,84.7446768,OZONE,1.0,3.0,2.0,2026-09-05 16:37:06
India,Bihar,Gaya,"SFTI Kusdihra, Gaya - BSPCB",05-09-2026 21:00:00,24.762518,84.982348,CO,19.0,44.0,28.0,2026-09-05 16:37:06
India,Bihar,Gaya,"SFTI Kusdihra, Gaya - BSPCB",05-09-2026 21:00:00,24.762518,84.982348,OZONE,12.0,25.0,19.0,2026-09-05 16:37:06
India,Bihar,Hajipur,"Industrial Area, Hajipur - BSPCB",05-09-2026 21:00:00,25.697189,85.2459,OZONE,16.0,45.0,28.0,2026-09-05 16:37:06
India,Bihar,Katihar,"Mirchaibari, Katihar - BSPCB",05-09-2026 21:00:00,25.560083,87.553265,PM2.5,17.0,45.0,32.0,2026-09-05 16:37:06
India,Bihar,Kishanganj,"SDM Office_Khagra, Kishanganj - BSPCB",05-09-2026 21:00:00,26.0881305,87.93840336,PM2.5,40.0,67.0,52.0,2026-09-05 16:37:06
India,Bihar,Kishanganj,"SDM Office_Khagra, Kishanganj - BSPCB",05-09-2026 21:00:00,26.0881305,87.93840336,PM10,33.0,52.0,42.0,2026-09-05 16:37:06
India,Bihar,Manguraha,"Forest Rest House, Manguraha - BSPCB",05-09-2026 21:00:00,27.308328,84.531742,PM10,56.0,176.0,95.0,2026-09-05 16:37:06
India,Bihar,Manguraha,"Forest Rest House, Manguraha - BSPCB",05-09-2026 21:00:00,27.308328,84.531742,SO2,13.0,48.0,23.0,2026-09-05 16:37:06
India,Bihar,Munger,"Town Hall, Munger - BSPCB",05-09-2026 21:00:00,25.376776,86.471523,PM2.5,12.0,321.0,124.0,2026-09-05 16:37:06
India,Bihar,Muzaffarpur,"Buddha Colony, Muzaffarpur - BSPCB",05-09-2026 21:00:00,26.11442,85.39813,NH3,12.0,16.0,14.0,2026-09-05 16:37:06
India,Bihar,Muzaffarpur,"Buddha Colony, Muzaffarpur - BSPCB",05-09-2026 21:00:00,26.11442,85.39813,SO2,3.0,6.0,4.0,2026-09-05 16:37:06
India,Delhi,Delhi,"Vivek Vihar, Delhi - DPCC",05-09-2026 21:00:00,28.672342,77.31526,SO2,4.0,8.0,6.0,2026-09-05 16:37:06
India,Delhi,Delhi,"IHBAS, Dilshad Garden, Delhi - CPCB",05-09-2026 21:00:00,28.6811736,77.3025234,CO,30.0,48.0,38.0,2026-09-05 16:37:06
India,Delhi,Delhi,"IHBAS, Dilshad Garden, Delhi - CPCB",05-09-2026 21:00:00,28.6811736,77.3025234,OZONE,8.0,26.0,18.0,2026-09-05 16:37:06
India,Delhi,Delhi,"Sri Aurobindo Marg, Delhi - DPCC",05-09-2026 21:00:00,28.531346,77.190156,NH3,0.0,1.0,1.0,2026-09-05 16:37:06
India,Delhi,Delhi,"Sri Aurobindo Marg, Delhi - DPCC",05-09-2026 21:00:00,28.531346,77.190156,OZONE,5.0,14.0,10.0,2026-09-05 16:37:06
India,Delhi,Delhi,"Nehru Nagar, Delhi - DPCC",05-09-2026 21:00:00,28.56789,77.250515,NH3,4.0,6.0,5.0,2026-09-05 16:37:06
India,Delhi,Delhi,"Patparganj, Delhi - DPCC",05-09-2026 21:00:00,28.623763,77.287209,NO2,12.0,40.0,24.0,2026-09-05 16:37:06
India,Delhi,Delhi,"Patparganj, Delhi - DPCC",05-09-2026 21:00:00,28.623763,77.287209,NH3,8.0,13.0,10.0,2026-09-05 16:37:06
India,Delhi,Delhi,"Patparganj, Delhi - DPCC",05-09-2026 21:00:00,28.623763,77.287209,SO2,0.0,5.0,3.0,2026-09-05 16:37:06
India,Delhi,Delhi,"Patparganj, Delhi - DPCC",05-09-2026 21:00:00,28.623763,77.287209,OZONE,6.0,15.0,13.0,2026-09-05 16:37:06
India,Delhi,Delhi,"Jawaharlal Nehru Stadium, Delhi - DPCC",05-09-2026 21:00:00,28.58028,77.233829,PM10,8.0,47.0,33.0,2026-09-05 16:37:06
India,Delhi,Delhi,"Jawaharlal Nehru Stadium, Delhi - DPCC",05-09-2026 21:00:00,28.58028,77.233829,NO2,9.0,31.0,19.0,2026-09-05 16:37:06
India,Delhi,Delhi,"Jawaharlal Nehru Stadium, Delhi - DPCC",05-09-2026 21:00:00,28.58028,77.233829,CO,83.0,139.0,114.0,2026-09-05 16:37:06
India,Delhi,Delhi,"Najafgarh, Delhi - DPCC",05-09-2026 21:00:00,28.570173,76.933762,CO,24.0,40.0,31.0,2026-09-05 16:37:06
India,Andhra Pradesh,Kakinada,"Rama Rao Peta, Kakinada - APPCB",05-09-2026 21:00:00,16.962488,82.229513,PM10,21.0,58.0,36.0,2026-09-05 16:37:06
India,Andhra Pradesh,Kakinada,"Rama Rao Peta, Kakinada - APPCB",05-09-2026 21:00:00,16.962488,82.229513,CO,10.0,31.0,21.0,2026-09-05 16:37:06
India,Andhra Pradesh,Kurnool,"Sita Rama Nagar, Kurnool - APPCB",05-09-2026 21:00:00,15.83411,78.028546,OZONE,14.0,33.0,25.0,2026-09-05 16:37:06
India,Andhra Pradesh,Machilipatnam,"Srinivas Nagar Colony, Machilipatnam - APPCB",05-09-2026 21:00:00,16.186555,81.13219,SO2,2.0,19.0,11.0,2026-09-05 16:37:06
India,Andhra Pradesh,Nellore,"Ambedkar Nagar, Nellore - APPCB ",05-09-2026 21:00:00,14.438164,79.966814,NO2,32.0,34.0,33.0,2026-09-05 16:37:06
India,Andhra Pradesh,Rajamahendravaram,"Anand Kala Kshetram, Rajamahendravaram - APPCB",05-09-2026 21:00:00,16.9872867,81.7363176,CO,11.0,32.0,21.0,2026-09-05 16:37:06
India,Andhra Pradesh,Tirumala,"Toll Gate, Tirumala - APPCB",05-09-2026 21:00:00,13.67,79.35,PM2.5,15.0,53.0,30.0,2026-09-05 16:37:06
India,Andhra Pradesh,Tirupati,"Vaikuntapuram, Tirupati - APPCB",05-09-2026 21:00:00,13.615387,79.40923,PM2.5,48.0,52.0,50.0,2026-09-05 16:37:06
India,Andhra Pradesh,Vijayawada,"HB Colony, Vijayawada - APPCB",05-09-2026 21:00:00,16.536107,80.594233,NH3,4.0,6.0,5.0,2026-09-05 16:37:06
India,Andhra Pradesh,Amaravati,"Secretariat, Amaravati - APPCB",05-09-2026 21:00:00,16.5150833,80.5181667,NH3,4.0,8.0,6.0,2026-09-05 16:37:06
India,Andhra Pradesh,Amaravati,"Secretariat, Amaravati - APPCB",05-09-2026 21:00:00,16.5150833,80.5181667,CO,11.0,22.0,15.0,2026-09-05 16:37:06
India,Andhra Pradesh,Anantapur,"Gulzarpet, Anantapur - APPCB",05-09-2026 21:00:00,14.675886,77.593027,NO2,16.0,23.0,18.0,2026-09-05 16:37:06
India,Andhra Pradesh,Chittoor,"Gangineni Cheruvu, Chittoor - APPCB",05-09-2026 21:00:00,13.20488,79.097889,PM10,,,,2026-09-05 16:37:06
India,Andhra Pradesh,Chittoor,"Gangineni Cheruvu, Chittoor - APPCB",05-09-2026 21:00:00,13.20488,79.097889,OZONE,33.0,36.0,35.0,2026-09-05 16:37:06
India,Andhra Pradesh,Eluru,"District Court, Eluru - APPCB",05-09-2026 21:00:00,16.711754,81.092095,PM2.5,45.0,58.0,50.0,2026-09-05 16:37:06
India,Andhra Pradesh,Eluru,"District Court, Eluru - APPCB",05-09-2026 21:00:00,16.711754,81.092095,SO2,8.0,13.0,9.0,2026-09-05 16:37:06
India,Andhra Pradesh,Eluru,"District Court, Eluru - APPCB",05-09-2026 21:00:00,16.711754,81.092095,OZONE,19.0,40.0,29.0,2026-09-05 16:37:06
India,Andhra Pradesh,Guntur,"Rajendra Nagar North, Guntur - APPCB",05-09-2026 21:00:00,16.316553,80.413302,PM2.5,45.0,73.0,55.0,2026-09-05 16:37:06
India,Andhra Pradesh,Guntur,"Rajendra Nagar North, Guntur - APPCB",05-09-2026 21:00:00,16.316553,80.413302,PM10,49.0,80.0,60.0,2026-09-05 16:37:06
India,Andhra Pradesh,Guntur,"Rajendra Nagar North, Guntur - APPCB",05-09-2026 21:00:00,16.316553,80.413302,OZONE,14.0,46.0,27.0,2026-09-05 16:37:06
India,Andhra Pradesh,Vijayawada,"Rajiv Gandhi Park, Vijayawada - APPCB",05-09-2026 21:00:00,16.509717,80.612222,PM2.5,49.0,72.0,60.0,2026-09-05 16:37:06
India,Andhra Pradesh,Visakhapatnam,"GVM Corporation, Visakhapatnam - APPCB",05-09-2026 21:00:00,17.72,83.3,SO2,1.0,112.0,28.0,2026-09-05 16:37:06
India,Arunachal Pradesh,Naharlagun,"Naharlagun, Naharlagun - APSPCB",05-09-2026 21:00:00,27.103358,93.679645,PM10,3.0,59.0,27.0,2026-09-05 16:37:06
India,Arunachal Pradesh,Naharlagun,"Naharlagun, Naharlagun - APSPCB",05-09-2026 21:00:00,27.103358,93.679645,SO2,11.0,12.0,11.0,2026-09-05 16:37:06
India,Arunachal Pradesh,Naharlagun,"Naharlagun, Naharlagun - APSPCB",05-09-2026 21:00:00,27.103358,93.679645,OZONE,7.0,7.0,7.0,2026-09-05 16:37:06
India,Assam,Byrnihat,"Central Academy for SFS, Byrnihat - PCBA",05-09-2026 21:00:00,26.071318,91.87488,NO2,6.0,9.0,8.0,2026-09-05 16:37:06
India,Assam,Byrnihat,"Central Academy for SFS, Byrnihat - PCBA",05-09-2026 21:00:00,26.071318,91.87488,OZONE,18.0,32.0,22.0,2026-09-05 16:37:06
India,Assam,Guwahati,"IITG, Guwahati - PCBA",05-09-2026 21:00:00,26.2028636,91.70046436,PM2.5,4.0,19.0,12.0,2026-09-05 16:37:06
India,Assam,Guwahati,"IITG, Guwahati - PCBA",05-09-2026 21:00:00,26.2028636,91.70046436,OZONE,4.0,20.0,14.0,2026-09-05 16:37:06
India,Haryana,Mandikhera,"General Hospital, Mandikhera(Nuh) - HSPCB",05-09-2026 21:00:00,27.9002,76.9938,PM10,,,,2026-09-05 16:37:06
India,Haryana,Manesar,"Sector-2 IMT, Manesar - HSPCB",05-09-2026 21:00:00,28.360699,76.93609,PM2.5,,,,2026-09-05 16:37:06
India,Haryana,Manesar,"Sector-2 IMT, Manesar - HSPCB",05-09-2026 21:00:00,28.360699,76.93609,PM10,,,,2026-09-05 16:37:06
India,Haryana,Manesar,"Sector-2 IMT, Manesar - HSPCB",05-09-2026 21:00:00,28.360699,76.93609,SO2,,,,2026-09-05 16:37:06
India,Haryana,Manesar,"Sector-2 IMT, Manesar - HSPCB",05-09-2026 21:00:00,28.360699,76.93609,CO,6.0,22.0,15.0,2026-09-05 16:37:06
India,Haryana,Narnaul,"Shastri Nagar, Narnaul - HSPCB",05-09-2026 21:00:00,28.060249,76.113115,OZONE,15.0,64.0,41.0,2026-09-05 16:37:06
India,Haryana,Palwal,"Shyam Nagar, Palwal - HSPCB",05-09-2026 21:00:00,28.1485564,77.3320667,SO2,4.0,26.0,15.0,2026-09-05 16:37:06
India,Haryana,Panchgaon,"Amity University, Panchgaon - IITM",05-09-2026 21:00:00,28.3153,76.9143,SO2,5.0,24.0,15.0,2026-09-05 16:37:06
India,Haryana,Panchgaon,"Amity University, Panchgaon - IITM",05-09-2026 21:00:00,28.3153,76.9143,OZONE,34.0,69.0,52.0,2026-09-05 16:37:06
India,Haryana,Panchkula,"Sector-6, Panchkula - HSPCB ",05-09-2026 21:00:00,30.7057778,76.8531805555555,PM2.5,14.0,43.0,24.0,2026-09-05 16:37:06
India,Haryana,Rohtak,"MD University, Rohtak - HSPCB",05-09-2026 21:00:00,28.52123,76.37138,PM2.5,7.0,31.0,22.0,2026-09-05 16:37:06
India,Haryana,Rohtak,"MD University, Rohtak - HSPCB",05-09-2026 21:00:00,28.52123,76.37138,PM10,9.0,37.0,26.0,2026-09-05 16:37:06
India,Haryana,Rohtak,"MD University, Rohtak - HSPCB",05-09-2026 21:00:00,28.52123,76.37138,OZONE,16.0,46.0,32.0,2026-09-05 16:37:06
India,Haryana,Sirsa,"F-Block, Sirsa - HSPCB",05-09-2026 21:00:00,29.5364,75.0158,SO2,31.0,65.0,40.0,2026-09-05 16:37:06
India,Haryana,Sirsa,"F-Block, Sirsa - HSPCB",05-09-2026 21:00:00,29.5364,75.0158,CO,78.0,101.0,92.0,2026-09-05 16:37:06
India,Haryana,Sonipat,"Murthal, Sonipat - HSPCB",05-09-2026 21:00:00,29.0272,77.0621,SO2,41.0,45.0,44.0,2026-09-05 16:37:06
India,Haryana,Yamuna Nagar,"Gobind Pura, Yamuna Nagar - HSPCB",05-09-2026 21:00:00,30.1480566,77.2893471,PM10,66.0,109.0,85.0,2026-09-05 16:37:06
India,Haryana,Yamuna Nagar,"Gobind Pura, Yamuna Nagar - HSPCB",05-09-2026 21:00:00,30.1480566,77.2893471,NH3,1.0,6.0,4.0,2026-09-05 16:37:06
India,Himachal Pradesh,Baddi,"HIMUDA Complex Phase-1, Baddi - HPPCB",05-09-2026 21:00:00,30.943887,76.801991,PM2.5,2.0,197.0,64.0,2026-09-05 16:37:06
India,Haryana,Faridabad,"New Industrial Town, Faridabad - HSPCB",05-09-2026 21:00:00,28.39072,77.30059,NO2,23.0,26.0,25.0,2026-09-05 16:37:06
India,Haryana,Faridabad,"New Industrial Town, Faridabad - HSPCB",05-09-2026 21:00:00,28.39072,77.30059,SO2,4.0,10.0,6.0,2026-09-05 16:37:06
India,Haryana,Faridabad,"Sector 11, Faridabad - HSPCB",05-09-2026 21:00:00,28.376058,77.315741,PM2.5,,,,2026-09-05 16:37:06
India,Haryana,Faridabad,"Sector 30, Faridabad - HSPCB",05-09-2026 21:00:00,28.4417,77.3217,PM10,48.0,136.0,72.0,2026-09-05 16:37:06
India,Haryana,Faridabad,"Sector 30, Faridabad - HSPCB",05-09-2026 21:00:00,28.4417,77.3217,OZONE,34.0,70.0,45.0,2026-09-05 16:37:06
India,Haryana,Fatehabad,"Huda Sector, Fatehabad - HSPCB",05-09-2026 21:00:00,29.503664,75.467934,NO2,18.0,21.0,19.0,2026-09-05 16:37:06
India,Haryana,Fatehabad,"Huda Sector, Fatehabad - HSPCB",05-09-2026 21:00:00,29.503664,75.467934,CO,45.0,52.0,47.0,2026-09-05 16:37:06
India,Haryana,Gurugram,"Teri Gram, Gurugram - HSPCB",05-09-2026 21:00:00,28.4275,77.1465,PM10,87.0,146.0,111.0,2026-09-05 16:37:06
India,Haryana,Gurugram,"Teri Gram, Gurugram - HSPCB",05-09-2026 21:00:00,28.4275,77.1465,NH3,11.0,20.0,14.0,2026-09-05 16:37:06
India,Haryana,Gurugram,"Teri Gram, Gurugram - HSPCB",05-09-2026 21:00:00,28.4275,77.1465,OZONE,9.0,44.0,21.0,2026-09-05 16:37:06
India,Haryana,Gurugram,"Sector-51, Gurugram - HSPCB",05-09-2026 21:00:00,28.4227,77.0667,PM2.5,35.0,68.0,50.0,2026-09-05 16:37:06
India,Haryana,Gurugram,"Sector-51, Gurugram - HSPCB",05-09-2026 21:00:00,28.4227,77.0667,NO2,23.0,66.0,40.0,2026-09-05 16:37:06
India,Haryana,Gurugram,"Sector-51, Gurugram - HSPCB",05-09-2026 21:00:00,28.4227,77.0667,CO,14.0,26.0,21.0,2026-09-05 16:37:06
India,Haryana,Hisar,"Urban Estate-II, Hisar - HSPCB",05-09-2026 21:00:00,29.14056,75.744941,CO,12.0,16.0,15.0,2026-09-05 16:37:06
India,Haryana,Jind,"Police Lines, Jind - HSPCB",05-09-2026 21:00:00,29.307814,76.337619,NO2,12.0,14.0,13.0,2026-09-05 16:37:06
India,Haryana,Kaithal,"Rishi Nagar, Kaithal - HSPCB",05-09-2026 21:00:00,29.8006,76.4155,PM10,89.0,109.0,100.0,2026-09-05 16:37:06
India,Haryana,Karnal,"Sector-12, Karnal - HSPCB",05-09-2026 21:00:00,29.6953,77.0027,PM10,29.0,45.0,35.0,2026-09-05 16:37:06
India,Haryana,Karnal,"Sector-12, Karnal - HSPCB",05-09-2026 21:00:00,29.6953,77.0027,SO2,12.0,13.0,13.0,2026-09-05 16:37:06
India,Haryana,Kurukshetra,"Sector-7, Kurukshetra - HSPCB",05-09-2026 21:00:00,29.966942,76.875879,PM10,35.0,84.0,60.0,2026-09-05 16:37:06
India,Delhi,Delhi,"Burari Crossing, Delhi - IITM",05-09-2026 21:00:00,28.7256504,77.2011573,NH3,,,,2026-09-05 16:37:06
India,Delhi,Delhi,"Burari Crossing, Delhi - IITM",05-09-2026 21:00:00,28.7256504,77.2011573,OZONE,5.0,43.0,27.0,2026-09-05 16:37:06
India,Delhi,Delhi,"IMD Lodhi Road, Delhi - IITM",05-09-2026 21:00:00,28.5918245,77.2273074,SO2,,,,2026-09-05 16:37:06
India,Delhi,Delhi,"IMD Lodhi Road, Delhi - IITM",05-09-2026 21:00:00,28.5918245,77.2273074,OZONE,14.0,31.0,21.0,2026-09-05 16:37:06
India,Delhi,Delhi,"JNU, Delhi - DPCC",05-09-2026 21:00:00,28.540721,77.168544,OZONE,11.0,13.0,12.0,2026-09-05 16:37:06
India,Delhi,Delhi,"R K Puram, Delhi - DPCC",05-09-2026 21:00:00,28.563262,77.186937,PM2.5,,,,2026-09-05 16:37:06
India,Delhi,Delhi,"R K Puram, Delhi - DPCC",05-09-2026 21:00:00,28.563262,77.186937,PM10,,,,2026-09-05 16:37:06
India,Delhi,Delhi,"R K Puram, Delhi - DPCC",05-09-2026 21:00:00,28.563262,77.186937,CO,52.0,65.0,56.0,2026-09-05 16:37:06
India,Gujarat,Ahmedabad,"SVPI Airport Hansol, Ahmedabad - IITM",05-09-2026 21:00:00,23.076793,72.627874,PM10,64.0,128.0,97.0,2026-09-05 16:37:06
India,Gujarat,Ahmedabad,"SVPI Airport Hansol, Ahmedabad - IITM",05-09-2026 21:00:00,23.076793,72.627874,NO2,8.0,42.0,18.0,2026-09-05 16:37:06
India,Gujarat,Ahmedabad,"Rakhial, Ahmedabad - IITM",05-09-2026 21:00:00,23.016834,72.625775,SO2,13.0,16.0,15.0,2026-09-05 16:37:06
India,Gujarat,Ahmedabad,"Maninagar, Ahmedabad - GPCB",05-09-2026 21:00:00,23.002657,72.591912,PM2.5,20.0,178.0,67.0,2026-09-05 16:37:06
India,Gujarat,Ahmedabad,"Maninagar, Ahmedabad - GPCB",05-09-2026 21:00:00,23.002657,72.591912,NO2,23.0,43.0,36.0,2026-09-05 16:37:06
India,Gujarat,Ahmedabad,"Chandkheda, Ahmedabad - IITM",05-09-2026 21:00:00,23.107969,72.574648,PM10,54.0,112.0,82.0,2026-09-05 16:37:06
India,Gujarat,Ahmedabad,"Chandkheda, Ahmedabad - IITM",05-09-2026 21:00:00,23.107969,72.574648,OZONE,5.0,11.0,8.0,2026-09-05 16:37:06
India,Gujarat,Ahmedabad,"SAC ISRO Bopal, Ahmedabad - IITM",05-09-2026 21:00:00,23.041137,72.456691,NO2,,,,2026-09-05 16:37:06
India,Gujarat,Ahmedabad,"SAC ISRO Bopal, Ahmedabad - IITM",05-09-2026 21:00:00,23.041137,72.456691,NH3,,,,2026-09-05 16:37:06
India,Gujarat,Ahmedabad,"SAC ISRO Bopal, Ahmedabad - IITM",05-09-2026 21:00:00,23.041137,72.456691,SO2,2.0,4.0,3.0,2026-09-05 16:37:06
India,Gujarat,Ahmedabad,"Gyaspur, Ahmedabad - IITM",05-09-2026 21:00:00,22.977134,72.553024,NH3,4.0,6.0,4.0,2026-09-05 16:37:06
India,Gujarat,Ahmedabad,"Gyaspur, Ahmedabad - IITM",05-09-2026 21:00:00,22.977134,72.553024,SO2,5.0,17.0,11.0,2026-09-05 16:37:06
India,Gujarat,Ahmedabad,"Raikhad, Ahmedabad - IITM",05-09-2026 21:00:00,23.020509,72.579261,PM2.5,22.0,64.0,42.0,2026-09-05 16:37:06
India,Gujarat,Ahmedabad,"Raikhad, Ahmedabad - IITM",05-09-2026 21:00:00,23.020509,72.579261,PM10,51.0,110.0,72.0,2026-09-05 16:37:06
India,Gujarat,Ahmedabad,"Raikhad, Ahmedabad - IITM",05-09-2026 21:00:00,23.020509,72.579261,SO2,8.0,17.0,11.0,2026-09-05 16:37:06
India,Gujarat,Ankleshwar,"GIDC, Ankleshwar - GPCB",05-09-2026 21:00:00,21.613267,73.010555,PM2.5,30.0,62.0,43.0,2026-09-05 16:37:06
India,Gujarat,Gandhinagar,"Sector-10, Gandhinagar - GPCB",05-09-2026 21:00:00,23.221714,72.654328,NH3,1.0,1.0,1.0,2026-09-05 16:37:06
India,Gujarat,Gandhinagar,"IIPHG Lekawada, Gandhinagar - IITM",05-09-2026 21:00:00,23.243639,72.68994,PM2.5,30.0,64.0,45.0,2026-09-05 16:37:06
India,Gujarat,Gandhinagar,"IIPHG Lekawada, Gandhinagar - IITM",05-09-2026 21:00:00,23.243639,72.68994,PM10,54.0,82.0,66.0,2026-09-05 16:37:06
India,Gujarat,Gandhinagar,"GIFT City, Gandhinagar - IITM",05-09-2026 21:00:00,23.163798,72.677768,PM2.5,20.0,69.0,42.0,2026-09-05 16:37:06
India,Gujarat,Gandhinagar,"GIFT City, Gandhinagar - IITM",05-09-2026 21:00:00,23.163798,72.677768,NO2,13.0,44.0,18.0,2026-09-05 16:37:06
India,Gujarat,Gandhinagar,"GIFT City, Gandhinagar - IITM",05-09-2026 21:00:00,23.163798,72.677768,SO2,1.0,16.0,5.0,2026-09-05 16:37:06
India,Gujarat,Gandhinagar,"GIFT City, Gandhinagar - IITM",05-09-2026 21:00:00,23.163798,72.677768,OZONE,4.0,7.0,6.0,2026-09-05 16:37:06
India,Gujarat,Mehsana,"Sadanand Nagar, Mehsana - Nexteng Enviro",05-09-2026 21:00:00,23.59315,72.372792,PM10,28.0,85.0,52.0,2026-09-05 16:37:06
India,Gujarat,Mehsana,"Sadanand Nagar, Mehsana - Nexteng Enviro",05-09-2026 21:00:00,23.59315,72.372792,NH3,1.0,1.0,1.0,2026-09-05 16:37:06
India,Gujarat,Mehsana,"Sadanand Nagar, Mehsana - Nexteng Enviro",05-09-2026 21:00:00,23.59315,72.372792,OZONE,10.0,10.0,10.0,2026-09-05 16:37:06
India,Gujarat,Nandesari,"GIDC, Nandesari - Nandesari Ind. Association",05-09-2026 21:00:00,22.410802,73.097923,NH3,,,,2026-09-05 16:37:06
India,Gujarat,Rajkot,"Mavdi, Rajkot - Nexteng Enviro ",05-09-2026 21:00:00,22.248853,70.776774,PM10,26.0,60.0,36.0,2026-09-05 16:37:06
India,Gujarat,Surat,"Science Center, Surat - SMC",05-09-2026 21:00:00,21.170046,72.795405,NO2,3.0,11.0,6.0,2026-09-05 16:37:06
India,Gujarat,Surat,"Science Center, Surat - SMC",05-09-2026 21:00:00,21.170046,72.795405,SO2,15.0,17.0,16.0,2026-09-05 16:37:06
India,Karnataka,Bengaluru,"Shivapura_Peenya, Bengaluru - KSPCB",05-09-2026 21:00:00,13.0246342,77.5080115,OZONE,24.0,24.0,24.0,2026-09-05 16:37:06
India,Karnataka,Bengaluru,"Hebbal, Bengaluru - KSPCB",05-09-2026 21:00:00,13.029152,77.585901,PM2.5,12.0,40.0,22.0,2026-09-05 16:37:06
India,Karnataka,Bengaluru,"Silk Board, Bengaluru - KSPCB",05-09-2026 21:00:00,12.917348,77.622813,CO,26.0,85.0,55.0,2026-09-05 16:37:06
India,Karnataka,Bengaluru,"Bapuji Nagar, Bengaluru - KSPCB",05-09-2026 21:00:00,12.951913,77.539784,PM10,25.0,113.0,47.0,2026-09-05 16:37:06
India,Karnataka,Chamarajanagar,"Urban, Chamarajanagar - KSPCB",05-09-2026 21:00:00,11.55358,76.55521,NO2,15.0,35.0,27.0,2026-09-05 16:37:06
India,Karnataka,Dharwad,"Kalabhavan, Dharwad - KSPCB",05-09-2026 21:00:00,15.459706,75.008381,PM10,66.0,77.0,71.0,2026-09-05 16:37:06
India,Karnataka,Dharwad,"Kalabhavan, Dharwad - KSPCB",05-09-2026 21:00:00,15.459706,75.008381,CO,34.0,48.0,42.0,2026-09-05 16:37:06
India,Karnataka,Gadag,"Panchal Nagar, Gadag - KSPCB",05-09-2026 21:00:00,15.411456,75.638133,NO2,23.0,27.0,25.0,2026-09-05 16:37:06
India,Karnataka,Gadag,"Panchal Nagar, Gadag - KSPCB",05-09-2026 21:00:00,15.411456,75.638133,NH3,3.0,5.0,3.0,2026-09-05 16:37:06
India,Karnataka,Hubballi,"Lingaraj Nagar, Hubballi - KSPCB",05-09-2026 21:00:00,15.3714823,75.1160168,PM10,46.0,58.0,50.0,2026-09-05 16:37:06
India,Karnataka,Kalaburagi,"Mahatma Basaveswar Colony, Kalaburgi - KSPCB",05-09-2026 21:00:00,17.336318,76.847397,NH3,2.0,3.0,2.0,2026-09-05 16:37:06
India,Karnataka,Kalaburagi,"Mahatma Basaveswar Colony, Kalaburgi - KSPCB",05-09-2026 21:00:00,17.336318,76.847397,SO2,2.0,8.0,4.0,2026-09-05 16:37:06
India,Karnataka,Kalaburagi,"Mahatma Basaveswar Colony, Kalaburgi - KSPCB",05-09-2026 21:00:00,17.336318,76.847397,OZONE,15.0,15.0,15.0,2026-09-05 16:37:06
India,Karnataka,Karwar,"KHB Colony, Karwar - KSPCB",05-09-2026 21:00:00,14.816666,74.141003,NH3,1.0,2.0,1.0,2026-09-05 16:37:06
India,Karnataka,Karwar,"KHB Colony, Karwar - KSPCB",05-09-2026 21:00:00,14.816666,74.141003,CO,,,,2026-09-05 16:37:06
India,Karnataka,Madikeri,"Stuart Hill, Madikeri - KSPCB",05-09-2026 21:00:00,12.415911,75.73505,PM10,14.0,31.0,23.0,2026-09-05 16:37:06
India,Delhi,Delhi,"Chandni Chowk, Delhi - IITM",05-09-2026 21:00:00,28.656756,77.227234,OZONE,2.0,10.0,6.0,2026-09-05 16:37:06
India,Delhi,Delhi,"Pusa, Delhi - IITM",05-09-2026 21:00:00,28.63611,77.173332,PM10,,,,2026-09-05 16:37:06
India,Delhi,Delhi,"Pusa, Delhi - IITM",05-09-2026 21:00:00,28.63611,77.173332,CO,29.0,48.0,42.0,2026-09-05 16:37:06
India,Delhi,Delhi,"DTU, Delhi - CPCB",05-09-2026 21:00:00,28.7500499,77.1112615,SO2,29.0,31.0,30.0,2026-09-05 16:37:06
India,Delhi,Delhi,"Dwarka-Sector 8, Delhi - DPCC ",05-09-2026 21:00:00,28.5710274,77.0719006,NO2,17.0,36.0,27.0,2026-09-05 16:37:06
India,Delhi,Delhi,"Dr. Karni Singh Shooting Range, Delhi - DPCC",05-09-2026 21:00:00,28.498571,77.26484,PM10,16.0,41.0,32.0,2026-09-05 16:37:06
India,Delhi,Delhi,"IIT Delhi, Delhi - IITM",05-09-2026 21:00:00,28.54246,77.191651,CO,21.0,33.0,27.0,2026-09-05 16:37:06
India,Delhi,Delhi,"IGI Airport (T3), Delhi - IITM",05-09-2026 21:00:00,28.5627763,77.1180053,NH3,,,,2026-09-05 16:37:06
India,Delhi,Delhi,"IGI Airport (T3), Delhi - IITM",05-09-2026 21:00:00,28.5627763,77.1180053,SO2,,,,2026-09-05 16:37:06
India,Delhi,Delhi,"IGI Airport (T3), Delhi - IITM",05-09-2026 21:00:00,28.5627763,77.1180053,CO,79.0,91.0,85.0,2026-09-05 16:37:06
India,Delhi,Delhi,"Commonwealth Sports Complex, Delhi - DPCC",05-09-2026 21:00:00,28.615828,77.271992,PM2.5,32.0,65.0,49.0,2026-09-05 16:37:06
India,Delhi,Delhi,"Commonwealth Sports Complex, Delhi - DPCC",05-09-2026 21:00:00,28.615828,77.271992,NH3,0.0,2.0,1.0,2026-09-05 16:37:06
India,Delhi,Delhi,"Talkatora Garden, Delhi - DPCC",05-09-2026 21:00:00,28.62181,77.1944633,CO,64.0,76.0,69.0,2026-09-05 16:37:06
India,Delhi,Delhi,"CRRI Mathura Road, Delhi - IITM",05-09-2026 21:00:00,28.5512005,77.2735737,PM2.5,8.0,54.0,32.0,2026-09-05 16:37:06
India,Delhi,Delhi,"CRRI Mathura Road, Delhi - IITM",05-09-2026 21:00:00,28.5512005,77.2735737,PM10,9.0,57.0,34.0,2026-09-05 16:37:06
India,Delhi,Delhi,"CRRI Mathura Road, Delhi - IITM",05-09-2026 21:00:00,28.5512005,77.2735737,NH3,,,,2026-09-05 16:37:06
India,Gujarat,Surat,"Katargam, Surat - Nexteng Enviro",05-09-2026 21:00:00,21.217779,72.834787,OZONE,3.0,7.0,5.0,2026-09-05 16:37:06
India,Gujarat,Vadodara,"Bapunagar, Vadodara - Nexteng Enviro",05-09-2026 21:00:00,22.320153,73.216285,NH3,2.0,2.0,2.0,2026-09-05 16:37:06
India,Gujarat,Vapi,"Phase-1 GIDC, Vapi - GPCB",05-09-2026 21:00:00,20.362421,72.918013,NO2,19.0,21.0,20.0,2026-09-05 16:37:06
India,Gujarat,Vapi,"Phase-1 GIDC, Vapi - GPCB",05-09-2026 21:00:00,20.362421,72.918013,NH3,4.0,5.0,4.0,2026-09-05 16:37:06
India,Gujarat,Vapi,"Phase-1 GIDC, Vapi - GPCB",05-09-2026 21:00:00,20.362421,72.918013,OZONE,5.0,16.0,12.0,2026-09-05 16:37:06
India,Gujarat,Vatva,"Phase-4 GIDC, Vatva - GPCB",05-09-2026 21:00:00,22.969611,72.6435,OZONE,10.0,27.0,23.0,2026-09-05 16:37:06
India,Haryana,Ambala,"Patti Mehar, Ambala - HSPCB",05-09-2026 21:00:00,30.379589,76.778328,PM2.5,10.0,82.0,50.0,2026-09-05 16:37:06
India,Haryana,Ambala,"Patti Mehar, Ambala - HSPCB",05-09-2026 21:00:00,30.379589,76.778328,PM10,40.0,296.0,85.0,2026-09-05 16:37:06
India,Haryana,Bahadurgarh,"Arya Nagar, Bahadurgarh - HSPCB",05-09-2026 21:00:00,28.6701,76.9254,OZONE,20.0,45.0,35.0,2026-09-05 16:37:06
India,Haryana,Ballabgarh,"Nathu Colony, Ballabgarh - HSPCB",05-09-2026 21:00:00,28.3419248,77.319699,CO,13.0,21.0,17.0,2026-09-05 16:37:06
India,Haryana,Bhiwani,"H.B. Colony, Bhiwani - HSPCB",05-09-2026 21:00:00,28.806223,76.141105,NH3,11.0,12.0,11.0,2026-09-05 16:37:06
India,Haryana,Dharuhera,"Municipal Corporation Office, Dharuhera -  HSPCB",05-09-2026 21:00:00,28.2068,76.7997,PM2.5,33.0,440.0,71.0,2026-09-05 16:37:06
India,Haryana,Dharuhera,"Municipal Corporation Office, Dharuhera -  HSPCB",05-09-2026 21:00:00,28.2068,76.7997,PM10,32.0,75.0,48.0,2026-09-05 16:37:06
India,Himachal Pradesh,Baddi,"HIMUDA Complex Phase-1, Baddi - HPPCB",05-09-2026 21:00:00,30.943887,76.801991,SO2,6.0,15.0,11.0,2026-09-05 16:37:06
India,Jammu and Kashmir,Pampore,"Khrew, Pampore - JKPCC",05-09-2026 21:00:00,34.031606,75.009712,SO2,0.0,4.0,2.0,2026-09-05 16:37:06
India,Jammu and Kashmir,Pampore,"Khrew, Pampore - JKPCC",05-09-2026 21:00:00,34.031606,75.009712,CO,,,,2026-09-05 16:37:06
India,Jharkhand,Dhanbad,"Sardar Patel Nagar, Dhanbad - JSPCB",05-09-2026 21:00:00,23.80569,86.44268,PM2.5,,,,2026-09-05 16:37:06
India,Jharkhand,Dhanbad,"Sardar Patel Nagar, Dhanbad - JSPCB",05-09-2026 21:00:00,23.80569,86.44268,NO2,96.0,128.0,102.0,2026-09-05 16:37:06
India,Jharkhand,Dhanbad,"Sardar Patel Nagar, Dhanbad - JSPCB",05-09-2026 21:00:00,23.80569,86.44268,OZONE,16.0,30.0,24.0,2026-09-05 16:37:06
India,Jharkhand,Jorapokhar,"Tata Stadium, Jorapokhar - JSPCB",05-09-2026 21:00:00,23.707909,86.41467,PM10,43.0,114.0,81.0,2026-09-05 16:37:06
India,Jharkhand,Jorapokhar,"Tata Stadium, Jorapokhar - JSPCB",05-09-2026 21:00:00,23.707909,86.41467,CO,38.0,40.0,39.0,2026-09-05 16:37:06
India,Karnataka,Bengaluru,"City Railway Station, Bengaluru - KSPCB",05-09-2026 21:00:00,12.9756843,77.5660749,OZONE,,,,2026-09-05 16:37:06
India,Karnataka,Bengaluru,"Jayanagar 5th Block, Bengaluru - KSPCB",05-09-2026 21:00:00,12.920984,77.584908,PM10,16.0,103.0,42.0,2026-09-05 16:37:06
India,Karnataka,Bengaluru,"Jayanagar 5th Block, Bengaluru - KSPCB",05-09-2026 21:00:00,12.920984,77.584908,NH3,0.0,1.0,0.0,2026-09-05 16:37:06
India,Karnataka,Bengaluru,"Hombegowda Nagar, Bengaluru - KSPCB",05-09-2026 21:00:00,12.938539,77.5901,PM10,13.0,89.0,38.0,2026-09-05 16:37:06
India,Karnataka,Bengaluru,"Peenya, Bengaluru - CPCB",05-09-2026 21:00:00,13.0270199,77.494094,NO2,13.0,412.0,45.0,2026-09-05 16:37:06
India,Karnataka,Mysuru,"Hebbal 1st Stage, Mysuru - KSPCB",05-09-2026 21:00:00,12.21041,76.37376,PM10,38.0,82.0,61.0,2026-09-05 16:37:06
India,Karnataka,Mysuru,"Hebbal 1st Stage, Mysuru - KSPCB",05-09-2026 21:00:00,12.21041,76.37376,OZONE,15.0,40.0,27.0,2026-09-05 16:37:06
India,Karnataka,Shivamogga,"Vinoba Nagara, Shivamogga - KSPCB",05-09-2026 21:00:00,13.94,75.555917,SO2,2.0,5.0,3.0,2026-09-05 16:37:06
India,Karnataka,Vijayapura,"Ibrahimpur, Vijayapura - KSPCB",05-09-2026 21:00:00,16.802639,75.722694,PM10,42.0,43.0,43.0,2026-09-05 16:37:06
India,Karnataka,Vijayapura,"Ibrahimpur, Vijayapura - KSPCB",05-09-2026 21:00:00,16.802639,75.722694,NO2,11.0,12.0,11.0,2026-09-05 16:37:06
India,Karnataka,Vijayapura,"Ibrahimpur, Vijayapura - KSPCB",05-09-2026 21:00:00,16.802639,75.722694,NH3,4.0,4.0,4.0,2026-09-05 16:37:06
India,Karnataka,Yadgir,"Collector Office, Yadgir - KSPCB",05-09-2026 21:00:00,16.7602,77.1428,PM10,30.0,47.0,37.0,2026-09-05 16:37:06
India,Kerala,Thiruvananthapuram,"Plammoodu, Thiruvananthapuram - Kerala PCB",05-09-2026 21:00:00,8.5149093,76.9435879,NH3,1.0,1.0,1.0,2026-09-05 16:37:06
India,Kerala,Thiruvananthapuram,"Kariavattom, Thiruvananthapuram - Kerala PCB",05-09-2026 21:00:00,8.5637,76.8865,PM2.5,37.0,43.0,40.0,2026-09-05 16:37:06
India,Kerala,Thiruvananthapuram,"Kariavattom, Thiruvananthapuram - Kerala PCB",05-09-2026 21:00:00,8.5637,76.8865,PM10,28.0,127.0,74.0,2026-09-05 16:37:06
India,Kerala,Thiruvananthapuram,"Kariavattom, Thiruvananthapuram - Kerala PCB",05-09-2026 21:00:00,8.5637,76.8865,NO2,6.0,7.0,6.0,2026-09-05 16:37:06
India,Kerala,Thrissur,"Corporation Ground, Thrissur - Kerala PCB",05-09-2026 21:00:00,10.5324,76.2159,PM10,43.0,79.0,50.0,2026-09-05 16:37:06
India,Kerala,Thrissur,"Corporation Ground, Thrissur - Kerala PCB",05-09-2026 21:00:00,10.5324,76.2159,CO,20.0,27.0,23.0,2026-09-05 16:37:06
India,Ladakh,Leh,"Skara Yokma, Leh - LPCC",05-09-2026 21:00:00,34.147096,77.55709,PM10,,,,2026-09-05 16:37:06
India,Ladakh,Leh,"Skara Yokma, Leh - LPCC",05-09-2026 21:00:00,34.147096,77.55709,CO,190.0,190.0,190.0,2026-09-05 16:37:06
India,Madhya Pradesh,Bhopal,"Idgah Hills, Bhopal - MPPCB",05-09-2026 21:00:00,23.264759,77.381568,PM10,,,,2026-09-05 16:37:06
India,Madhya Pradesh,Bhopal,"Idgah Hills, Bhopal - MPPCB",05-09-2026 21:00:00,23.264759,77.381568,NO2,,,,2026-09-05 16:37:06
India,Madhya Pradesh,Bhopal,"Idgah Hills, Bhopal - MPPCB",05-09-2026 21:00:00,23.264759,77.381568,SO2,,,,2026-09-05 16:37:06
India,Madhya Pradesh,Bhopal,"T T Nagar, Bhopal - MPPCB",05-09-2026 21:00:00,23.233584,77.400574,SO2,21.0,26.0,24.0,2026-09-05 16:37:06
India,Madhya Pradesh,Bhopal,"T T Nagar, Bhopal - MPPCB",05-09-2026 21:00:00,23.233584,77.400574,CO,5.0,10.0,7.0,2026-09-05 16:37:06
India,Madhya Pradesh,Damoh,"Shrivastav Colony, Damoh - MPPCB",05-09-2026 21:00:00,23.81748678,79.446246,OZONE,,,,2026-09-05 16:37:06
India,Madhya Pradesh,Dewas,"Bhopal Chauraha, Dewas - MPPCB",05-09-2026 21:00:00,22.9682591,76.064118,CO,25.0,49.0,33.0,2026-09-05 16:37:06
India,Madhya Pradesh,Gwalior,"Maharaj Bada, Gwalior - MPPCB",05-09-2026 21:00:00,26.200388,78.147714,PM2.5,5.0,35.0,22.0,2026-09-05 16:37:06
India,Madhya Pradesh,Gwalior,"Maharaj Bada, Gwalior - MPPCB",05-09-2026 21:00:00,26.200388,78.147714,NO2,3.0,27.0,15.0,2026-09-05 16:37:06
India,Madhya Pradesh,Gwalior,"Maharaj Bada, Gwalior - MPPCB",05-09-2026 21:00:00,26.200388,78.147714,NH3,2.0,5.0,3.0,2026-09-05 16:37:06
India,Madhya Pradesh,Gwalior,"Deen Dayal Nagar, Gwalior - MPPCB",05-09-2026 21:00:00,26.259242,78.216432,PM10,12.0,52.0,25.0,2026-09-05 16:37:06
India,Madhya Pradesh,Indore,"Regional Park, Indore - IMC",05-09-2026 21:00:00,22.678,75.8559,PM10,4.0,36.0,24.0,2026-09-05 16:37:06
India,Madhya Pradesh,Indore,"Regional Park, Indore - IMC",05-09-2026 21:00:00,22.678,75.8559,NO2,,,,2026-09-05 16:37:06
India,Madhya Pradesh,Indore,"Regional Park, Indore - IMC",05-09-2026 21:00:00,22.678,75.8559,CO,,,,2026-09-05 16:37:06
India,Madhya Pradesh,Indore,"Chhoti Gwaltoli, Indore - MPPCB",05-09-2026 21:00:00,22.431,75.5213,PM10,30.0,97.0,70.0,2026-09-05 16:37:06
India,Madhya Pradesh,Indore,"Chhoti Gwaltoli, Indore - MPPCB",05-09-2026 21:00:00,22.431,75.5213,CO,34.0,44.0,40.0,2026-09-05 16:37:06
India,Madhya Pradesh,Indore,"Airport Area, Indore - IMC",05-09-2026 21:00:00,22.7289,75.8076,PM2.5,32.0,80.0,47.0,2026-09-05 16:37:06
India,Maharashtra,Nagpur,"Ram Nagar, Nagpur - MPCB",05-09-2026 21:00:00,21.143383,79.048912,PM10,30.0,54.0,39.0,2026-09-05 16:37:06
India,Maharashtra,Nagpur,"Opp GPO Civil Lines, Nagpur - MPCB",05-09-2026 21:00:00,21.152875,79.0517531,NO2,20.0,31.0,25.0,2026-09-05 16:37:06
India,Maharashtra,Nagpur,"Ambazari, Nagpur - MPCB",05-09-2026 21:00:00,21.121801,79.04952,OZONE,11.0,18.0,13.0,2026-09-05 16:37:06
India,Maharashtra,Nanded,"Sneh Nagar, Nanded - MPCB",05-09-2026 21:00:00,19.173852,77.296291,NO2,4.0,14.0,7.0,2026-09-05 16:37:06
India,Maharashtra,Nashik,"Gangapur Road, Nashik - MPCB",05-09-2026 21:00:00,20.0073285,73.7762427,CO,26.0,27.0,27.0,2026-09-05 16:37:06
India,Maharashtra,Nashik,"Gangapur Road, Nashik - MPCB",05-09-2026 21:00:00,20.0073285,73.7762427,OZONE,10.0,20.0,15.0,2026-09-05 16:37:06
India,Maharashtra,Nashik,"Pandav Nagari, Nashik - MPCB",05-09-2026 21:00:00,19.9591346,73.7788008,NO2,3.0,11.0,5.0,2026-09-05 16:37:06
India,Maharashtra,Nashik,"Pandav Nagari, Nashik - MPCB",05-09-2026 21:00:00,19.9591346,73.7788008,SO2,0.0,4.0,2.0,2026-09-05 16:37:06
India,Maharashtra,Nashik,"Pandav Nagari, Nashik - MPCB",05-09-2026 21:00:00,19.9591346,73.7788008,OZONE,4.0,12.0,8.0,2026-09-05 16:37:06
India,Maharashtra,Navi Mumbai,"Kopripada-Vashi, Navi Mumbai - MPCB",05-09-2026 21:00:00,19.090337,73.014232,NO2,4.0,10.0,7.0,2026-09-05 16:37:06
India,Maharashtra,Navi Mumbai,"Kopripada-Vashi, Navi Mumbai - MPCB",05-09-2026 21:00:00,19.090337,73.014232,NH3,,,,2026-09-05 16:37:06
India,Maharashtra,Navi Mumbai,"Kopripada-Vashi, Navi Mumbai - MPCB",05-09-2026 21:00:00,19.090337,73.014232,SO2,2.0,3.0,2.0,2026-09-05 16:37:06
India,Maharashtra,Navi Mumbai,"Kopripada-Vashi, Navi Mumbai - MPCB",05-09-2026 21:00:00,19.090337,73.014232,OZONE,9.0,17.0,13.0,2026-09-05 16:37:06
India,Maharashtra,Navi Mumbai,"Sanpada, Navi Mumbai - MPCB",05-09-2026 21:00:00,19.0575752,73.0151367,NH3,1.0,15.0,5.0,2026-09-05 16:37:06
India,Maharashtra,Navi Mumbai,"Sector-2E Kalamboli, Navi Mumbai - MPCB",05-09-2026 21:00:00,19.02579,73.10297,PM10,24.0,42.0,34.0,2026-09-05 16:37:06
India,Maharashtra,Navi Mumbai,"Sector-2E Kalamboli, Navi Mumbai - MPCB",05-09-2026 21:00:00,19.02579,73.10297,OZONE,9.0,13.0,11.0,2026-09-05 16:37:06
India,Maharashtra,Navi Mumbai,"Mahape, Navi Mumbai - MPCB",05-09-2026 21:00:00,19.1135051,73.008978,PM2.5,8.0,64.0,26.0,2026-09-05 16:37:06
India,Maharashtra,Navi Mumbai,"Mahape, Navi Mumbai - MPCB",05-09-2026 21:00:00,19.1135051,73.008978,PM10,26.0,131.0,74.0,2026-09-05 16:37:06
India,Maharashtra,Parbhani,"Masoom Colony, Parbhani - MPCB",05-09-2026 21:00:00,19.265594,76.761463,PM10,7.0,22.0,12.0,2026-09-05 16:37:06
India,Maharashtra,Badlapur,"Katrap, Badlapur - MPCB",05-09-2026 21:00:00,19.16485,73.23409,PM10,25.0,32.0,26.0,2026-09-05 16:37:06
India,Maharashtra,Beed,"Bir, Beed - MPCB",05-09-2026 21:00:00,18.988474,75.753873,NO2,7.0,30.0,14.0,2026-09-05 16:37:06
India,Maharashtra,Beed,"Bir, Beed - MPCB",05-09-2026 21:00:00,18.988474,75.753873,SO2,5.0,10.0,7.0,2026-09-05 16:37:06
India,Maharashtra,Belapur,"CBD Belapur, Belapur - MPCB",05-09-2026 21:00:00,19.0243902,73.0406721,PM2.5,21.0,40.0,29.0,2026-09-05 16:37:06
India,Maharashtra,Belapur,"CBD Belapur, Belapur - MPCB",05-09-2026 21:00:00,19.0243902,73.0406721,NH3,1.0,4.0,3.0,2026-09-05 16:37:06
India,Maharashtra,Belapur,"CBD Belapur, Belapur - MPCB",05-09-2026 21:00:00,19.0243902,73.0406721,CO,39.0,43.0,41.0,2026-09-05 16:37:06
India,Maharashtra,Chandrapur,"MIDC Khutala, Chandrapur - MPCB",05-09-2026 21:00:00,19.9775302,79.2337086,SO2,,,,2026-09-05 16:37:06
India,Maharashtra,Chandrapur,"MIDC Khutala, Chandrapur - MPCB",05-09-2026 21:00:00,19.9775302,79.2337086,CO,38.0,41.0,39.0,2026-09-05 16:37:06
India,Maharashtra,Chandrapur,"MIDC Khutala, Chandrapur - MPCB",05-09-2026 21:00:00,19.9775302,79.2337086,OZONE,4.0,34.0,19.0,2026-09-05 16:37:06
India,Maharashtra,Chandrapur,"Chauhan Colony, Chandrapur - MPCB",05-09-2026 21:00:00,19.9629,79.298714,PM2.5,28.0,137.0,57.0,2026-09-05 16:37:06
India,Maharashtra,Dombivli,"Kalu Nagar, Dombivli - MPCB",05-09-2026 21:00:00,19.2268427,73.0788456,PM2.5,3.0,18.0,9.0,2026-09-05 16:37:06
India,Maharashtra,Dombivli,"Kalu Nagar, Dombivli - MPCB",05-09-2026 21:00:00,19.2268427,73.0788456,SO2,22.0,45.0,25.0,2026-09-05 16:37:06
India,Maharashtra,Hingoli,"Ashta Vinayak Nagar, Hingoli - MPCB",05-09-2026 21:00:00,19.710842,77.151824,PM2.5,18.0,48.0,32.0,2026-09-05 16:37:06
India,Maharashtra,Hingoli,"Ashta Vinayak Nagar, Hingoli - MPCB",05-09-2026 21:00:00,19.710842,77.151824,NO2,4.0,23.0,8.0,2026-09-05 16:37:06
India,Maharashtra,Hingoli,"Ashta Vinayak Nagar, Hingoli - MPCB",05-09-2026 21:00:00,19.710842,77.151824,CO,14.0,32.0,20.0,2026-09-05 16:37:06
India,Maharashtra,Jalgaon,"Prabhat Colony, Jalgaon - MPCB",05-09-2026 21:00:00,21.001264,75.565602,PM2.5,15.0,78.0,34.0,2026-09-05 16:37:06
India,Maharashtra,Jalgaon,"Prabhat Colony, Jalgaon - MPCB",05-09-2026 21:00:00,21.001264,75.565602,NO2,,,,2026-09-05 16:37:06
India,Maharashtra,Jalgaon,"Prabhat Colony, Jalgaon - MPCB",05-09-2026 21:00:00,21.001264,75.565602,CO,31.0,53.0,42.0,2026-09-05 16:37:06
India,Maharashtra,Jalna,"Old MIDC, Jalna - MPCB",05-09-2026 21:00:00,19.854616,75.905894,NH3,2.0,5.0,4.0,2026-09-05 16:37:06
India,Maharashtra,Mumbai,"Khindipada-Bhandup West, Mumbai - IITM",05-09-2026 21:00:00,19.1653323,72.922099,OZONE,12.0,19.0,16.0,2026-09-05 16:37:06
India,Maharashtra,Mumbai,"Malad West, Mumbai - IITM",05-09-2026 21:00:00,19.19709,72.82204,PM10,12.0,59.0,30.0,2026-09-05 16:37:06
India,Maharashtra,Mumbai,"Borivali East, Mumbai - IITM",05-09-2026 21:00:00,19.23241,72.86895,CO,21.0,29.0,25.0,2026-09-05 16:37:06
India,Maharashtra,Mumbai,"Chakala-Andheri East, Mumbai - IITM",05-09-2026 21:00:00,19.11074,72.86084,PM2.5,2.0,16.0,8.0,2026-09-05 16:37:06
India,Maharashtra,Mumbai,"Chakala-Andheri East, Mumbai - IITM",05-09-2026 21:00:00,19.11074,72.86084,CO,18.0,33.0,25.0,2026-09-05 16:37:06
India,Maharashtra,Mumbai,"Bandra Kurla Complex, Mumbai - IITM",05-09-2026 21:00:00,19.053536,72.84643,SO2,3.0,5.0,4.0,2026-09-05 16:37:06
India,Maharashtra,Mumbai,"Kurla, Mumbai - MPCB",05-09-2026 21:00:00,19.0863,72.8888,NO2,9.0,9.0,9.0,2026-09-05 16:37:06
India,Maharashtra,Mumbai,"Ghatkopar, Mumbai - BMC",05-09-2026 21:00:00,19.083694,72.920967,OZONE,3.0,4.0,3.0,2026-09-05 16:37:06
India,Maharashtra,Mumbai,"Deonar, Mumbai - IITM",05-09-2026 21:00:00,19.04946,72.923,OZONE,1.0,13.0,6.0,2026-09-05 16:37:06
India,Maharashtra,Mumbai,"Chhatrapati Shivaji Intl. Airport (T2), Mumbai - MPCB",05-09-2026 21:00:00,19.10078,72.87462,PM2.5,11.0,34.0,24.0,2026-09-05 16:37:06
India,Maharashtra,Mumbai,"Powai, Mumbai - MPCB",05-09-2026 21:00:00,19.1375,72.915056,OZONE,,,,2026-09-05 16:37:06
India,Maharashtra,Nagpur,"Mahal, Nagpur - MPCB",05-09-2026 21:00:00,21.14472,79.107595,PM2.5,23.0,54.0,34.0,2026-09-05 16:37:06
India,Maharashtra,Nagpur,"Mahal, Nagpur - MPCB",05-09-2026 21:00:00,21.14472,79.107595,NH3,2.0,4.0,3.0,2026-09-05 16:37:06
India,Maharashtra,Nagpur,"Mahal, Nagpur - MPCB",05-09-2026 21:00:00,21.14472,79.107595,CO,43.0,59.0,50.0,2026-09-05 16:37:06
India,Maharashtra,Nagpur,"Mahal, Nagpur - MPCB",05-09-2026 21:00:00,21.14472,79.107595,OZONE,9.0,18.0,12.0,2026-09-05 16:37:06
India,Maharashtra,Mumbai,"Kherwadi_Bandra East, Mumbai - MPCB",05-09-2026 21:00:00,19.0632143,72.8456324,PM2.5,14.0,32.0,21.0,2026-09-05 16:37:06
India,Maharashtra,Mumbai,"Kherwadi_Bandra East, Mumbai - MPCB",05-09-2026 21:00:00,19.0632143,72.8456324,NH3,5.0,5.0,5.0,2026-09-05 16:37:06
India,Maharashtra,Mumbai,"Kherwadi_Bandra East, Mumbai - MPCB",05-09-2026 21:00:00,19.0632143,72.8456324,OZONE,19.0,26.0,24.0,2026-09-05 16:37:06
India,Maharashtra,Mumbai,"Byculla, Mumbai - BMC",05-09-2026 21:00:00,18.9767,72.838,NH3,2.0,3.0,2.0,2026-09-05 16:37:06
India,Maharashtra,Mumbai,"Mindspace-Malad West, Mumbai - MPCB",05-09-2026 21:00:00,19.1878657,72.8304069,NH3,7.0,8.0,7.0,2026-09-05 16:37:06
India,Maharashtra,Mumbai,"Mindspace-Malad West, Mumbai - MPCB",05-09-2026 21:00:00,19.1878657,72.8304069,CO,15.0,16.0,15.0,2026-09-05 16:37:06
India,Maharashtra,Mumbai,"Mindspace-Malad West, Mumbai - MPCB",05-09-2026 21:00:00,19.1878657,72.8304069,OZONE,18.0,18.0,18.0,2026-09-05 16:37:06
India,Maharashtra,Mumbai,"Worli, Mumbai - MPCB",05-09-2026 21:00:00,18.9936162,72.8128113,PM10,20.0,59.0,45.0,2026-09-05 16:37:06
India,Maharashtra,Mumbai,"Worli, Mumbai - MPCB",05-09-2026 21:00:00,18.9936162,72.8128113,NO2,2.0,16.0,8.0,2026-09-05 16:37:06
India,Maharashtra,Mumbai,"Worli, Mumbai - MPCB",05-09-2026 21:00:00,18.9936162,72.8128113,NH3,0.0,0.0,0.0,2026-09-05 16:37:06
India,Maharashtra,Mumbai,"Worli, Mumbai - MPCB",05-09-2026 21:00:00,18.9936162,72.8128113,SO2,7.0,16.0,12.0,2026-09-05 16:37:06
India,Maharashtra,Mumbai,"Worli, Mumbai - MPCB",05-09-2026 21:00:00,18.9936162,72.8128113,CO,36.0,43.0,38.0,2026-09-05 16:37:06
India,Maharashtra,Mumbai,"Mulund West, Mumbai - MPCB",05-09-2026 21:00:00,19.175,72.9419,CO,10.0,10.0,10.0,2026-09-05 16:37:06
India,Maharashtra,Mumbai,"Chembur, Mumbai - MPCB",05-09-2026 21:00:00,19.0364585,72.8954371,PM10,20.0,35.0,28.0,2026-09-05 16:37:06
India,Maharashtra,Mumbai,"Chembur, Mumbai - MPCB",05-09-2026 21:00:00,19.0364585,72.8954371,NH3,11.0,16.0,14.0,2026-09-05 16:37:06
India,Maharashtra,Mumbai,"Chembur, Mumbai - MPCB",05-09-2026 21:00:00,19.0364585,72.8954371,CO,14.0,21.0,18.0,2026-09-05 16:37:06
India,Maharashtra,Mumbai,"Kandivali West, Mumbai - BMC",05-09-2026 21:00:00,19.215859,72.831718,NO2,7.0,23.0,12.0,2026-09-05 16:37:06
India,Maharashtra,Mumbai,"Khindipada-Bhandup West, Mumbai - IITM",05-09-2026 21:00:00,19.1653323,72.922099,SO2,1.0,23.0,10.0,2026-09-05 16:37:06
India,Madhya Pradesh,Indore,"Airport Area, Indore - IMC",05-09-2026 21:00:00,22.7289,75.8076,OZONE,5.0,8.0,6.0,2026-09-05 16:37:06
India,Madhya Pradesh,Indore,"Maguda Nagar, Indore - IMC",05-09-2026 21:00:00,22.7524,75.8872,PM2.5,13.0,58.0,28.0,2026-09-05 16:37:06
India,Madhya Pradesh,Jabalpur,"Marhatal, Jabalpur - MPPCB",05-09-2026 21:00:00,23.168606,79.932247,PM2.5,10.0,27.0,18.0,2026-09-05 16:37:06
India,Madhya Pradesh,Jabalpur,"Marhatal, Jabalpur - MPPCB",05-09-2026 21:00:00,23.168606,79.932247,PM10,8.0,28.0,17.0,2026-09-05 16:37:06
India,Madhya Pradesh,Jabalpur,"Marhatal, Jabalpur - MPPCB",05-09-2026 21:00:00,23.168606,79.932247,NH3,4.0,5.0,4.0,2026-09-05 16:37:06
India,Madhya Pradesh,Jabalpur,"Marhatal, Jabalpur - MPPCB",05-09-2026 21:00:00,23.168606,79.932247,OZONE,15.0,19.0,17.0,2026-09-05 16:37:06
India,Madhya Pradesh,Jabalpur,"Govindh Bhavan Colony, Jabalpur - JMC",05-09-2026 21:00:00,23.163174,79.973061,PM2.5,8.0,32.0,20.0,2026-09-05 16:37:06
India,Madhya Pradesh,Jabalpur,"Govindh Bhavan Colony, Jabalpur - JMC",05-09-2026 21:00:00,23.163174,79.973061,NH3,5.0,6.0,6.0,2026-09-05 16:37:06
India,Madhya Pradesh,Jabalpur,"Suhagi, Jabalpur - JMC",05-09-2026 21:00:00,23.218135,79.95777,CO,34.0,45.0,38.0,2026-09-05 16:37:06
India,Madhya Pradesh,Katni,"Gole Bazar, Katni - MPPCB",05-09-2026 21:00:00,23.50016,80.23284,SO2,,,,2026-09-05 16:37:06
India,Madhya Pradesh,Katni,"Gole Bazar, Katni - MPPCB",05-09-2026 21:00:00,23.50016,80.23284,OZONE,13.0,18.0,16.0,2026-09-05 16:37:06
India,Madhya Pradesh,Maihar,"Sahilara, Maihar - KJS Cements",05-09-2026 21:00:00,24.2613009,80.7231783,NO2,16.0,48.0,27.0,2026-09-05 16:37:06
India,Madhya Pradesh,Ratlam,"Shasthri Nagar, Ratlam - IPCA Lab",05-09-2026 21:00:00,23.331731,75.045981,PM2.5,7.0,61.0,32.0,2026-09-05 16:37:06
India,Madhya Pradesh,Ratlam,"Shasthri Nagar, Ratlam - IPCA Lab",05-09-2026 21:00:00,23.331731,75.045981,PM10,17.0,54.0,36.0,2026-09-05 16:37:06
India,Madhya Pradesh,Sagar,"Civil Lines, Sagar - MPPCB",05-09-2026 21:00:00,23.838586,78.759431,NH3,,,,2026-09-05 16:37:06
India,Maharashtra,Kalyan,"Pimpleshwar Mandir, Kalyan - MPCB",05-09-2026 21:00:00,19.192056,72.9585188,PM10,40.0,195.0,61.0,2026-09-05 16:37:06
India,Maharashtra,Kolhapur,"Sinchan Bhavan, Kolhapur - MPCB",05-09-2026 21:00:00,16.7143745,74.2426398,SO2,0.0,2.0,1.0,2026-09-05 16:37:06
India,Maharashtra,Kolhapur,"Shivaji University, Kolhapur - MPCB",05-09-2026 21:00:00,16.6870449,74.2505872,SO2,,,,2026-09-05 16:37:06
India,Maharashtra,Latur,"Sawe Wadi, Latur - MPCB",05-09-2026 21:00:00,18.39963,76.57452,PM2.5,12.0,43.0,22.0,2026-09-05 16:37:06
India,Maharashtra,Latur,"Sawe Wadi, Latur - MPCB",05-09-2026 21:00:00,18.39963,76.57452,NH3,1.0,4.0,2.0,2026-09-05 16:37:06
India,Maharashtra,Mahad,"Kamble Tarf Birwadi, Mahad - MPCB",05-09-2026 21:00:00,18.1023399,73.4783687,NO2,3.0,30.0,9.0,2026-09-05 16:37:06
India,Maharashtra,Malegaon,"Mahesh Nagar, Malegaon - MPCB",05-09-2026 21:00:00,20.555712,74.529236,OZONE,19.0,23.0,21.0,2026-09-05 16:37:06
India,Maharashtra,Mumbai,"Shivaji Nagar, Mumbai - BMC",05-09-2026 21:00:00,19.060498,72.923356,NO2,7.0,15.0,11.0,2026-09-05 16:37:06
India,Maharashtra,Mumbai,"Shivaji Nagar, Mumbai - BMC",05-09-2026 21:00:00,19.060498,72.923356,OZONE,10.0,12.0,11.0,2026-09-05 16:37:06
India,Maharashtra,Mumbai,"Sion, Mumbai - MPCB",05-09-2026 21:00:00,19.047,72.8746,PM10,5.0,36.0,12.0,2026-09-05 16:37:06
India,Maharashtra,Mumbai,"Borivali East, Mumbai - MPCB",05-09-2026 21:00:00,19.2243333,72.8658113,CO,7.0,8.0,8.0,2026-09-05 16:37:06
India,Maharashtra,Mumbai,"Borivali East, Mumbai - MPCB",05-09-2026 21:00:00,19.2243333,72.8658113,OZONE,,,,2026-09-05 16:37:06
India,Maharashtra,Mumbai,"Siddharth Nagar-Worli, Mumbai - IITM",05-09-2026 21:00:00,19.000083,72.813993,NO2,11.0,16.0,13.0,2026-09-05 16:37:06
India,Maharashtra,Parbhani,"Masoom Colony, Parbhani - MPCB",05-09-2026 21:00:00,19.265594,76.761463,NH3,1.0,3.0,2.0,2026-09-05 16:37:06
India,Maharashtra,Parbhani,"Masoom Colony, Parbhani - MPCB",05-09-2026 21:00:00,19.265594,76.761463,CO,9.0,14.0,11.0,2026-09-05 16:37:06
India,Maharashtra,Parbhani,"Masoom Colony, Parbhani - MPCB",05-09-2026 21:00:00,19.265594,76.761463,OZONE,23.0,98.0,38.0,2026-09-05 16:37:06
India,Maharashtra,Pimpri-Chinchwad,"Gavalinagar, Pimpri Chinchwad - MPCB",05-09-2026 21:00:00,18.63673,73.82487,SO2,1.0,2.0,1.0,2026-09-05 16:37:06
India,Maharashtra,Pimpri-Chinchwad,"Bhosari, Pune - IITM",05-09-2026 21:00:00,18.640051,73.848956,PM10,36.0,83.0,58.0,2026-09-05 16:37:06
India,Maharashtra,Pimpri-Chinchwad,"Bhosari, Pune - IITM",05-09-2026 21:00:00,18.640051,73.848956,NO2,20.0,36.0,28.0,2026-09-05 16:37:06
India,Maharashtra,Pimpri-Chinchwad,"Bhosari, Pune - IITM",05-09-2026 21:00:00,18.640051,73.848956,SO2,,,,2026-09-05 16:37:06
India,Maharashtra,Pimpri-Chinchwad,"Thergaon, Pimpri Chinchwad - MPCB",05-09-2026 21:00:00,18.616318,73.765797,NH3,2.0,4.0,3.0,2026-09-05 16:37:06
India,Maharashtra,Pimpri-Chinchwad,"Transport Nagar-Nigdi, Pune - IITM",05-09-2026 21:00:00,18.664282,73.763966,PM10,38.0,107.0,60.0,2026-09-05 16:37:06
India,Maharashtra,Pimpri-Chinchwad,"Park Street Wakad, Pimpri Chinchwad - MPCB",05-09-2026 21:00:00,18.59051,73.77946,CO,12.0,23.0,17.0,2026-09-05 16:37:06
India,Maharashtra,Pimpri-Chinchwad,"Savta Mali Nagar, Pimpri-Chinchwad - IITM",05-09-2026 21:00:00,18.614767,73.799516,CO,49.0,63.0,57.0,2026-09-05 16:37:06
India,Maharashtra,Pune,"Katraj Dairy, Pune - MPCB",05-09-2026 21:00:00,18.45445,73.854155,OZONE,10.0,10.0,10.0,2026-09-05 16:37:06
India,Maharashtra,Pune,"Revenue Colony-Shivajinagar, Pune - IITM",05-09-2026 21:00:00,18.530085,73.849598,PM2.5,13.0,45.0,26.0,2026-09-05 16:37:06
India,Madhya Pradesh,Sagar,"Civil Lines, Sagar - MPPCB",05-09-2026 21:00:00,23.838586,78.759431,OZONE,21.0,34.0,27.0,2026-09-05 16:37:06
India,Maharashtra,Ahmednagar,"Tarakpur, Ahmednagar - MPCB",05-09-2026 21:00:00,19.10122,74.73339,PM10,25.0,136.0,47.0,2026-09-05 16:37:06
India,Maharashtra,Ahmednagar,"Tarakpur, Ahmednagar - MPCB",05-09-2026 21:00:00,19.10122,74.73339,NO2,2.0,13.0,6.0,2026-09-05 16:37:06
India,Maharashtra,Ahmednagar,"Tarakpur, Ahmednagar - MPCB",05-09-2026 21:00:00,19.10122,74.73339,OZONE,35.0,45.0,41.0,2026-09-05 16:37:06
India,Maharashtra,Akola,"Ramdaspeth, Akola - MPCB",05-09-2026 21:00:00,20.719516,77.000253,OZONE,5.0,13.0,10.0,2026-09-05 16:37:06
India,Maharashtra,Ambernath,"Chinchpada, Ambernath - MPCB",05-09-2026 21:00:00,19.215784,73.199781,NH3,2.0,5.0,3.0,2026-09-05 16:37:06
India,Maharashtra,Ambernath,"Chinchpada, Ambernath - MPCB",05-09-2026 21:00:00,19.215784,73.199781,SO2,23.0,29.0,26.0,2026-09-05 16:37:06
India,Maharashtra,Amravati,"Shivneri Colony, Amravati - MPCB",05-09-2026 21:00:00,20.9402359,77.7895248,PM10,17.0,46.0,28.0,2026-09-05 16:37:06
India,Maharashtra,Aurangabad,"MIDC Chilkalthana, Aurangabad - MPCB",05-09-2026 21:00:00,19.87562,75.38731,PM10,31.0,48.0,40.0,2026-09-05 16:37:06
India,Maharashtra,Aurangabad,"Rachnakar Colony, Aurangabad - MPCB",05-09-2026 21:00:00,19.863756,75.321188,PM10,35.0,53.0,43.0,2026-09-05 16:37:06
India,Maharashtra,Aurangabad,"Rachnakar Colony, Aurangabad - MPCB",05-09-2026 21:00:00,19.863756,75.321188,CO,19.0,30.0,24.0,2026-09-05 16:37:06
India,Rajasthan,Sirohi,"Vedhaynath Colony, Sirohi - RSPCB",05-09-2026 21:00:00,24.885261,72.857549,CO,10.0,20.0,14.0,2026-09-05 16:37:06
India,Rajasthan,Sri Ganganagar,"Old City, Sri Ganganagar - RSPCB",05-09-2026 21:00:00,29.931624,73.864511,CO,48.0,94.0,65.0,2026-09-05 16:37:06
India,Rajasthan,Tonk,"Shastri Nagar, Tonk - RSPCB",05-09-2026 21:00:00,26.159933,75.780517,PM2.5,27.0,57.0,39.0,2026-09-05 16:37:06
India,Rajasthan,Tonk,"Shastri Nagar, Tonk - RSPCB",05-09-2026 21:00:00,26.159933,75.780517,OZONE,31.0,51.0,41.0,2026-09-05 16:37:06
India,Rajasthan,Udaipur,"Ashok Nagar, Udaipur - RSPCB",05-09-2026 21:00:00,24.5886166,73.6321397,NH3,3.0,7.0,4.0,2026-09-05 16:37:06
India,Sikkim,Gangtok,"Zero Point GICI, Gangtok - SSPCB",05-09-2026 21:00:00,27.33853,88.614099,PM2.5,,,,2026-09-05 16:37:06
India,Tamil Nadu,Chennai,"Kodungaiyur, Chennai - TNPCB",05-09-2026 21:00:00,13.1278,80.2642,CO,28.0,32.0,31.0,2026-09-05 16:37:06
India,Tamil Nadu,Chennai,"Arumbakkam, Chennai - TNPCB",05-09-2026 21:00:00,13.0664,80.2112,PM10,54.0,109.0,76.0,2026-09-05 16:37:06
India,Tamil Nadu,Chennai,"Arumbakkam, Chennai - TNPCB",05-09-2026 21:00:00,13.0664,80.2112,NO2,12.0,22.0,17.0,2026-09-05 16:37:06
India,Tamil Nadu,Chennai,"Arumbakkam, Chennai - TNPCB",05-09-2026 21:00:00,13.0664,80.2112,OZONE,,,,2026-09-05 16:37:06
India,Tamil Nadu,Chennai,"Perungudi, Chennai - TNPCB",05-09-2026 21:00:00,12.9533,80.2357,NO2,4.0,10.0,7.0,2026-09-05 16:37:06
India,Tamil Nadu,Chennai,"Perungudi, Chennai - TNPCB",05-09-2026 21:00:00,12.9533,80.2357,NH3,0.0,1.0,0.0,2026-09-05 16:37:06
India,Tamil Nadu,Chennai,"Perungudi, Chennai - TNPCB",05-09-2026 21:00:00,12.9533,80.2357,CO,30.0,33.0,32.0,2026-09-05 16:37:06
India,Tamil Nadu,Chennai,"Manali Village, Chennai - TNPCB",05-09-2026 21:00:00,13.1662,80.2584,PM10,18.0,75.0,43.0,2026-09-05 16:37:06
India,Tamil Nadu,Chennai,"Manali Village, Chennai - TNPCB",05-09-2026 21:00:00,13.1662,80.2584,SO2,11.0,13.0,12.0,2026-09-05 16:37:06
India,Tamil Nadu,Chennai,"Manali Village, Chennai - TNPCB",05-09-2026 21:00:00,13.1662,80.2584,CO,47.0,51.0,49.0,2026-09-05 16:37:06
India,Tamil Nadu,Chennai,"Manali, Chennai - CPCB",05-09-2026 21:00:00,13.164544,80.26285,NO2,9.0,12.0,11.0,2026-09-05 16:37:06
India,Tamil Nadu,Chennai,"Royapuram, Chennai - TNPCB",05-09-2026 21:00:00,13.1036,80.2909,NO2,12.0,16.0,14.0,2026-09-05 16:37:06
India,Tamil Nadu,Chennai,"Royapuram, Chennai - TNPCB",05-09-2026 21:00:00,13.1036,80.2909,SO2,4.0,6.0,5.0,2026-09-05 16:37:06
India,Tamil Nadu,Coimbatore,"SIDCO Kurichi, Coimbatore - TNPCB",05-09-2026 21:00:00,10.942451,76.978996,PM10,17.0,32.0,24.0,2026-09-05 16:37:06
India,Rajasthan,Bhiwadi,"RIICO Ind. Area III, Bhiwadi - RSPCB",05-09-2026 21:00:00,28.194909,76.862296,OZONE,5.0,28.0,14.0,2026-09-05 16:37:06
India,Rajasthan,Bhiwadi,"Vasundhara Nagar_UIT, Bhiwadi - RSPCB",05-09-2026 21:00:00,28.207266,76.829265,NH3,,,,2026-09-05 16:37:06
India,Rajasthan,Bikaner,"MM Ground, Bikaner - RSPCB",05-09-2026 21:00:00,28.018792,73.292658,PM2.5,12.0,54.0,25.0,2026-09-05 16:37:06
India,Rajasthan,Bikaner,"MM Ground, Bikaner - RSPCB",05-09-2026 21:00:00,28.018792,73.292658,NH3,3.0,9.0,4.0,2026-09-05 16:37:06
India,Rajasthan,Bundi,"New Colony, Bundi - RSPCB",05-09-2026 21:00:00,25.435774,75.644272,PM2.5,8.0,52.0,29.0,2026-09-05 16:37:06
India,Rajasthan,Chittorgarh,"Shastri Nagar, Chittorgarh - RSPCB",05-09-2026 21:00:00,24.892047,74.623527,PM2.5,32.0,65.0,44.0,2026-09-05 16:37:06
India,Rajasthan,Churu,"Subash Chowk, Churu - RSPCB",05-09-2026 21:00:00,28.296139,74.961696,CO,19.0,25.0,23.0,2026-09-05 16:37:06
India,Rajasthan,Dausa,"Khatikan Mohalla, Dausa - RSPCB",05-09-2026 21:00:00,26.895552,76.334753,PM2.5,17.0,67.0,30.0,2026-09-05 16:37:06
India,Rajasthan,Dholpur,"Raja Ganj, Dholpur - RSPCB",05-09-2026 21:00:00,26.699557,77.898881,PM2.5,10.0,20.0,16.0,2026-09-05 16:37:06
India,Rajasthan,Dholpur,"Raja Ganj, Dholpur - RSPCB",05-09-2026 21:00:00,26.699557,77.898881,PM10,11.0,22.0,17.0,2026-09-05 16:37:06
India,Rajasthan,Hanumangarh,"Housing Board, Hanumangarh - RSPCB",05-09-2026 21:00:00,29.61075,74.283608,PM2.5,35.0,89.0,54.0,2026-09-05 16:37:06
India,Rajasthan,Hanumangarh,"Housing Board, Hanumangarh - RSPCB",05-09-2026 21:00:00,29.61075,74.283608,SO2,4.0,5.0,4.0,2026-09-05 16:37:06
India,Rajasthan,Hanumangarh,"Housing Board, Hanumangarh - RSPCB",05-09-2026 21:00:00,29.61075,74.283608,OZONE,26.0,59.0,46.0,2026-09-05 16:37:06
India,Rajasthan,Jaipur,"Mansarovar Sector-12, Jaipur - RSPCB",05-09-2026 21:00:00,26.843698,75.766894,CO,6.0,38.0,24.0,2026-09-05 16:37:06
India,Rajasthan,Jaipur,"Sector-2 Murlipura, Jaipur - RSPCB",05-09-2026 21:00:00,26.960669,75.771817,PM2.5,7.0,30.0,19.0,2026-09-05 16:37:06
India,Rajasthan,Jaipur,"Sector-2 Murlipura, Jaipur - RSPCB",05-09-2026 21:00:00,26.960669,75.771817,SO2,,,,2026-09-05 16:37:06
India,Rajasthan,Jaipur,"Police Commissionerate, Jaipur - RSPCB",05-09-2026 21:00:00,26.9164092,75.7994901,OZONE,29.0,35.0,31.0,2026-09-05 16:37:06
India,Meghalaya,Shillong,"Lumpyngngad, Shillong - Meghalaya PCB",05-09-2026 21:00:00,25.5586,91.8985,NO2,0.0,1.0,0.0,2026-09-05 16:37:06
India,Nagaland,Kohima,"PWD Junction, Kohima - NPCB",05-09-2026 21:00:00,25.6635413,94.0989878,PM10,1.0,27.0,9.0,2026-09-05 16:37:06
India,Nagaland,Kohima,"PWD Junction, Kohima - NPCB",05-09-2026 21:00:00,25.6635413,94.0989878,NH3,0.0,1.0,1.0,2026-09-05 16:37:06
India,Nagaland,Kohima,"PWD Junction, Kohima - NPCB",05-09-2026 21:00:00,25.6635413,94.0989878,OZONE,0.0,0.0,0.0,2026-09-05 16:37:06
India,Odisha,Angul,"Hakimapada, Angul - OSPCB",05-09-2026 21:00:00,20.832874,85.104082,PM2.5,12.0,372.0,47.0,2026-09-05 16:37:06
India,Odisha,Angul,"Hakimapada, Angul - OSPCB",05-09-2026 21:00:00,20.832874,85.104082,NH3,2.0,3.0,2.0,2026-09-05 16:37:06
India,Odisha,Angul,"Hakimapada, Angul - OSPCB",05-09-2026 21:00:00,20.832874,85.104082,CO,44.0,57.0,50.0,2026-09-05 16:37:06
India,Odisha,Balasore,"Kalidaspur, Balasore - OSPCB",05-09-2026 21:00:00,21.51161,86.89088,PM2.5,28.0,103.0,59.0,2026-09-05 16:37:06
India,Odisha,Barbil,"Forest Office, Barbil - OSPCB",05-09-2026 21:00:00,22.1166054,85.3945546,PM2.5,15.0,80.0,38.0,2026-09-05 16:37:06
India,Odisha,Barbil,"Forest Office, Barbil - OSPCB",05-09-2026 21:00:00,22.1166054,85.3945546,OZONE,19.0,43.0,31.0,2026-09-05 16:37:06
India,Odisha,Bhubaneswar,"Patia, Bhubaneswar - OSPCB",05-09-2026 21:00:00,20.34652,85.8163,PM2.5,13.0,87.0,35.0,2026-09-05 16:37:06
India,Odisha,Bhubaneswar,"Patia, Bhubaneswar - OSPCB",05-09-2026 21:00:00,20.34652,85.8163,PM10,17.0,109.0,58.0,2026-09-05 16:37:06
India,Odisha,Bhubaneswar,"Patia, Bhubaneswar - OSPCB",05-09-2026 21:00:00,20.34652,85.8163,NO2,3.0,44.0,11.0,2026-09-05 16:37:06
India,Odisha,Bhubaneswar,"Patia, Bhubaneswar - OSPCB",05-09-2026 21:00:00,20.34652,85.8163,SO2,7.0,10.0,8.0,2026-09-05 16:37:06
India,Odisha,Brajrajnagar,"GM Office, Brajrajnagar - OSPCB",05-09-2026 21:00:00,21.8004996,83.8396977,PM10,13.0,191.0,83.0,2026-09-05 16:37:06
India,Odisha,Brajrajnagar,"GM Office, Brajrajnagar - OSPCB",05-09-2026 21:00:00,21.8004996,83.8396977,SO2,17.0,18.0,17.0,2026-09-05 16:37:06
India,Odisha,Byasanagar,"Ferro Chrome Colony, Byasanagar - OSPCB",05-09-2026 21:00:00,20.94185,86.1151,OZONE,28.0,88.0,60.0,2026-09-05 16:37:06
India,Odisha,Cuttack,"CDA Area, Cuttack - OSPCB",05-09-2026 21:00:00,20.48891,85.84768,PM2.5,23.0,62.0,36.0,2026-09-05 16:37:06
India,Odisha,Cuttack,"CDA Area, Cuttack - OSPCB",05-09-2026 21:00:00,20.48891,85.84768,NH3,5.0,11.0,7.0,2026-09-05 16:37:06
India,Maharashtra,Pune,"Dhankawadi, Pune - IITM",05-09-2026 21:00:00,18.459883,73.852193,NO2,10.0,15.0,12.0,2026-09-05 16:37:06
India,Maharashtra,Pune,"Dhankawadi, Pune - IITM",05-09-2026 21:00:00,18.459883,73.852193,NH3,,,,2026-09-05 16:37:06
India,Maharashtra,Pune,"Panchawati_Pashan, Pune - IITM",05-09-2026 21:00:00,18.536457,73.805454,PM2.5,23.0,48.0,32.0,2026-09-05 16:37:06
India,Maharashtra,Pune,"Panchawati_Pashan, Pune - IITM",05-09-2026 21:00:00,18.536457,73.805454,PM10,37.0,69.0,48.0,2026-09-05 16:37:06
India,Maharashtra,Pune,"Panchawati_Pashan, Pune - IITM",05-09-2026 21:00:00,18.536457,73.805454,NH3,,,,2026-09-05 16:37:06
India,Maharashtra,Pune,"Savitribai Phule Pune University, Pune - MPCB",05-09-2026 21:00:00,18.547056,73.826908,PM2.5,10.0,24.0,17.0,2026-09-05 16:37:06
India,Maharashtra,Pune,"Savitribai Phule Pune University, Pune - MPCB",05-09-2026 21:00:00,18.547056,73.826908,SO2,4.0,5.0,4.0,2026-09-05 16:37:06
India,Maharashtra,Sangli,"Vijay Nagar, Sangli - MPCB",05-09-2026 21:00:00,16.5038,74.3623,SO2,1.0,7.0,4.0,2026-09-05 16:37:06
India,Maharashtra,Sangli,"Vijay Nagar, Sangli - MPCB",05-09-2026 21:00:00,16.5038,74.3623,CO,13.0,18.0,15.0,2026-09-05 16:37:06
India,Maharashtra,Satara,"Koyana Nagar, Satara - MPCB",05-09-2026 21:00:00,17.696651,74.003387,SO2,4.0,6.0,5.0,2026-09-05 16:37:06
India,Maharashtra,Solapur,"Dnyaneshwar Nagar, Solapur - MPCB",05-09-2026 21:00:00,17.6336264,75.9132495,NO2,3.0,12.0,7.0,2026-09-05 16:37:06
India,Maharashtra,Solapur,"Ratandeep Housing Society, Solapur - MPCB",05-09-2026 21:00:00,17.65439,75.90649,PM2.5,15.0,64.0,39.0,2026-09-05 16:37:06
India,Maharashtra,Solapur,"Ratandeep Housing Society, Solapur - MPCB",05-09-2026 21:00:00,17.65439,75.90649,NO2,7.0,31.0,17.0,2026-09-05 16:37:06
India,Maharashtra,Solapur,"Ratandeep Housing Society, Solapur - MPCB",05-09-2026 21:00:00,17.65439,75.90649,OZONE,18.0,29.0,25.0,2026-09-05 16:37:06
India,Maharashtra,Thane,"Upvan Fort, Thane - MPCB",05-09-2026 21:00:00,19.222279,72.957979,CO,8.0,22.0,14.0,2026-09-05 16:37:06
India,Maharashtra,Thane,"Kasarvadavali, Thane - MPCB",05-09-2026 21:00:00,19.26777,72.97182,OZONE,5.0,16.0,11.0,2026-09-05 16:37:06
India,Maharashtra,Ulhasnagar,"Sidhi Vinayak Nagar, Ulhasnagar - MPCB",05-09-2026 21:00:00,19.235581,73.159121,NH3,2.0,2.0,2.0,2026-09-05 16:37:06
India,Odisha,Cuttack,"CDA Area, Cuttack - OSPCB",05-09-2026 21:00:00,20.48891,85.84768,OZONE,32.0,48.0,43.0,2026-09-05 16:37:06
India,Odisha,Keonjhar,"Jagamohanpur, Keonjhar - OSPCB",05-09-2026 21:00:00,21.6439,85.599355,PM10,25.0,60.0,44.0,2026-09-05 16:37:06
India,Odisha,Nayagarh,"Dabuna, Nayagarh - OSPCB",05-09-2026 21:00:00,21.847279,85.416905,PM2.5,26.0,55.0,40.0,2026-09-05 16:37:06
India,Odisha,Nayagarh,"Dabuna, Nayagarh - OSPCB",05-09-2026 21:00:00,21.847279,85.416905,OZONE,13.0,19.0,15.0,2026-09-05 16:37:06
India,Odisha,Rairangpur,"Divisional Forest Office, Rairangpur - OSPCB",05-09-2026 21:00:00,22.265816,86.174829,PM2.5,32.0,69.0,47.0,2026-09-05 16:37:06
India,Odisha,Rairangpur,"Divisional Forest Office, Rairangpur - OSPCB",05-09-2026 21:00:00,22.265816,86.174829,NH3,3.0,3.0,3.0,2026-09-05 16:37:06
India,Odisha,Rourkela,"Sector-2, Rourkela - OSPCB",05-09-2026 21:00:00,22.245,84.88111111,PM2.5,30.0,56.0,38.0,2026-09-05 16:37:06
India,Odisha,Rourkela,"Fertilizer Township, Rourkela - OSPCB",05-09-2026 21:00:00,22.18972222,84.86277778,NO2,11.0,11.0,11.0,2026-09-05 16:37:06
India,Odisha,Tensa,"Barsua Iron Ore Mines, Tensa - OSPCB",05-09-2026 21:00:00,21.869985,85.167016,OZONE,12.0,18.0,14.0,2026-09-05 16:37:06
India,Puducherry,Puducherry,"Jawahar Nagar, Puducherry - PPCC",05-09-2026 21:00:00,11.9309,79.8027,CO,13.0,49.0,25.0,2026-09-05 16:37:06
India,Punjab,Amritsar,"Golden Temple, Amritsar - PPCB",05-09-2026 21:00:00,31.62,74.876512,PM10,89.0,109.0,99.0,2026-09-05 16:37:06
India,Punjab,Bathinda,"Hardev Nagar, Bathinda - PPCB",05-09-2026 21:00:00,30.233011,74.907758,NH3,,,,2026-09-05 16:37:06
India,Punjab,Jalandhar,"Civil Line, Jalandhar - PPCB",05-09-2026 21:00:00,31.321907,75.578914,PM2.5,37.0,115.0,62.0,2026-09-05 16:37:06
India,Punjab,Jalandhar,"Civil Line, Jalandhar - PPCB",05-09-2026 21:00:00,31.321907,75.578914,NO2,41.0,45.0,43.0,2026-09-05 16:37:06
India,Punjab,Mandi Gobindgarh,"RIMT University, Mandi Gobindgarh - PPCB",05-09-2026 21:00:00,30.649961,76.331442,CO,45.0,45.0,45.0,2026-09-05 16:37:06
India,Punjab,Patiala,"Model Town, Patiala - PPCB",05-09-2026 21:00:00,30.349388,76.366642,CO,13.0,23.0,19.0,2026-09-05 16:37:06
India,Punjab,Rupnagar,"Ratanpura, Rupnagar - Ambuja Cements",05-09-2026 21:00:00,31.0325454,76.5623046,SO2,7.0,14.0,11.0,2026-09-05 16:37:06
India,Rajasthan,Ajmer,"Civil Lines,  Ajmer - RSPCB",05-09-2026 21:00:00,26.470859,74.646594,OZONE,11.0,12.0,12.0,2026-09-05 16:37:06
India,Rajasthan,Alwar,"Moti Doongri, Alwar - RSPCB",05-09-2026 21:00:00,27.554793,76.611536,OZONE,22.0,45.0,30.0,2026-09-05 16:37:06
India,Rajasthan,Alwar,"Vigyan Nagar, Alwar - RSPCB",05-09-2026 21:00:00,27.598796,76.63861,PM10,53.0,78.0,65.0,2026-09-05 16:37:06
India,Rajasthan,Banswara,"Rati Talai, Banswara - RSPCB",05-09-2026 21:00:00,23.55519,74.44001,PM10,48.0,79.0,66.0,2026-09-05 16:37:06
India,Rajasthan,Baran,"Bamboliya, Baran - RSPCB",05-09-2026 21:00:00,25.106006,76.469948,NH3,6.0,7.0,6.0,2026-09-05 16:37:06
India,Rajasthan,Baran,"Bamboliya, Baran - RSPCB",05-09-2026 21:00:00,25.106006,76.469948,OZONE,3.0,49.0,22.0,2026-09-05 16:37:06
India,Rajasthan,Bharatpur,"Krishna Nagar, Bharatpur - RSPCB",05-09-2026 21:00:00,27.215415,77.50873,OZONE,31.0,59.0,43.0,2026-09-05 16:37:06
India,Rajasthan,Bhilwara,"Pratap Nagar, Bhilwara - RSPCB",05-09-2026 21:00:00,25.339605,74.618883,PM2.5,28.0,113.0,58.0,2026-09-05 16:37:06
India,Rajasthan,Bhilwara,"Pratap Nagar, Bhilwara - RSPCB",05-09-2026 21:00:00,25.339605,74.618883,OZONE,18.0,28.0,20.0,2026-09-05 16:37:06
India,Rajasthan,Bhiwadi,"RIICO Ind. Area III, Bhiwadi - RSPCB",05-09-2026 21:00:00,28.194909,76.862296,PM2.5,39.0,300.0,112.0,2026-09-05 16:37:06
India,Rajasthan,Karauli,"Satyawati Vihar, Karauli - RSPCB",05-09-2026 21:00:00,26.506177,77.025989,PM10,5.0,35.0,14.0,2026-09-05 16:37:06
India,Rajasthan,Kota,"Nayapura, Kota - RSPCB",05-09-2026 21:00:00,25.196024,75.855668,CO,16.0,32.0,22.0,2026-09-05 16:37:06
India,Rajasthan,Kota,"Dhanmandi, Kota - RSPCB",05-09-2026 21:00:00,25.16409,75.858137,NH3,1.0,2.0,2.0,2026-09-05 16:37:06
India,Rajasthan,Kota,"Dhanmandi, Kota - RSPCB",05-09-2026 21:00:00,25.16409,75.858137,SO2,7.0,12.0,8.0,2026-09-05 16:37:06
India,Rajasthan,Kota,"Shrinath Puram, Kota - RSPCB",05-09-2026 21:00:00,25.14389,75.821256,NH3,1.0,9.0,5.0,2026-09-05 16:37:06
India,Rajasthan,Kota,"Shrinath Puram, Kota - RSPCB",05-09-2026 21:00:00,25.14389,75.821256,SO2,6.0,8.0,7.0,2026-09-05 16:37:06
India,Rajasthan,Nagaur,"Karni Colony, Nagaur - RSPCB",05-09-2026 21:00:00,27.213494,73.734444,NO2,4.0,15.0,7.0,2026-09-05 16:37:06
India,Rajasthan,Nagaur,"Karni Colony, Nagaur - RSPCB",05-09-2026 21:00:00,27.213494,73.734444,CO,11.0,14.0,12.0,2026-09-05 16:37:06
India,Rajasthan,Pali,"Indira Colony Vistar, Pali - RSPCB",05-09-2026 21:00:00,25.771061,73.340227,PM10,91.0,131.0,110.0,2026-09-05 16:37:06
India,Rajasthan,Pali,"Indira Colony Vistar, Pali - RSPCB",05-09-2026 21:00:00,25.771061,73.340227,SO2,6.0,11.0,9.0,2026-09-05 16:37:06
India,Rajasthan,Pratapgarh,"Pragati Nagar, Pratapgarh - RSPCB",05-09-2026 21:00:00,24.041198,74.780702,PM10,17.0,72.0,54.0,2026-09-05 16:37:06
India,Rajasthan,Pratapgarh,"Pragati Nagar, Pratapgarh - RSPCB",05-09-2026 21:00:00,24.041198,74.780702,NO2,7.0,13.0,8.0,2026-09-05 16:37:06
India,Rajasthan,Pratapgarh,"Pragati Nagar, Pratapgarh - RSPCB",05-09-2026 21:00:00,24.041198,74.780702,CO,15.0,20.0,17.0,2026-09-05 16:37:06
India,Rajasthan,Rajsamand,"Dhoinda, Rajsamand - RSPCB",05-09-2026 21:00:00,25.03636,73.883502,PM2.5,15.0,62.0,33.0,2026-09-05 16:37:06
India,Rajasthan,Rajsamand,"Dhoinda, Rajsamand - RSPCB",05-09-2026 21:00:00,25.03636,73.883502,CO,22.0,32.0,25.0,2026-09-05 16:37:06
India,Rajasthan,Sikar,"Radhakishan Pura, Sikar - RSPCB",05-09-2026 21:00:00,27.608912,75.153302,NH3,12.0,15.0,14.0,2026-09-05 16:37:06
India,Tamil Nadu,Coimbatore,"SIDCO Kurichi, Coimbatore - TNPCB",05-09-2026 21:00:00,10.942451,76.978996,NO2,22.0,22.0,22.0,2026-09-05 16:37:06
India,Tamil Nadu,Coimbatore,"SIDCO Kurichi, Coimbatore - TNPCB",05-09-2026 21:00:00,10.942451,76.978996,SO2,27.0,29.0,28.0,2026-09-05 16:37:06
India,Tamil Nadu,Cuddalore,"Kudikadu, Cuddalore - TNPCB",05-09-2026 21:00:00,11.6829898,79.7532099,PM10,,,,2026-09-05 16:37:06
India,Tamil Nadu,Cuddalore,"Kudikadu, Cuddalore - TNPCB",05-09-2026 21:00:00,11.6829898,79.7532099,SO2,23.0,24.0,24.0,2026-09-05 16:37:06
India,Tamil Nadu,Cuddalore,"Kudikadu, Cuddalore - TNPCB",05-09-2026 21:00:00,11.6829898,79.7532099,CO,,,,2026-09-05 16:37:06
India,Tamil Nadu,Gummidipoondi,"Anthoni Pillai Nagar, Gummidipoondi - TNPCB",05-09-2026 21:00:00,13.4127,80.1081,NH3,0.0,1.0,1.0,2026-09-05 16:37:06
India,Tamil Nadu,Gummidipoondi,"Anthoni Pillai Nagar, Gummidipoondi - TNPCB",05-09-2026 21:00:00,13.4127,80.1081,CO,,,,2026-09-05 16:37:06
India,Tamil Nadu,Gummidipoondi,"Anthoni Pillai Nagar, Gummidipoondi - TNPCB",05-09-2026 21:00:00,13.4127,80.1081,OZONE,,,,2026-09-05 16:37:06
India,Tamil Nadu,Thoothukudi,"Meelavittan, Thoothukudi - TNPCB",05-09-2026 21:00:00,8.816428,78.099039,SO2,7.0,20.0,13.0,2026-09-05 16:37:06
India,Tamil Nadu,Thoothukudi,"Meelavittan, Thoothukudi - TNPCB",05-09-2026 21:00:00,8.816428,78.099039,CO,18.0,28.0,24.0,2026-09-05 16:37:06
India,Telangana,Hyderabad,"Bollaram Industrial Area, Hyderabad - TSPCB",05-09-2026 21:00:00,17.518,78.383,PM2.5,,,,2026-09-05 16:37:06
India,Telangana,Hyderabad,"Bollaram Industrial Area, Hyderabad - TSPCB",05-09-2026 21:00:00,17.518,78.383,NO2,,,,2026-09-05 16:37:06
India,Telangana,Hyderabad,"Bollaram Industrial Area, Hyderabad - TSPCB",05-09-2026 21:00:00,17.518,78.383,NH3,,,,2026-09-05 16:37:06
India,Telangana,Hyderabad,"Zoo Park, Hyderabad - TSPCB",05-09-2026 21:00:00,17.349694,78.451437,PM10,15.0,108.0,41.0,2026-09-05 16:37:06
India,Telangana,Hyderabad,"Central University, Hyderabad - TSPCB",05-09-2026 21:00:00,17.460103,78.334361,NO2,2.0,23.0,10.0,2026-09-05 16:37:06
India,Telangana,Hyderabad,"IITH Kandi, Hyderabad - TSPCB",05-09-2026 21:00:00,17.585705,78.126199,CO,26.0,36.0,32.0,2026-09-05 16:37:06
India,Rajasthan,Jaipur,"RIICO Sitapura, Jaipur - RSPCB",05-09-2026 21:00:00,26.786682,75.827928,PM10,8.0,44.0,32.0,2026-09-05 16:37:06
India,Rajasthan,Jaipur,"Shastri Nagar, Jaipur - RSPCB",05-09-2026 21:00:00,26.9502929,75.730943,OZONE,23.0,26.0,25.0,2026-09-05 16:37:06
India,Rajasthan,Jaipur,"Adarsh Nagar, Jaipur - RSPCB",05-09-2026 21:00:00,26.902909,75.836858,PM2.5,5.0,66.0,33.0,2026-09-05 16:37:06
India,Rajasthan,Jalore,"Mudtra Sili, Jalore - RSPCB",05-09-2026 21:00:00,25.344694,72.626208,NO2,5.0,12.0,7.0,2026-09-05 16:37:06
India,Rajasthan,Jalore,"Mudtra Sili, Jalore - RSPCB",05-09-2026 21:00:00,25.344694,72.626208,OZONE,22.0,45.0,36.0,2026-09-05 16:37:06
India,Rajasthan,Jhalawar,"Rajlaxmi Nagar, Jhalawar - RSPCB",05-09-2026 21:00:00,24.588397,76.172782,NO2,27.0,44.0,33.0,2026-09-05 16:37:06
India,Rajasthan,Jhunjhunu,"Indra Nagar, Jhunjhunu - RSPCB",05-09-2026 21:00:00,28.108988,75.386577,CO,13.0,18.0,16.0,2026-09-05 16:37:06
India,Rajasthan,Jodhpur,"Digari Kalan, Jodhpur - RSPCB",05-09-2026 21:00:00,26.29581,73.082283,NO2,7.0,23.0,13.0,2026-09-05 16:37:06
India,Rajasthan,Jodhpur,"Digari Kalan, Jodhpur - RSPCB",05-09-2026 21:00:00,26.29581,73.082283,SO2,5.0,9.0,7.0,2026-09-05 16:37:06
India,Rajasthan,Jodhpur,"Mandor, Jodhpur - RSPCB",05-09-2026 21:00:00,26.358805,73.047444,SO2,5.0,10.0,7.0,2026-09-05 16:37:06
India,Rajasthan,Jodhpur,"Collectorate, Jodhpur - RSPCB",05-09-2026 21:00:00,26.268249,73.0193853,PM10,23.0,89.0,53.0,2026-09-05 16:37:06
India,Rajasthan,Jodhpur,"Collectorate, Jodhpur - RSPCB",05-09-2026 21:00:00,26.268249,73.0193853,CO,71.0,112.0,99.0,2026-09-05 16:37:06
India,Rajasthan,Jodhpur,"Samrat Ashok Udhyan, Jodhpur - RSPCB",05-09-2026 21:00:00,26.253384,72.976571,SO2,,,,2026-09-05 16:37:06
India,Uttarakhand,Dehradun,"Doon University, Dehradun - UKPCB",05-09-2026 21:00:00,30.269444,78.044167,PM10,17.0,78.0,43.0,2026-09-05 16:37:06
India,Uttarakhand,Dehradun,"Doon University, Dehradun - UKPCB",05-09-2026 21:00:00,30.269444,78.044167,OZONE,4.0,25.0,14.0,2026-09-05 16:37:06
India,Uttarakhand,Kashipur,"Govt. Girls Inter College, Kashipur - UKPCB",05-09-2026 21:00:00,29.2124114,78.9611753,PM10,,,,2026-09-05 16:37:06
India,Uttarakhand,Kashipur,"Govt. Girls Inter College, Kashipur - UKPCB",05-09-2026 21:00:00,29.2124114,78.9611753,NH3,4.0,15.0,8.0,2026-09-05 16:37:06
India,Uttarakhand,Rishikesh,"Shivaji Nagar, Rishikesh - UKPCB",05-09-2026 21:00:00,30.075911,78.2859547,PM10,20.0,20.0,20.0,2026-09-05 16:37:06
India,Uttarakhand,Rishikesh,"Shivaji Nagar, Rishikesh - UKPCB",05-09-2026 21:00:00,30.075911,78.2859547,NO2,6.0,6.0,6.0,2026-09-05 16:37:06
India,West Bengal,Asansol,"Asansol Court Area, Asansol - WBPCB",05-09-2026 21:00:00,23.685297,86.945968,PM10,40.0,57.0,48.0,2026-09-05 16:37:06
India,West Bengal,Asansol,"Asansol Court Area, Asansol - WBPCB",05-09-2026 21:00:00,23.685297,86.945968,NH3,2.0,6.0,4.0,2026-09-05 16:37:06
India,West Bengal,Asansol,"Evelyn Lodge, Asansol - WBPCB",05-09-2026 21:00:00,23.697936,86.944395,OZONE,12.0,27.0,19.0,2026-09-05 16:37:06
India,West Bengal,Asansol,"Mahabir Colliery, Asansol - WBPCB",05-09-2026 21:00:00,23.618183,87.105718,CO,10.0,20.0,14.0,2026-09-05 16:37:06
India,West Bengal,Asansol,"Trivenidevi Bhalotia College, Asansol - WBPCB",05-09-2026 21:00:00,23.616515,87.119133,PM10,18.0,35.0,26.0,2026-09-05 16:37:06
India,West Bengal,Asansol,"Trivenidevi Bhalotia College, Asansol - WBPCB",05-09-2026 21:00:00,23.616515,87.119133,SO2,38.0,41.0,39.0,2026-09-05 16:37:06
India,West Bengal,Asansol,"Trivenidevi Bhalotia College, Asansol - WBPCB",05-09-2026 21:00:00,23.616515,87.119133,OZONE,5.0,10.0,7.0,2026-09-05 16:37:06
India,West Bengal,Barrackpore,"SVSPA Campus, Barrackpore - WBPCB",05-09-2026 21:00:00,22.7605581,88.3617589,PM10,49.0,100.0,72.0,2026-09-05 16:37:06
India,West Bengal,Durgapur,"PCBL Residential Complex, Durgapur - WBPCB",05-09-2026 21:00:00,23.508764,87.35444,NO2,47.0,70.0,59.0,2026-09-05 16:37:06
India,West Bengal,Durgapur,"PCBL Residential Complex, Durgapur - WBPCB",05-09-2026 21:00:00,23.508764,87.35444,OZONE,5.0,6.0,6.0,2026-09-05 16:37:06
India,West Bengal,Durgapur,"Mahishkapur Road_B-Zone, Durgapur - WBPCB",05-09-2026 21:00:00,23.567923,87.306843,PM2.5,1.0,94.0,57.0,2026-09-05 16:37:06
India,West Bengal,Durgapur,"Womens College_City Center, Durgapur - WBPCB",05-09-2026 21:00:00,23.549395,87.300496,NO2,27.0,38.0,35.0,2026-09-05 16:37:06
India,West Bengal,Durgapur,"Womens College_City Center, Durgapur - WBPCB",05-09-2026 21:00:00,23.549395,87.300496,CO,28.0,42.0,33.0,2026-09-05 16:37:06
India,West Bengal,Durgapur,"Womens College_City Center, Durgapur - WBPCB",05-09-2026 21:00:00,23.549395,87.300496,OZONE,19.0,20.0,20.0,2026-09-05 16:37:06
India,West Bengal,Haldia,"Priyambada Housing Estate, Haldia - WBPCB",05-09-2026 21:00:00,22.06047,88.109737,PM10,21.0,77.0,50.0,2026-09-05 16:37:06
India,West Bengal,Haldia,"Priyambada Housing Estate, Haldia - WBPCB",05-09-2026 21:00:00,22.06047,88.109737,NO2,10.0,21.0,13.0,2026-09-05 16:37:06
India,Uttar Pradesh,Agra,"Shahjahan Garden, Agra - UPPCB",05-09-2026 21:00:00,27.169338,78.03582,CO,22.0,27.0,24.0,2026-09-05 16:37:06
India,Uttar Pradesh,Agra,"Manoharpur, Agra - UPPCB",05-09-2026 21:00:00,27.23711,78.01936,CO,20.0,20.0,20.0,2026-09-05 16:37:06
India,Uttar Pradesh,Agra,"Sanjay Palace, Agra - UPPCB",05-09-2026 21:00:00,27.19865833,78.00598056,SO2,17.0,18.0,18.0,2026-09-05 16:37:06
India,Uttar Pradesh,Agra,"Sanjay Palace, Agra - UPPCB",05-09-2026 21:00:00,27.19865833,78.00598056,CO,32.0,35.0,33.0,2026-09-05 16:37:06
India,Uttar Pradesh,Agra,"Shastripuram, Agra - UPPCB",05-09-2026 21:00:00,27.19862,77.92066,NH3,3.0,3.0,3.0,2026-09-05 16:37:06
India,Uttar Pradesh,Bareilly,"Rajendra Nagar, Bareilly - UPPCB",05-09-2026 21:00:00,28.38910936,79.42963708,PM2.5,21.0,52.0,36.0,2026-09-05 16:37:06
India,Uttar Pradesh,Bareilly,"Rajendra Nagar, Bareilly - UPPCB",05-09-2026 21:00:00,28.38910936,79.42963708,NH3,1.0,1.0,1.0,2026-09-05 16:37:06
India,Uttar Pradesh,Bareilly,"Civil Lines, Bareilly - UPPCB",05-09-2026 21:00:00,28.359581,79.414455,NO2,8.0,9.0,8.0,2026-09-05 16:37:06
India,Uttar Pradesh,Bareilly,"Civil Lines, Bareilly - UPPCB",05-09-2026 21:00:00,28.359581,79.414455,CO,29.0,33.0,30.0,2026-09-05 16:37:06
India,Uttar Pradesh,Bulandshahr,"Yamunapuram, Bulandshahr - UPPCB",05-09-2026 21:00:00,28.406963,77.849831,NO2,9.0,15.0,12.0,2026-09-05 16:37:06
India,Uttar Pradesh,Bulandshahr,"Yamunapuram, Bulandshahr - UPPCB",05-09-2026 21:00:00,28.406963,77.849831,NH3,6.0,10.0,8.0,2026-09-05 16:37:06
India,Uttar Pradesh,Fatehpur Sikri,"Dadupura, Fatehpur Sikri - UPPCB",05-09-2026 21:00:00,27.097694,77.671335,PM10,,,,2026-09-05 16:37:06
India,Uttar Pradesh,Fatehpur Sikri,"Dadupura, Fatehpur Sikri - UPPCB",05-09-2026 21:00:00,27.097694,77.671335,NO2,7.0,8.0,7.0,2026-09-05 16:37:06
India,Uttar Pradesh,Firozabad,"Nagla Bhau, Firozabad - UPPCB",05-09-2026 21:00:00,27.168897,78.37696,PM2.5,11.0,31.0,19.0,2026-09-05 16:37:06
India,Uttar Pradesh,Firozabad,"Nagla Bhau, Firozabad - UPPCB",05-09-2026 21:00:00,27.168897,78.37696,SO2,9.0,108.0,25.0,2026-09-05 16:37:06
India,Uttar Pradesh,Firozabad,"Nagla Bhau, Firozabad - UPPCB",05-09-2026 21:00:00,27.168897,78.37696,CO,24.0,46.0,27.0,2026-09-05 16:37:06
India,Uttar Pradesh,Firozabad,"Vibhab Nagar, Firozabad - UPPCB",05-09-2026 21:00:00,27.1594,78.3953,SO2,4.0,7.0,6.0,2026-09-05 16:37:06
India,Uttar Pradesh,Gajraula,"Rajanpur, Gajraula - UPPCB",05-09-2026 21:00:00,28.829109,78.248796,NO2,6.0,37.0,18.0,2026-09-05 16:37:06
India,Uttar Pradesh,Ghaziabad,"Ved Vihar-Loni, Ghaziabad - UPPCB",05-09-2026 21:00:00,28.739153,77.273668,PM2.5,13.0,27.0,21.0,2026-09-05 16:37:06
India,Uttar Pradesh,Ghaziabad,"Ved Vihar-Loni, Ghaziabad - UPPCB",05-09-2026 21:00:00,28.739153,77.273668,PM10,16.0,32.0,25.0,2026-09-05 16:37:06
India,Uttar Pradesh,Ghaziabad,"Sanjay Nagar, Ghaziabad - UPPCB",05-09-2026 21:00:00,28.685382,77.453839,CO,25.0,40.0,31.0,2026-09-05 16:37:06
India,Uttar Pradesh,Ghaziabad,"Sanjay Nagar, Ghaziabad - UPPCB",05-09-2026 21:00:00,28.685382,77.453839,OZONE,11.0,35.0,18.0,2026-09-05 16:37:06
India,Uttar Pradesh,Lucknow,"Lalbagh, Lucknow - CPCB",05-09-2026 21:00:00,26.8458805,80.9365541,SO2,2.0,6.0,4.0,2026-09-05 16:37:06
India,Uttar Pradesh,Lucknow,"Lalbagh, Lucknow - CPCB",05-09-2026 21:00:00,26.8458805,80.9365541,OZONE,58.0,71.0,65.0,2026-09-05 16:37:06
India,Uttar Pradesh,Lucknow,"Kukrail Picnic Spot-1, Lucknow - UPPCB",05-09-2026 21:00:00,26.90723,80.98579,CO,16.0,18.0,17.0,2026-09-05 16:37:06
India,Uttar Pradesh,Mathura,"Pali Dungra, Mathura - UPPCB",05-09-2026 21:00:00,27.410954,77.550619,NO2,4.0,5.0,4.0,2026-09-05 16:37:06
India,West Bengal,Haldia,"Priyambada Housing Estate, Haldia - WBPCB",05-09-2026 21:00:00,22.06047,88.109737,NH3,9.0,13.0,11.0,2026-09-05 16:37:06
India,West Bengal,Howrah,"Belur Math, Howrah - WBPCB",05-09-2026 21:00:00,22.629801,88.352017,CO,13.0,83.0,42.0,2026-09-05 16:37:06
India,West Bengal,Howrah,"Belur Math, Howrah - WBPCB",05-09-2026 21:00:00,22.629801,88.352017,OZONE,8.0,9.0,9.0,2026-09-05 16:37:06
India,Uttar Pradesh,Meerut,"Ganga Nagar, Meerut - UPPCB",05-09-2026 21:00:00,28.999264,77.7590354,OZONE,27.0,47.0,39.0,2026-09-05 16:37:06
India,Uttar Pradesh,Modinagar,"SRM University, Modinagar - UPPCB",05-09-2026 21:00:00,28.798171,77.540243,NO2,,,,2026-09-05 16:37:06
India,Uttar Pradesh,Modinagar,"SRM University, Modinagar - UPPCB",05-09-2026 21:00:00,28.798171,77.540243,NH3,,,,2026-09-05 16:37:06
India,Uttar Pradesh,Moradabad,"Eco Herbal Park, Moradabad - UPPCB",05-09-2026 21:00:00,28.840739,78.697531,PM2.5,6.0,78.0,35.0,2026-09-05 16:37:06
India,Uttar Pradesh,Moradabad,"Eco Herbal Park, Moradabad - UPPCB",05-09-2026 21:00:00,28.840739,78.697531,NH3,6.0,7.0,6.0,2026-09-05 16:37:06
India,Uttar Pradesh,Moradabad,"Eco Herbal Park, Moradabad - UPPCB",05-09-2026 21:00:00,28.840739,78.697531,SO2,7.0,18.0,14.0,2026-09-05 16:37:06
India,Uttar Pradesh,Moradabad,"Eco Herbal Park, Moradabad - UPPCB",05-09-2026 21:00:00,28.840739,78.697531,OZONE,17.0,26.0,21.0,2026-09-05 16:37:06
India,Uttar Pradesh,Moradabad,"Buddhi Vihar, Moradabad - UPPCB",05-09-2026 21:00:00,28.83526,78.7446,NO2,28.0,29.0,29.0,2026-09-05 16:37:06
India,Uttar Pradesh,Moradabad,"Jigar Colony, Moradabad - UPPCB",05-09-2026 21:00:00,28.856664,78.772638,PM2.5,12.0,35.0,21.0,2026-09-05 16:37:06
India,Uttar Pradesh,Moradabad,"Transport Nagar, Moradabad - UPPCB",05-09-2026 21:00:00,28.802625,78.753728,PM2.5,1.0,89.0,40.0,2026-09-05 16:37:06
India,Uttar Pradesh,Moradabad,"Transport Nagar, Moradabad - UPPCB",05-09-2026 21:00:00,28.802625,78.753728,CO,43.0,48.0,46.0,2026-09-05 16:37:06
India,Uttar Pradesh,Moradabad,"Employment Office, Moradabad - UPPCB",05-09-2026 21:00:00,28.88528,78.7388,NO2,23.0,24.0,23.0,2026-09-05 16:37:06
India,Uttar Pradesh,Moradabad,"Employment Office, Moradabad - UPPCB",05-09-2026 21:00:00,28.88528,78.7388,NH3,3.0,3.0,3.0,2026-09-05 16:37:06
India,Uttar Pradesh,Muzaffarnagar,"New Mandi, Muzaffarnagar - UPPCB",05-09-2026 21:00:00,29.4723508,77.7194031,NO2,15.0,47.0,28.0,2026-09-05 16:37:06
India,Uttar Pradesh,Muzaffarnagar,"New Mandi, Muzaffarnagar - UPPCB",05-09-2026 21:00:00,29.4723508,77.7194031,SO2,2.0,37.0,12.0,2026-09-05 16:37:06
India,Uttar Pradesh,Muzaffarnagar,"New Mandi, Muzaffarnagar - UPPCB",05-09-2026 21:00:00,29.4723508,77.7194031,CO,34.0,49.0,41.0,2026-09-05 16:37:06
India,Uttar Pradesh,Noida,"Sector - 125, Noida - UPPCB",05-09-2026 21:00:00,28.5447608,77.3231257,NO2,16.0,18.0,17.0,2026-09-05 16:37:06
India,Uttar Pradesh,Noida,"Sector - 62, Noida - IITM",05-09-2026 21:00:00,28.6245479,77.3577104,NH3,,,,2026-09-05 16:37:06
India,Uttar Pradesh,Noida,"Sector - 62, Noida - IITM",05-09-2026 21:00:00,28.6245479,77.3577104,SO2,,,,2026-09-05 16:37:06
India,Uttar Pradesh,Jhansi,"Shivaji Nagar, Jhansi - UPPCB",05-09-2026 21:00:00,25.4547,78.6039,PM2.5,12.0,68.0,30.0,2026-09-05 16:37:06
India,Uttar Pradesh,Jhansi,"Shivaji Nagar, Jhansi - UPPCB",05-09-2026 21:00:00,25.4547,78.6039,NO2,6.0,7.0,6.0,2026-09-05 16:37:06
India,Uttar Pradesh,Jhansi,"Shivaji Nagar, Jhansi - UPPCB",05-09-2026 21:00:00,25.4547,78.6039,SO2,20.0,31.0,25.0,2026-09-05 16:37:06
India,Uttar Pradesh,Kanpur,"FTI Kidwai Nagar, Kanpur - UPPCB",05-09-2026 21:00:00,26.428282,80.327067,NO2,27.0,27.0,27.0,2026-09-05 16:37:06
India,Uttar Pradesh,Kanpur,"FTI Kidwai Nagar, Kanpur - UPPCB",05-09-2026 21:00:00,26.428282,80.327067,OZONE,11.0,11.0,11.0,2026-09-05 16:37:06
India,Uttar Pradesh,Kanpur,"Nehru Nagar, Kanpur - UPPCB",05-09-2026 21:00:00,26.4703136,80.3229863,CO,47.0,50.0,49.0,2026-09-05 16:37:06
India,Uttar Pradesh,Khora,"Prashant Garden, Khora - UPPCB",05-09-2026 21:00:00,28.61119,77.34206,NH3,5.0,5.0,5.0,2026-09-05 16:37:06
India,Uttar Pradesh,Khurja,"Kalindi Kunj, Khurja - UPPCB",05-09-2026 21:00:00,28.2348927,77.8683002,SO2,10.0,11.0,10.0,2026-09-05 16:37:06
India,Uttar Pradesh,Khurja,"Kalindi Kunj, Khurja - UPPCB",05-09-2026 21:00:00,28.2348927,77.8683002,CO,11.0,57.0,42.0,2026-09-05 16:37:06
India,Uttar Pradesh,Khurja,"Kalindi Kunj, Khurja - UPPCB",05-09-2026 21:00:00,28.2348927,77.8683002,OZONE,12.0,12.0,12.0,2026-09-05 16:37:06
India,Uttar Pradesh,Lucknow,"Talkatora District Industries Center, Lucknow - CPCB",05-09-2026 21:00:00,26.83399722,80.8917361,PM10,32.0,75.0,49.0,2026-09-05 16:37:06
India,Uttar Pradesh,Lucknow,"Talkatora District Industries Center, Lucknow - CPCB",05-09-2026 21:00:00,26.83399722,80.8917361,NO2,18.0,31.0,24.0,2026-09-05 16:37:06
India,Uttar Pradesh,Lucknow,"Kendriya Vidyalaya, Lucknow - CPCB",05-09-2026 21:00:00,26.906111,80.948222,PM2.5,25.0,76.0,47.0,2026-09-05 16:37:06
India,Uttar Pradesh,Lucknow,"Kendriya Vidyalaya, Lucknow - CPCB",05-09-2026 21:00:00,26.906111,80.948222,PM10,32.0,54.0,41.0,2026-09-05 16:37:06
India,Uttar Pradesh,Ghaziabad,"Vasundhara, Ghaziabad - UPPCB",05-09-2026 21:00:00,28.6603346,77.3572563,NH3,4.0,11.0,7.0,2026-09-05 16:37:06
India,Uttar Pradesh,Ghaziabad,"Vasundhara, Ghaziabad - UPPCB",05-09-2026 21:00:00,28.6603346,77.3572563,SO2,1.0,12.0,6.0,2026-09-05 16:37:06
India,Uttar Pradesh,Ghaziabad,"Wave City, Ghaziabad - UPPCB",05-09-2026 21:00:00,28.646675,77.489049,PM10,,,,2026-09-05 16:37:06
India,Uttar Pradesh,Ghaziabad,"Wave City, Ghaziabad - UPPCB",05-09-2026 21:00:00,28.646675,77.489049,NO2,15.0,17.0,16.0,2026-09-05 16:37:06
India,Uttar Pradesh,Ghaziabad,"Wave City, Ghaziabad - UPPCB",05-09-2026 21:00:00,28.646675,77.489049,NH3,,,,2026-09-05 16:37:06
India,Uttar Pradesh,Ghaziabad,"Wave City, Ghaziabad - UPPCB",05-09-2026 21:00:00,28.646675,77.489049,SO2,1.0,4.0,3.0,2026-09-05 16:37:06
India,Uttar Pradesh,Ghaziabad,"Loni, Ghaziabad - UPPCB",05-09-2026 21:00:00,28.757294,77.278792,PM10,14.0,38.0,28.0,2026-09-05 16:37:06
India,Uttar Pradesh,Ghaziabad,"Govindpuram, Ghaziabad - UPPCB",05-09-2026 21:00:00,28.694528,77.494705,PM10,4.0,11.0,7.0,2026-09-05 16:37:06
India,Uttar Pradesh,Ghaziabad,"Govindpuram, Ghaziabad - UPPCB",05-09-2026 21:00:00,28.694528,77.494705,CO,25.0,32.0,28.0,2026-09-05 16:37:06
India,Uttar Pradesh,Gorakhpur,"Madan Mohan Malaviya University of Technology, Gorakhpur - UPPCB",05-09-2026 21:00:00,26.730136,83.433859,NH3,,,,2026-09-05 16:37:06
India,Uttar Pradesh,Greater Noida,"Knowledge Park - V, Greater Noida - UPPCB",05-09-2026 21:00:00,28.557054,77.453663,PM10,45.0,176.0,107.0,2026-09-05 16:37:06
India,Uttar Pradesh,Greater Noida,"Knowledge Park - III, Greater Noida - UPPCB",05-09-2026 21:00:00,28.47272,77.482,CO,41.0,55.0,45.0,2026-09-05 16:37:06
India,Uttar Pradesh,Greater Noida,"Knowledge Park - III, Greater Noida - UPPCB",05-09-2026 21:00:00,28.47272,77.482,OZONE,9.0,18.0,15.0,2026-09-05 16:37:06
India,Uttar Pradesh,Varanasi,"Maldahiya, Varanasi - UPPCB",05-09-2026 21:00:00,25.32393,82.99687,NO2,2.0,4.0,3.0,2026-09-05 16:37:06
India,Uttar Pradesh,Varanasi,"IESD Banaras Hindu University, Varanasi - UPPCB",05-09-2026 21:00:00,25.262326,82.995408,PM2.5,17.0,48.0,31.0,2026-09-05 16:37:06
India,Uttar Pradesh,Varanasi,"IESD Banaras Hindu University, Varanasi - UPPCB",05-09-2026 21:00:00,25.262326,82.995408,NO2,2.0,2.0,2.0,2026-09-05 16:37:06
India,Uttar Pradesh,Vrindavan,"Omex Eternity, Vrindavan - UPPCB",05-09-2026 21:00:00,27.571409,77.655757,PM10,8.0,52.0,26.0,2026-09-05 16:37:06
India,Uttar Pradesh,Lucknow,"Gomti Nagar, Lucknow - UPPCB",05-09-2026 21:00:00,26.86812,81.005119,NO2,9.0,10.0,9.0,2026-09-05 16:37:06
India,Uttar Pradesh,Mathura,"Pali Dungra, Mathura - UPPCB",05-09-2026 21:00:00,27.410954,77.550619,NH3,1.0,3.0,2.0,2026-09-05 16:37:06
India,Uttar Pradesh,Mathura,"Pali Dungra, Mathura - UPPCB",05-09-2026 21:00:00,27.410954,77.550619,CO,1.0,18.0,12.0,2026-09-05 16:37:06
India,Uttar Pradesh,Meerut,"MIET College, Meerut - UPPCB",05-09-2026 21:00:00,28.972677,77.641018,PM10,12.0,45.0,31.0,2026-09-05 16:37:06
India,Uttar Pradesh,Meerut,"MIET College, Meerut - UPPCB",05-09-2026 21:00:00,28.972677,77.641018,SO2,2.0,3.0,2.0,2026-09-05 16:37:06
India,Uttar Pradesh,Meerut,"Pallavpuram Phase 2, Meerut - UPPCB",05-09-2026 21:00:00,29.06351,77.709723,PM10,23.0,51.0,40.0,2026-09-05 16:37:06
India,Uttar Pradesh,Meerut,"Pallavpuram Phase 2, Meerut - UPPCB",05-09-2026 21:00:00,29.06351,77.709723,NH3,6.0,7.0,7.0,2026-09-05 16:37:06
India,Uttar Pradesh,Meerut,"Ganga Nagar, Meerut - UPPCB",05-09-2026 21:00:00,28.999264,77.7590354,NO2,36.0,47.0,40.0,2026-09-05 16:37:06
India,Uttar Pradesh,Meerut,"Ganga Nagar, Meerut - UPPCB",05-09-2026 21:00:00,28.999264,77.7590354,NH3,8.0,9.0,9.0,2026-09-05 16:37:06
India,Uttar Pradesh,Noida,"Sector - 62, Noida - IITM",05-09-2026 21:00:00,28.6245479,77.3577104,CO,21.0,34.0,26.0,2026-09-05 16:37:06
India,Uttar Pradesh,Noida,"Sector-1, Noida - UPPCB",05-09-2026 21:00:00,28.5898,77.3101,PM2.5,,,,2026-09-05 16:37:06
India,Uttar Pradesh,Noida,"Sector-1, Noida - UPPCB",05-09-2026 21:00:00,28.5898,77.3101,SO2,,,,2026-09-05 16:37:06
India,Uttar Pradesh,Noida,"Sector-1, Noida - UPPCB",05-09-2026 21:00:00,28.5898,77.3101,CO,17.0,17.0,17.0,2026-09-05 16:37:06
India,Uttar Pradesh,Noida,"Sector-116, Noida - UPPCB",05-09-2026 21:00:00,28.56923,77.393848,NO2,12.0,57.0,25.0,2026-09-05 16:37:06
India,Uttar Pradesh,Prayagraj,"Motilal Nehru NIT, Prayagraj - UPPCB",05-09-2026 21:00:00,25.494,81.863,NH3,8.0,8.0,8.0,2026-09-05 16:37:06
India,Uttar Pradesh,Prayagraj,"Motilal Nehru NIT, Prayagraj - UPPCB",05-09-2026 21:00:00,25.494,81.863,SO2,31.0,74.0,38.0,2026-09-05 16:37:06
India,Uttar Pradesh,Shamli,"New Tehsil, Shamli - UPPCB",05-09-2026 21:00:00,29.4603683,77.3410291,PM2.5,15.0,41.0,26.0,2026-09-05 16:37:06
India,Uttar Pradesh,Shamli,"New Tehsil, Shamli - UPPCB",05-09-2026 21:00:00,29.4603683,77.3410291,NH3,1.0,1.0,1.0,2026-09-05 16:37:06
India,Uttar Pradesh,Varanasi,"Bhelupur, Varanasi - UPPCB",05-09-2026 21:00:00,25.301778,82.996789,PM2.5,13.0,500.0,99.0,2026-09-05 16:37:06
India,Uttar Pradesh,Varanasi,"Bhelupur, Varanasi - UPPCB",05-09-2026 21:00:00,25.301778,82.996789,CO,9.0,47.0,26.0,2026-09-05 16:37:06
India,West Bengal,Howrah,"Ghusuri, Howrah - WBPCB",05-09-2026 21:00:00,22.611968,88.347422,PM2.5,45.0,170.0,78.0,2026-09-05 16:37:06
India,West Bengal,Howrah,"Padmapukur, Howrah - WBPCB",05-09-2026 21:00:00,22.5687319,88.2797276,SO2,4.0,6.0,5.0,2026-09-05 16:37:06
India,West Bengal,Howrah,"Padmapukur, Howrah - WBPCB",05-09-2026 21:00:00,22.5687319,88.2797276,CO,38.0,89.0,59.0,2026-09-05 16:37:06
India,West Bengal,Kolkata,"Jadavpur, Kolkata - WBPCB",05-09-2026 21:00:00,22.49929,88.36917,PM10,45.0,98.0,70.0,2026-09-05 16:37:06
India,West Bengal,Kolkata,"Jadavpur, Kolkata - WBPCB",05-09-2026 21:00:00,22.49929,88.36917,OZONE,12.0,13.0,12.0,2026-09-05 16:37:06
India,West Bengal,Kolkata,"Rabindra Bharati University, Kolkata - WBPCB",05-09-2026 21:00:00,22.627847,88.380669,PM10,57.0,102.0,80.0,2026-09-05 16:37:06
India,West Bengal,Kolkata,"Rabindra Bharati University, Kolkata - WBPCB",05-09-2026 21:00:00,22.627847,88.380669,CO,30.0,72.0,45.0,2026-09-05 16:37:06
India,West Bengal,Kolkata,"Fort William, Kolkata - WBPCB",05-09-2026 21:00:00,22.55664,88.342674,PM2.5,41.0,71.0,53.0,2026-09-05 16:37:06
India,West Bengal,Kolkata,"Fort William, Kolkata - WBPCB",05-09-2026 21:00:00,22.55664,88.342674,CO,19.0,50.0,35.0,2026-09-05 16:37:06
India,West Bengal,Kolkata,"Rabindra Sarobar, Kolkata - WBPCB",05-09-2026 21:00:00,22.51106,88.35142,PM10,28.0,49.0,36.0,2026-09-05 16:37:06
India,West Bengal,Kolkata,"Ballygunge, Kolkata - WBPCB",05-09-2026 21:00:00,22.5367507,88.3638022,NO2,19.0,76.0,34.0,2026-09-05 16:37:06
India,West Bengal,Kolkata,"Ballygunge, Kolkata - WBPCB",05-09-2026 21:00:00,22.5367507,88.3638022,OZONE,15.0,17.0,16.0,2026-09-05 16:37:06
India,West Bengal,Kolkata,"Victoria, Kolkata - WBPCB",05-09-2026 21:00:00,22.5448082,88.3403691,NH3,6.0,7.0,6.0,2026-09-05 16:37:06
India,West Bengal,Kolkata,"Victoria, Kolkata - WBPCB",05-09-2026 21:00:00,22.5448082,88.3403691,OZONE,16.0,45.0,30.0,2026-09-05 16:37:06
India,Bihar,Chhapra,"Darshan Nagar, Chhapra - BSPCB",05-09-2026 21:00:00,25.7808257,84.7446768,CO,98.0,104.0,102.0,2026-09-05 16:37:06
India,Bihar,Gaya,"Collectorate, Gaya - BSPCB",05-09-2026 21:00:00,24.7955,84.9994,PM2.5,,,,2026-09-05 16:37:06
India,Bihar,Gaya,"Collectorate, Gaya - BSPCB",05-09-2026 21:00:00,24.7955,84.9994,NO2,,,,2026-09-05 16:37:06
India,Bihar,Gaya,"Collectorate, Gaya - BSPCB",05-09-2026 21:00:00,24.7955,84.9994,SO2,,,,2026-09-05 16:37:06
India,Bihar,Gaya,"SFTI Kusdihra, Gaya - BSPCB",05-09-2026 21:00:00,24.762518,84.982348,PM10,28.0,46.0,38.0,2026-09-05 16:37:06
India,Bihar,Gaya,"SFTI Kusdihra, Gaya - BSPCB",05-09-2026 21:00:00,24.762518,84.982348,NH3,6.0,8.0,7.0,2026-09-05 16:37:06
India,Bihar,Gaya,"Kareemganj, Gaya - BSPCB",05-09-2026 21:00:00,24.792403,84.992416,SO2,40.0,44.0,42.0,2026-09-05 16:37:06
India,Bihar,Gaya,"Kareemganj, Gaya - BSPCB",05-09-2026 21:00:00,24.792403,84.992416,CO,32.0,59.0,41.0,2026-09-05 16:37:06
India,Bihar,Hajipur,"Industrial Area, Hajipur - BSPCB",05-09-2026 21:00:00,25.697189,85.2459,PM2.5,35.0,81.0,58.0,2026-09-05 16:37:06
India,Bihar,Hajipur,"Industrial Area, Hajipur - BSPCB",05-09-2026 21:00:00,25.697189,85.2459,PM10,29.0,58.0,44.0,2026-09-05 16:37:06
India,Bihar,Hajipur,"Industrial Area, Hajipur - BSPCB",05-09-2026 21:00:00,25.697189,85.2459,NH3,12.0,19.0,16.0,2026-09-05 16:37:06
India,Bihar,Hajipur,"Industrial Area, Hajipur - BSPCB",05-09-2026 21:00:00,25.697189,85.2459,SO2,4.0,5.0,5.0,2026-09-05 16:37:06
India,Bihar,Katihar,"Mirchaibari, Katihar - BSPCB",05-09-2026 21:00:00,25.560083,87.553265,CO,68.0,86.0,77.0,2026-09-05 16:37:06
India,Bihar,Kishanganj,"SDM Office_Khagra, Kishanganj - BSPCB",05-09-2026 21:00:00,26.0881305,87.93840336,NO2,7.0,8.0,7.0,2026-09-05 16:37:06
India,Bihar,Kishanganj,"SDM Office_Khagra, Kishanganj - BSPCB",05-09-2026 21:00:00,26.0881305,87.93840336,SO2,5.0,10.0,7.0,2026-09-05 16:37:06
India,Bihar,Kishanganj,"SDM Office_Khagra, Kishanganj - BSPCB",05-09-2026 21:00:00,26.0881305,87.93840336,CO,35.0,45.0,40.0,2026-09-05 16:37:06
India,Bihar,Manguraha,"Forest Rest House, Manguraha - BSPCB",05-09-2026 21:00:00,27.308328,84.531742,PM2.5,,,,2026-09-05 16:37:06
India,Bihar,Manguraha,"Forest Rest House, Manguraha - BSPCB",05-09-2026 21:00:00,27.308328,84.531742,NO2,,,,2026-09-05 16:37:06
India,Bihar,Motihari,"Gandak Colony, Motihari - BSPCB",05-09-2026 21:00:00,26.63086,84.90051,SO2,2.0,3.0,3.0,2026-09-05 16:37:06
India,Bihar,Munger,"Town Hall, Munger - BSPCB",05-09-2026 21:00:00,25.376776,86.471523,OZONE,13.0,15.0,14.0,2026-09-05 16:37:06
India,Bihar,Muzaffarpur,"Buddha Colony, Muzaffarpur - BSPCB",05-09-2026 21:00:00,26.11442,85.39813,PM10,37.0,75.0,55.0,2026-09-05 16:37:06
India,Bihar,Muzaffarpur,"Buddha Colony, Muzaffarpur - BSPCB",05-09-2026 21:00:00,26.11442,85.39813,NO2,12.0,36.0,18.0,2026-09-05 16:37:06
India,Bihar,Muzaffarpur,"Buddha Colony, Muzaffarpur - BSPCB",05-09-2026 21:00:00,26.11442,85.39813,OZONE,18.0,36.0,28.0,2026-09-05 16:37:06
India,Bihar,Siwan,"Chitragupta Nagar, Siwan - BSPCB",05-09-2026 21:00:00,26.2271665,84.3570427,SO2,,,,2026-09-05 16:37:06
India,Chandigarh,Chandigarh,"Sector 22, Chandigarh - CPCC",05-09-2026 21:00:00,30.735567,76.775714,PM2.5,10.0,30.0,19.0,2026-09-05 16:37:06
India,Chandigarh,Chandigarh,"Sector 22, Chandigarh - CPCC",05-09-2026 21:00:00,30.735567,76.775714,CO,35.0,47.0,40.0,2026-09-05 16:37:06
India,Chandigarh,Chandigarh,"Sector-25, Chandigarh - CPCC",05-09-2026 21:00:00,30.751462,76.762879,PM10,18.0,47.0,36.0,2026-09-05 16:37:06
India,Chandigarh,Chandigarh,"Sector-25, Chandigarh - CPCC",05-09-2026 21:00:00,30.751462,76.762879,CO,20.0,33.0,25.0,2026-09-05 16:37:06
India,Chandigarh,Chandigarh,"Sector-25, Chandigarh - CPCC",05-09-2026 21:00:00,30.751462,76.762879,OZONE,8.0,21.0,14.0,2026-09-05 16:37:06
India,Chandigarh,Chandigarh,"Sector-53, Chandigarh - CPCC",05-09-2026 21:00:00,30.719859,76.738637,PM2.5,2.0,20.0,8.0,2026-09-05 16:37:06
India,Chandigarh,Chandigarh,"Sector-53, Chandigarh - CPCC",05-09-2026 21:00:00,30.719859,76.738637,SO2,1.0,6.0,2.0,2026-09-05 16:37:06
India,Chhattisgarh,Bhilai,"32Bungalows, Bhilai - CECB",05-09-2026 21:00:00,21.194815,81.31477,PM2.5,6.0,24.0,15.0,2026-09-05 16:37:06
India,Chhattisgarh,Bhilai,"32Bungalows, Bhilai - CECB",05-09-2026 21:00:00,21.194815,81.31477,PM10,,,,2026-09-05 16:37:06
India,Chhattisgarh,Bhilai,"32Bungalows, Bhilai - CECB",05-09-2026 21:00:00,21.194815,81.31477,NO2,4.0,11.0,6.0,2026-09-05 16:37:06
India,Chhattisgarh,Bhilai,"32Bungalows, Bhilai - CECB",05-09-2026 21:00:00,21.194815,81.31477,SO2,5.0,13.0,7.0,2026-09-05 16:37:06
India,Chhattisgarh,Bhilai,"Civic Center, Bhilai - Bhilai Steel Plant",05-09-2026 21:00:00,21.185571,81.343175,NH3,1.0,2.0,1.0,2026-09-05 16:37:06
India,Chhattisgarh,Bhilai,"Hathkhoj, Bhilai - CECB",05-09-2026 21:00:00,21.224231,81.40835,PM2.5,11.0,51.0,26.0,2026-09-05 16:37:06
India,Chhattisgarh,Bhilai,"Hathkhoj, Bhilai - CECB",05-09-2026 21:00:00,21.224231,81.40835,NO2,6.0,39.0,14.0,2026-09-05 16:37:06
India,Chhattisgarh,Bhilai,"Hathkhoj, Bhilai - CECB",05-09-2026 21:00:00,21.224231,81.40835,NH3,6.0,13.0,7.0,2026-09-05 16:37:06
India,Chhattisgarh,Bilaspur,"Mangala, Bilaspur - NTPC",05-09-2026 21:00:00,22.08815,82.13737,NO2,19.0,25.0,22.0,2026-09-05 16:37:06
India,Chhattisgarh,Chhal,"Nawapara SECL Colony, Chhal - CECB",05-09-2026 21:00:00,22.118125,83.140608,SO2,12.0,27.0,18.0,2026-09-05 16:37:06
India,Chhattisgarh,Chhal,"Nawapara SECL Colony, Chhal - CECB",05-09-2026 21:00:00,22.118125,83.140608,CO,10.0,38.0,22.0,2026-09-05 16:37:06
India,Chhattisgarh,Chhal,"Nawapara SECL Colony, Chhal - CECB",05-09-2026 21:00:00,22.118125,83.140608,OZONE,33.0,48.0,38.0,2026-09-05 16:37:06
India,Chhattisgarh,Korba,"Urja Nagar, Korba - CECB",05-09-2026 21:00:00,22.348441,82.549611,OZONE,5.0,5.0,5.0,2026-09-05 16:37:06
India,Chhattisgarh,Kunjemura,"OP Jindal School, Kunjemura - CECB",05-09-2026 21:00:00,22.12665,83.483212,PM2.5,5.0,55.0,24.0,2026-09-05 16:37:06
India,Chhattisgarh,Kunjemura,"OP Jindal School, Kunjemura - CECB",05-09-2026 21:00:00,22.12665,83.483212,NO2,6.0,25.0,14.0,2026-09-05 16:37:06
India,Chhattisgarh,Kunjemura,"OP Jindal School, Kunjemura - CECB",05-09-2026 21:00:00,22.12665,83.483212,NH3,2.0,2.0,2.0,2026-09-05 16:37:06
India,Chhattisgarh,Kunjemura,"OP Jindal School, Kunjemura - CECB",05-09-2026 21:00:00,22.12665,83.483212,SO2,5.0,18.0,10.0,2026-09-05 16:37:06
India,Chhattisgarh,Kunjemura,"OP Jindal School, Kunjemura - CECB",05-09-2026 21:00:00,22.12665,83.483212,CO,14.0,24.0,18.0,2026-09-05 16:37:06
India,Chhattisgarh,Milupara,"Govt. Higher Secondary School, Milupara - CECB",05-09-2026 21:00:00,22.1910172,83.5197009,NH3,,,,2026-09-05 16:37:06
India,Chhattisgarh,Milupara,"Govt. Higher Secondary School, Milupara - CECB",05-09-2026 21:00:00,22.1910172,83.5197009,SO2,,,,2026-09-05 16:37:06
India,Chhattisgarh,Raipur,"Bhatagaon New ISBT, Raipur - CECB",05-09-2026 21:00:00,21.219665,81.630094,NO2,6.0,24.0,12.0,2026-09-05 16:37:06
India,Chhattisgarh,Raipur,"Bhatagaon New ISBT, Raipur - CECB",05-09-2026 21:00:00,21.219665,81.630094,OZONE,3.0,4.0,3.0,2026-09-05 16:37:06
India,Chhattisgarh,Raipur,"AIIMS, Raipur - CECB",05-09-2026 21:00:00,21.258815,81.578979,PM10,14.0,36.0,23.0,2026-09-05 16:37:06
India,Chhattisgarh,Raipur,"AIIMS, Raipur - CECB",05-09-2026 21:00:00,21.258815,81.578979,OZONE,13.0,17.0,14.0,2026-09-05 16:37:06
India,Chhattisgarh,Tumidih,"OP Jindal Industrial Park, Tumidih - CECB",05-09-2026 21:00:00,22.06631475,83.33820077,PM2.5,25.0,55.0,38.0,2026-09-05 16:37:06
India,Chhattisgarh,Tumidih,"OP Jindal Industrial Park, Tumidih - CECB",05-09-2026 21:00:00,22.06631475,83.33820077,PM10,21.0,102.0,56.0,2026-09-05 16:37:06
India,Delhi,Delhi,"ITO, Delhi - CPCB",05-09-2026 21:00:00,28.628624,77.24106,PM2.5,18.0,87.0,44.0,2026-09-05 16:37:06
India,Delhi,Delhi,"ITO, Delhi - CPCB",05-09-2026 21:00:00,28.628624,77.24106,NO2,5.0,105.0,62.0,2026-09-05 16:37:06
India,Delhi,Delhi,"ITO, Delhi - CPCB",05-09-2026 21:00:00,28.628624,77.24106,NH3,1.0,6.0,4.0,2026-09-05 16:37:06
India,Delhi,Delhi,"ITO, Delhi - CPCB",05-09-2026 21:00:00,28.628624,77.24106,CO,41.0,69.0,55.0,2026-09-05 16:37:06
India,Delhi,Delhi,"Narela, Delhi - DPCC",05-09-2026 21:00:00,28.822836,77.101981,NO2,19.0,26.0,23.0,2026-09-05 16:37:06
India,Delhi,Delhi,"Sonia Vihar, Delhi - DPCC",05-09-2026 21:00:00,28.710508,77.249485,PM2.5,8.0,63.0,38.0,2026-09-05 16:37:06
India,Delhi,Delhi,"Sonia Vihar, Delhi - DPCC",05-09-2026 21:00:00,28.710508,77.249485,NH3,7.0,17.0,11.0,2026-09-05 16:37:06
India,Delhi,Delhi,"Sonia Vihar, Delhi - DPCC",05-09-2026 21:00:00,28.710508,77.249485,CO,64.0,89.0,79.0,2026-09-05 16:37:06
India,Delhi,Delhi,"Sonia Vihar, Delhi - DPCC",05-09-2026 21:00:00,28.710508,77.249485,OZONE,,,,2026-09-05 16:37:06
India,Delhi,Delhi,"Bawana, Delhi - DPCC",05-09-2026 21:00:00,28.7762,77.051074,NO2,4.0,8.0,6.0,2026-09-05 16:37:06
India,Delhi,Delhi,"Bawana, Delhi - DPCC",05-09-2026 21:00:00,28.7762,77.051074,NH3,4.0,6.0,5.0,2026-09-05 16:37:06
India,Delhi,Delhi,"Bawana, Delhi - DPCC",05-09-2026 21:00:00,28.7762,77.051074,SO2,7.0,8.0,8.0,2026-09-05 16:37:06
India,Delhi,Delhi,"Okhla Phase-2, Delhi - DPCC",05-09-2026 21:00:00,28.530785,77.271255,NO2,17.0,35.0,23.0,2026-09-05 16:37:06
India,Delhi,Delhi,"Rohini, Delhi - DPCC",05-09-2026 21:00:00,28.732528,77.11992,PM10,48.0,92.0,65.0,2026-09-05 16:37:06
India,Delhi,Delhi,"Rohini, Delhi - DPCC",05-09-2026 21:00:00,28.732528,77.11992,NO2,0.0,6.0,2.0,2026-09-05 16:37:06
India,Delhi,Delhi,"Vivek Vihar, Delhi - DPCC",05-09-2026 21:00:00,28.672342,77.31526,PM10,31.0,61.0,44.0,2026-09-05 16:37:06
India,Delhi,Delhi,"Jahangirpuri, Delhi - DPCC",05-09-2026 21:00:00,28.73282,77.170633,PM10,9.0,44.0,24.0,2026-09-05 16:37:06
India,Delhi,Delhi,"IHBAS, Dilshad Garden, Delhi - CPCB",05-09-2026 21:00:00,28.6811736,77.3025234,NH3,4.0,7.0,5.0,2026-09-05 16:37:06
India,Delhi,Delhi,"Sri Aurobindo Marg, Delhi - DPCC",05-09-2026 21:00:00,28.531346,77.190156,PM2.5,5.0,57.0,23.0,2026-09-05 16:37:06
India,Delhi,Delhi,"Sri Aurobindo Marg, Delhi - DPCC",05-09-2026 21:00:00,28.531346,77.190156,PM10,15.0,76.0,39.0,2026-09-05 16:37:06
India,Delhi,Delhi,"Sri Aurobindo Marg, Delhi - DPCC",05-09-2026 21:00:00,28.531346,77.190156,CO,43.0,60.0,52.0,2026-09-05 16:37:06
India,Delhi,Delhi,"Nehru Nagar, Delhi - DPCC",05-09-2026 21:00:00,28.56789,77.250515,CO,39.0,59.0,53.0,2026-09-05 16:37:06
India,Delhi,Delhi,"Patparganj, Delhi - DPCC",05-09-2026 21:00:00,28.623763,77.287209,CO,40.0,60.0,51.0,2026-09-05 16:37:06
India,Delhi,Delhi,"Jawaharlal Nehru Stadium, Delhi - DPCC",05-09-2026 21:00:00,28.58028,77.233829,SO2,8.0,51.0,35.0,2026-09-05 16:37:06
India,Delhi,Delhi,"Najafgarh, Delhi - DPCC",05-09-2026 21:00:00,28.570173,76.933762,PM10,1.0,29.0,16.0,2026-09-05 16:37:06
India,Delhi,Delhi,"Najafgarh, Delhi - DPCC",05-09-2026 21:00:00,28.570173,76.933762,NO2,12.0,33.0,19.0,2026-09-05 16:37:06
India,Delhi,Delhi,"Najafgarh, Delhi - DPCC",05-09-2026 21:00:00,28.570173,76.933762,SO2,15.0,23.0,16.0,2026-09-05 16:37:06
India,Andhra Pradesh,Kurnool,"Sita Rama Nagar, Kurnool - APPCB",05-09-2026 21:00:00,15.83411,78.028546,PM2.5,26.0,56.0,41.0,2026-09-05 16:37:06
India,Andhra Pradesh,Machilipatnam,"Srinivas Nagar Colony, Machilipatnam - APPCB",05-09-2026 21:00:00,16.186555,81.13219,NO2,21.0,39.0,29.0,2026-09-05 16:37:06
India,Andhra Pradesh,Nellore,"Ambedkar Nagar, Nellore - APPCB ",05-09-2026 21:00:00,14.438164,79.966814,PM10,54.0,69.0,60.0,2026-09-05 16:37:06
India,Andhra Pradesh,Nellore,"Ambedkar Nagar, Nellore - APPCB ",05-09-2026 21:00:00,14.438164,79.966814,CO,32.0,32.0,32.0,2026-09-05 16:37:06
India,Andhra Pradesh,Nellore,"Ambedkar Nagar, Nellore - APPCB ",05-09-2026 21:00:00,14.438164,79.966814,OZONE,28.0,31.0,30.0,2026-09-05 16:37:06
India,Andhra Pradesh,Rajamahendravaram,"Anand Kala Kshetram, Rajamahendravaram - APPCB",05-09-2026 21:00:00,16.9872867,81.7363176,OZONE,32.0,76.0,50.0,2026-09-05 16:37:06
India,Andhra Pradesh,Tirumala,"Toll Gate, Tirumala - APPCB",05-09-2026 21:00:00,13.67,79.35,NH3,2.0,3.0,3.0,2026-09-05 16:37:06
India,Andhra Pradesh,Tirupati,"Vaikuntapuram, Tirupati - APPCB",05-09-2026 21:00:00,13.615387,79.40923,OZONE,33.0,33.0,33.0,2026-09-05 16:37:06
India,Andhra Pradesh,Vijayawada,"Rajiv Nagar, Vijayawada - APPCB",05-09-2026 21:00:00,16.554731,80.64911,NO2,17.0,24.0,19.0,2026-09-05 16:37:06
India,Andhra Pradesh,Vijayawada,"HB Colony, Vijayawada - APPCB",05-09-2026 21:00:00,16.536107,80.594233,PM2.5,38.0,57.0,48.0,2026-09-05 16:37:06
India,Andhra Pradesh,Vijayawada,"HB Colony, Vijayawada - APPCB",05-09-2026 21:00:00,16.536107,80.594233,PM10,49.0,61.0,54.0,2026-09-05 16:37:06
India,Bihar,Patna,"Rajbansi Nagar, Patna - BSPCB",05-09-2026 21:00:00,25.599486,85.113666,NO2,29.0,33.0,31.0,2026-09-05 16:37:06
India,Bihar,Patna,"Rajbansi Nagar, Patna - BSPCB",05-09-2026 21:00:00,25.599486,85.113666,NH3,2.0,3.0,3.0,2026-09-05 16:37:06
India,Bihar,Patna,"Govt. High School Shikarpur, Patna - BSPCB",05-09-2026 21:00:00,25.592539,85.227158,OZONE,47.0,91.0,75.0,2026-09-05 16:37:06
India,Bihar,Patna,"DRM Office Danapur, Patna - BSPCB",05-09-2026 21:00:00,25.586562,85.043586,PM10,34.0,59.0,45.0,2026-09-05 16:37:06
India,Bihar,Patna,"DRM Office Danapur, Patna - BSPCB",05-09-2026 21:00:00,25.586562,85.043586,CO,36.0,61.0,46.0,2026-09-05 16:37:06
India,Bihar,Patna,"Samanpura, Patna - BSPCB",05-09-2026 21:00:00,25.596727,85.085624,SO2,3.0,3.0,3.0,2026-09-05 16:37:06
India,Bihar,Patna,"Samanpura, Patna - BSPCB",05-09-2026 21:00:00,25.596727,85.085624,CO,21.0,23.0,22.0,2026-09-05 16:37:06
India,Bihar,Purnia,"Mariam Nagar, Purnia - BSPCB",05-09-2026 21:00:00,25.366336,87.117468,PM2.5,47.0,47.0,47.0,2026-09-05 16:37:06
India,Bihar,Rajgir,"Dangi Tola, Rajgir - BSPCB",05-09-2026 21:00:00,25.0328,85.41948,PM2.5,,,,2026-09-05 16:37:06
India,Bihar,Rajgir,"Dangi Tola, Rajgir - BSPCB",05-09-2026 21:00:00,25.0328,85.41948,NH3,3.0,3.0,3.0,2026-09-05 16:37:06
India,Bihar,Sasaram,"Dada Peer, Sasaram - BSPCB",05-09-2026 21:00:00,24.952822,84.002396,SO2,3.0,5.0,4.0,2026-09-05 16:37:06
India,Bihar,Sasaram,"Dada Peer, Sasaram - BSPCB",05-09-2026 21:00:00,24.952822,84.002396,OZONE,,,,2026-09-05 16:37:06
India,Bihar,Siwan,"Chitragupta Nagar, Siwan - BSPCB",05-09-2026 21:00:00,26.2271665,84.3570427,PM2.5,,,,2026-09-05 16:37:06
India,Assam,Silchar,"Tarapur, Silchar - PCBA",05-09-2026 21:00:00,24.82827,92.79525,NO2,18.0,20.0,19.0,2026-09-05 16:37:06
India,Assam,Sivasagar,"Girls College, Sivasagar - PCBA",05-09-2026 21:00:00,26.987634,94.636574,NO2,9.0,14.0,10.0,2026-09-05 16:37:06
India,Assam,Sivasagar,"Girls College, Sivasagar - PCBA",05-09-2026 21:00:00,26.987634,94.636574,NH3,2.0,4.0,3.0,2026-09-05 16:37:06
India,Assam,Sivasagar,"Girls College, Sivasagar - PCBA",05-09-2026 21:00:00,26.987634,94.636574,SO2,6.0,7.0,6.0,2026-09-05 16:37:06
India,Bihar,Araria,"Kharahiya Basti, Araria - BSPCB",05-09-2026 21:00:00,26.146529,87.454184,PM2.5,33.0,107.0,53.0,2026-09-05 16:37:06
India,Bihar,Araria,"Kharahiya Basti, Araria - BSPCB",05-09-2026 21:00:00,26.146529,87.454184,PM10,39.0,113.0,61.0,2026-09-05 16:37:06
India,Bihar,Bettiah,"Kamalnath Nagar, Bettiah - BSPCB",05-09-2026 21:00:00,26.80365,84.51954,PM10,19.0,23.0,21.0,2026-09-05 16:37:06
India,Bihar,Bhagalpur,"DM Office_Kachari Chowk, Bhagalpur - BSPCB",05-09-2026 21:00:00,25.251013,86.989001,PM10,24.0,500.0,169.0,2026-09-05 16:37:06
India,Bihar,Bhagalpur,"DM Office_Kachari Chowk, Bhagalpur - BSPCB",05-09-2026 21:00:00,25.251013,86.989001,NO2,20.0,23.0,21.0,2026-09-05 16:37:06
India,Bihar,Bhagalpur,"DM Office_Kachari Chowk, Bhagalpur - BSPCB",05-09-2026 21:00:00,25.251013,86.989001,NH3,4.0,4.0,4.0,2026-09-05 16:37:06
India,Bihar,Bhagalpur,"DM Office_Kachari Chowk, Bhagalpur - BSPCB",05-09-2026 21:00:00,25.251013,86.989001,SO2,16.0,27.0,22.0,2026-09-05 16:37:06
India,Andhra Pradesh,Vijayawada,"Rajiv Gandhi Park, Vijayawada - APPCB",05-09-2026 21:00:00,16.509717,80.612222,PM10,54.0,79.0,65.0,2026-09-05 16:37:06
India,Andhra Pradesh,Vijayawada,"Rajiv Gandhi Park, Vijayawada - APPCB",05-09-2026 21:00:00,16.509717,80.612222,NH3,3.0,8.0,5.0,2026-09-05 16:37:06
India,Assam,Guwahati,"IITG, Guwahati - PCBA",05-09-2026 21:00:00,26.2028636,91.70046436,PM10,6.0,19.0,12.0,2026-09-05 16:37:06
India,Assam,Guwahati,"IITG, Guwahati - PCBA",05-09-2026 21:00:00,26.2028636,91.70046436,NH3,1.0,1.0,1.0,2026-09-05 16:37:06
India,Assam,Guwahati,"Pan Bazaar, Guwahati - PCBA",05-09-2026 21:00:00,26.1875,91.744194,PM2.5,,,,2026-09-05 16:37:06
India,Assam,Guwahati,"Pan Bazaar, Guwahati - PCBA",05-09-2026 21:00:00,26.1875,91.744194,NO2,,,,2026-09-05 16:37:06
India,Assam,Guwahati,"LGBI Airport, Guwahati - PCBA",05-09-2026 21:00:00,26.10887,91.589544,PM10,12.0,57.0,27.0,2026-09-05 16:37:06
India,Assam,Guwahati,"LGBI Airport, Guwahati - PCBA",05-09-2026 21:00:00,26.10887,91.589544,CO,17.0,21.0,19.0,2026-09-05 16:37:06
India,Assam,Guwahati,"Railway Colony, Guwahati - PCBA",05-09-2026 21:00:00,26.181742,91.78063,NH3,1.0,1.0,1.0,2026-09-05 16:37:06
India,Assam,Guwahati,"Railway Colony, Guwahati - PCBA",05-09-2026 21:00:00,26.181742,91.78063,SO2,7.0,16.0,12.0,2026-09-05 16:37:06
India,Assam,Guwahati,"Railway Colony, Guwahati - PCBA",05-09-2026 21:00:00,26.181742,91.78063,CO,8.0,14.0,10.0,2026-09-05 16:37:06
India,Delhi,Delhi,"Punjabi Bagh, Delhi - DPCC",05-09-2026 21:00:00,28.674045,77.131023,NO2,26.0,49.0,35.0,2026-09-05 16:37:06
India,Delhi,Delhi,"Punjabi Bagh, Delhi - DPCC",05-09-2026 21:00:00,28.674045,77.131023,SO2,16.0,57.0,38.0,2026-09-05 16:37:06
India,Delhi,Delhi,"Ashok Vihar, Delhi - DPCC",05-09-2026 21:00:00,28.695381,77.181665,NH3,4.0,7.0,5.0,2026-09-05 16:37:06
India,Delhi,Delhi,"Ashok Vihar, Delhi - DPCC",05-09-2026 21:00:00,28.695381,77.181665,SO2,20.0,32.0,30.0,2026-09-05 16:37:06
India,Delhi,Delhi,"Shadipur, Delhi - CPCB",05-09-2026 21:00:00,28.6514781,77.1473105,NO2,19.0,50.0,29.0,2026-09-05 16:37:06
India,Delhi,Delhi,"Pusa, Delhi - DPCC",05-09-2026 21:00:00,28.639652,77.146275,NO2,9.0,29.0,18.0,2026-09-05 16:37:06
India,Delhi,Delhi,"Pusa, Delhi - DPCC",05-09-2026 21:00:00,28.639652,77.146275,SO2,11.0,16.0,13.0,2026-09-05 16:37:06
India,Delhi,Delhi,"Pusa, Delhi - DPCC",05-09-2026 21:00:00,28.639652,77.146275,OZONE,10.0,11.0,11.0,2026-09-05 16:37:06
India,Delhi,Delhi,"Chandni Chowk, Delhi - IITM",05-09-2026 21:00:00,28.656756,77.227234,PM10,44.0,101.0,65.0,2026-09-05 16:37:06
India,Andhra Pradesh,Amaravati,"Secretariat, Amaravati - APPCB",05-09-2026 21:00:00,16.5150833,80.5181667,SO2,1.0,18.0,5.0,2026-09-05 16:37:06
India,Andhra Pradesh,Chittoor,"Gangineni Cheruvu, Chittoor - APPCB",05-09-2026 21:00:00,13.20488,79.097889,SO2,24.0,28.0,27.0,2026-09-05 16:37:06
India,Andhra Pradesh,Eluru,"District Court, Eluru - APPCB",05-09-2026 21:00:00,16.711754,81.092095,NO2,9.0,32.0,20.0,2026-09-05 16:37:06
India,Andhra Pradesh,Eluru,"District Court, Eluru - APPCB",05-09-2026 21:00:00,16.711754,81.092095,NH3,2.0,4.0,3.0,2026-09-05 16:37:06
India,Andhra Pradesh,Kadapa,"Yerramukkapalli, Kadapa - APPCB",05-09-2026 21:00:00,14.465052,78.824187,OZONE,39.0,43.0,40.0,2026-09-05 16:37:06
India,Haryana,Kurukshetra,"Sector-7, Kurukshetra - HSPCB",05-09-2026 21:00:00,29.966942,76.875879,CO,5.0,21.0,13.0,2026-09-05 16:37:06
India,Haryana,Mandikhera,"General Hospital, Mandikhera(Nuh) - HSPCB",05-09-2026 21:00:00,27.9002,76.9938,PM2.5,,,,2026-09-05 16:37:06
India,Haryana,Mandikhera,"General Hospital, Mandikhera(Nuh) - HSPCB",05-09-2026 21:00:00,27.9002,76.9938,SO2,,,,2026-09-05 16:37:06
India,Haryana,Mandikhera,"General Hospital, Mandikhera(Nuh) - HSPCB",05-09-2026 21:00:00,27.9002,76.9938,CO,49.0,50.0,50.0,2026-09-05 16:37:06
India,Haryana,Manesar,"Sector-2 IMT, Manesar - HSPCB",05-09-2026 21:00:00,28.360699,76.93609,NO2,,,,2026-09-05 16:37:06
India,Haryana,Narnaul,"Shastri Nagar, Narnaul - HSPCB",05-09-2026 21:00:00,28.060249,76.113115,PM2.5,36.0,63.0,49.0,2026-09-05 16:37:06
India,Haryana,Narnaul,"Shastri Nagar, Narnaul - HSPCB",05-09-2026 21:00:00,28.060249,76.113115,NH3,4.0,11.0,7.0,2026-09-05 16:37:06
India,Haryana,Narnaul,"Shastri Nagar, Narnaul - HSPCB",05-09-2026 21:00:00,28.060249,76.113115,CO,17.0,22.0,20.0,2026-09-05 16:37:06
India,Haryana,Palwal,"Shyam Nagar, Palwal - HSPCB",05-09-2026 21:00:00,28.1485564,77.3320667,NO2,23.0,24.0,24.0,2026-09-05 16:37:06
India,Haryana,Panchgaon,"Amity University, Panchgaon - IITM",05-09-2026 21:00:00,28.3153,76.9143,PM10,27.0,500.0,80.0,2026-09-05 16:37:06
India,Haryana,Panchkula,"Sector-6, Panchkula - HSPCB ",05-09-2026 21:00:00,30.7057778,76.8531805555555,NH3,,,,2026-09-05 16:37:06
India,Haryana,Panchkula,"Sector-6, Panchkula - HSPCB ",05-09-2026 21:00:00,30.7057778,76.8531805555555,SO2,10.0,13.0,11.0,2026-09-05 16:37:06
India,Haryana,Panchkula,"Sector-6, Panchkula - HSPCB ",05-09-2026 21:00:00,30.7057778,76.8531805555555,CO,18.0,20.0,19.0,2026-09-05 16:37:06
India,Haryana,Panipat,"Sector-18, Panipat - HSPCB",05-09-2026 21:00:00,29.432304,76.972765,PM10,18.0,116.0,89.0,2026-09-05 16:37:06
India,Haryana,Panipat,"Sector-18, Panipat - HSPCB",05-09-2026 21:00:00,29.432304,76.972765,NO2,5.0,9.0,7.0,2026-09-05 16:37:06
India,Haryana,Panipat,"Sector-18, Panipat - HSPCB",05-09-2026 21:00:00,29.432304,76.972765,SO2,35.0,67.0,49.0,2026-09-05 16:37:06
India,Haryana,Rohtak,"MD University, Rohtak - HSPCB",05-09-2026 21:00:00,28.52123,76.37138,NH3,,,,2026-09-05 16:37:06
India,Haryana,Sirsa,"F-Block, Sirsa - HSPCB",05-09-2026 21:00:00,29.5364,75.0158,NO2,16.0,78.0,22.0,2026-09-05 16:37:06
India,Haryana,Sirsa,"F-Block, Sirsa - HSPCB",05-09-2026 21:00:00,29.5364,75.0158,OZONE,31.0,71.0,49.0,2026-09-05 16:37:06
India,Haryana,Sonipat,"Murthal, Sonipat - HSPCB",05-09-2026 21:00:00,29.0272,77.0621,PM2.5,21.0,62.0,36.0,2026-09-05 16:37:06
India,Haryana,Sonipat,"Murthal, Sonipat - HSPCB",05-09-2026 21:00:00,29.0272,77.0621,CO,61.0,96.0,72.0,2026-09-05 16:37:06
India,Haryana,Yamuna Nagar,"Gobind Pura, Yamuna Nagar - HSPCB",05-09-2026 21:00:00,30.1480566,77.2893471,SO2,10.0,15.0,12.0,2026-09-05 16:37:06
India,Himachal Pradesh,Baddi,"HIMUDA Complex Phase-1, Baddi - HPPCB",05-09-2026 21:00:00,30.943887,76.801991,PM10,22.0,336.0,111.0,2026-09-05 16:37:06
India,Himachal Pradesh,Baddi,"HIMUDA Complex Phase-1, Baddi - HPPCB",05-09-2026 21:00:00,30.943887,76.801991,NO2,3.0,28.0,14.0,2026-09-05 16:37:06
India,Gujarat,Surat,"Katargam, Surat - Nexteng Enviro",05-09-2026 21:00:00,21.217779,72.834787,NH3,3.0,5.0,4.0,2026-09-05 16:37:06
India,Gujarat,Vadodara,"Bapunagar, Vadodara - Nexteng Enviro",05-09-2026 21:00:00,22.320153,73.216285,PM2.5,24.0,66.0,47.0,2026-09-05 16:37:06
India,Gujarat,Vadodara,"Bapunagar, Vadodara - Nexteng Enviro",05-09-2026 21:00:00,22.320153,73.216285,PM10,36.0,92.0,60.0,2026-09-05 16:37:06
India,Gujarat,Vadodara,"Bapunagar, Vadodara - Nexteng Enviro",05-09-2026 21:00:00,22.320153,73.216285,SO2,7.0,8.0,8.0,2026-09-05 16:37:06
India,Gujarat,Vapi,"Phase-1 GIDC, Vapi - GPCB",05-09-2026 21:00:00,20.362421,72.918013,CO,,,,2026-09-05 16:37:06
India,Gujarat,Vatva,"Phase-4 GIDC, Vatva - GPCB",05-09-2026 21:00:00,22.969611,72.6435,PM2.5,38.0,122.0,64.0,2026-09-05 16:37:06
India,Gujarat,Vatva,"Phase-4 GIDC, Vatva - GPCB",05-09-2026 21:00:00,22.969611,72.6435,NO2,42.0,43.0,43.0,2026-09-05 16:37:06
India,Haryana,Ambala,"Patti Mehar, Ambala - HSPCB",05-09-2026 21:00:00,30.379589,76.778328,NO2,6.0,8.0,7.0,2026-09-05 16:37:06
India,Haryana,Ambala,"Patti Mehar, Ambala - HSPCB",05-09-2026 21:00:00,30.379589,76.778328,OZONE,26.0,45.0,37.0,2026-09-05 16:37:06
India,Haryana,Ballabgarh,"Nathu Colony, Ballabgarh - HSPCB",05-09-2026 21:00:00,28.3419248,77.319699,PM2.5,20.0,60.0,33.0,2026-09-05 16:37:06
India,Haryana,Ballabgarh,"Nathu Colony, Ballabgarh - HSPCB",05-09-2026 21:00:00,28.3419248,77.319699,PM10,72.0,83.0,76.0,2026-09-05 16:37:06
India,Haryana,Ballabgarh,"Nathu Colony, Ballabgarh - HSPCB",05-09-2026 21:00:00,28.3419248,77.319699,NO2,19.0,20.0,20.0,2026-09-05 16:37:06
India,Haryana,Bhiwani,"H.B. Colony, Bhiwani - HSPCB",05-09-2026 21:00:00,28.806223,76.141105,SO2,12.0,13.0,13.0,2026-09-05 16:37:06
India,Haryana,Bhiwani,"H.B. Colony, Bhiwani - HSPCB",05-09-2026 21:00:00,28.806223,76.141105,OZONE,15.0,156.0,47.0,2026-09-05 16:37:06
India,Haryana,Charkhi Dadri,"Mini Secretariat, Charkhi Dadri - HSPCB",05-09-2026 21:00:00,28.593883,76.270653,OZONE,22.0,35.0,31.0,2026-09-05 16:37:06
India,Haryana,Dharuhera,"Municipal Corporation Office, Dharuhera -  HSPCB",05-09-2026 21:00:00,28.2068,76.7997,CO,31.0,71.0,45.0,2026-09-05 16:37:06
India,Jammu and Kashmir,Pampore,"Khrew, Pampore - JKPCC",05-09-2026 21:00:00,34.031606,75.009712,NH3,,,,2026-09-05 16:37:06
India,Jammu and Kashmir,Srinagar,"Rajbagh, Srinagar - JKPCC",05-09-2026 21:00:00,34.066206,74.81982,SO2,3.0,4.0,3.0,2026-09-05 16:37:06
India,Jammu and Kashmir,Srinagar,"Rajbagh, Srinagar - JKPCC",05-09-2026 21:00:00,34.066206,74.81982,CO,11.0,19.0,14.0,2026-09-05 16:37:06
India,Jammu and Kashmir,Srinagar,"Rajbagh, Srinagar - JKPCC",05-09-2026 21:00:00,34.066206,74.81982,OZONE,1.0,2.0,1.0,2026-09-05 16:37:06
India,Jammu and Kashmir,Srinagar,"Khunmoh, Srinagar - JKPCC",05-09-2026 21:00:00,34.06313,74.96017,PM2.5,2.0,14.0,6.0,2026-09-05 16:37:06
India,Jharkhand,Dhanbad,"Sardar Patel Nagar, Dhanbad - JSPCB",05-09-2026 21:00:00,23.80569,86.44268,NH3,,,,2026-09-05 16:37:06
India,Jharkhand,Dhanbad,"Sardar Patel Nagar, Dhanbad - JSPCB",05-09-2026 21:00:00,23.80569,86.44268,SO2,,,,2026-09-05 16:37:06
India,Jharkhand,Dhanbad,"Sardar Patel Nagar, Dhanbad - JSPCB",05-09-2026 21:00:00,23.80569,86.44268,CO,8.0,8.0,8.0,2026-09-05 16:37:06
India,Jharkhand,Jorapokhar,"Tata Stadium, Jorapokhar - JSPCB",05-09-2026 21:00:00,23.707909,86.41467,PM2.5,44.0,74.0,49.0,2026-09-05 16:37:06
India,Jharkhand,Jorapokhar,"Tata Stadium, Jorapokhar - JSPCB",05-09-2026 21:00:00,23.707909,86.41467,NH3,3.0,3.0,3.0,2026-09-05 16:37:06
India,Jharkhand,Jorapokhar,"Tata Stadium, Jorapokhar - JSPCB",05-09-2026 21:00:00,23.707909,86.41467,OZONE,5.0,7.0,6.0,2026-09-05 16:37:06
India,Karnataka,Bengaluru,"Jigani, Bengaluru - KSPCB",05-09-2026 21:00:00,12.7816279,77.6299145,PM10,,,,2026-09-05 16:37:06
India,Karnataka,Bengaluru,"Jigani, Bengaluru - KSPCB",05-09-2026 21:00:00,12.7816279,77.6299145,NH3,4.0,4.0,4.0,2026-09-05 16:37:06
India,Karnataka,Bengaluru,"City Railway Station, Bengaluru - KSPCB",05-09-2026 21:00:00,12.9756843,77.5660749,PM2.5,,,,2026-09-05 16:37:06
India,Karnataka,Bengaluru,"Jayanagar 5th Block, Bengaluru - KSPCB",05-09-2026 21:00:00,12.920984,77.584908,PM2.5,11.0,70.0,28.0,2026-09-05 16:37:06
India,Karnataka,Bengaluru,"Peenya, Bengaluru - CPCB",05-09-2026 21:00:00,13.0270199,77.494094,PM10,60.0,100.0,75.0,2026-09-05 16:37:06
India,Karnataka,Bengaluru,"Peenya, Bengaluru - CPCB",05-09-2026 21:00:00,13.0270199,77.494094,CO,34.0,46.0,41.0,2026-09-05 16:37:06
India,Delhi,Delhi,"Burari Crossing, Delhi - IITM",05-09-2026 21:00:00,28.7256504,77.2011573,CO,19.0,33.0,28.0,2026-09-05 16:37:06
India,Delhi,Delhi,"IMD Lodhi Road, Delhi - IITM",05-09-2026 21:00:00,28.5918245,77.2273074,PM2.5,2.0,75.0,31.0,2026-09-05 16:37:06
India,Delhi,Delhi,"IMD Lodhi Road, Delhi - IITM",05-09-2026 21:00:00,28.5918245,77.2273074,NO2,9.0,25.0,15.0,2026-09-05 16:37:06
India,Delhi,Delhi,"IMD Lodhi Road, Delhi - IITM",05-09-2026 21:00:00,28.5918245,77.2273074,CO,17.0,29.0,22.0,2026-09-05 16:37:06
India,Delhi,Delhi,"JNU, Delhi - DPCC",05-09-2026 21:00:00,28.540721,77.168544,PM10,20.0,58.0,38.0,2026-09-05 16:37:06
India,Delhi,Delhi,"JNU, Delhi - DPCC",05-09-2026 21:00:00,28.540721,77.168544,NH3,,,,2026-09-05 16:37:06
India,Delhi,Delhi,"JNU, Delhi - DPCC",05-09-2026 21:00:00,28.540721,77.168544,CO,47.0,70.0,58.0,2026-09-05 16:37:06
India,Delhi,Delhi,"R K Puram, Delhi - DPCC",05-09-2026 21:00:00,28.563262,77.186937,NO2,26.0,46.0,35.0,2026-09-05 16:37:06
India,Delhi,Delhi,"R K Puram, Delhi - DPCC",05-09-2026 21:00:00,28.563262,77.186937,SO2,15.0,16.0,16.0,2026-09-05 16:37:06
India,Gujarat,Ahmedabad,"SVPI Airport Hansol, Ahmedabad - IITM",05-09-2026 21:00:00,23.076793,72.627874,PM2.5,12.0,56.0,29.0,2026-09-05 16:37:06
India,Gujarat,Ahmedabad,"Rakhial, Ahmedabad - IITM",05-09-2026 21:00:00,23.016834,72.625775,CO,37.0,67.0,49.0,2026-09-05 16:37:06
India,Gujarat,Ahmedabad,"Rakhial, Ahmedabad - IITM",05-09-2026 21:00:00,23.016834,72.625775,OZONE,3.0,3.0,3.0,2026-09-05 16:37:06
India,Gujarat,Ahmedabad,"Maninagar, Ahmedabad - GPCB",05-09-2026 21:00:00,23.002657,72.591912,NH3,,,,2026-09-05 16:37:06
India,Gujarat,Ahmedabad,"SAC ISRO Bopal, Ahmedabad - IITM",05-09-2026 21:00:00,23.041137,72.456691,CO,20.0,28.0,25.0,2026-09-05 16:37:06
India,Gujarat,Ahmedabad,"SAC ISRO Satellite, Ahmedabad - IITM",05-09-2026 21:00:00,23.023389,72.515201,NH3,1.0,2.0,1.0,2026-09-05 16:37:06
India,Gujarat,Ahmedabad,"Gyaspur, Ahmedabad - IITM",05-09-2026 21:00:00,22.977134,72.553024,PM10,67.0,149.0,96.0,2026-09-05 16:37:06
India,Karnataka,Bengaluru,"Hebbal, Bengaluru - KSPCB",05-09-2026 21:00:00,13.029152,77.585901,PM10,17.0,60.0,32.0,2026-09-05 16:37:06
India,Karnataka,Bengaluru,"Hebbal, Bengaluru - KSPCB",05-09-2026 21:00:00,13.029152,77.585901,NO2,18.0,21.0,19.0,2026-09-05 16:37:06
India,Karnataka,Bengaluru,"Silk Board, Bengaluru - KSPCB",05-09-2026 21:00:00,12.917348,77.622813,PM2.5,24.0,320.0,130.0,2026-09-05 16:37:06
India,Karnataka,Bengaluru,"Silk Board, Bengaluru - KSPCB",05-09-2026 21:00:00,12.917348,77.622813,SO2,19.0,22.0,20.0,2026-09-05 16:37:06
India,Karnataka,Bengaluru,"Bapuji Nagar, Bengaluru - KSPCB",05-09-2026 21:00:00,12.951913,77.539784,NO2,21.0,33.0,23.0,2026-09-05 16:37:06
India,Karnataka,Bengaluru,"Bapuji Nagar, Bengaluru - KSPCB",05-09-2026 21:00:00,12.951913,77.539784,CO,31.0,50.0,40.0,2026-09-05 16:37:06
India,Karnataka,Chamarajanagar,"Urban, Chamarajanagar - KSPCB",05-09-2026 21:00:00,11.55358,76.55521,PM2.5,20.0,47.0,30.0,2026-09-05 16:37:06
India,Karnataka,Chikkaballapur,"Chikkaballapur Rural, Chikkaballapur - KSPCB",05-09-2026 21:00:00,13.428828,77.731418,NH3,1.0,1.0,1.0,2026-09-05 16:37:06
India,Karnataka,Chikkaballapur,"Chikkaballapur Rural, Chikkaballapur - KSPCB",05-09-2026 21:00:00,13.428828,77.731418,OZONE,18.0,19.0,19.0,2026-09-05 16:37:06
India,Karnataka,Dharwad,"Kalabhavan, Dharwad - KSPCB",05-09-2026 21:00:00,15.459706,75.008381,NH3,6.0,7.0,7.0,2026-09-05 16:37:06
India,Karnataka,Dharwad,"Kalabhavan, Dharwad - KSPCB",05-09-2026 21:00:00,15.459706,75.008381,OZONE,26.0,29.0,27.0,2026-09-05 16:37:06
India,Karnataka,Gadag,"Panchal Nagar, Gadag - KSPCB",05-09-2026 21:00:00,15.411456,75.638133,PM2.5,36.0,41.0,37.0,2026-09-05 16:37:06
India,Karnataka,Gadag,"Panchal Nagar, Gadag - KSPCB",05-09-2026 21:00:00,15.411456,75.638133,CO,58.0,98.0,83.0,2026-09-05 16:37:06
India,Karnataka,Gadag,"Panchal Nagar, Gadag - KSPCB",05-09-2026 21:00:00,15.411456,75.638133,OZONE,14.0,20.0,16.0,2026-09-05 16:37:06
India,Karnataka,Kalaburagi,"Mahatma Basaveswar Colony, Kalaburgi - KSPCB",05-09-2026 21:00:00,17.336318,76.847397,CO,30.0,45.0,34.0,2026-09-05 16:37:06
India,Delhi,Delhi,"DTU, Delhi - CPCB",05-09-2026 21:00:00,28.7500499,77.1112615,PM10,23.0,43.0,33.0,2026-09-05 16:37:06
India,Delhi,Delhi,"Dwarka-Sector 8, Delhi - DPCC ",05-09-2026 21:00:00,28.5710274,77.0719006,PM10,9.0,41.0,26.0,2026-09-05 16:37:06
India,Delhi,Delhi,"Dwarka-Sector 8, Delhi - DPCC ",05-09-2026 21:00:00,28.5710274,77.0719006,CO,14.0,23.0,20.0,2026-09-05 16:37:06
India,Delhi,Delhi,"Dr. Karni Singh Shooting Range, Delhi - DPCC",05-09-2026 21:00:00,28.498571,77.26484,PM2.5,,,,2026-09-05 16:37:06
India,Delhi,Delhi,"Dr. Karni Singh Shooting Range, Delhi - DPCC",05-09-2026 21:00:00,28.498571,77.26484,NH3,4.0,6.0,5.0,2026-09-05 16:37:06
India,Delhi,Delhi,"Dr. Karni Singh Shooting Range, Delhi - DPCC",05-09-2026 21:00:00,28.498571,77.26484,CO,23.0,50.0,33.0,2026-09-05 16:37:06
India,Delhi,Delhi,"IIT Delhi, Delhi - IITM",05-09-2026 21:00:00,28.54246,77.191651,NO2,13.0,36.0,24.0,2026-09-05 16:37:06
India,Delhi,Delhi,"Commonwealth Sports Complex, Delhi - DPCC",05-09-2026 21:00:00,28.615828,77.271992,OZONE,7.0,18.0,13.0,2026-09-05 16:37:06
India,Delhi,Delhi,"Talkatora Garden, Delhi - DPCC",05-09-2026 21:00:00,28.62181,77.1944633,PM10,22.0,57.0,36.0,2026-09-05 16:37:06
India,Delhi,Delhi,"Talkatora Garden, Delhi - DPCC",05-09-2026 21:00:00,28.62181,77.1944633,NH3,0.0,1.0,0.0,2026-09-05 16:37:06
India,Delhi,Delhi,"NSIT Dwarka, Delhi - CPCB",05-09-2026 21:00:00,28.60909,77.0325413,SO2,11.0,16.0,14.0,2026-09-05 16:37:06
India,Delhi,Delhi,"NSIT Dwarka, Delhi - CPCB",05-09-2026 21:00:00,28.60909,77.0325413,CO,34.0,92.0,48.0,2026-09-05 16:37:06
India,Delhi,Delhi,"Aya Nagar, Delhi - IITM",05-09-2026 21:00:00,28.4706914,77.1099364,OZONE,7.0,23.0,15.0,2026-09-05 16:37:06
India,Delhi,Delhi,"CRRI Mathura Road, Delhi - IITM",05-09-2026 21:00:00,28.5512005,77.2735737,SO2,,,,2026-09-05 16:37:06
India,Delhi,Delhi,"CRRI Mathura Road, Delhi - IITM",05-09-2026 21:00:00,28.5512005,77.2735737,CO,36.0,62.0,45.0,2026-09-05 16:37:06
India,Gujarat,Ahmedabad,"Raikhad, Ahmedabad - IITM",05-09-2026 21:00:00,23.020509,72.579261,CO,17.0,67.0,35.0,2026-09-05 16:37:06
India,Gujarat,Ankleshwar,"GIDC, Ankleshwar - GPCB",05-09-2026 21:00:00,21.613267,73.010555,NO2,27.0,28.0,27.0,2026-09-05 16:37:06
India,Gujarat,Ankleshwar,"GIDC, Ankleshwar - GPCB",05-09-2026 21:00:00,21.613267,73.010555,SO2,17.0,18.0,17.0,2026-09-05 16:37:06
India,Gujarat,Bhavnagar,"Vidhyanagar, Bhavnagar - Nexteng Enviro",05-09-2026 21:00:00,21.755417,72.139056,PM10,41.0,69.0,58.0,2026-09-05 16:37:06
India,Gujarat,Bhavnagar,"Vidhyanagar, Bhavnagar - Nexteng Enviro",05-09-2026 21:00:00,21.755417,72.139056,OZONE,19.0,30.0,27.0,2026-09-05 16:37:06
India,Gujarat,Mehsana,"Sadanand Nagar, Mehsana - Nexteng Enviro",05-09-2026 21:00:00,23.59315,72.372792,PM2.5,17.0,42.0,28.0,2026-09-05 16:37:06
India,Gujarat,Nandesari,"GIDC, Nandesari - Nandesari Ind. Association",05-09-2026 21:00:00,22.410802,73.097923,PM10,31.0,85.0,54.0,2026-09-05 16:37:06
India,Gujarat,Nandesari,"GIDC, Nandesari - Nandesari Ind. Association",05-09-2026 21:00:00,22.410802,73.097923,NO2,2.0,319.0,36.0,2026-09-05 16:37:06
India,Gujarat,Nandesari,"GIDC, Nandesari - Nandesari Ind. Association",05-09-2026 21:00:00,22.410802,73.097923,SO2,3.0,3.0,3.0,2026-09-05 16:37:06
India,Gujarat,Rajkot,"Mavdi, Rajkot - Nexteng Enviro ",05-09-2026 21:00:00,22.248853,70.776774,CO,42.0,43.0,43.0,2026-09-05 16:37:06
India,Gujarat,Surat,"Science Center, Surat - SMC",05-09-2026 21:00:00,21.170046,72.795405,NH3,,,,2026-09-05 16:37:06
India,Gujarat,Surat,"Katargam, Surat - Nexteng Enviro",05-09-2026 21:00:00,21.217779,72.834787,PM2.5,2.0,63.0,39.0,2026-09-05 16:37:06
India,Haryana,Faridabad,"Sector 11, Faridabad - HSPCB",05-09-2026 21:00:00,28.376058,77.315741,PM10,,,,2026-09-05 16:37:06
India,Haryana,Faridabad,"Sector 11, Faridabad - HSPCB",05-09-2026 21:00:00,28.376058,77.315741,CO,55.0,61.0,58.0,2026-09-05 16:37:06
India,Haryana,Faridabad,"Sector 30, Faridabad - HSPCB",05-09-2026 21:00:00,28.4417,77.3217,NH3,11.0,12.0,12.0,2026-09-05 16:37:06
India,Haryana,Faridabad,"Sector 30, Faridabad - HSPCB",05-09-2026 21:00:00,28.4417,77.3217,SO2,4.0,6.0,4.0,2026-09-05 16:37:06
India,Haryana,Gurugram,"Teri Gram, Gurugram - HSPCB",05-09-2026 21:00:00,28.4275,77.1465,PM2.5,83.0,223.0,128.0,2026-09-05 16:37:06
India,Haryana,Gurugram,"Teri Gram, Gurugram - HSPCB",05-09-2026 21:00:00,28.4275,77.1465,SO2,6.0,17.0,10.0,2026-09-05 16:37:06
India,Haryana,Hisar,"Urban Estate-II, Hisar - HSPCB",05-09-2026 21:00:00,29.14056,75.744941,NH3,,,,2026-09-05 16:37:06
India,Haryana,Jind,"Police Lines, Jind - HSPCB",05-09-2026 21:00:00,29.307814,76.337619,OZONE,8.0,11.0,10.0,2026-09-05 16:37:06
India,Haryana,Kaithal,"Rishi Nagar, Kaithal - HSPCB",05-09-2026 21:00:00,29.8006,76.4155,PM2.5,73.0,93.0,82.0,2026-09-05 16:37:06
India,Haryana,Kaithal,"Rishi Nagar, Kaithal - HSPCB",05-09-2026 21:00:00,29.8006,76.4155,CO,16.0,23.0,19.0,2026-09-05 16:37:06
India,Haryana,Karnal,"Sector-12, Karnal - HSPCB",05-09-2026 21:00:00,29.6953,77.0027,NO2,9.0,21.0,15.0,2026-09-05 16:37:06
India,Haryana,Kurukshetra,"Sector-7, Kurukshetra - HSPCB",05-09-2026 21:00:00,29.966942,76.875879,NH3,4.0,5.0,5.0,2026-09-05 16:37:06
India,Haryana,Kurukshetra,"Sector-7, Kurukshetra - HSPCB",05-09-2026 21:00:00,29.966942,76.875879,SO2,3.0,10.0,7.0,2026-09-05 16:37:06
India,Karnataka,Mysuru,"Hebbal 1st Stage, Mysuru - KSPCB",05-09-2026 21:00:00,12.21041,76.37376,NH3,3.0,5.0,4.0,2026-09-05 16:37:06
India,Karnataka,Ramanagara,"Vijay Nagar, Ramanagara - KSPCB",05-09-2026 21:00:00,12.733409,77.298051,PM10,14.0,67.0,31.0,2026-09-05 16:37:06
India,Karnataka,Vijayapura,"Ibrahimpur, Vijayapura - KSPCB",05-09-2026 21:00:00,16.802639,75.722694,SO2,3.0,6.0,3.0,2026-09-05 16:37:06
India,Karnataka,Vijayapura,"Ibrahimpur, Vijayapura - KSPCB",05-09-2026 21:00:00,16.802639,75.722694,OZONE,16.0,17.0,16.0,2026-09-05 16:37:06
India,Karnataka,Yadgir,"Collector Office, Yadgir - KSPCB",05-09-2026 21:00:00,16.7602,77.1428,PM2.5,3.0,21.0,10.0,2026-09-05 16:37:06
India,Kerala,Thiruvananthapuram,"Plammoodu, Thiruvananthapuram - Kerala PCB",05-09-2026 21:00:00,8.5149093,76.9435879,PM2.5,15.0,28.0,21.0,2026-09-05 16:37:06
India,Kerala,Thiruvananthapuram,"Plammoodu, Thiruvananthapuram - Kerala PCB",05-09-2026 21:00:00,8.5149093,76.9435879,CO,4.0,12.0,9.0,2026-09-05 16:37:06
India,Kerala,Thiruvananthapuram,"Kariavattom, Thiruvananthapuram - Kerala PCB",05-09-2026 21:00:00,8.5637,76.8865,NH3,0.0,0.0,0.0,2026-09-05 16:37:06
India,Kerala,Thiruvananthapuram,"Kariavattom, Thiruvananthapuram - Kerala PCB",05-09-2026 21:00:00,8.5637,76.8865,SO2,5.0,6.0,5.0,2026-09-05 16:37:06
India,Kerala,Thiruvananthapuram,"Kariavattom, Thiruvananthapuram - Kerala PCB",05-09-2026 21:00:00,8.5637,76.8865,CO,20.0,22.0,21.0,2026-09-05 16:37:06
India,Kerala,Thrissur,"Corporation Ground, Thrissur - Kerala PCB",05-09-2026 21:00:00,10.5324,76.2159,PM2.5,44.0,72.0,51.0,2026-09-05 16:37:06
India,Kerala,Thrissur,"Corporation Ground, Thrissur - Kerala PCB",05-09-2026 21:00:00,10.5324,76.2159,SO2,0.0,1.0,0.0,2026-09-05 16:37:06
India,Maharashtra,Nagpur,"Ram Nagar, Nagpur - MPCB",05-09-2026 21:00:00,21.143383,79.048912,NO2,4.0,12.0,7.0,2026-09-05 16:37:06
India,Maharashtra,Nagpur,"Ram Nagar, Nagpur - MPCB",05-09-2026 21:00:00,21.143383,79.048912,NH3,3.0,4.0,3.0,2026-09-05 16:37:06
India,Maharashtra,Nagpur,"Ambazari, Nagpur - MPCB",05-09-2026 21:00:00,21.121801,79.04952,PM10,34.0,62.0,44.0,2026-09-05 16:37:06
India,Maharashtra,Nagpur,"Ambazari, Nagpur - MPCB",05-09-2026 21:00:00,21.121801,79.04952,NO2,9.0,16.0,11.0,2026-09-05 16:37:06
India,Maharashtra,Nagpur,"Ambazari, Nagpur - MPCB",05-09-2026 21:00:00,21.121801,79.04952,NH3,2.0,2.0,2.0,2026-09-05 16:37:06
India,Maharashtra,Nanded,"Sneh Nagar, Nanded - MPCB",05-09-2026 21:00:00,19.173852,77.296291,PM2.5,21.0,46.0,32.0,2026-09-05 16:37:06
India,Maharashtra,Nanded,"Sneh Nagar, Nanded - MPCB",05-09-2026 21:00:00,19.173852,77.296291,NH3,1.0,3.0,2.0,2026-09-05 16:37:06
India,Maharashtra,Nanded,"Sneh Nagar, Nanded - MPCB",05-09-2026 21:00:00,19.173852,77.296291,SO2,16.0,17.0,16.0,2026-09-05 16:37:06
India,Maharashtra,Nashik,"Gangapur Road, Nashik - MPCB",05-09-2026 21:00:00,20.0073285,73.7762427,PM2.5,10.0,72.0,23.0,2026-09-05 16:37:06
India,Maharashtra,Nashik,"Pandav Nagari, Nashik - MPCB",05-09-2026 21:00:00,19.9591346,73.7788008,NH3,2.0,4.0,2.0,2026-09-05 16:37:06
India,Maharashtra,Nashik,"MIDC Ambad, Nashik - MPCB",05-09-2026 21:00:00,19.95022,73.73148,SO2,0.0,5.0,2.0,2026-09-05 16:37:06
India,Maharashtra,Navi Mumbai,"Kopripada-Vashi, Navi Mumbai - MPCB",05-09-2026 21:00:00,19.090337,73.014232,PM10,21.0,84.0,47.0,2026-09-05 16:37:06
India,Maharashtra,Navi Mumbai,"Tondare-Taloja, Navi Mumbai - MPCB",05-09-2026 21:00:00,19.063,73.1209,PM10,16.0,43.0,29.0,2026-09-05 16:37:06
India,Maharashtra,Navi Mumbai,"Sanpada, Navi Mumbai - MPCB",05-09-2026 21:00:00,19.0575752,73.0151367,PM2.5,9.0,36.0,22.0,2026-09-05 16:37:06
India,Maharashtra,Navi Mumbai,"Sanpada, Navi Mumbai - MPCB",05-09-2026 21:00:00,19.0575752,73.0151367,PM10,22.0,58.0,36.0,2026-09-05 16:37:06
India,Maharashtra,Navi Mumbai,"Sector-2E Kalamboli, Navi Mumbai - MPCB",05-09-2026 21:00:00,19.02579,73.10297,NO2,,,,2026-09-05 16:37:06
India,Maharashtra,Navi Mumbai,"Sector-2E Kalamboli, Navi Mumbai - MPCB",05-09-2026 21:00:00,19.02579,73.10297,NH3,6.0,11.0,9.0,2026-09-05 16:37:06
India,Maharashtra,Navi Mumbai,"Sector-2E Kalamboli, Navi Mumbai - MPCB",05-09-2026 21:00:00,19.02579,73.10297,CO,11.0,23.0,16.0,2026-09-05 16:37:06
India,Maharashtra,Navi Mumbai,"Mahape, Navi Mumbai - MPCB",05-09-2026 21:00:00,19.1135051,73.008978,NH3,1.0,1.0,1.0,2026-09-05 16:37:06
India,Maharashtra,Badlapur,"Katrap, Badlapur - MPCB",05-09-2026 21:00:00,19.16485,73.23409,NH3,9.0,12.0,11.0,2026-09-05 16:37:06
India,Maharashtra,Badlapur,"Katrap, Badlapur - MPCB",05-09-2026 21:00:00,19.16485,73.23409,OZONE,3.0,5.0,4.0,2026-09-05 16:37:06
India,Maharashtra,Belapur,"CBD Belapur, Belapur - MPCB",05-09-2026 21:00:00,19.0243902,73.0406721,NO2,13.0,34.0,21.0,2026-09-05 16:37:06
India,Maharashtra,Bhiwandi,"Gokul Nagar, Bhiwandi - MPCB",05-09-2026 21:00:00,19.309073,73.057223,PM2.5,25.0,30.0,27.0,2026-09-05 16:37:06
India,Maharashtra,Bhiwandi,"Gokul Nagar, Bhiwandi - MPCB",05-09-2026 21:00:00,19.309073,73.057223,NO2,13.0,52.0,32.0,2026-09-05 16:37:06
India,Maharashtra,Chandrapur,"MIDC Khutala, Chandrapur - MPCB",05-09-2026 21:00:00,19.9775302,79.2337086,PM2.5,33.0,39.0,38.0,2026-09-05 16:37:06
India,Maharashtra,Chandrapur,"MIDC Khutala, Chandrapur - MPCB",05-09-2026 21:00:00,19.9775302,79.2337086,PM10,32.0,144.0,81.0,2026-09-05 16:37:06
India,Maharashtra,Chandrapur,"Chauhan Colony, Chandrapur - MPCB",05-09-2026 21:00:00,19.9629,79.298714,SO2,11.0,16.0,12.0,2026-09-05 16:37:06
India,Maharashtra,Dhule,"Deopur, Dhule - MPCB",05-09-2026 21:00:00,20.918946,74.776388,PM2.5,,,,2026-09-05 16:37:06
India,Maharashtra,Dhule,"Deopur, Dhule - MPCB",05-09-2026 21:00:00,20.918946,74.776388,PM10,13.0,31.0,20.0,2026-09-05 16:37:06
India,Maharashtra,Dhule,"Deopur, Dhule - MPCB",05-09-2026 21:00:00,20.918946,74.776388,SO2,,,,2026-09-05 16:37:06
India,Maharashtra,Dombivli,"Kalu Nagar, Dombivli - MPCB",05-09-2026 21:00:00,19.2268427,73.0788456,PM10,7.0,27.0,16.0,2026-09-05 16:37:06
India,Maharashtra,Dombivli,"Kalu Nagar, Dombivli - MPCB",05-09-2026 21:00:00,19.2268427,73.0788456,NH3,1.0,3.0,2.0,2026-09-05 16:37:06
India,Maharashtra,Dombivli,"Kalu Nagar, Dombivli - MPCB",05-09-2026 21:00:00,19.2268427,73.0788456,OZONE,26.0,40.0,33.0,2026-09-05 16:37:06
India,Maharashtra,Hingoli,"Ashta Vinayak Nagar, Hingoli - MPCB",05-09-2026 21:00:00,19.710842,77.151824,PM10,25.0,105.0,60.0,2026-09-05 16:37:06
India,Maharashtra,Jalna,"Old MIDC, Jalna - MPCB",05-09-2026 21:00:00,19.854616,75.905894,SO2,2.0,2.0,2.0,2026-09-05 16:37:06
India,Maharashtra,Jalna,"Old MIDC, Jalna - MPCB",05-09-2026 21:00:00,19.854616,75.905894,OZONE,60.0,96.0,78.0,2026-09-05 16:37:06
India,Maharashtra,Kalyan,"Pimpleshwar Mandir, Kalyan - MPCB",05-09-2026 21:00:00,19.192056,72.9585188,PM2.5,,,,2026-09-05 16:37:06
India,Madhya Pradesh,Satna,"Bandhavgar Colony, Satna - Birla Cement",05-09-2026 21:00:00,24.58434363,80.8549414,PM2.5,48.0,51.0,50.0,2026-09-05 16:37:06
India,Madhya Pradesh,Satna,"Bandhavgar Colony, Satna - Birla Cement",05-09-2026 21:00:00,24.58434363,80.8549414,SO2,,,,2026-09-05 16:37:06
India,Madhya Pradesh,Satna,"Bandhavgar Colony, Satna - Birla Cement",05-09-2026 21:00:00,24.58434363,80.8549414,OZONE,54.0,60.0,59.0,2026-09-05 16:37:06
India,Maharashtra,Ahmednagar,"Tarakpur, Ahmednagar - MPCB",05-09-2026 21:00:00,19.10122,74.73339,NH3,0.0,2.0,1.0,2026-09-05 16:37:06
India,Maharashtra,Akola,"Ramdaspeth, Akola - MPCB",05-09-2026 21:00:00,20.719516,77.000253,PM10,16.0,55.0,30.0,2026-09-05 16:37:06
India,Maharashtra,Akola,"Ramdaspeth, Akola - MPCB",05-09-2026 21:00:00,20.719516,77.000253,NH3,7.0,8.0,7.0,2026-09-05 16:37:06
India,Maharashtra,Ambernath,"Chinchpada, Ambernath - MPCB",05-09-2026 21:00:00,19.215784,73.199781,PM10,28.0,104.0,67.0,2026-09-05 16:37:06
India,Maharashtra,Ambernath,"Chinchpada, Ambernath - MPCB",05-09-2026 21:00:00,19.215784,73.199781,NO2,13.0,46.0,28.0,2026-09-05 16:37:06
India,Maharashtra,Amravati,"Shri Shivaji Science College, Amravati - MPCB",05-09-2026 21:00:00,20.939198,77.765701,PM10,22.0,51.0,35.0,2026-09-05 16:37:06
India,Maharashtra,Amravati,"Shri Shivaji Science College, Amravati - MPCB",05-09-2026 21:00:00,20.939198,77.765701,NO2,4.0,13.0,7.0,2026-09-05 16:37:06
India,Maharashtra,Amravati,"Shivneri Colony, Amravati - MPCB",05-09-2026 21:00:00,20.9402359,77.7895248,SO2,3.0,5.0,4.0,2026-09-05 16:37:06
India,Maharashtra,Amravati,"Shivneri Colony, Amravati - MPCB",05-09-2026 21:00:00,20.9402359,77.7895248,CO,9.0,19.0,14.0,2026-09-05 16:37:06
India,Maharashtra,Aurangabad,"MIDC Chilkalthana, Aurangabad - MPCB",05-09-2026 21:00:00,19.87562,75.38731,PM2.5,8.0,50.0,28.0,2026-09-05 16:37:06
India,Maharashtra,Aurangabad,"MIDC Chilkalthana, Aurangabad - MPCB",05-09-2026 21:00:00,19.87562,75.38731,SO2,5.0,9.0,6.0,2026-09-05 16:37:06
India,Maharashtra,Aurangabad,"Rachnakar Colony, Aurangabad - MPCB",05-09-2026 21:00:00,19.863756,75.321188,NO2,10.0,22.0,13.0,2026-09-05 16:37:06
India,Maharashtra,Aurangabad,"More Chowk Waluj, Aurangabad - MPCB",05-09-2026 21:00:00,19.8389439,75.244448,PM2.5,22.0,50.0,34.0,2026-09-05 16:37:06
India,Maharashtra,Pimpri-Chinchwad,"Gavalinagar, Pimpri Chinchwad - MPCB",05-09-2026 21:00:00,18.63673,73.82487,PM10,19.0,42.0,31.0,2026-09-05 16:37:06
India,Maharashtra,Pimpri-Chinchwad,"Bhumkar Nagar, Pune - IITM",05-09-2026 21:00:00,18.60577,73.749976,PM10,27.0,117.0,54.0,2026-09-05 16:37:06
India,Maharashtra,Pimpri-Chinchwad,"Bhumkar Nagar, Pune - IITM",05-09-2026 21:00:00,18.60577,73.749976,NO2,17.0,24.0,20.0,2026-09-05 16:37:06
India,Maharashtra,Pimpri-Chinchwad,"Thergaon, Pimpri Chinchwad - MPCB",05-09-2026 21:00:00,18.616318,73.765797,PM10,52.0,70.0,60.0,2026-09-05 16:37:06
India,Maharashtra,Pimpri-Chinchwad,"Thergaon, Pimpri Chinchwad - MPCB",05-09-2026 21:00:00,18.616318,73.765797,OZONE,9.0,17.0,12.0,2026-09-05 16:37:06
India,Maharashtra,Pimpri-Chinchwad,"Transport Nagar-Nigdi, Pune - IITM",05-09-2026 21:00:00,18.664282,73.763966,PM2.5,22.0,125.0,44.0,2026-09-05 16:37:06
India,Maharashtra,Pimpri-Chinchwad,"Transport Nagar-Nigdi, Pune - IITM",05-09-2026 21:00:00,18.664282,73.763966,NH3,,,,2026-09-05 16:37:06
India,Maharashtra,Pimpri-Chinchwad,"Transport Nagar-Nigdi, Pune - IITM",05-09-2026 21:00:00,18.664282,73.763966,SO2,,,,2026-09-05 16:37:06
India,Maharashtra,Pimpri-Chinchwad,"Transport Nagar-Nigdi, Pune - IITM",05-09-2026 21:00:00,18.664282,73.763966,CO,28.0,45.0,37.0,2026-09-05 16:37:06
India,Maharashtra,Pimpri-Chinchwad,"Park Street Wakad, Pimpri Chinchwad - MPCB",05-09-2026 21:00:00,18.59051,73.77946,OZONE,10.0,17.0,15.0,2026-09-05 16:37:06
India,Maharashtra,Pune,"Katraj Dairy, Pune - MPCB",05-09-2026 21:00:00,18.45445,73.854155,NO2,8.0,11.0,10.0,2026-09-05 16:37:06
India,Maharashtra,Pune,"Katraj Dairy, Pune - MPCB",05-09-2026 21:00:00,18.45445,73.854155,CO,23.0,37.0,30.0,2026-09-05 16:37:06
India,Maharashtra,Pune,"Hadapsar, Pune - IITM",05-09-2026 21:00:00,18.501793,73.927532,SO2,,,,2026-09-05 16:37:06
India,Maharashtra,Pune,"Hadapsar, Pune - IITM",05-09-2026 21:00:00,18.501793,73.927532,CO,52.0,78.0,62.0,2026-09-05 16:37:06
India,Maharashtra,Pune,"Revenue Colony-Shivajinagar, Pune - IITM",05-09-2026 21:00:00,18.530085,73.849598,NO2,10.0,24.0,17.0,2026-09-05 16:37:06
India,Maharashtra,Pune,"Revenue Colony-Shivajinagar, Pune - IITM",05-09-2026 21:00:00,18.530085,73.849598,SO2,7.0,27.0,14.0,2026-09-05 16:37:06
India,Maharashtra,Pune,"Revenue Colony-Shivajinagar, Pune - IITM",05-09-2026 21:00:00,18.530085,73.849598,CO,46.0,96.0,66.0,2026-09-05 16:37:06
India,Maharashtra,Pune,"Mhada Colony, Pune - IITM",05-09-2026 21:00:00,18.57304,73.927715,NH3,,,,2026-09-05 16:37:06
India,Maharashtra,Mumbai,"Bandra Kurla Complex, Mumbai - MPCB",05-09-2026 21:00:00,19.065931,72.862131,NH3,0.0,0.0,0.0,2026-09-05 16:37:06
India,Maharashtra,Mumbai,"Kherwadi_Bandra East, Mumbai - MPCB",05-09-2026 21:00:00,19.0632143,72.8456324,PM10,43.0,56.0,50.0,2026-09-05 16:37:06
India,Maharashtra,Mumbai,"Kherwadi_Bandra East, Mumbai - MPCB",05-09-2026 21:00:00,19.0632143,72.8456324,NO2,2.0,6.0,4.0,2026-09-05 16:37:06
India,Maharashtra,Mumbai,"Kherwadi_Bandra East, Mumbai - MPCB",05-09-2026 21:00:00,19.0632143,72.8456324,CO,31.0,32.0,32.0,2026-09-05 16:37:06
India,Maharashtra,Mumbai,"Mindspace-Malad West, Mumbai - MPCB",05-09-2026 21:00:00,19.1878657,72.8304069,PM2.5,22.0,23.0,22.0,2026-09-05 16:37:06
India,Maharashtra,Mumbai,"Navy Nagar-Colaba, Mumbai - IITM",05-09-2026 21:00:00,18.897756,72.81332,NH3,1.0,2.0,1.0,2026-09-05 16:37:06
India,Maharashtra,Mumbai,"Navy Nagar-Colaba, Mumbai - IITM",05-09-2026 21:00:00,18.897756,72.81332,CO,14.0,26.0,21.0,2026-09-05 16:37:06
India,Maharashtra,Mumbai,"Mulund West, Mumbai - MPCB",05-09-2026 21:00:00,19.175,72.9419,PM2.5,13.0,39.0,23.0,2026-09-05 16:37:06
India,Maharashtra,Mumbai,"Mulund West, Mumbai - MPCB",05-09-2026 21:00:00,19.175,72.9419,NO2,12.0,13.0,13.0,2026-09-05 16:37:06
India,Maharashtra,Mumbai,"Chembur, Mumbai - MPCB",05-09-2026 21:00:00,19.0364585,72.8954371,PM2.5,8.0,21.0,14.0,2026-09-05 16:37:06
India,Maharashtra,Mumbai,"Chembur, Mumbai - MPCB",05-09-2026 21:00:00,19.0364585,72.8954371,NO2,5.0,17.0,10.0,2026-09-05 16:37:06
India,Maharashtra,Mumbai,"Chembur, Mumbai - MPCB",05-09-2026 21:00:00,19.0364585,72.8954371,OZONE,7.0,24.0,13.0,2026-09-05 16:37:06
India,Maharashtra,Mumbai,"Kandivali West, Mumbai - BMC",05-09-2026 21:00:00,19.215859,72.831718,PM2.5,22.0,38.0,29.0,2026-09-05 16:37:06
India,Maharashtra,Mumbai,"Kandivali West, Mumbai - BMC",05-09-2026 21:00:00,19.215859,72.831718,PM10,24.0,41.0,31.0,2026-09-05 16:37:06
India,Maharashtra,Mumbai,"Kandivali West, Mumbai - BMC",05-09-2026 21:00:00,19.215859,72.831718,NH3,4.0,5.0,5.0,2026-09-05 16:37:06
India,Maharashtra,Mumbai,"Sewri, Mumbai - BMC",05-09-2026 21:00:00,19.000084,72.85673,NO2,11.0,34.0,25.0,2026-09-05 16:37:06
India,Maharashtra,Mumbai,"Khindipada-Bhandup West, Mumbai - IITM",05-09-2026 21:00:00,19.1653323,72.922099,CO,27.0,39.0,33.0,2026-09-05 16:37:06
India,Maharashtra,Kalyan,"Pimpleshwar Mandir, Kalyan - MPCB",05-09-2026 21:00:00,19.192056,72.9585188,NO2,,,,2026-09-05 16:37:06
India,Maharashtra,Kalyan,"Pimpleshwar Mandir, Kalyan - MPCB",05-09-2026 21:00:00,19.192056,72.9585188,NH3,,,,2026-09-05 16:37:06
India,Maharashtra,Kalyan,"Pimpleshwar Mandir, Kalyan - MPCB",05-09-2026 21:00:00,19.192056,72.9585188,SO2,,,,2026-09-05 16:37:06
India,Maharashtra,Kolhapur,"Sinchan Bhavan, Kolhapur - MPCB",05-09-2026 21:00:00,16.7143745,74.2426398,NO2,4.0,10.0,6.0,2026-09-05 16:37:06
India,Maharashtra,Kolhapur,"Sinchan Bhavan, Kolhapur - MPCB",05-09-2026 21:00:00,16.7143745,74.2426398,CO,6.0,12.0,8.0,2026-09-05 16:37:06
India,Maharashtra,Latur,"Sawe Wadi, Latur - MPCB",05-09-2026 21:00:00,18.39963,76.57452,SO2,4.0,6.0,5.0,2026-09-05 16:37:06
India,Maharashtra,Mira-Bhayandar,"Bhayandar West, Mira-Bhayandar - MPCB",05-09-2026 21:00:00,19.296481,72.840923,PM10,17.0,61.0,36.0,2026-09-05 16:37:06
India,Maharashtra,Mira-Bhayandar,"Bhayandar West, Mira-Bhayandar - MPCB",05-09-2026 21:00:00,19.296481,72.840923,SO2,0.0,4.0,1.0,2026-09-05 16:37:06
India,Maharashtra,Mumbai,"Shivaji Nagar, Mumbai - BMC",05-09-2026 21:00:00,19.060498,72.923356,PM2.5,11.0,56.0,28.0,2026-09-05 16:37:06
India,Maharashtra,Mumbai,"Shivaji Nagar, Mumbai - BMC",05-09-2026 21:00:00,19.060498,72.923356,NH3,2.0,12.0,5.0,2026-09-05 16:37:06
India,Maharashtra,Mumbai,"Shivaji Nagar, Mumbai - BMC",05-09-2026 21:00:00,19.060498,72.923356,SO2,2.0,9.0,4.0,2026-09-05 16:37:06
India,Maharashtra,Mumbai,"Shivaji Nagar, Mumbai - BMC",05-09-2026 21:00:00,19.060498,72.923356,CO,11.0,40.0,23.0,2026-09-05 16:37:06
India,Maharashtra,Mumbai,"Sion, Mumbai - MPCB",05-09-2026 21:00:00,19.047,72.8746,PM2.5,4.0,27.0,9.0,2026-09-05 16:37:06
India,Maharashtra,Mumbai,"Borivali East, Mumbai - MPCB",05-09-2026 21:00:00,19.2243333,72.8658113,PM2.5,9.0,27.0,15.0,2026-09-05 16:37:06
India,Maharashtra,Mumbai,"Borivali East, Mumbai - MPCB",05-09-2026 21:00:00,19.2243333,72.8658113,SO2,16.0,20.0,18.0,2026-09-05 16:37:06
India,Maharashtra,Mumbai,"Siddharth Nagar-Worli, Mumbai - IITM",05-09-2026 21:00:00,19.000083,72.813993,CO,2.0,2.0,2.0,2026-09-05 16:37:06
India,Maharashtra,Mumbai,"Malad West, Mumbai - IITM",05-09-2026 21:00:00,19.19709,72.82204,NO2,4.0,15.0,9.0,2026-09-05 16:37:06
India,Maharashtra,Mumbai,"Malad West, Mumbai - IITM",05-09-2026 21:00:00,19.19709,72.82204,CO,25.0,44.0,31.0,2026-09-05 16:37:06
India,Maharashtra,Mumbai,"Borivali East, Mumbai - IITM",05-09-2026 21:00:00,19.23241,72.86895,PM10,20.0,44.0,28.0,2026-09-05 16:37:06
India,Maharashtra,Mumbai,"Borivali East, Mumbai - IITM",05-09-2026 21:00:00,19.23241,72.86895,NH3,3.0,4.0,4.0,2026-09-05 16:37:06
India,Maharashtra,Mumbai,"Chakala-Andheri East, Mumbai - IITM",05-09-2026 21:00:00,19.11074,72.86084,PM10,18.0,54.0,39.0,2026-09-05 16:37:06
India,Maharashtra,Mumbai,"Chakala-Andheri East, Mumbai - IITM",05-09-2026 21:00:00,19.11074,72.86084,OZONE,5.0,10.0,7.0,2026-09-05 16:37:06
India,Maharashtra,Mumbai,"Bandra Kurla Complex, Mumbai - IITM",05-09-2026 21:00:00,19.053536,72.84643,NH3,4.0,18.0,8.0,2026-09-05 16:37:06
India,Maharashtra,Mumbai,"Kurla, Mumbai - MPCB",05-09-2026 21:00:00,19.0863,72.8888,NH3,2.0,2.0,2.0,2026-09-05 16:37:06
India,Maharashtra,Mumbai,"Ghatkopar, Mumbai - BMC",05-09-2026 21:00:00,19.083694,72.920967,PM10,30.0,46.0,35.0,2026-09-05 16:37:06
India,Maharashtra,Mumbai,"Deonar, Mumbai - IITM",05-09-2026 21:00:00,19.04946,72.923,SO2,3.0,4.0,3.0,2026-09-05 16:37:06
India,Maharashtra,Mumbai,"Chhatrapati Shivaji Intl. Airport (T2), Mumbai - MPCB",05-09-2026 21:00:00,19.10078,72.87462,SO2,7.0,8.0,7.0,2026-09-05 16:37:06
India,Maharashtra,Mumbai,"Powai, Mumbai - MPCB",05-09-2026 21:00:00,19.1375,72.915056,NO2,6.0,6.0,6.0,2026-09-05 16:37:06
India,Maharashtra,Mumbai,"Powai, Mumbai - MPCB",05-09-2026 21:00:00,19.1375,72.915056,CO,,,,2026-09-05 16:37:06
India,Maharashtra,Nagpur,"Mahal, Nagpur - MPCB",05-09-2026 21:00:00,21.14472,79.107595,PM10,30.0,70.0,44.0,2026-09-05 16:37:06
India,Maharashtra,Nagpur,"Mahal, Nagpur - MPCB",05-09-2026 21:00:00,21.14472,79.107595,NO2,7.0,17.0,12.0,2026-09-05 16:37:06
India,Madhya Pradesh,Indore,"Maguda Nagar, Indore - IMC",05-09-2026 21:00:00,22.7524,75.8872,PM10,,,,2026-09-05 16:37:06
India,Madhya Pradesh,Jabalpur,"Marhatal, Jabalpur - MPPCB",05-09-2026 21:00:00,23.168606,79.932247,SO2,11.0,13.0,12.0,2026-09-05 16:37:06
India,Madhya Pradesh,Jabalpur,"Govindh Bhavan Colony, Jabalpur - JMC",05-09-2026 21:00:00,23.163174,79.973061,SO2,6.0,8.0,7.0,2026-09-05 16:37:06
India,Madhya Pradesh,Jabalpur,"Suhagi, Jabalpur - JMC",05-09-2026 21:00:00,23.218135,79.95777,NH3,6.0,6.0,6.0,2026-09-05 16:37:06
India,Madhya Pradesh,Jabalpur,"Suhagi, Jabalpur - JMC",05-09-2026 21:00:00,23.218135,79.95777,OZONE,16.0,26.0,22.0,2026-09-05 16:37:06
India,Madhya Pradesh,Maihar,"Sahilara, Maihar - KJS Cements",05-09-2026 21:00:00,24.2613009,80.7231783,CO,25.0,27.0,26.0,2026-09-05 16:37:06
India,Madhya Pradesh,Mandideep,"Sector-D Industrial Area, Mandideep - MPPCB",05-09-2026 21:00:00,23.10844,77.511428,OZONE,24.0,33.0,28.0,2026-09-05 16:37:06
India,Madhya Pradesh,Ratlam,"Shasthri Nagar, Ratlam - IPCA Lab",05-09-2026 21:00:00,23.331731,75.045981,CO,,,,2026-09-05 16:37:06
India,Madhya Pradesh,Ratlam,"Shasthri Nagar, Ratlam - IPCA Lab",05-09-2026 21:00:00,23.331731,75.045981,OZONE,,,,2026-09-05 16:37:06
India,Madhya Pradesh,Sagar,"Civil Lines, Sagar - MPPCB",05-09-2026 21:00:00,23.838586,78.759431,PM2.5,,,,2026-09-05 16:37:06
India,Madhya Pradesh,Sagar,"Civil Lines, Sagar - MPPCB",05-09-2026 21:00:00,23.838586,78.759431,SO2,,,,2026-09-05 16:37:06
India,Ladakh,Leh,"Skara Yokma, Leh - LPCC",05-09-2026 21:00:00,34.147096,77.55709,PM2.5,,,,2026-09-05 16:37:06
India,Ladakh,Leh,"Skara Yokma, Leh - LPCC",05-09-2026 21:00:00,34.147096,77.55709,SO2,,,,2026-09-05 16:37:06
India,Madhya Pradesh,Bhopal,"Paryavaran Parisar, Bhopal - MPPCB",05-09-2026 21:00:00,23.210494,77.425409,SO2,2.0,7.0,5.0,2026-09-05 16:37:06
India,Madhya Pradesh,Bhopal,"T T Nagar, Bhopal - MPPCB",05-09-2026 21:00:00,23.233584,77.400574,NH3,6.0,6.0,6.0,2026-09-05 16:37:06
India,Madhya Pradesh,Damoh,"Shrivastav Colony, Damoh - MPPCB",05-09-2026 21:00:00,23.81748678,79.446246,PM10,0.0,34.0,13.0,2026-09-05 16:37:06
India,Madhya Pradesh,Gwalior,"Maharaj Bada, Gwalior - MPPCB",05-09-2026 21:00:00,26.200388,78.147714,SO2,0.0,23.0,11.0,2026-09-05 16:37:06
India,Madhya Pradesh,Gwalior,"City Center, Gwalior - MPPCB",05-09-2026 21:00:00,26.203442,78.193251,NO2,45.0,66.0,53.0,2026-09-05 16:37:06
India,Madhya Pradesh,Gwalior,"City Center, Gwalior - MPPCB",05-09-2026 21:00:00,26.203442,78.193251,OZONE,29.0,62.0,54.0,2026-09-05 16:37:06
India,Madhya Pradesh,Indore,"Chhoti Gwaltoli, Indore - MPPCB",05-09-2026 21:00:00,22.431,75.5213,NO2,32.0,76.0,61.0,2026-09-05 16:37:06
India,Rajasthan,Karauli,"Satyawati Vihar, Karauli - RSPCB",05-09-2026 21:00:00,26.506177,77.025989,NO2,24.0,47.0,38.0,2026-09-05 16:37:06
India,Rajasthan,Khairthal,"New Anaj Mandi, Khairthal - RSPCB",05-09-2026 21:00:00,27.8015617,76.6365217,PM10,75.0,379.0,135.0,2026-09-05 16:37:06
India,Rajasthan,Khairthal,"New Anaj Mandi, Khairthal - RSPCB",05-09-2026 21:00:00,27.8015617,76.6365217,NO2,28.0,47.0,34.0,2026-09-05 16:37:06
India,Rajasthan,Khairthal,"New Anaj Mandi, Khairthal - RSPCB",05-09-2026 21:00:00,27.8015617,76.6365217,OZONE,19.0,34.0,29.0,2026-09-05 16:37:06
India,Rajasthan,Kota,"Nayapura, Kota - RSPCB",05-09-2026 21:00:00,25.196024,75.855668,PM2.5,23.0,37.0,30.0,2026-09-05 16:37:06
India,Rajasthan,Kota,"Nayapura, Kota - RSPCB",05-09-2026 21:00:00,25.196024,75.855668,NO2,11.0,34.0,16.0,2026-09-05 16:37:06
India,Rajasthan,Kota,"Nayapura, Kota - RSPCB",05-09-2026 21:00:00,25.196024,75.855668,NH3,5.0,9.0,7.0,2026-09-05 16:37:06
India,Rajasthan,Kota,"Dhanmandi, Kota - RSPCB",05-09-2026 21:00:00,25.16409,75.858137,PM2.5,15.0,60.0,30.0,2026-09-05 16:37:06
India,Rajasthan,Kota,"Dhanmandi, Kota - RSPCB",05-09-2026 21:00:00,25.16409,75.858137,PM10,28.0,89.0,52.0,2026-09-05 16:37:06
India,Rajasthan,Kota,"Dhanmandi, Kota - RSPCB",05-09-2026 21:00:00,25.16409,75.858137,CO,11.0,24.0,15.0,2026-09-05 16:37:06
India,Rajasthan,Kota,"Shrinath Puram, Kota - RSPCB",05-09-2026 21:00:00,25.14389,75.821256,PM2.5,38.0,57.0,46.0,2026-09-05 16:37:06
India,Rajasthan,Kota,"Shrinath Puram, Kota - RSPCB",05-09-2026 21:00:00,25.14389,75.821256,NO2,4.0,20.0,10.0,2026-09-05 16:37:06
India,Rajasthan,Nagaur,"Karni Colony, Nagaur - RSPCB",05-09-2026 21:00:00,27.213494,73.734444,SO2,1.0,8.0,3.0,2026-09-05 16:37:06
India,Rajasthan,Pali,"Indira Colony Vistar, Pali - RSPCB",05-09-2026 21:00:00,25.771061,73.340227,PM2.5,54.0,67.0,58.0,2026-09-05 16:37:06
India,Rajasthan,Pratapgarh,"Pragati Nagar, Pratapgarh - RSPCB",05-09-2026 21:00:00,24.041198,74.780702,PM2.5,17.0,45.0,33.0,2026-09-05 16:37:06
India,Rajasthan,Pratapgarh,"Pragati Nagar, Pratapgarh - RSPCB",05-09-2026 21:00:00,24.041198,74.780702,NH3,4.0,5.0,4.0,2026-09-05 16:37:06
India,Rajasthan,Pratapgarh,"Pragati Nagar, Pratapgarh - RSPCB",05-09-2026 21:00:00,24.041198,74.780702,SO2,1.0,3.0,2.0,2026-09-05 16:37:06
India,Rajasthan,Rajsamand,"Dhoinda, Rajsamand - RSPCB",05-09-2026 21:00:00,25.03636,73.883502,OZONE,8.0,35.0,26.0,2026-09-05 16:37:06
India,Rajasthan,Sawai Madhopur,"Sahu Nagar, Sawai Madhopur - RSPCB",05-09-2026 21:00:00,26.031443,76.359327,OZONE,24.0,68.0,50.0,2026-09-05 16:37:06
India,Rajasthan,Sikar,"Radhakishan Pura, Sikar - RSPCB",05-09-2026 21:00:00,27.608912,75.153302,OZONE,22.0,46.0,31.0,2026-09-05 16:37:06
India,Rajasthan,Sirohi,"Vedhaynath Colony, Sirohi - RSPCB",05-09-2026 21:00:00,24.885261,72.857549,PM2.5,10.0,35.0,22.0,2026-09-05 16:37:06
India,Rajasthan,Sirohi,"Vedhaynath Colony, Sirohi - RSPCB",05-09-2026 21:00:00,24.885261,72.857549,NO2,3.0,12.0,6.0,2026-09-05 16:37:06
India,Rajasthan,Sirohi,"Vedhaynath Colony, Sirohi - RSPCB",05-09-2026 21:00:00,24.885261,72.857549,NH3,3.0,5.0,3.0,2026-09-05 16:37:06
India,Odisha,Keonjhar,"Jagamohanpur, Keonjhar - OSPCB",05-09-2026 21:00:00,21.6439,85.599355,PM2.5,19.0,58.0,34.0,2026-09-05 16:37:06
India,Odisha,Keonjhar,"Jagamohanpur, Keonjhar - OSPCB",05-09-2026 21:00:00,21.6439,85.599355,NH3,2.0,3.0,2.0,2026-09-05 16:37:06
India,Odisha,Keonjhar,"Jagamohanpur, Keonjhar - OSPCB",05-09-2026 21:00:00,21.6439,85.599355,OZONE,6.0,16.0,12.0,2026-09-05 16:37:06
India,Odisha,Nayagarh,"Dabuna, Nayagarh - OSPCB",05-09-2026 21:00:00,21.847279,85.416905,PM10,33.0,55.0,43.0,2026-09-05 16:37:06
India,Odisha,Rairangpur,"Divisional Forest Office, Rairangpur - OSPCB",05-09-2026 21:00:00,22.265816,86.174829,PM10,53.0,79.0,66.0,2026-09-05 16:37:06
India,Odisha,Rairangpur,"Divisional Forest Office, Rairangpur - OSPCB",05-09-2026 21:00:00,22.265816,86.174829,OZONE,2.0,16.0,10.0,2026-09-05 16:37:06
India,Odisha,Rourkela,"Sector-2, Rourkela - OSPCB",05-09-2026 21:00:00,22.245,84.88111111,PM10,39.0,65.0,48.0,2026-09-05 16:37:06
India,Odisha,Rourkela,"Sector-2, Rourkela - OSPCB",05-09-2026 21:00:00,22.245,84.88111111,NH3,,,,2026-09-05 16:37:06
India,Odisha,Rourkela,"Sector-2, Rourkela - OSPCB",05-09-2026 21:00:00,22.245,84.88111111,SO2,,,,2026-09-05 16:37:06
India,Odisha,Rourkela,"Raghunathpali, Rourkela - OSPCB",05-09-2026 21:00:00,22.220833,84.809444,PM10,47.0,71.0,58.0,2026-09-05 16:37:06
India,Odisha,Rourkela,"Raghunathpali, Rourkela - OSPCB",05-09-2026 21:00:00,22.220833,84.809444,NH3,1.0,1.0,1.0,2026-09-05 16:37:06
India,Odisha,Rourkela,"Raghunathpali, Rourkela - OSPCB",05-09-2026 21:00:00,22.220833,84.809444,CO,23.0,41.0,31.0,2026-09-05 16:37:06
India,Odisha,Talcher,"Talcher Coalfields,Talcher - OSPCB",05-09-2026 21:00:00,20.9360711,85.1707021,NO2,61.0,93.0,79.0,2026-09-05 16:37:06
India,Odisha,Talcher,"Talcher Coalfields,Talcher - OSPCB",05-09-2026 21:00:00,20.9360711,85.1707021,OZONE,15.0,16.0,15.0,2026-09-05 16:37:06
India,Odisha,Tensa,"Barsua Iron Ore Mines, Tensa - OSPCB",05-09-2026 21:00:00,21.869985,85.167016,PM2.5,10.0,23.0,13.0,2026-09-05 16:37:06
India,Odisha,Tensa,"Barsua Iron Ore Mines, Tensa - OSPCB",05-09-2026 21:00:00,21.869985,85.167016,PM10,28.0,50.0,42.0,2026-09-05 16:37:06
India,Odisha,Tensa,"Barsua Iron Ore Mines, Tensa - OSPCB",05-09-2026 21:00:00,21.869985,85.167016,CO,15.0,15.0,15.0,2026-09-05 16:37:06
India,Puducherry,Puducherry,"Jawahar Nagar, Puducherry - PPCC",05-09-2026 21:00:00,11.9309,79.8027,PM2.5,15.0,28.0,21.0,2026-09-05 16:37:06
India,Punjab,Amritsar,"Golden Temple, Amritsar - PPCB",05-09-2026 21:00:00,31.62,74.876512,PM2.5,67.0,98.0,78.0,2026-09-05 16:37:06
India,Punjab,Bathinda,"Hardev Nagar, Bathinda - PPCB",05-09-2026 21:00:00,30.233011,74.907758,PM2.5,12.0,62.0,26.0,2026-09-05 16:37:06
India,Punjab,Bathinda,"Hardev Nagar, Bathinda - PPCB",05-09-2026 21:00:00,30.233011,74.907758,CO,20.0,26.0,23.0,2026-09-05 16:37:06
India,Punjab,Jalandhar,"Civil Line, Jalandhar - PPCB",05-09-2026 21:00:00,31.321907,75.578914,PM10,33.0,95.0,55.0,2026-09-05 16:37:06
India,Punjab,Jalandhar,"Civil Line, Jalandhar - PPCB",05-09-2026 21:00:00,31.321907,75.578914,SO2,9.0,10.0,9.0,2026-09-05 16:37:06
India,Punjab,Jalandhar,"Civil Line, Jalandhar - PPCB",05-09-2026 21:00:00,31.321907,75.578914,OZONE,19.0,46.0,35.0,2026-09-05 16:37:06
India,Punjab,Khanna,"Kalal Majra, Khanna - PPCB",05-09-2026 21:00:00,30.736056,76.209694,PM2.5,31.0,60.0,46.0,2026-09-05 16:37:06
India,Maharashtra,Pune,"Panchawati_Pashan, Pune - IITM",05-09-2026 21:00:00,18.536457,73.805454,CO,22.0,37.0,28.0,2026-09-05 16:37:06
India,Maharashtra,Sangli,"Vijay Nagar, Sangli - MPCB",05-09-2026 21:00:00,16.5038,74.3623,PM2.5,13.0,60.0,28.0,2026-09-05 16:37:06
India,Maharashtra,Sangli,"Vijay Nagar, Sangli - MPCB",05-09-2026 21:00:00,16.5038,74.3623,PM10,33.0,50.0,40.0,2026-09-05 16:37:06
India,Maharashtra,Sangli,"Vijay Nagar, Sangli - MPCB",05-09-2026 21:00:00,16.5038,74.3623,NH3,1.0,3.0,2.0,2026-09-05 16:37:06
India,Maharashtra,Sangli,"Vijay Nagar, Sangli - MPCB",05-09-2026 21:00:00,16.5038,74.3623,OZONE,16.0,28.0,22.0,2026-09-05 16:37:06
India,Maharashtra,Satara,"Koyana Nagar, Satara - MPCB",05-09-2026 21:00:00,17.696651,74.003387,CO,12.0,23.0,17.0,2026-09-05 16:37:06
India,Maharashtra,Satara,"Koyana Nagar, Satara - MPCB",05-09-2026 21:00:00,17.696651,74.003387,OZONE,10.0,22.0,16.0,2026-09-05 16:37:06
India,Maharashtra,Solapur,"Dnyaneshwar Nagar, Solapur - MPCB",05-09-2026 21:00:00,17.6336264,75.9132495,NH3,5.0,14.0,7.0,2026-09-05 16:37:06
India,Maharashtra,Solapur,"Ratandeep Housing Society, Solapur - MPCB",05-09-2026 21:00:00,17.65439,75.90649,NH3,2.0,6.0,4.0,2026-09-05 16:37:06
India,Maharashtra,Solapur,"Ratandeep Housing Society, Solapur - MPCB",05-09-2026 21:00:00,17.65439,75.90649,SO2,2.0,3.0,2.0,2026-09-05 16:37:06
India,Maharashtra,Thane,"Kasarvadavali, Thane - MPCB",05-09-2026 21:00:00,19.26777,72.97182,PM10,37.0,61.0,51.0,2026-09-05 16:37:06
India,Maharashtra,Thane,"Kasarvadavali, Thane - MPCB",05-09-2026 21:00:00,19.26777,72.97182,CO,33.0,44.0,38.0,2026-09-05 16:37:06
India,Maharashtra,Ulhasnagar,"Sidhi Vinayak Nagar, Ulhasnagar - MPCB",05-09-2026 21:00:00,19.235581,73.159121,PM10,18.0,59.0,37.0,2026-09-05 16:37:06
India,Maharashtra,Ulhasnagar,"Sidhi Vinayak Nagar, Ulhasnagar - MPCB",05-09-2026 21:00:00,19.235581,73.159121,NO2,9.0,11.0,10.0,2026-09-05 16:37:06
India,Maharashtra,Ulhasnagar,"Sidhi Vinayak Nagar, Ulhasnagar - MPCB",05-09-2026 21:00:00,19.235581,73.159121,OZONE,2.0,15.0,9.0,2026-09-05 16:37:06
India,Maharashtra,Ulhasnagar,"Vithalwadi, Ulhasnagar - MPCB",05-09-2026 21:00:00,19.2307571,73.155192,NH3,6.0,7.0,6.0,2026-09-05 16:37:06
India,Maharashtra,Ulhasnagar,"Vithalwadi, Ulhasnagar - MPCB",05-09-2026 21:00:00,19.2307571,73.155192,CO,6.0,16.0,9.0,2026-09-05 16:37:06
India,Maharashtra,Ulhasnagar,"Vithalwadi, Ulhasnagar - MPCB",05-09-2026 21:00:00,19.2307571,73.155192,OZONE,5.0,9.0,7.0,2026-09-05 16:37:06
India,Maharashtra,Virar,"Bolinj, Virar - MPCB",05-09-2026 21:00:00,19.445821,72.7988231,PM2.5,11.0,48.0,22.0,2026-09-05 16:37:06
India,Maharashtra,Virar,"Bolinj, Virar - MPCB",05-09-2026 21:00:00,19.445821,72.7988231,SO2,1.0,8.0,4.0,2026-09-05 16:37:06
India,Meghalaya,Shillong,"Lumpyngngad, Shillong - Meghalaya PCB",05-09-2026 21:00:00,25.5586,91.8985,PM10,,,,2026-09-05 16:37:06
India,Meghalaya,Shillong,"Lumpyngngad, Shillong - Meghalaya PCB",05-09-2026 21:00:00,25.5586,91.8985,SO2,12.0,13.0,13.0,2026-09-05 16:37:06
India,Rajasthan,Bhiwadi,"Vasundhara Nagar_UIT, Bhiwadi - RSPCB",05-09-2026 21:00:00,28.207266,76.829265,PM10,34.0,132.0,84.0,2026-09-05 16:37:06
India,Rajasthan,Bhiwadi,"Vasundhara Nagar_UIT, Bhiwadi - RSPCB",05-09-2026 21:00:00,28.207266,76.829265,NO2,16.0,37.0,26.0,2026-09-05 16:37:06
India,Rajasthan,Bikaner,"MM Ground, Bikaner - RSPCB",05-09-2026 21:00:00,28.018792,73.292658,CO,2.0,11.0,5.0,2026-09-05 16:37:06
India,Rajasthan,Bundi,"New Colony, Bundi - RSPCB",05-09-2026 21:00:00,25.435774,75.644272,PM10,22.0,71.0,48.0,2026-09-05 16:37:06
India,Rajasthan,Bundi,"New Colony, Bundi - RSPCB",05-09-2026 21:00:00,25.435774,75.644272,SO2,6.0,11.0,7.0,2026-09-05 16:37:06
India,Rajasthan,Bundi,"New Colony, Bundi - RSPCB",05-09-2026 21:00:00,25.435774,75.644272,OZONE,24.0,30.0,27.0,2026-09-05 16:37:06
India,Rajasthan,Chittorgarh,"Shastri Nagar, Chittorgarh - RSPCB",05-09-2026 21:00:00,24.892047,74.623527,NH3,8.0,14.0,10.0,2026-09-05 16:37:06
India,Rajasthan,Dausa,"Khatikan Mohalla, Dausa - RSPCB",05-09-2026 21:00:00,26.895552,76.334753,NH3,6.0,10.0,8.0,2026-09-05 16:37:06
India,Rajasthan,Dausa,"Khatikan Mohalla, Dausa - RSPCB",05-09-2026 21:00:00,26.895552,76.334753,CO,31.0,79.0,49.0,2026-09-05 16:37:06
India,Rajasthan,Dholpur,"Raja Ganj, Dholpur - RSPCB",05-09-2026 21:00:00,26.699557,77.898881,NH3,3.0,14.0,7.0,2026-09-05 16:37:06
India,Rajasthan,Dholpur,"Raja Ganj, Dholpur - RSPCB",05-09-2026 21:00:00,26.699557,77.898881,CO,24.0,26.0,25.0,2026-09-05 16:37:06
India,Rajasthan,Dungarpur,"Bhoiwada, Dungarpur - RSPCB",05-09-2026 21:00:00,23.837789,73.714926,NO2,6.0,12.0,8.0,2026-09-05 16:37:06
India,Rajasthan,Dungarpur,"Bhoiwada, Dungarpur - RSPCB",05-09-2026 21:00:00,23.837789,73.714926,SO2,3.0,5.0,4.0,2026-09-05 16:37:06
India,Rajasthan,Dungarpur,"Bhoiwada, Dungarpur - RSPCB",05-09-2026 21:00:00,23.837789,73.714926,CO,21.0,25.0,23.0,2026-09-05 16:37:06
India,Rajasthan,Hanumangarh,"Housing Board, Hanumangarh - RSPCB",05-09-2026 21:00:00,29.61075,74.283608,CO,23.0,44.0,33.0,2026-09-05 16:37:06
India,Rajasthan,Jaipur,"Mansarovar Sector-12, Jaipur - RSPCB",05-09-2026 21:00:00,26.843698,75.766894,PM2.5,12.0,63.0,33.0,2026-09-05 16:37:06
India,Rajasthan,Jaipur,"Mansarovar Sector-12, Jaipur - RSPCB",05-09-2026 21:00:00,26.843698,75.766894,NO2,10.0,63.0,25.0,2026-09-05 16:37:06
India,Rajasthan,Jaipur,"Mansarovar Sector-12, Jaipur - RSPCB",05-09-2026 21:00:00,26.843698,75.766894,NH3,2.0,8.0,3.0,2026-09-05 16:37:06
India,Rajasthan,Jaipur,"Mansarovar Sector-12, Jaipur - RSPCB",05-09-2026 21:00:00,26.843698,75.766894,OZONE,15.0,66.0,33.0,2026-09-05 16:37:06
India,Rajasthan,Jaipur,"Police Commissionerate, Jaipur - RSPCB",05-09-2026 21:00:00,26.9164092,75.7994901,PM10,22.0,55.0,42.0,2026-09-05 16:37:06
India,Punjab,Khanna,"Kalal Majra, Khanna - PPCB",05-09-2026 21:00:00,30.736056,76.209694,CO,35.0,88.0,65.0,2026-09-05 16:37:06
India,Punjab,Mandi Gobindgarh,"RIMT University, Mandi Gobindgarh - PPCB",05-09-2026 21:00:00,30.649961,76.331442,PM10,60.0,99.0,83.0,2026-09-05 16:37:06
India,Punjab,Mandi Gobindgarh,"RIMT University, Mandi Gobindgarh - PPCB",05-09-2026 21:00:00,30.649961,76.331442,NO2,24.0,25.0,25.0,2026-09-05 16:37:06
India,Punjab,Patiala,"Model Town, Patiala - PPCB",05-09-2026 21:00:00,30.349388,76.366642,NO2,7.0,22.0,14.0,2026-09-05 16:37:06
India,Punjab,Patiala,"Model Town, Patiala - PPCB",05-09-2026 21:00:00,30.349388,76.366642,SO2,17.0,23.0,20.0,2026-09-05 16:37:06
India,Punjab,Rupnagar,"Ratanpura, Rupnagar - Ambuja Cements",05-09-2026 21:00:00,31.0325454,76.5623046,CO,52.0,58.0,56.0,2026-09-05 16:37:06
India,Rajasthan,Ajmer,"Civil Lines,  Ajmer - RSPCB",05-09-2026 21:00:00,26.470859,74.646594,PM10,38.0,90.0,59.0,2026-09-05 16:37:06
India,Rajasthan,Ajmer,"Civil Lines,  Ajmer - RSPCB",05-09-2026 21:00:00,26.470859,74.646594,SO2,3.0,14.0,9.0,2026-09-05 16:37:06
India,Rajasthan,Ajmer,"Civil Lines,  Ajmer - RSPCB",05-09-2026 21:00:00,26.470859,74.646594,CO,37.0,57.0,46.0,2026-09-05 16:37:06
India,Rajasthan,Alwar,"Moti Doongri, Alwar - RSPCB",05-09-2026 21:00:00,27.554793,76.611536,PM2.5,36.0,95.0,55.0,2026-09-05 16:37:06
India,Rajasthan,Alwar,"Moti Doongri, Alwar - RSPCB",05-09-2026 21:00:00,27.554793,76.611536,SO2,10.0,38.0,26.0,2026-09-05 16:37:06
India,Rajasthan,Banswara,"Rati Talai, Banswara - RSPCB",05-09-2026 21:00:00,23.55519,74.44001,SO2,5.0,32.0,8.0,2026-09-05 16:37:06
India,Rajasthan,Baran,"Bamboliya, Baran - RSPCB",05-09-2026 21:00:00,25.106006,76.469948,NO2,26.0,37.0,30.0,2026-09-05 16:37:06
India,Rajasthan,Barmer,"Railway Colony, Barmer - RSPCB",05-09-2026 21:00:00,25.747299,71.393989,CO,9.0,16.0,13.0,2026-09-05 16:37:06
India,Rajasthan,Bhilwara,"Pratap Nagar, Bhilwara - RSPCB",05-09-2026 21:00:00,25.339605,74.618883,NH3,2.0,7.0,5.0,2026-09-05 16:37:06
India,Rajasthan,Bhilwara,"Pratap Nagar, Bhilwara - RSPCB",05-09-2026 21:00:00,25.339605,74.618883,SO2,7.0,12.0,8.0,2026-09-05 16:37:06
India,Rajasthan,Bhiwadi,"RIICO Ind. Area III, Bhiwadi - RSPCB",05-09-2026 21:00:00,28.194909,76.862296,NO2,10.0,43.0,21.0,2026-09-05 16:37:06
India,Rajasthan,Jaipur,"RIICO Sitapura, Jaipur - RSPCB",05-09-2026 21:00:00,26.786682,75.827928,CO,44.0,101.0,66.0,2026-09-05 16:37:06
India,Rajasthan,Jaipur,"Adarsh Nagar, Jaipur - RSPCB",05-09-2026 21:00:00,26.902909,75.836858,SO2,6.0,78.0,26.0,2026-09-05 16:37:06
India,Rajasthan,Jaisalmer,"Sadar Bazar, Jaisalmer - RSPCB",05-09-2026 21:00:00,26.912329,70.909168,PM10,26.0,115.0,74.0,2026-09-05 16:37:06
India,Rajasthan,Jaisalmer,"Sadar Bazar, Jaisalmer - RSPCB",05-09-2026 21:00:00,26.912329,70.909168,CO,17.0,23.0,20.0,2026-09-05 16:37:06
India,Rajasthan,Jalore,"Mudtra Sili, Jalore - RSPCB",05-09-2026 21:00:00,25.344694,72.626208,PM2.5,8.0,38.0,23.0,2026-09-05 16:37:06
India,Rajasthan,Jalore,"Mudtra Sili, Jalore - RSPCB",05-09-2026 21:00:00,25.344694,72.626208,SO2,4.0,6.0,4.0,2026-09-05 16:37:06
India,Rajasthan,Jhalawar,"Rajlaxmi Nagar, Jhalawar - RSPCB",05-09-2026 21:00:00,24.588397,76.172782,PM2.5,17.0,45.0,32.0,2026-09-05 16:37:06
India,Rajasthan,Jhunjhunu,"Indra Nagar, Jhunjhunu - RSPCB",05-09-2026 21:00:00,28.108988,75.386577,NO2,6.0,24.0,13.0,2026-09-05 16:37:06
India,Rajasthan,Jhunjhunu,"Indra Nagar, Jhunjhunu - RSPCB",05-09-2026 21:00:00,28.108988,75.386577,NH3,3.0,6.0,5.0,2026-09-05 16:37:06
India,Rajasthan,Jhunjhunu,"Indra Nagar, Jhunjhunu - RSPCB",05-09-2026 21:00:00,28.108988,75.386577,OZONE,29.0,55.0,44.0,2026-09-05 16:37:06
India,Rajasthan,Jodhpur,"Digari Kalan, Jodhpur - RSPCB",05-09-2026 21:00:00,26.29581,73.082283,PM10,30.0,85.0,49.0,2026-09-05 16:37:06
India,Rajasthan,Jodhpur,"Digari Kalan, Jodhpur - RSPCB",05-09-2026 21:00:00,26.29581,73.082283,OZONE,41.0,57.0,50.0,2026-09-05 16:37:06
India,Rajasthan,Jodhpur,"Jhalamand, Jodhpur - RSPCB",05-09-2026 21:00:00,26.215415,73.070156,PM2.5,12.0,50.0,23.0,2026-09-05 16:37:06
India,Rajasthan,Jodhpur,"Jhalamand, Jodhpur - RSPCB",05-09-2026 21:00:00,26.215415,73.070156,NH3,5.0,6.0,6.0,2026-09-05 16:37:06
India,Rajasthan,Jodhpur,"Jhalamand, Jodhpur - RSPCB",05-09-2026 21:00:00,26.215415,73.070156,CO,8.0,12.0,10.0,2026-09-05 16:37:06
India,Rajasthan,Jodhpur,"Mandor, Jodhpur - RSPCB",05-09-2026 21:00:00,26.358805,73.047444,PM10,41.0,78.0,56.0,2026-09-05 16:37:06
India,Rajasthan,Jodhpur,"Samrat Ashok Udhyan, Jodhpur - RSPCB",05-09-2026 21:00:00,26.253384,72.976571,PM10,36.0,84.0,56.0,2026-09-05 16:37:06
India,Rajasthan,Jodhpur,"Samrat Ashok Udhyan, Jodhpur - RSPCB",05-09-2026 21:00:00,26.253384,72.976571,NO2,1.0,7.0,3.0,2026-09-05 16:37:06
India,Rajasthan,Jodhpur,"Samrat Ashok Udhyan, Jodhpur - RSPCB",05-09-2026 21:00:00,26.253384,72.976571,NH3,5.0,6.0,6.0,2026-09-05 16:37:06
India,Rajasthan,Sirohi,"Vedhaynath Colony, Sirohi - RSPCB",05-09-2026 21:00:00,24.885261,72.857549,SO2,4.0,6.0,4.0,2026-09-05 16:37:06
India,Rajasthan,Sirohi,"Vedhaynath Colony, Sirohi - RSPCB",05-09-2026 21:00:00,24.885261,72.857549,OZONE,42.0,57.0,50.0,2026-09-05 16:37:06
India,Rajasthan,Sri Ganganagar,"Old City, Sri Ganganagar - RSPCB",05-09-2026 21:00:00,29.931624,73.864511,NH3,,,,2026-09-05 16:37:06
India,Rajasthan,Udaipur,"Ashok Nagar, Udaipur - RSPCB",05-09-2026 21:00:00,24.5886166,73.6321397,NO2,6.0,38.0,21.0,2026-09-05 16:37:06
India,Rajasthan,Udaipur,"Ashok Nagar, Udaipur - RSPCB",05-09-2026 21:00:00,24.5886166,73.6321397,OZONE,4.0,12.0,8.0,2026-09-05 16:37:06
India,Sikkim,Gangtok,"Zero Point GICI, Gangtok - SSPCB",05-09-2026 21:00:00,27.33853,88.614099,NO2,7.0,8.0,8.0,2026-09-05 16:37:06
India,Tamil Nadu,Chennai,"Kodungaiyur, Chennai - TNPCB",05-09-2026 21:00:00,13.1278,80.2642,PM2.5,,,,2026-09-05 16:37:06
India,Tamil Nadu,Chennai,"Kodungaiyur, Chennai - TNPCB",05-09-2026 21:00:00,13.1278,80.2642,NO2,,,,2026-09-05 16:37:06
India,Tamil Nadu,Chennai,"Arumbakkam, Chennai - TNPCB",05-09-2026 21:00:00,13.0664,80.2112,NH3,2.0,3.0,2.0,2026-09-05 16:37:06
India,Tamil Nadu,Chennai,"Velachery Res. Area, Chennai - CPCB",05-09-2026 21:00:00,13.0052189,80.2398125,PM2.5,46.0,46.0,46.0,2026-09-05 16:37:06
India,Tamil Nadu,Chennai,"Velachery Res. Area, Chennai - CPCB",05-09-2026 21:00:00,13.0052189,80.2398125,NO2,11.0,12.0,12.0,2026-09-05 16:37:06
India,Tamil Nadu,Chennai,"Velachery Res. Area, Chennai - CPCB",05-09-2026 21:00:00,13.0052189,80.2398125,CO,,,,2026-09-05 16:37:06
India,Tamil Nadu,Chennai,"Velachery Res. Area, Chennai - CPCB",05-09-2026 21:00:00,13.0052189,80.2398125,OZONE,9.0,13.0,11.0,2026-09-05 16:37:06
India,Tamil Nadu,Chennai,"Perungudi, Chennai - TNPCB",05-09-2026 21:00:00,12.9533,80.2357,SO2,0.0,8.0,4.0,2026-09-05 16:37:06
India,Tamil Nadu,Chennai,"Perungudi, Chennai - TNPCB",05-09-2026 21:00:00,12.9533,80.2357,OZONE,1.0,6.0,2.0,2026-09-05 16:37:06
India,Tamil Nadu,Chennai,"Manali Village, Chennai - TNPCB",05-09-2026 21:00:00,13.1662,80.2584,PM2.5,18.0,61.0,34.0,2026-09-05 16:37:06
India,Tamil Nadu,Chennai,"Royapuram, Chennai - TNPCB",05-09-2026 21:00:00,13.1036,80.2909,PM2.5,39.0,53.0,46.0,2026-09-05 16:37:06
India,Mizoram,Aizawl,"Sikulpuikawn, Aizawl - Mizoram PCB",05-09-2026 21:00:00,23.7176342,92.7192841,CO,3.0,3.0,3.0,2026-09-05 16:37:06
India,Nagaland,Kohima,"PWD Junction, Kohima - NPCB",05-09-2026 21:00:00,25.6635413,94.0989878,PM2.5,1.0,31.0,10.0,2026-09-05 16:37:06
India,Nagaland,Kohima,"PWD Junction, Kohima - NPCB",05-09-2026 21:00:00,25.6635413,94.0989878,NO2,3.0,4.0,3.0,2026-09-05 16:37:06
India,Odisha,Angul,"Hakimapada, Angul - OSPCB",05-09-2026 21:00:00,20.832874,85.104082,PM10,44.0,266.0,78.0,2026-09-05 16:37:06
India,Odisha,Angul,"Hakimapada, Angul - OSPCB",05-09-2026 21:00:00,20.832874,85.104082,NO2,7.0,15.0,9.0,2026-09-05 16:37:06
India,Odisha,Angul,"Hakimapada, Angul - OSPCB",05-09-2026 21:00:00,20.832874,85.104082,OZONE,28.0,51.0,41.0,2026-09-05 16:37:06
India,Odisha,Balasore,"Kalidaspur, Balasore - OSPCB",05-09-2026 21:00:00,21.51161,86.89088,SO2,7.0,18.0,10.0,2026-09-05 16:37:06
India,Odisha,Balasore,"Kalidaspur, Balasore - OSPCB",05-09-2026 21:00:00,21.51161,86.89088,CO,46.0,52.0,48.0,2026-09-05 16:37:06
India,Odisha,Baripada,"Meher Colony, Baripada - OSPCB",05-09-2026 21:00:00,21.941841,86.728318,SO2,,,,2026-09-05 16:37:06
India,Odisha,Bileipada,"Tata Township, Bileipada - OSPCB",05-09-2026 21:00:00,22.06156703,85.47409613,PM10,74.0,141.0,105.0,2026-09-05 16:37:06
India,Odisha,Bileipada,"Tata Township, Bileipada - OSPCB",05-09-2026 21:00:00,22.06156703,85.47409613,NO2,14.0,16.0,15.0,2026-09-05 16:37:06
India,Odisha,Bileipada,"Tata Township, Bileipada - OSPCB",05-09-2026 21:00:00,22.06156703,85.47409613,NH3,5.0,5.0,5.0,2026-09-05 16:37:06
India,Odisha,Byasanagar,"Ferro Chrome Colony, Byasanagar - OSPCB",05-09-2026 21:00:00,20.94185,86.1151,PM10,25.0,100.0,60.0,2026-09-05 16:37:06
India,Odisha,Cuttack,"CDA Area, Cuttack - OSPCB",05-09-2026 21:00:00,20.48891,85.84768,PM10,46.0,87.0,61.0,2026-09-05 16:37:06
India,Odisha,Cuttack,"CDA Area, Cuttack - OSPCB",05-09-2026 21:00:00,20.48891,85.84768,SO2,6.0,13.0,7.0,2026-09-05 16:37:06
India,Tamil Nadu,Coimbatore,"SIDCO Kurichi, Coimbatore - TNPCB",05-09-2026 21:00:00,10.942451,76.978996,OZONE,19.0,20.0,20.0,2026-09-05 16:37:06
India,Tamil Nadu,Cuddalore,"Semmandalam, Cuddalore - TNPCB",05-09-2026 21:00:00,11.7637683,79.7499835,PM2.5,,,,2026-09-05 16:37:06
India,Tamil Nadu,Cuddalore,"Semmandalam, Cuddalore - TNPCB",05-09-2026 21:00:00,11.7637683,79.7499835,NH3,,,,2026-09-05 16:37:06
India,Tamil Nadu,Thoothukudi,"Meelavittan, Thoothukudi - TNPCB",05-09-2026 21:00:00,8.816428,78.099039,NH3,,,,2026-09-05 16:37:06
India,Telangana,Hyderabad,"Bollaram Industrial Area, Hyderabad - TSPCB",05-09-2026 21:00:00,17.518,78.383,CO,52.0,71.0,59.0,2026-09-05 16:37:06
India,Telangana,Hyderabad,"Bollaram Industrial Area, Hyderabad - TSPCB",05-09-2026 21:00:00,17.518,78.383,OZONE,26.0,27.0,26.0,2026-09-05 16:37:06
India,Telangana,Hyderabad,"Zoo Park, Hyderabad - TSPCB",05-09-2026 21:00:00,17.349694,78.451437,PM2.5,13.0,98.0,36.0,2026-09-05 16:37:06
India,Telangana,Hyderabad,"Central University, Hyderabad - TSPCB",05-09-2026 21:00:00,17.460103,78.334361,PM2.5,14.0,30.0,20.0,2026-09-05 16:37:06
India,Telangana,Hyderabad,"Nacharam_TSIIC IALA, Hyderabad - TSPCB",05-09-2026 21:00:00,17.429398,78.569354,NH3,3.0,4.0,3.0,2026-09-05 16:37:06
India,Uttarakhand,Dehradun,"Doon University, Dehradun - UKPCB",05-09-2026 21:00:00,30.269444,78.044167,NO2,1.0,6.0,3.0,2026-09-05 16:37:06
India,Uttarakhand,Dehradun,"Doon University, Dehradun - UKPCB",05-09-2026 21:00:00,30.269444,78.044167,NH3,,,,2026-09-05 16:37:06
India,Uttarakhand,Dehradun,"Doon University, Dehradun - UKPCB",05-09-2026 21:00:00,30.269444,78.044167,CO,9.0,28.0,18.0,2026-09-05 16:37:06
India,Uttarakhand,Kashipur,"Govt. Girls Inter College, Kashipur - UKPCB",05-09-2026 21:00:00,29.2124114,78.9611753,NO2,3.0,12.0,6.0,2026-09-05 16:37:06
India,Uttarakhand,Kashipur,"Govt. Girls Inter College, Kashipur - UKPCB",05-09-2026 21:00:00,29.2124114,78.9611753,SO2,,,,2026-09-05 16:37:06
India,Uttarakhand,Rishikesh,"Shivaji Nagar, Rishikesh - UKPCB",05-09-2026 21:00:00,30.075911,78.2859547,PM2.5,2.0,2.0,2.0,2026-09-05 16:37:06
India,West Bengal,Asansol,"Asansol Court Area, Asansol - WBPCB",05-09-2026 21:00:00,23.685297,86.945968,PM2.5,33.0,51.0,42.0,2026-09-05 16:37:06
India,West Bengal,Asansol,"Asansol Court Area, Asansol - WBPCB",05-09-2026 21:00:00,23.685297,86.945968,CO,20.0,53.0,33.0,2026-09-05 16:37:06
India,West Bengal,Asansol,"Evelyn Lodge, Asansol - WBPCB",05-09-2026 21:00:00,23.697936,86.944395,NO2,9.0,22.0,14.0,2026-09-05 16:37:06
India,West Bengal,Asansol,"Mahabir Colliery, Asansol - WBPCB",05-09-2026 21:00:00,23.618183,87.105718,PM2.5,26.0,55.0,41.0,2026-09-05 16:37:06
India,West Bengal,Asansol,"Mahabir Colliery, Asansol - WBPCB",05-09-2026 21:00:00,23.618183,87.105718,NH3,0.0,0.0,0.0,2026-09-05 16:37:06
India,West Bengal,Asansol,"Trivenidevi Bhalotia College, Asansol - WBPCB",05-09-2026 21:00:00,23.616515,87.119133,PM2.5,15.0,39.0,28.0,2026-09-05 16:37:06
India,West Bengal,Asansol,"Trivenidevi Bhalotia College, Asansol - WBPCB",05-09-2026 21:00:00,23.616515,87.119133,NH3,7.0,8.0,8.0,2026-09-05 16:37:06
India,West Bengal,Barrackpore,"SVSPA Campus, Barrackpore - WBPCB",05-09-2026 21:00:00,22.7605581,88.3617589,CO,36.0,59.0,45.0,2026-09-05 16:37:06
India,West Bengal,Durgapur,"PCBL Residential Complex, Durgapur - WBPCB",05-09-2026 21:00:00,23.508764,87.35444,PM10,22.0,52.0,35.0,2026-09-05 16:37:06
India,West Bengal,Durgapur,"PCBL Residential Complex, Durgapur - WBPCB",05-09-2026 21:00:00,23.508764,87.35444,NH3,3.0,6.0,4.0,2026-09-05 16:37:06
India,West Bengal,Durgapur,"PCBL Residential Complex, Durgapur - WBPCB",05-09-2026 21:00:00,23.508764,87.35444,CO,37.0,48.0,41.0,2026-09-05 16:37:06
India,West Bengal,Durgapur,"Mahishkapur Road_B-Zone, Durgapur - WBPCB",05-09-2026 21:00:00,23.567923,87.306843,CO,45.0,56.0,48.0,2026-09-05 16:37:06
India,West Bengal,Durgapur,"Mahishkapur Road_B-Zone, Durgapur - WBPCB",05-09-2026 21:00:00,23.567923,87.306843,OZONE,26.0,54.0,41.0,2026-09-05 16:37:06
India,West Bengal,Durgapur,"Womens College_City Center, Durgapur - WBPCB",05-09-2026 21:00:00,23.549395,87.300496,SO2,12.0,12.0,12.0,2026-09-05 16:37:06
India,Telangana,Hyderabad,"Kokapet, Hyderabad - TSPCB",05-09-2026 21:00:00,17.393559,78.339194,PM10,45.0,71.0,54.0,2026-09-05 16:37:06
India,Telangana,Hyderabad,"Kokapet, Hyderabad - TSPCB",05-09-2026 21:00:00,17.393559,78.339194,CO,24.0,30.0,27.0,2026-09-05 16:37:06
India,Telangana,Hyderabad,"ECIL Kapra, Hyderabad - TSPCB",05-09-2026 21:00:00,17.470431,78.566959,SO2,6.0,17.0,10.0,2026-09-05 16:37:06
India,Telangana,Hyderabad,"ECIL Kapra, Hyderabad - TSPCB",05-09-2026 21:00:00,17.470431,78.566959,CO,18.0,30.0,23.0,2026-09-05 16:37:06
India,Telangana,Hyderabad,"ECIL Kapra, Hyderabad - TSPCB",05-09-2026 21:00:00,17.470431,78.566959,OZONE,24.0,35.0,32.0,2026-09-05 16:37:06
India,Telangana,Hyderabad,"Ramachandrapuram, Hyderabad - TSPCB",05-09-2026 21:00:00,17.528544,78.286195,PM2.5,33.0,52.0,39.0,2026-09-05 16:37:06
India,Telangana,Hyderabad,"Ramachandrapuram, Hyderabad - TSPCB",05-09-2026 21:00:00,17.528544,78.286195,PM10,53.0,75.0,61.0,2026-09-05 16:37:06
India,Telangana,Hyderabad,"Ramachandrapuram, Hyderabad - TSPCB",05-09-2026 21:00:00,17.528544,78.286195,NO2,10.0,15.0,12.0,2026-09-05 16:37:06
India,Telangana,Hyderabad,"Ramachandrapuram, Hyderabad - TSPCB",05-09-2026 21:00:00,17.528544,78.286195,SO2,9.0,16.0,12.0,2026-09-05 16:37:06
India,Telangana,Hyderabad,"Ramachandrapuram, Hyderabad - TSPCB",05-09-2026 21:00:00,17.528544,78.286195,CO,23.0,34.0,30.0,2026-09-05 16:37:06
India,Telangana,Hyderabad,"Somajiguda, Hyderabad - TSPCB",05-09-2026 21:00:00,17.417094,78.457437,PM2.5,69.0,116.0,83.0,2026-09-05 16:37:06
India,Telangana,Hyderabad,"Somajiguda, Hyderabad - TSPCB",05-09-2026 21:00:00,17.417094,78.457437,OZONE,15.0,16.0,15.0,2026-09-05 16:37:06
India,Telangana,Hyderabad,"IDA Pashamylaram, Hyderabad - TSPCB",05-09-2026 21:00:00,17.5316895,78.218939,PM2.5,18.0,73.0,38.0,2026-09-05 16:37:06
India,Telangana,Hyderabad,"IDA Pashamylaram, Hyderabad - TSPCB",05-09-2026 21:00:00,17.5316895,78.218939,NO2,16.0,20.0,18.0,2026-09-05 16:37:06
India,Telangana,Hyderabad,"Sanathnagar, Hyderabad - TSPCB",05-09-2026 21:00:00,17.4559458,78.4332152,PM2.5,,,,2026-09-05 16:37:06
India,Telangana,Hyderabad,"Sanathnagar, Hyderabad - TSPCB",05-09-2026 21:00:00,17.4559458,78.4332152,OZONE,13.0,15.0,14.0,2026-09-05 16:37:06
India,Uttar Pradesh,Agra,"Rohta, Agra - UPPCB",05-09-2026 21:00:00,27.106972,78.000111,NH3,6.0,6.0,6.0,2026-09-05 16:37:06
India,Uttar Pradesh,Agra,"Sector-3B Avas Vikas Colony, Agra - UPPCB",05-09-2026 21:00:00,27.19412,77.96237,PM2.5,19.0,40.0,28.0,2026-09-05 16:37:06
India,Uttar Pradesh,Agra,"Sector-3B Avas Vikas Colony, Agra - UPPCB",05-09-2026 21:00:00,27.19412,77.96237,NH3,5.0,6.0,5.0,2026-09-05 16:37:06
India,Uttar Pradesh,Agra,"Shahjahan Garden, Agra - UPPCB",05-09-2026 21:00:00,27.169338,78.03582,SO2,50.0,69.0,61.0,2026-09-05 16:37:06
India,Uttar Pradesh,Agra,"Shahjahan Garden, Agra - UPPCB",05-09-2026 21:00:00,27.169338,78.03582,OZONE,1.0,1.0,1.0,2026-09-05 16:37:06
India,Uttar Pradesh,Agra,"Manoharpur, Agra - UPPCB",05-09-2026 21:00:00,27.23711,78.01936,PM2.5,62.0,109.0,84.0,2026-09-05 16:37:06
India,Uttar Pradesh,Agra,"Manoharpur, Agra - UPPCB",05-09-2026 21:00:00,27.23711,78.01936,NO2,31.0,31.0,31.0,2026-09-05 16:37:06
India,Uttar Pradesh,Agra,"Manoharpur, Agra - UPPCB",05-09-2026 21:00:00,27.23711,78.01936,OZONE,6.0,6.0,6.0,2026-09-05 16:37:06
India,Uttar Pradesh,Baghpat,"Sardar Patel Inter College, Baghpat - UPPCB",05-09-2026 21:00:00,28.964949,77.278761,PM10,12.0,81.0,34.0,2026-09-05 16:37:06
India,Uttar Pradesh,Baghpat,"Sardar Patel Inter College, Baghpat - UPPCB",05-09-2026 21:00:00,28.964949,77.278761,NO2,9.0,26.0,14.0,2026-09-05 16:37:06
India,Uttar Pradesh,Bareilly,"Civil Lines, Bareilly - UPPCB",05-09-2026 21:00:00,28.359581,79.414455,OZONE,1.0,2.0,1.0,2026-09-05 16:37:06
India,Uttar Pradesh,Bulandshahr,"Yamunapuram, Bulandshahr - UPPCB",05-09-2026 21:00:00,28.406963,77.849831,PM10,8.0,36.0,21.0,2026-09-05 16:37:06
India,Uttar Pradesh,Bulandshahr,"Yamunapuram, Bulandshahr - UPPCB",05-09-2026 21:00:00,28.406963,77.849831,OZONE,24.0,37.0,31.0,2026-09-05 16:37:06
India,Uttar Pradesh,Fatehpur Sikri,"Dadupura, Fatehpur Sikri - UPPCB",05-09-2026 21:00:00,27.097694,77.671335,CO,18.0,21.0,19.0,2026-09-05 16:37:06
India,Uttar Pradesh,Fatehpur Sikri,"Dadupura, Fatehpur Sikri - UPPCB",05-09-2026 21:00:00,27.097694,77.671335,OZONE,14.0,31.0,23.0,2026-09-05 16:37:06
India,Uttar Pradesh,Firozabad,"Nagla Bhau, Firozabad - UPPCB",05-09-2026 21:00:00,27.168897,78.37696,NH3,1.0,2.0,2.0,2026-09-05 16:37:06
India,Uttar Pradesh,Firozabad,"Vibhab Nagar, Firozabad - UPPCB",05-09-2026 21:00:00,27.1594,78.3953,PM2.5,9.0,388.0,47.0,2026-09-05 16:37:06
India,Uttar Pradesh,Firozabad,"Vibhab Nagar, Firozabad - UPPCB",05-09-2026 21:00:00,27.1594,78.3953,NH3,6.0,7.0,7.0,2026-09-05 16:37:06
India,Uttar Pradesh,Firozabad,"Vibhab Nagar, Firozabad - UPPCB",05-09-2026 21:00:00,27.1594,78.3953,CO,30.0,31.0,30.0,2026-09-05 16:37:06
India,Uttar Pradesh,Firozabad,"Vibhab Nagar, Firozabad - UPPCB",05-09-2026 21:00:00,27.1594,78.3953,OZONE,1.0,1.0,1.0,2026-09-05 16:37:06
India,Uttar Pradesh,Gajraula,"Rajanpur, Gajraula - UPPCB",05-09-2026 21:00:00,28.829109,78.248796,NH3,0.0,2.0,1.0,2026-09-05 16:37:06
India,Uttar Pradesh,Gajraula,"Rajanpur, Gajraula - UPPCB",05-09-2026 21:00:00,28.829109,78.248796,CO,57.0,66.0,63.0,2026-09-05 16:37:06
India,Uttar Pradesh,Ghaziabad,"Ved Vihar-Loni, Ghaziabad - UPPCB",05-09-2026 21:00:00,28.739153,77.273668,NO2,20.0,27.0,23.0,2026-09-05 16:37:06
India,Uttar Pradesh,Ghaziabad,"Ved Vihar-Loni, Ghaziabad - UPPCB",05-09-2026 21:00:00,28.739153,77.273668,CO,86.0,91.0,88.0,2026-09-05 16:37:06
India,Uttar Pradesh,Ghaziabad,"Sanjay Nagar, Ghaziabad - UPPCB",05-09-2026 21:00:00,28.685382,77.453839,PM2.5,2.0,45.0,18.0,2026-09-05 16:37:06
India,Uttar Pradesh,Ghaziabad,"Sanjay Nagar, Ghaziabad - UPPCB",05-09-2026 21:00:00,28.685382,77.453839,PM10,12.0,47.0,29.0,2026-09-05 16:37:06
India,Uttar Pradesh,Ghaziabad,"Sanjay Nagar, Ghaziabad - UPPCB",05-09-2026 21:00:00,28.685382,77.453839,NH3,6.0,35.0,11.0,2026-09-05 16:37:06
India,Uttar Pradesh,Ghaziabad,"Indirapuram, Ghaziabad - UPPCB",05-09-2026 21:00:00,28.646233,77.358075,NO2,19.0,40.0,27.0,2026-09-05 16:37:06
India,Uttar Pradesh,Moradabad,"Jigar Colony, Moradabad - UPPCB",05-09-2026 21:00:00,28.856664,78.772638,NH3,6.0,6.0,6.0,2026-09-05 16:37:06
India,Uttar Pradesh,Moradabad,"Jigar Colony, Moradabad - UPPCB",05-09-2026 21:00:00,28.856664,78.772638,CO,39.0,40.0,40.0,2026-09-05 16:37:06
India,Uttar Pradesh,Moradabad,"Kashiram Nagar, Moradabad - UPPCB",05-09-2026 21:00:00,28.849399,78.742362,PM10,,,,2026-09-05 16:37:06
India,Uttar Pradesh,Moradabad,"Kashiram Nagar, Moradabad - UPPCB",05-09-2026 21:00:00,28.849399,78.742362,NH3,4.0,4.0,4.0,2026-09-05 16:37:06
India,Uttar Pradesh,Moradabad,"Employment Office, Moradabad - UPPCB",05-09-2026 21:00:00,28.88528,78.7388,PM2.5,24.0,68.0,47.0,2026-09-05 16:37:06
India,Uttar Pradesh,Moradabad,"Employment Office, Moradabad - UPPCB",05-09-2026 21:00:00,28.88528,78.7388,SO2,31.0,37.0,35.0,2026-09-05 16:37:06
India,Uttar Pradesh,Moradabad,"Employment Office, Moradabad - UPPCB",05-09-2026 21:00:00,28.88528,78.7388,OZONE,2.0,23.0,13.0,2026-09-05 16:37:06
India,Uttar Pradesh,Muzaffarnagar,"New Mandi, Muzaffarnagar - UPPCB",05-09-2026 21:00:00,29.4723508,77.7194031,OZONE,10.0,32.0,24.0,2026-09-05 16:37:06
India,Uttar Pradesh,Noida,"Sector - 125, Noida - UPPCB",05-09-2026 21:00:00,28.5447608,77.3231257,PM10,19.0,72.0,40.0,2026-09-05 16:37:06
India,Uttar Pradesh,Noida,"Sector - 125, Noida - UPPCB",05-09-2026 21:00:00,28.5447608,77.3231257,SO2,8.0,12.0,11.0,2026-09-05 16:37:06
India,Uttar Pradesh,Noida,"Sector - 125, Noida - UPPCB",05-09-2026 21:00:00,28.5447608,77.3231257,CO,19.0,42.0,29.0,2026-09-05 16:37:06
India,Uttar Pradesh,Noida,"Sector - 125, Noida - UPPCB",05-09-2026 21:00:00,28.5447608,77.3231257,OZONE,13.0,14.0,14.0,2026-09-05 16:37:06
India,Uttar Pradesh,Noida,"Sector - 62, Noida - IITM",05-09-2026 21:00:00,28.6245479,77.3577104,OZONE,21.0,24.0,22.0,2026-09-05 16:37:06
India,Uttar Pradesh,Noida,"Sector-1, Noida - UPPCB",05-09-2026 21:00:00,28.5898,77.3101,PM10,16.0,59.0,35.0,2026-09-05 16:37:06
India,Uttar Pradesh,Noida,"Sector-1, Noida - UPPCB",05-09-2026 21:00:00,28.5898,77.3101,NO2,,,,2026-09-05 16:37:06
India,Uttar Pradesh,Noida,"Sector-116, Noida - UPPCB",05-09-2026 21:00:00,28.56923,77.393848,NH3,4.0,11.0,6.0,2026-09-05 16:37:06
India,Uttar Pradesh,Prayagraj,"Nagar Nigam, Prayagraj - UPPCB",05-09-2026 21:00:00,25.44919916,81.82735986,SO2,29.0,78.0,46.0,2026-09-05 16:37:06
India,Uttar Pradesh,Prayagraj,"Jhunsi, Prayagraj - UPPCB",05-09-2026 21:00:00,25.425602,81.917152,NH3,6.0,6.0,6.0,2026-09-05 16:37:06
India,Uttar Pradesh,Prayagraj,"Jhunsi, Prayagraj - UPPCB",05-09-2026 21:00:00,25.425602,81.917152,CO,9.0,14.0,11.0,2026-09-05 16:37:06
India,Uttar Pradesh,Raebareli,"Anand Nagar, Raebareli - UPPCB",05-09-2026 21:00:00,26.219512,81.237648,PM10,48.0,92.0,74.0,2026-09-05 16:37:06
India,Uttar Pradesh,Lucknow,"B R Ambedkar University, Lucknow - UPPCB",05-09-2026 21:00:00,26.766433,80.927299,NO2,12.0,12.0,12.0,2026-09-05 16:37:06
India,Uttar Pradesh,Lucknow,"B R Ambedkar University, Lucknow - UPPCB",05-09-2026 21:00:00,26.766433,80.927299,NH3,3.0,3.0,3.0,2026-09-05 16:37:06
India,Uttar Pradesh,Lucknow,"Lalbagh, Lucknow - CPCB",05-09-2026 21:00:00,26.8458805,80.9365541,PM2.5,11.0,54.0,33.0,2026-09-05 16:37:06
India,Uttar Pradesh,Lucknow,"Lalbagh, Lucknow - CPCB",05-09-2026 21:00:00,26.8458805,80.9365541,PM10,38.0,73.0,54.0,2026-09-05 16:37:06
India,Uttar Pradesh,Lucknow,"Lalbagh, Lucknow - CPCB",05-09-2026 21:00:00,26.8458805,80.9365541,NH3,10.0,28.0,18.0,2026-09-05 16:37:06
India,Uttar Pradesh,Lucknow,"Lalbagh, Lucknow - CPCB",05-09-2026 21:00:00,26.8458805,80.9365541,CO,28.0,75.0,49.0,2026-09-05 16:37:06
India,Uttar Pradesh,Lucknow,"Kukrail Picnic Spot-1, Lucknow - UPPCB",05-09-2026 21:00:00,26.90723,80.98579,PM2.5,17.0,60.0,33.0,2026-09-05 16:37:06
India,Uttar Pradesh,Lucknow,"Kukrail Picnic Spot-1, Lucknow - UPPCB",05-09-2026 21:00:00,26.90723,80.98579,NH3,6.0,6.0,6.0,2026-09-05 16:37:06
India,Uttar Pradesh,Mathura,"Pali Dungra, Mathura - UPPCB",05-09-2026 21:00:00,27.410954,77.550619,PM10,38.0,51.0,45.0,2026-09-05 16:37:06
India,Uttar Pradesh,Mathura,"Pali Dungra, Mathura - UPPCB",05-09-2026 21:00:00,27.410954,77.550619,SO2,10.0,11.0,11.0,2026-09-05 16:37:06
India,Uttar Pradesh,Mathura,"Pali Dungra, Mathura - UPPCB",05-09-2026 21:00:00,27.410954,77.550619,OZONE,6.0,10.0,8.0,2026-09-05 16:37:06
India,Uttar Pradesh,Meerut,"Jai Bhim Nagar, Meerut - UPPCB",05-09-2026 21:00:00,28.9535882,77.7622941,OZONE,22.0,30.0,26.0,2026-09-05 16:37:06
India,Uttar Pradesh,Meerut,"MIET College, Meerut - UPPCB",05-09-2026 21:00:00,28.972677,77.641018,NO2,22.0,51.0,33.0,2026-09-05 16:37:06
India,Uttar Pradesh,Meerut,"Pallavpuram Phase 2, Meerut - UPPCB",05-09-2026 21:00:00,29.06351,77.709723,NO2,13.0,26.0,17.0,2026-09-05 16:37:06
India,Uttar Pradesh,Meerut,"Pallavpuram Phase 2, Meerut - UPPCB",05-09-2026 21:00:00,29.06351,77.709723,CO,29.0,46.0,37.0,2026-09-05 16:37:06
India,Uttar Pradesh,Moradabad,"Eco Herbal Park, Moradabad - UPPCB",05-09-2026 21:00:00,28.840739,78.697531,PM10,6.0,84.0,38.0,2026-09-05 16:37:06
India,Uttar Pradesh,Moradabad,"Eco Herbal Park, Moradabad - UPPCB",05-09-2026 21:00:00,28.840739,78.697531,NO2,14.0,27.0,19.0,2026-09-05 16:37:06
India,Uttar Pradesh,Moradabad,"Buddhi Vihar, Moradabad - UPPCB",05-09-2026 21:00:00,28.83526,78.7446,SO2,33.0,35.0,34.0,2026-09-05 16:37:06
India,Uttar Pradesh,Moradabad,"Jigar Colony, Moradabad - UPPCB",05-09-2026 21:00:00,28.856664,78.772638,NO2,24.0,25.0,25.0,2026-09-05 16:37:06
India,West Bengal,Haldia,"Priyambada Housing Estate, Haldia - WBPCB",05-09-2026 21:00:00,22.06047,88.109737,OZONE,24.0,27.0,25.0,2026-09-05 16:37:06
India,West Bengal,Howrah,"Dasnagar, Howrah - WBPCB",05-09-2026 21:00:00,22.6025571,88.3105664,OZONE,0.0,44.0,24.0,2026-09-05 16:37:06
India,West Bengal,Howrah,"Botanical Garden, Howrah - WBPCB",05-09-2026 21:00:00,22.554954,88.292568,NO2,5.0,20.0,11.0,2026-09-05 16:37:06
India,West Bengal,Howrah,"Botanical Garden, Howrah - WBPCB",05-09-2026 21:00:00,22.554954,88.292568,OZONE,17.0,55.0,37.0,2026-09-05 16:37:06
India,West Bengal,Howrah,"Padmapukur, Howrah - WBPCB",05-09-2026 21:00:00,22.5687319,88.2797276,PM10,92.0,117.0,107.0,2026-09-05 16:37:06
India,West Bengal,Howrah,"Padmapukur, Howrah - WBPCB",05-09-2026 21:00:00,22.5687319,88.2797276,NO2,15.0,51.0,30.0,2026-09-05 16:37:06
India,West Bengal,Kolkata,"Bidhannagar, Kolkata - WBPCB",05-09-2026 21:00:00,22.58157048,88.41002457,NO2,,,,2026-09-05 16:37:06
India,West Bengal,Kolkata,"Jadavpur, Kolkata - WBPCB",05-09-2026 21:00:00,22.49929,88.36917,NO2,21.0,198.0,50.0,2026-09-05 16:37:06
India,West Bengal,Kolkata,"Rabindra Sarobar, Kolkata - WBPCB",05-09-2026 21:00:00,22.51106,88.35142,PM2.5,23.0,51.0,34.0,2026-09-05 16:37:06
India,West Bengal,Kolkata,"Rabindra Sarobar, Kolkata - WBPCB",05-09-2026 21:00:00,22.51106,88.35142,NH3,6.0,14.0,7.0,2026-09-05 16:37:06
India,West Bengal,Kolkata,"Rabindra Sarobar, Kolkata - WBPCB",05-09-2026 21:00:00,22.51106,88.35142,SO2,5.0,8.0,7.0,2026-09-05 16:37:06
India,West Bengal,Kolkata,"Ballygunge, Kolkata - WBPCB",05-09-2026 21:00:00,22.5367507,88.3638022,PM2.5,22.0,65.0,43.0,2026-09-05 16:37:06
India,Uttar Pradesh,Jhansi,"Shivaji Nagar, Jhansi - UPPCB",05-09-2026 21:00:00,25.4547,78.6039,CO,4.0,14.0,7.0,2026-09-05 16:37:06
India,Uttar Pradesh,Kanpur,"FTI Kidwai Nagar, Kanpur - UPPCB",05-09-2026 21:00:00,26.428282,80.327067,PM10,14.0,127.0,40.0,2026-09-05 16:37:06
India,Uttar Pradesh,Kanpur,"FTI Kidwai Nagar, Kanpur - UPPCB",05-09-2026 21:00:00,26.428282,80.327067,NH3,3.0,3.0,3.0,2026-09-05 16:37:06
India,Uttar Pradesh,Kanpur,"NSI Kalyanpur, Kanpur - UPPCB",05-09-2026 21:00:00,26.509954,80.249612,NH3,2.0,2.0,2.0,2026-09-05 16:37:06
India,Uttar Pradesh,Kanpur,"NSI Kalyanpur, Kanpur - UPPCB",05-09-2026 21:00:00,26.509954,80.249612,SO2,24.0,26.0,25.0,2026-09-05 16:37:06
India,Uttar Pradesh,Khora,"Prashant Garden, Khora - UPPCB",05-09-2026 21:00:00,28.61119,77.34206,OZONE,14.0,16.0,15.0,2026-09-05 16:37:06
India,Uttar Pradesh,Khurja,"Kalindi Kunj, Khurja - UPPCB",05-09-2026 21:00:00,28.2348927,77.8683002,NH3,1.0,1.0,1.0,2026-09-05 16:37:06
India,Uttar Pradesh,Lucknow,"Kendriya Vidyalaya, Lucknow - CPCB",05-09-2026 21:00:00,26.906111,80.948222,OZONE,80.0,86.0,82.0,2026-09-05 16:37:06
India,Uttar Pradesh,Lucknow,"Gomti Nagar, Lucknow - UPPCB",05-09-2026 21:00:00,26.86812,81.005119,SO2,11.0,11.0,11.0,2026-09-05 16:37:06
India,Uttar Pradesh,Lucknow,"B R Ambedkar University, Lucknow - UPPCB",05-09-2026 21:00:00,26.766433,80.927299,PM2.5,3.0,29.0,19.0,2026-09-05 16:37:06
India,Uttar Pradesh,Raebareli,"Anand Nagar, Raebareli - UPPCB",05-09-2026 21:00:00,26.219512,81.237648,NO2,4.0,20.0,8.0,2026-09-05 16:37:06
India,Uttar Pradesh,Raebareli,"Anand Nagar, Raebareli - UPPCB",05-09-2026 21:00:00,26.219512,81.237648,NH3,,,,2026-09-05 16:37:06
India,Uttar Pradesh,Raebareli,"Anand Nagar, Raebareli - UPPCB",05-09-2026 21:00:00,26.219512,81.237648,SO2,13.0,13.0,13.0,2026-09-05 16:37:06
India,Uttar Pradesh,Raebareli," Indira Nagar, Raebareli - NTPC Unchahar",05-09-2026 21:00:00,26.207781,81.245571,PM2.5,28.0,49.0,41.0,2026-09-05 16:37:06
India,Uttar Pradesh,Raebareli," Indira Nagar, Raebareli - NTPC Unchahar",05-09-2026 21:00:00,26.207781,81.245571,NO2,16.0,35.0,23.0,2026-09-05 16:37:06
India,Uttar Pradesh,Varanasi,"Bhelupur, Varanasi - UPPCB",05-09-2026 21:00:00,25.301778,82.996789,NO2,8.0,8.0,8.0,2026-09-05 16:37:06
India,Uttar Pradesh,Varanasi,"Bhelupur, Varanasi - UPPCB",05-09-2026 21:00:00,25.301778,82.996789,SO2,28.0,39.0,31.0,2026-09-05 16:37:06
India,Uttar Pradesh,Varanasi,"Maldahiya, Varanasi - UPPCB",05-09-2026 21:00:00,25.32393,82.99687,NH3,0.0,0.0,0.0,2026-09-05 16:37:06
India,Uttar Pradesh,Varanasi,"IESD Banaras Hindu University, Varanasi - UPPCB",05-09-2026 21:00:00,25.262326,82.995408,NH3,0.0,0.0,0.0,2026-09-05 16:37:06
India,Uttar Pradesh,Varanasi,"IESD Banaras Hindu University, Varanasi - UPPCB",05-09-2026 21:00:00,25.262326,82.995408,OZONE,2.0,10.0,4.0,2026-09-05 16:37:06
India,Uttar Pradesh,Vrindavan,"Omex Eternity, Vrindavan - UPPCB",05-09-2026 21:00:00,27.571409,77.655757,NO2,26.0,27.0,27.0,2026-09-05 16:37:06
India,Uttar Pradesh,Ghaziabad,"Vasundhara, Ghaziabad - UPPCB",05-09-2026 21:00:00,28.6603346,77.3572563,PM10,3.0,74.0,29.0,2026-09-05 16:37:06
India,Uttar Pradesh,Ghaziabad,"Loni, Ghaziabad - UPPCB",05-09-2026 21:00:00,28.757294,77.278792,SO2,1.0,7.0,5.0,2026-09-05 16:37:06
India,Uttar Pradesh,Ghaziabad,"Govindpuram, Ghaziabad - UPPCB",05-09-2026 21:00:00,28.694528,77.494705,NO2,40.0,54.0,46.0,2026-09-05 16:37:06
India,Uttar Pradesh,Ghaziabad,"Govindpuram, Ghaziabad - UPPCB",05-09-2026 21:00:00,28.694528,77.494705,OZONE,2.0,3.0,3.0,2026-09-05 16:37:06
India,Uttar Pradesh,Greater Noida,"Knowledge Park - III, Greater Noida - UPPCB",05-09-2026 21:00:00,28.47272,77.482,NH3,5.0,6.0,6.0,2026-09-05 16:37:06
India,Uttar Pradesh,Hapur,"Anand Vihar, Hapur - UPPCB",05-09-2026 21:00:00,28.725645,77.749675,PM2.5,6.0,42.0,21.0,2026-09-05 16:37:06
India,Uttar Pradesh,Hapur,"Anand Vihar, Hapur - UPPCB",05-09-2026 21:00:00,28.725645,77.749675,NH3,0.0,1.0,1.0,2026-09-05 16:37:06
India,West Bengal,Kolkata,"Victoria, Kolkata - WBPCB",05-09-2026 21:00:00,22.5448082,88.3403691,SO2,0.0,11.0,5.0,2026-09-05 16:37:06
India,Assam,Nagaon,"Christianpatty, Nagaon - PCBA",05-09-2026 21:00:00,26.349082,92.68449,OZONE,8.0,14.0,12.0,2026-09-05 16:37:06
India,Assam,Nalbari,"Bata Chowk, Nalbari - PCBA",05-09-2026 21:00:00,26.446912,91.439057,NO2,14.0,15.0,15.0,2026-09-05 16:37:06
India,Assam,Silchar,"Tarapur, Silchar - PCBA",05-09-2026 21:00:00,24.82827,92.79525,PM10,42.0,65.0,51.0,2026-09-05 16:37:06
India,Assam,Silchar,"Tarapur, Silchar - PCBA",05-09-2026 21:00:00,24.82827,92.79525,NH3,1.0,1.0,1.0,2026-09-05 16:37:06
India,Assam,Sivasagar,"Girls College, Sivasagar - PCBA",05-09-2026 21:00:00,26.987634,94.636574,PM2.5,16.0,29.0,21.0,2026-09-05 16:37:06
India,Bihar,Araria,"Kharahiya Basti, Araria - BSPCB",05-09-2026 21:00:00,26.146529,87.454184,NO2,12.0,18.0,15.0,2026-09-05 16:37:06
India,Bihar,Araria,"Kharahiya Basti, Araria - BSPCB",05-09-2026 21:00:00,26.146529,87.454184,SO2,14.0,28.0,20.0,2026-09-05 16:37:06
India,Bihar,Arrah,"New DM Office, Arrah - BSPCB",05-09-2026 21:00:00,25.5626095,84.663264,OZONE,8.0,34.0,14.0,2026-09-05 16:37:06
India,Bihar,Begusarai,"Lohiyanagar, Begusarai - BSPCB",05-09-2026 21:00:00,25.42742023,86.13886079,PM2.5,50.0,127.0,80.0,2026-09-05 16:37:06
India,Bihar,Begusarai,"Lohiyanagar, Begusarai - BSPCB",05-09-2026 21:00:00,25.42742023,86.13886079,NO2,6.0,13.0,9.0,2026-09-05 16:37:06
India,Bihar,Begusarai,"Lohiyanagar, Begusarai - BSPCB",05-09-2026 21:00:00,25.42742023,86.13886079,CO,41.0,68.0,57.0,2026-09-05 16:37:06
India,Bihar,Begusarai,"Lohiyanagar, Begusarai - BSPCB",05-09-2026 21:00:00,25.42742023,86.13886079,OZONE,14.0,31.0,24.0,2026-09-05 16:37:06
India,Bihar,Bettiah,"Kamalnath Nagar, Bettiah - BSPCB",05-09-2026 21:00:00,26.80365,84.51954,SO2,10.0,16.0,13.0,2026-09-05 16:37:06
India,Bihar,Bhagalpur,"Mayaganj, Bhagalpur - BSPCB",05-09-2026 21:00:00,25.265194,87.012947,PM2.5,13.0,434.0,128.0,2026-09-05 16:37:06
India,Bihar,Bhagalpur,"Mayaganj, Bhagalpur - BSPCB",05-09-2026 21:00:00,25.265194,87.012947,PM10,21.0,365.0,93.0,2026-09-05 16:37:06
India,Bihar,Bhagalpur,"DM Office_Kachari Chowk, Bhagalpur - BSPCB",05-09-2026 21:00:00,25.251013,86.989001,OZONE,18.0,19.0,19.0,2026-09-05 16:37:06
India,Bihar,Bihar Sharif,"D M Colony, Bihar Sharif - BSPCB",05-09-2026 21:00:00,25.204762,85.51496,PM2.5,7.0,48.0,22.0,2026-09-05 16:37:06
India,Bihar,Bihar Sharif,"D M Colony, Bihar Sharif - BSPCB",05-09-2026 21:00:00,25.204762,85.51496,PM10,6.0,37.0,17.0,2026-09-05 16:37:06
India,Bihar,Bihar Sharif,"D M Colony, Bihar Sharif - BSPCB",05-09-2026 21:00:00,25.204762,85.51496,NH3,3.0,4.0,3.0,2026-09-05 16:37:06
India,Bihar,Bihar Sharif,"D M Colony, Bihar Sharif - BSPCB",05-09-2026 21:00:00,25.204762,85.51496,CO,1.0,75.0,63.0,2026-09-05 16:37:06
India,Bihar,Chhapra,"Darshan Nagar, Chhapra - BSPCB",05-09-2026 21:00:00,25.7808257,84.7446768,PM10,109.0,115.0,112.0,2026-09-05 16:37:06
India,Bihar,Chhapra,"Darshan Nagar, Chhapra - BSPCB",05-09-2026 21:00:00,25.7808257,84.7446768,NH3,0.0,1.0,0.0,2026-09-05 16:37:06
India,Bihar,Chhapra,"Darshan Nagar, Chhapra - BSPCB",05-09-2026 21:00:00,25.7808257,84.7446768,SO2,26.0,30.0,28.0,2026-09-05 16:37:06
India,Andhra Pradesh,Kakinada,"Rama Rao Peta, Kakinada - APPCB",05-09-2026 21:00:00,16.962488,82.229513,SO2,10.0,18.0,12.0,2026-09-05 16:37:06
India,Andhra Pradesh,Kurnool,"Sita Rama Nagar, Kurnool - APPCB",05-09-2026 21:00:00,15.83411,78.028546,SO2,10.0,11.0,11.0,2026-09-05 16:37:06
India,Andhra Pradesh,Kurnool,"Sita Rama Nagar, Kurnool - APPCB",05-09-2026 21:00:00,15.83411,78.028546,CO,8.0,28.0,15.0,2026-09-05 16:37:06
India,Andhra Pradesh,Machilipatnam,"Srinivas Nagar Colony, Machilipatnam - APPCB",05-09-2026 21:00:00,16.186555,81.13219,PM10,37.0,66.0,55.0,2026-09-05 16:37:06
India,Andhra Pradesh,Machilipatnam,"Srinivas Nagar Colony, Machilipatnam - APPCB",05-09-2026 21:00:00,16.186555,81.13219,OZONE,12.0,48.0,28.0,2026-09-05 16:37:06
India,Andhra Pradesh,Nellore,"Ambedkar Nagar, Nellore - APPCB ",05-09-2026 21:00:00,14.438164,79.966814,PM2.5,52.0,55.0,53.0,2026-09-05 16:37:06
India,Andhra Pradesh,Nellore,"Ambedkar Nagar, Nellore - APPCB ",05-09-2026 21:00:00,14.438164,79.966814,NH3,5.0,6.0,6.0,2026-09-05 16:37:06
India,Andhra Pradesh,Nellore,"Ambedkar Nagar, Nellore - APPCB ",05-09-2026 21:00:00,14.438164,79.966814,SO2,18.0,23.0,19.0,2026-09-05 16:37:06
India,Andhra Pradesh,Rajamahendravaram,"Anand Kala Kshetram, Rajamahendravaram - APPCB",05-09-2026 21:00:00,16.9872867,81.7363176,PM2.5,24.0,50.0,37.0,2026-09-05 16:37:06
India,Andhra Pradesh,Rajamahendravaram,"Anand Kala Kshetram, Rajamahendravaram - APPCB",05-09-2026 21:00:00,16.9872867,81.7363176,NO2,4.0,16.0,9.0,2026-09-05 16:37:06
India,Andhra Pradesh,Rajamahendravaram,"Anand Kala Kshetram, Rajamahendravaram - APPCB",05-09-2026 21:00:00,16.9872867,81.7363176,NH3,2.0,3.0,2.0,2026-09-05 16:37:06
India,Andhra Pradesh,Srikakulam,"Chinna Bharatham Colony, Srikakulam - APPCB",05-09-2026 21:00:00,18.292191,83.897173,PM2.5,31.0,164.0,54.0,2026-09-05 16:37:06
India,Andhra Pradesh,Srikakulam,"Chinna Bharatham Colony, Srikakulam - APPCB",05-09-2026 21:00:00,18.292191,83.897173,CO,66.0,84.0,75.0,2026-09-05 16:37:06
India,Andhra Pradesh,Srikakulam,"Chinna Bharatham Colony, Srikakulam - APPCB",05-09-2026 21:00:00,18.292191,83.897173,OZONE,19.0,94.0,45.0,2026-09-05 16:37:06
India,Andhra Pradesh,Tirumala,"Toll Gate, Tirumala - APPCB",05-09-2026 21:00:00,13.67,79.35,PM10,22.0,64.0,38.0,2026-09-05 16:37:06
India,Andhra Pradesh,Tirumala,"Toll Gate, Tirumala - APPCB",05-09-2026 21:00:00,13.67,79.35,NO2,25.0,68.0,49.0,2026-09-05 16:37:06
India,Andhra Pradesh,Tirumala,"Toll Gate, Tirumala - APPCB",05-09-2026 21:00:00,13.67,79.35,CO,14.0,26.0,19.0,2026-09-05 16:37:06
India,Andhra Pradesh,Tirumala,"Toll Gate, Tirumala - APPCB",05-09-2026 21:00:00,13.67,79.35,OZONE,7.0,18.0,10.0,2026-09-05 16:37:06
India,Andhra Pradesh,Tirupati,"Vaikuntapuram, Tirupati - APPCB",05-09-2026 21:00:00,13.615387,79.40923,NH3,3.0,4.0,3.0,2026-09-05 16:37:06
India,Andhra Pradesh,Vijayawada,"Rajiv Nagar, Vijayawada - APPCB",05-09-2026 21:00:00,16.554731,80.64911,SO2,9.0,19.0,12.0,2026-09-05 16:37:06
India,Andhra Pradesh,Vijayawada,"Rajiv Nagar, Vijayawada - APPCB",05-09-2026 21:00:00,16.554731,80.64911,CO,13.0,20.0,16.0,2026-09-05 16:37:06
India,Andhra Pradesh,Vijayawada,"HB Colony, Vijayawada - APPCB",05-09-2026 21:00:00,16.536107,80.594233,NO2,16.0,25.0,18.0,2026-09-05 16:37:06
India,Bihar,Siwan,"Chitragupta Nagar, Siwan - BSPCB",05-09-2026 21:00:00,26.2271665,84.3570427,NH3,1.0,1.0,1.0,2026-09-05 16:37:06
India,Bihar,Siwan,"Chitragupta Nagar, Siwan - BSPCB",05-09-2026 21:00:00,26.2271665,84.3570427,OZONE,7.0,9.0,8.0,2026-09-05 16:37:06
India,Chandigarh,Chandigarh,"Sector 22, Chandigarh - CPCC",05-09-2026 21:00:00,30.735567,76.775714,OZONE,4.0,12.0,9.0,2026-09-05 16:37:06
India,Chandigarh,Chandigarh,"Sector-53, Chandigarh - CPCC",05-09-2026 21:00:00,30.719859,76.738637,PM10,9.0,30.0,18.0,2026-09-05 16:37:06
India,Chandigarh,Chandigarh,"Sector-53, Chandigarh - CPCC",05-09-2026 21:00:00,30.719859,76.738637,OZONE,7.0,25.0,14.0,2026-09-05 16:37:06
India,Chhattisgarh,Bhilai,"32Bungalows, Bhilai - CECB",05-09-2026 21:00:00,21.194815,81.31477,NH3,3.0,5.0,4.0,2026-09-05 16:37:06
India,Chhattisgarh,Bhilai,"32Bungalows, Bhilai - CECB",05-09-2026 21:00:00,21.194815,81.31477,OZONE,12.0,24.0,18.0,2026-09-05 16:37:06
India,Chhattisgarh,Bhilai,"Civic Center, Bhilai - Bhilai Steel Plant",05-09-2026 21:00:00,21.185571,81.343175,PM2.5,2.0,21.0,9.0,2026-09-05 16:37:06
India,Chhattisgarh,Bhilai,"Civic Center, Bhilai - Bhilai Steel Plant",05-09-2026 21:00:00,21.185571,81.343175,PM10,7.0,33.0,14.0,2026-09-05 16:37:06
India,Chhattisgarh,Bhilai,"Civic Center, Bhilai - Bhilai Steel Plant",05-09-2026 21:00:00,21.185571,81.343175,NO2,15.0,16.0,16.0,2026-09-05 16:37:06
India,Chhattisgarh,Bhilai,"Civic Center, Bhilai - Bhilai Steel Plant",05-09-2026 21:00:00,21.185571,81.343175,SO2,6.0,14.0,10.0,2026-09-05 16:37:06
India,Chhattisgarh,Bhilai,"Hathkhoj, Bhilai - CECB",05-09-2026 21:00:00,21.224231,81.40835,OZONE,5.0,17.0,12.0,2026-09-05 16:37:06
India,Chhattisgarh,Bilaspur,"Mangala, Bilaspur - NTPC",05-09-2026 21:00:00,22.08815,82.13737,PM2.5,16.0,45.0,31.0,2026-09-05 16:37:06
India,Chhattisgarh,Bilaspur,"Mangala, Bilaspur - NTPC",05-09-2026 21:00:00,22.08815,82.13737,SO2,11.0,30.0,20.0,2026-09-05 16:37:06
India,Chhattisgarh,Chhal,"Nawapara SECL Colony, Chhal - CECB",05-09-2026 21:00:00,22.118125,83.140608,PM2.5,27.0,141.0,57.0,2026-09-05 16:37:06
India,Chhattisgarh,Chhal,"Nawapara SECL Colony, Chhal - CECB",05-09-2026 21:00:00,22.118125,83.140608,NH3,2.0,2.0,2.0,2026-09-05 16:37:06
India,Chhattisgarh,Korba,"Urja Nagar, Korba - CECB",05-09-2026 21:00:00,22.348441,82.549611,PM2.5,16.0,28.0,21.0,2026-09-05 16:37:06
India,Chhattisgarh,Korba,"Rampur, Korba - CECB",05-09-2026 21:00:00,22.368195,82.746431,NO2,10.0,36.0,17.0,2026-09-05 16:37:06
India,Chhattisgarh,Korba,"Rampur, Korba - CECB",05-09-2026 21:00:00,22.368195,82.746431,SO2,6.0,70.0,24.0,2026-09-05 16:37:06
India,Bihar,Muzaffarpur,"MIT-Daudpur Kothi, Muzaffarpur - BSPCB",05-09-2026 21:00:00,26.1403345,85.3650192,NH3,1.0,1.0,1.0,2026-09-05 16:37:06
India,Bihar,Patna,"Rajbansi Nagar, Patna - BSPCB",05-09-2026 21:00:00,25.599486,85.113666,PM10,34.0,53.0,43.0,2026-09-05 16:37:06
India,Bihar,Patna,"Rajbansi Nagar, Patna - BSPCB",05-09-2026 21:00:00,25.599486,85.113666,SO2,8.0,17.0,11.0,2026-09-05 16:37:06
India,Bihar,Patna,"Rajbansi Nagar, Patna - BSPCB",05-09-2026 21:00:00,25.599486,85.113666,CO,19.0,33.0,25.0,2026-09-05 16:37:06
India,Bihar,Patna,"DRM Office Danapur, Patna - BSPCB",05-09-2026 21:00:00,25.586562,85.043586,SO2,5.0,7.0,6.0,2026-09-05 16:37:06
India,Bihar,Patna,"Muradpur, Patna - BSPCB",05-09-2026 21:00:00,25.619651,85.147382,PM2.5,44.0,51.0,47.0,2026-09-05 16:37:06
India,Bihar,Patna,"Muradpur, Patna - BSPCB",05-09-2026 21:00:00,25.619651,85.147382,PM10,63.0,74.0,68.0,2026-09-05 16:37:06
India,Bihar,Patna,"Muradpur, Patna - BSPCB",05-09-2026 21:00:00,25.619651,85.147382,NH3,4.0,5.0,5.0,2026-09-05 16:37:06
India,Bihar,Patna,"Samanpura, Patna - BSPCB",05-09-2026 21:00:00,25.596727,85.085624,PM2.5,42.0,191.0,128.0,2026-09-05 16:37:06
India,Bihar,Patna,"Samanpura, Patna - BSPCB",05-09-2026 21:00:00,25.596727,85.085624,PM10,72.0,129.0,110.0,2026-09-05 16:37:06
India,Bihar,Patna,"Samanpura, Patna - BSPCB",05-09-2026 21:00:00,25.596727,85.085624,NO2,24.0,24.0,24.0,2026-09-05 16:37:06
India,Bihar,Patna,"Samanpura, Patna - BSPCB",05-09-2026 21:00:00,25.596727,85.085624,OZONE,22.0,23.0,23.0,2026-09-05 16:37:06
India,Bihar,Purnia,"Mariam Nagar, Purnia - BSPCB",05-09-2026 21:00:00,25.366336,87.117468,SO2,16.0,17.0,16.0,2026-09-05 16:37:06
India,Bihar,Saharsa,"Police Line, Saharsa - BSPCB",05-09-2026 21:00:00,25.892357,86.590325,NH3,4.0,4.0,4.0,2026-09-05 16:37:06
India,Bihar,Sasaram,"Dada Peer, Sasaram - BSPCB",05-09-2026 21:00:00,24.952822,84.002396,NO2,2.0,5.0,2.0,2026-09-05 16:37:06
India,Bihar,Siwan,"Chitragupta Nagar, Siwan - BSPCB",05-09-2026 21:00:00,26.2271665,84.3570427,PM10,,,,2026-09-05 16:37:06
India,Delhi,Delhi,"Rohini, Delhi - DPCC",05-09-2026 21:00:00,28.732528,77.11992,NH3,3.0,5.0,3.0,2026-09-05 16:37:06
India,Delhi,Delhi,"Vivek Vihar, Delhi - DPCC",05-09-2026 21:00:00,28.672342,77.31526,NO2,24.0,42.0,30.0,2026-09-05 16:37:06
India,Delhi,Delhi,"Jahangirpuri, Delhi - DPCC",05-09-2026 21:00:00,28.73282,77.170633,NO2,12.0,26.0,17.0,2026-09-05 16:37:06
India,Delhi,Delhi,"Jahangirpuri, Delhi - DPCC",05-09-2026 21:00:00,28.73282,77.170633,NH3,10.0,11.0,11.0,2026-09-05 16:37:06
India,Delhi,Delhi,"Jahangirpuri, Delhi - DPCC",05-09-2026 21:00:00,28.73282,77.170633,SO2,23.0,30.0,27.0,2026-09-05 16:37:06
India,Delhi,Delhi,"IHBAS, Dilshad Garden, Delhi - CPCB",05-09-2026 21:00:00,28.6811736,77.3025234,PM2.5,8.0,279.0,46.0,2026-09-05 16:37:06
India,Delhi,Delhi,"IHBAS, Dilshad Garden, Delhi - CPCB",05-09-2026 21:00:00,28.6811736,77.3025234,SO2,16.0,25.0,19.0,2026-09-05 16:37:06
India,Delhi,Delhi,"Sri Aurobindo Marg, Delhi - DPCC",05-09-2026 21:00:00,28.531346,77.190156,SO2,37.0,88.0,44.0,2026-09-05 16:37:06
India,Delhi,Delhi,"Nehru Nagar, Delhi - DPCC",05-09-2026 21:00:00,28.56789,77.250515,NO2,22.0,47.0,31.0,2026-09-05 16:37:06
India,Delhi,Delhi,"Nehru Nagar, Delhi - DPCC",05-09-2026 21:00:00,28.56789,77.250515,OZONE,6.0,18.0,13.0,2026-09-05 16:37:06
India,Delhi,Delhi,"Patparganj, Delhi - DPCC",05-09-2026 21:00:00,28.623763,77.287209,PM2.5,2.0,47.0,24.0,2026-09-05 16:37:06
India,Delhi,Delhi,"Jawaharlal Nehru Stadium, Delhi - DPCC",05-09-2026 21:00:00,28.58028,77.233829,PM2.5,8.0,57.0,31.0,2026-09-05 16:37:06
India,Delhi,Delhi,"Wazirpur, Delhi - DPCC",05-09-2026 21:00:00,28.699793,77.165453,PM10,23.0,57.0,40.0,2026-09-05 16:37:06
India,Delhi,Delhi,"Wazirpur, Delhi - DPCC",05-09-2026 21:00:00,28.699793,77.165453,NO2,34.0,49.0,41.0,2026-09-05 16:37:06
India,Delhi,Delhi,"NSUT Jaffarpur, Delhi - DPCC",05-09-2026 21:00:00,28.594004,76.909423,PM10,21.0,55.0,38.0,2026-09-05 16:37:06
India,Delhi,Delhi,"NSUT Jaffarpur, Delhi - DPCC",05-09-2026 21:00:00,28.594004,76.909423,CO,51.0,57.0,54.0,2026-09-05 16:37:06
India,Delhi,Delhi,"NSUT Jaffarpur, Delhi - DPCC",05-09-2026 21:00:00,28.594004,76.909423,OZONE,3.0,17.0,10.0,2026-09-05 16:37:06
India,Delhi,Delhi,"Mundka, Delhi - DPCC",05-09-2026 21:00:00,28.684678,77.076574,PM2.5,8.0,50.0,23.0,2026-09-05 16:37:06
India,Delhi,Delhi,"Ashok Vihar, Delhi - DPCC",05-09-2026 21:00:00,28.695381,77.181665,PM2.5,8.0,48.0,33.0,2026-09-05 16:37:06
India,Delhi,Delhi,"Anand Vihar, Delhi - DPCC",05-09-2026 21:00:00,28.647622,77.315809,NH3,2.0,6.0,4.0,2026-09-05 16:37:06
India,Delhi,Delhi,"Shadipur, Delhi - CPCB",05-09-2026 21:00:00,28.6514781,77.1473105,PM10,14.0,30.0,23.0,2026-09-05 16:37:06
India,Delhi,Delhi,"Shadipur, Delhi - CPCB",05-09-2026 21:00:00,28.6514781,77.1473105,NH3,4.0,10.0,6.0,2026-09-05 16:37:06
India,Delhi,Delhi,"Mandir Marg, Delhi - DPCC",05-09-2026 21:00:00,28.636429,77.201067,PM10,2.0,77.0,46.0,2026-09-05 16:37:06
India,Delhi,Delhi,"Mandir Marg, Delhi - DPCC",05-09-2026 21:00:00,28.636429,77.201067,NO2,21.0,42.0,30.0,2026-09-05 16:37:06
India,Delhi,Delhi,"Mandir Marg, Delhi - DPCC",05-09-2026 21:00:00,28.636429,77.201067,CO,57.0,76.0,69.0,2026-09-05 16:37:06
India,Delhi,Delhi,"Sirifort, Delhi - CPCB",05-09-2026 21:00:00,28.5504249,77.2159377,PM10,31.0,76.0,46.0,2026-09-05 16:37:06
India,Delhi,Delhi,"Sirifort, Delhi - CPCB",05-09-2026 21:00:00,28.5504249,77.2159377,OZONE,12.0,24.0,18.0,2026-09-05 16:37:06
India,Delhi,Delhi,"Chandni Chowk, Delhi - IITM",05-09-2026 21:00:00,28.656756,77.227234,PM2.5,36.0,86.0,66.0,2026-09-05 16:37:06
India,Delhi,Delhi,"Chandni Chowk, Delhi - IITM",05-09-2026 21:00:00,28.656756,77.227234,CO,92.0,105.0,100.0,2026-09-05 16:37:06
India,Andhra Pradesh,Amaravati,"Secretariat, Amaravati - APPCB",05-09-2026 21:00:00,16.5150833,80.5181667,PM10,23.0,108.0,59.0,2026-09-05 16:37:06
India,Andhra Pradesh,Amaravati,"Secretariat, Amaravati - APPCB",05-09-2026 21:00:00,16.5150833,80.5181667,OZONE,35.0,62.0,49.0,2026-09-05 16:37:06
India,Andhra Pradesh,Anantapur,"Gulzarpet, Anantapur - APPCB",05-09-2026 21:00:00,14.675886,77.593027,PM2.5,49.0,81.0,64.0,2026-09-05 16:37:06
India,Andhra Pradesh,Anantapur,"Gulzarpet, Anantapur - APPCB",05-09-2026 21:00:00,14.675886,77.593027,SO2,11.0,17.0,12.0,2026-09-05 16:37:06
India,Andhra Pradesh,Anantapur,"Gulzarpet, Anantapur - APPCB",05-09-2026 21:00:00,14.675886,77.593027,CO,25.0,62.0,35.0,2026-09-05 16:37:06
India,Andhra Pradesh,Chittoor,"Gangineni Cheruvu, Chittoor - APPCB",05-09-2026 21:00:00,13.20488,79.097889,PM2.5,,,,2026-09-05 16:37:06
India,Andhra Pradesh,Chittoor,"Gangineni Cheruvu, Chittoor - APPCB",05-09-2026 21:00:00,13.20488,79.097889,NO2,33.0,37.0,35.0,2026-09-05 16:37:06
India,Andhra Pradesh,Eluru,"District Court, Eluru - APPCB",05-09-2026 21:00:00,16.711754,81.092095,CO,14.0,35.0,27.0,2026-09-05 16:37:06
India,Andhra Pradesh,Guntur,"Rajendra Nagar North, Guntur - APPCB",05-09-2026 21:00:00,16.316553,80.413302,NO2,19.0,46.0,32.0,2026-09-05 16:37:06
India,Andhra Pradesh,Kadapa,"Yerramukkapalli, Kadapa - APPCB",05-09-2026 21:00:00,14.465052,78.824187,NO2,21.0,23.0,22.0,2026-09-05 16:37:06
India,Andhra Pradesh,Kadapa,"Yerramukkapalli, Kadapa - APPCB",05-09-2026 21:00:00,14.465052,78.824187,SO2,16.0,16.0,16.0,2026-09-05 16:37:06
India,Andhra Pradesh,Kadapa,"Yerramukkapalli, Kadapa - APPCB",05-09-2026 21:00:00,14.465052,78.824187,CO,14.0,28.0,19.0,2026-09-05 16:37:06
India,Andhra Pradesh,Kakinada,"Rama Rao Peta, Kakinada - APPCB",05-09-2026 21:00:00,16.962488,82.229513,PM2.5,3.0,33.0,14.0,2026-09-05 16:37:06
India,Chhattisgarh,Raipur,"Krishak Nagar, Raipur - CECB",05-09-2026 21:00:00,21.237755,81.705301,NO2,3.0,6.0,5.0,2026-09-05 16:37:06
India,Chhattisgarh,Raipur,"Krishak Nagar, Raipur - CECB",05-09-2026 21:00:00,21.237755,81.705301,CO,8.0,14.0,10.0,2026-09-05 16:37:06
India,Chhattisgarh,Raipur,"Siltara Phase-II, Raipur - CECB",05-09-2026 21:00:00,21.371751,81.664929,PM2.5,19.0,50.0,34.0,2026-09-05 16:37:06
India,Chhattisgarh,Raipur,"Siltara Phase-II, Raipur - CECB",05-09-2026 21:00:00,21.371751,81.664929,SO2,1.0,35.0,13.0,2026-09-05 16:37:06
India,Delhi,Delhi,"Narela, Delhi - DPCC",05-09-2026 21:00:00,28.822836,77.101981,PM2.5,2.0,53.0,20.0,2026-09-05 16:37:06
India,Delhi,Delhi,"Cantonment Area, Delhi - DPCC",05-09-2026 21:00:00,28.594169,77.1251,PM2.5,4.0,23.0,13.0,2026-09-05 16:37:06
India,Delhi,Delhi,"Cantonment Area, Delhi - DPCC",05-09-2026 21:00:00,28.594169,77.1251,PM10,8.0,38.0,26.0,2026-09-05 16:37:06
India,Delhi,Delhi,"Cantonment Area, Delhi - DPCC",05-09-2026 21:00:00,28.594169,77.1251,NO2,4.0,11.0,7.0,2026-09-05 16:37:06
India,Delhi,Delhi,"Cantonment Area, Delhi - DPCC",05-09-2026 21:00:00,28.594169,77.1251,CO,47.0,65.0,58.0,2026-09-05 16:37:06
India,Delhi,Delhi,"Major Dhyan Chand National Stadium, Delhi - DPCC",05-09-2026 21:00:00,28.611281,77.237738,PM10,2.0,44.0,21.0,2026-09-05 16:37:06
India,Delhi,Delhi,"Major Dhyan Chand National Stadium, Delhi - DPCC",05-09-2026 21:00:00,28.611281,77.237738,OZONE,7.0,10.0,9.0,2026-09-05 16:37:06
India,Delhi,Delhi,"Bawana, Delhi - DPCC",05-09-2026 21:00:00,28.7762,77.051074,PM2.5,,,,2026-09-05 16:37:06
India,Delhi,Delhi,"Okhla Phase-2, Delhi - DPCC",05-09-2026 21:00:00,28.530785,77.271255,PM2.5,15.0,68.0,40.0,2026-09-05 16:37:06
India,Delhi,Delhi,"Okhla Phase-2, Delhi - DPCC",05-09-2026 21:00:00,28.530785,77.271255,NH3,2.0,6.0,4.0,2026-09-05 16:37:06
India,Bihar,Gaya,"Kareemganj, Gaya - BSPCB",05-09-2026 21:00:00,24.792403,84.992416,PM2.5,2.0,270.0,69.0,2026-09-05 16:37:06
India,Bihar,Gaya,"Kareemganj, Gaya - BSPCB",05-09-2026 21:00:00,24.792403,84.992416,OZONE,7.0,64.0,42.0,2026-09-05 16:37:06
India,Bihar,Hajipur,"Industrial Area, Hajipur - BSPCB",05-09-2026 21:00:00,25.697189,85.2459,CO,17.0,25.0,20.0,2026-09-05 16:37:06
India,Bihar,Katihar,"Mirchaibari, Katihar - BSPCB",05-09-2026 21:00:00,25.560083,87.553265,OZONE,21.0,38.0,28.0,2026-09-05 16:37:06
India,Bihar,Kishanganj,"SDM Office_Khagra, Kishanganj - BSPCB",05-09-2026 21:00:00,26.0881305,87.93840336,NH3,3.0,3.0,3.0,2026-09-05 16:37:06
India,Bihar,Kishanganj,"SDM Office_Khagra, Kishanganj - BSPCB",05-09-2026 21:00:00,26.0881305,87.93840336,OZONE,33.0,36.0,34.0,2026-09-05 16:37:06
India,Bihar,Manguraha,"Forest Rest House, Manguraha - BSPCB",05-09-2026 21:00:00,27.308328,84.531742,OZONE,22.0,47.0,33.0,2026-09-05 16:37:06
India,Bihar,Motihari,"Gandak Colony, Motihari - BSPCB",05-09-2026 21:00:00,26.63086,84.90051,PM10,12.0,111.0,26.0,2026-09-05 16:37:06
India,Bihar,Munger,"Town Hall, Munger - BSPCB",05-09-2026 21:00:00,25.376776,86.471523,NH3,3.0,3.0,3.0,2026-09-05 16:37:06
India,Bihar,Muzaffarpur,"Buddha Colony, Muzaffarpur - BSPCB",05-09-2026 21:00:00,26.11442,85.39813,PM2.5,27.0,74.0,50.0,2026-09-05 16:37:06
India,Bihar,Muzaffarpur,"MIT-Daudpur Kothi, Muzaffarpur - BSPCB",05-09-2026 21:00:00,26.1403345,85.3650192,PM2.5,20.0,32.0,22.0,2026-09-05 16:37:06
India,Andhra Pradesh,Vijayawada,"Rajiv Gandhi Park, Vijayawada - APPCB",05-09-2026 21:00:00,16.509717,80.612222,NO2,19.0,39.0,32.0,2026-09-05 16:37:06
India,Andhra Pradesh,Vijayawada,"Rajiv Gandhi Park, Vijayawada - APPCB",05-09-2026 21:00:00,16.509717,80.612222,CO,28.0,36.0,32.0,2026-09-05 16:37:06
India,Arunachal Pradesh,Naharlagun,"Naharlagun, Naharlagun - APSPCB",05-09-2026 21:00:00,27.103358,93.679645,NO2,8.0,8.0,8.0,2026-09-05 16:37:06
India,Arunachal Pradesh,Naharlagun,"Naharlagun, Naharlagun - APSPCB",05-09-2026 21:00:00,27.103358,93.679645,NH3,1.0,1.0,1.0,2026-09-05 16:37:06
India,Assam,Guwahati,"IITG, Guwahati - PCBA",05-09-2026 21:00:00,26.2028636,91.70046436,SO2,32.0,33.0,32.0,2026-09-05 16:37:06
India,Assam,Guwahati,"Pan Bazaar, Guwahati - PCBA",05-09-2026 21:00:00,26.1875,91.744194,CO,7.0,32.0,20.0,2026-09-05 16:37:06
India,Assam,Guwahati,"LGBI Airport, Guwahati - PCBA",05-09-2026 21:00:00,26.10887,91.589544,NH3,2.0,28.0,6.0,2026-09-05 16:37:06
India,Assam,Guwahati,"Railway Colony, Guwahati - PCBA",05-09-2026 21:00:00,26.181742,91.78063,NO2,3.0,4.0,3.0,2026-09-05 16:37:06
India,Assam,Nagaon,"Christianpatty, Nagaon - PCBA",05-09-2026 21:00:00,26.349082,92.68449,NH3,4.0,5.0,5.0,2026-09-05 16:37:06
India,Gujarat,Vadodara,"Bapunagar, Vadodara - Nexteng Enviro",05-09-2026 21:00:00,22.320153,73.216285,NO2,11.0,13.0,11.0,2026-09-05 16:37:06
India,Gujarat,Vadodara,"Bapunagar, Vadodara - Nexteng Enviro",05-09-2026 21:00:00,22.320153,73.216285,OZONE,3.0,5.0,4.0,2026-09-05 16:37:06
India,Gujarat,Vapi,"Phase-1 GIDC, Vapi - GPCB",05-09-2026 21:00:00,20.362421,72.918013,PM2.5,25.0,56.0,33.0,2026-09-05 16:37:06
India,Gujarat,Vapi,"Phase-1 GIDC, Vapi - GPCB",05-09-2026 21:00:00,20.362421,72.918013,SO2,12.0,25.0,14.0,2026-09-05 16:37:06
India,Gujarat,Vatva,"Phase-4 GIDC, Vatva - GPCB",05-09-2026 21:00:00,22.969611,72.6435,NH3,5.0,5.0,5.0,2026-09-05 16:37:06
India,Gujarat,Vatva,"Phase-4 GIDC, Vatva - GPCB",05-09-2026 21:00:00,22.969611,72.6435,SO2,0.0,11.0,4.0,2026-09-05 16:37:06
India,Haryana,Ambala,"Patti Mehar, Ambala - HSPCB",05-09-2026 21:00:00,30.379589,76.778328,CO,39.0,50.0,43.0,2026-09-05 16:37:06
India,Haryana,Bahadurgarh,"Arya Nagar, Bahadurgarh - HSPCB",05-09-2026 21:00:00,28.6701,76.9254,PM10,27.0,47.0,35.0,2026-09-05 16:37:06
India,Haryana,Bahadurgarh,"Arya Nagar, Bahadurgarh - HSPCB",05-09-2026 21:00:00,28.6701,76.9254,NO2,23.0,29.0,26.0,2026-09-05 16:37:06
India,Haryana,Bahadurgarh,"Arya Nagar, Bahadurgarh - HSPCB",05-09-2026 21:00:00,28.6701,76.9254,NH3,7.0,8.0,8.0,2026-09-05 16:37:06
India,Haryana,Bhiwani,"H.B. Colony, Bhiwani - HSPCB",05-09-2026 21:00:00,28.806223,76.141105,PM2.5,28.0,48.0,37.0,2026-09-05 16:37:06
India,Haryana,Bhiwani,"H.B. Colony, Bhiwani - HSPCB",05-09-2026 21:00:00,28.806223,76.141105,NO2,18.0,19.0,18.0,2026-09-05 16:37:06
India,Haryana,Bhiwani,"H.B. Colony, Bhiwani - HSPCB",05-09-2026 21:00:00,28.806223,76.141105,CO,24.0,49.0,42.0,2026-09-05 16:37:06
India,Haryana,Charkhi Dadri,"Mini Secretariat, Charkhi Dadri - HSPCB",05-09-2026 21:00:00,28.593883,76.270653,NH3,5.0,8.0,6.0,2026-09-05 16:37:06
India,Haryana,Charkhi Dadri,"Mini Secretariat, Charkhi Dadri - HSPCB",05-09-2026 21:00:00,28.593883,76.270653,SO2,6.0,9.0,8.0,2026-09-05 16:37:06
India,Haryana,Dharuhera,"Municipal Corporation Office, Dharuhera -  HSPCB",05-09-2026 21:00:00,28.2068,76.7997,NO2,6.0,29.0,21.0,2026-09-05 16:37:06
India,Haryana,Dharuhera,"Municipal Corporation Office, Dharuhera -  HSPCB",05-09-2026 21:00:00,28.2068,76.7997,SO2,5.0,12.0,8.0,2026-09-05 16:37:06
India,Haryana,Dharuhera,"Municipal Corporation Office, Dharuhera -  HSPCB",05-09-2026 21:00:00,28.2068,76.7997,OZONE,8.0,12.0,11.0,2026-09-05 16:37:06
India,Haryana,Faridabad,"New Industrial Town, Faridabad - HSPCB",05-09-2026 21:00:00,28.39072,77.30059,PM2.5,47.0,69.0,58.0,2026-09-05 16:37:06
India,Haryana,Faridabad,"New Industrial Town, Faridabad - HSPCB",05-09-2026 21:00:00,28.39072,77.30059,NH3,11.0,12.0,11.0,2026-09-05 16:37:06
India,Delhi,Delhi,"Pusa, Delhi - IITM",05-09-2026 21:00:00,28.63611,77.173332,SO2,,,,2026-09-05 16:37:06
India,Delhi,Delhi,"DTU, Delhi - CPCB",05-09-2026 21:00:00,28.7500499,77.1112615,NH3,5.0,5.0,5.0,2026-09-05 16:37:06
India,Delhi,Delhi,"Dwarka-Sector 8, Delhi - DPCC ",05-09-2026 21:00:00,28.5710274,77.0719006,SO2,12.0,18.0,15.0,2026-09-05 16:37:06
India,Delhi,Delhi,"Dr. Karni Singh Shooting Range, Delhi - DPCC",05-09-2026 21:00:00,28.498571,77.26484,SO2,5.0,9.0,6.0,2026-09-05 16:37:06
India,Delhi,Delhi,"Dr. Karni Singh Shooting Range, Delhi - DPCC",05-09-2026 21:00:00,28.498571,77.26484,OZONE,9.0,17.0,13.0,2026-09-05 16:37:06
India,Delhi,Delhi,"IIT Delhi, Delhi - IITM",05-09-2026 21:00:00,28.54246,77.191651,PM2.5,16.0,78.0,35.0,2026-09-05 16:37:06
India,Delhi,Delhi,"IGI Airport (T3), Delhi - IITM",05-09-2026 21:00:00,28.5627763,77.1180053,PM10,,,,2026-09-05 16:37:06
India,Delhi,Delhi,"IGI Airport (T3), Delhi - IITM",05-09-2026 21:00:00,28.5627763,77.1180053,OZONE,21.0,21.0,21.0,2026-09-05 16:37:06
India,Delhi,Delhi,"IGNOU_Maidan Garhi, Delhi - DPCC",05-09-2026 21:00:00,28.493624,77.201159,PM2.5,6.0,49.0,13.0,2026-09-05 16:37:06
India,Delhi,Delhi,"IGNOU_Maidan Garhi, Delhi - DPCC",05-09-2026 21:00:00,28.493624,77.201159,NO2,4.0,32.0,9.0,2026-09-05 16:37:06
India,Delhi,Delhi,"IGNOU_Maidan Garhi, Delhi - DPCC",05-09-2026 21:00:00,28.493624,77.201159,NH3,1.0,5.0,3.0,2026-09-05 16:37:06
India,Delhi,Delhi,"IGNOU_Maidan Garhi, Delhi - DPCC",05-09-2026 21:00:00,28.493624,77.201159,SO2,6.0,7.0,7.0,2026-09-05 16:37:06
India,Delhi,Delhi,"Talkatora Garden, Delhi - DPCC",05-09-2026 21:00:00,28.62181,77.1944633,PM2.5,24.0,61.0,43.0,2026-09-05 16:37:06
India,Delhi,Delhi,"Talkatora Garden, Delhi - DPCC",05-09-2026 21:00:00,28.62181,77.1944633,SO2,1.0,3.0,2.0,2026-09-05 16:37:06
India,Delhi,Delhi,"Talkatora Garden, Delhi - DPCC",05-09-2026 21:00:00,28.62181,77.1944633,OZONE,7.0,11.0,9.0,2026-09-05 16:37:06
India,Delhi,Delhi,"NSIT Dwarka, Delhi - CPCB",05-09-2026 21:00:00,28.60909,77.0325413,NO2,15.0,75.0,41.0,2026-09-05 16:37:06
India,Delhi,Delhi,"NSIT Dwarka, Delhi - CPCB",05-09-2026 21:00:00,28.60909,77.0325413,OZONE,17.0,219.0,64.0,2026-09-05 16:37:06
India,Delhi,Delhi,"Aya Nagar, Delhi - IITM",05-09-2026 21:00:00,28.4706914,77.1099364,PM2.5,6.0,75.0,31.0,2026-09-05 16:37:06
India,Delhi,Delhi,"Burari Crossing, Delhi - IITM",05-09-2026 21:00:00,28.7256504,77.2011573,SO2,,,,2026-09-05 16:37:06
India,Gujarat,Ankleshwar,"GIDC, Ankleshwar - GPCB",05-09-2026 21:00:00,21.613267,73.010555,PM10,56.0,82.0,70.0,2026-09-05 16:37:06
India,Gujarat,Bhavnagar,"Vidhyanagar, Bhavnagar - Nexteng Enviro",05-09-2026 21:00:00,21.755417,72.139056,NO2,39.0,49.0,45.0,2026-09-05 16:37:06
India,Gujarat,Bhavnagar,"Vidhyanagar, Bhavnagar - Nexteng Enviro",05-09-2026 21:00:00,21.755417,72.139056,SO2,7.0,8.0,7.0,2026-09-05 16:37:06
India,Gujarat,Gandhinagar,"Sector-10, Gandhinagar - GPCB",05-09-2026 21:00:00,23.221714,72.654328,PM2.5,,,,2026-09-05 16:37:06
India,Gujarat,Gandhinagar,"Sector-10, Gandhinagar - GPCB",05-09-2026 21:00:00,23.221714,72.654328,SO2,7.0,8.0,7.0,2026-09-05 16:37:06
India,Gujarat,Gandhinagar,"IIPHG Lekawada, Gandhinagar - IITM",05-09-2026 21:00:00,23.243639,72.68994,NH3,4.0,8.0,5.0,2026-09-05 16:37:06
India,Gujarat,Gandhinagar,"IIPHG Lekawada, Gandhinagar - IITM",05-09-2026 21:00:00,23.243639,72.68994,OZONE,2.0,5.0,4.0,2026-09-05 16:37:06
India,Gujarat,Mehsana,"Sadanand Nagar, Mehsana - Nexteng Enviro",05-09-2026 21:00:00,23.59315,72.372792,NO2,3.0,5.0,4.0,2026-09-05 16:37:06
India,Gujarat,Mehsana,"Sadanand Nagar, Mehsana - Nexteng Enviro",05-09-2026 21:00:00,23.59315,72.372792,SO2,12.0,15.0,14.0,2026-09-05 16:37:06
India,Gujarat,Mehsana,"Sadanand Nagar, Mehsana - Nexteng Enviro",05-09-2026 21:00:00,23.59315,72.372792,CO,40.0,42.0,41.0,2026-09-05 16:37:06
India,Gujarat,Nandesari,"GIDC, Nandesari - Nandesari Ind. Association",05-09-2026 21:00:00,22.410802,73.097923,CO,24.0,67.0,43.0,2026-09-05 16:37:06
India,Gujarat,Rajkot,"Mavdi, Rajkot - Nexteng Enviro ",05-09-2026 21:00:00,22.248853,70.776774,SO2,9.0,13.0,11.0,2026-09-05 16:37:06
India,Gujarat,Surat,"Science Center, Surat - SMC",05-09-2026 21:00:00,21.170046,72.795405,PM10,22.0,63.0,35.0,2026-09-05 16:37:06
India,Gujarat,Surat,"Science Center, Surat - SMC",05-09-2026 21:00:00,21.170046,72.795405,OZONE,,,,2026-09-05 16:37:06
India,Gujarat,Surat,"Katargam, Surat - Nexteng Enviro",05-09-2026 21:00:00,21.217779,72.834787,PM10,51.0,112.0,64.0,2026-09-05 16:37:06
India,Gujarat,Surat,"Katargam, Surat - Nexteng Enviro",05-09-2026 21:00:00,21.217779,72.834787,NO2,1.0,29.0,9.0,2026-09-05 16:37:06
India,Gujarat,Surat,"Katargam, Surat - Nexteng Enviro",05-09-2026 21:00:00,21.217779,72.834787,CO,31.0,33.0,32.0,2026-09-05 16:37:06
India,Haryana,Faridabad,"New Industrial Town, Faridabad - HSPCB",05-09-2026 21:00:00,28.39072,77.30059,OZONE,14.0,14.0,14.0,2026-09-05 16:37:06
India,Haryana,Faridabad,"Sector 30, Faridabad - HSPCB",05-09-2026 21:00:00,28.4417,77.3217,PM2.5,58.0,207.0,79.0,2026-09-05 16:37:06
India,Haryana,Fatehabad,"Huda Sector, Fatehabad - HSPCB",05-09-2026 21:00:00,29.503664,75.467934,NH3,13.0,15.0,14.0,2026-09-05 16:37:06
India,Haryana,Gurugram,"Teri Gram, Gurugram - HSPCB",05-09-2026 21:00:00,28.4275,77.1465,NO2,36.0,77.0,53.0,2026-09-05 16:37:06
India,Haryana,Gurugram,"NISE Gwal Pahari, Gurugram - IITM",05-09-2026 21:00:00,28.422681,77.148944,PM10,17.0,89.0,41.0,2026-09-05 16:37:06
India,Haryana,Gurugram,"Sector-51, Gurugram - HSPCB",05-09-2026 21:00:00,28.4227,77.0667,PM10,30.0,58.0,42.0,2026-09-05 16:37:06
India,Haryana,Gurugram,"Sector-51, Gurugram - HSPCB",05-09-2026 21:00:00,28.4227,77.0667,NH3,8.0,22.0,13.0,2026-09-05 16:37:06
India,Haryana,Gurugram,"Sector-51, Gurugram - HSPCB",05-09-2026 21:00:00,28.4227,77.0667,OZONE,16.0,82.0,46.0,2026-09-05 16:37:06
India,Haryana,Hisar,"Urban Estate-II, Hisar - HSPCB",05-09-2026 21:00:00,29.14056,75.744941,PM2.5,,,,2026-09-05 16:37:06
India,Haryana,Hisar,"Urban Estate-II, Hisar - HSPCB",05-09-2026 21:00:00,29.14056,75.744941,OZONE,32.0,33.0,32.0,2026-09-05 16:37:06
India,Haryana,Jind,"Police Lines, Jind - HSPCB",05-09-2026 21:00:00,29.307814,76.337619,SO2,27.0,29.0,28.0,2026-09-05 16:37:06
India,Haryana,Jind,"Police Lines, Jind - HSPCB",05-09-2026 21:00:00,29.307814,76.337619,CO,4.0,7.0,6.0,2026-09-05 16:37:06
India,Haryana,Kaithal,"Rishi Nagar, Kaithal - HSPCB",05-09-2026 21:00:00,29.8006,76.4155,OZONE,13.0,146.0,42.0,2026-09-05 16:37:06
India,Haryana,Karnal,"Sector-12, Karnal - HSPCB",05-09-2026 21:00:00,29.6953,77.0027,CO,39.0,56.0,50.0,2026-09-05 16:37:06
India,Haryana,Karnal,"Sector-12, Karnal - HSPCB",05-09-2026 21:00:00,29.6953,77.0027,OZONE,16.0,67.0,38.0,2026-09-05 16:37:06
India,Karnataka,Madikeri,"Stuart Hill, Madikeri - KSPCB",05-09-2026 21:00:00,12.415911,75.73505,OZONE,1.0,7.0,3.0,2026-09-05 16:37:06
India,Karnataka,Mysuru,"Hebbal 1st Stage, Mysuru - KSPCB",05-09-2026 21:00:00,12.21041,76.37376,PM2.5,11.0,37.0,24.0,2026-09-05 16:37:06
India,Karnataka,Ramanagara,"Vijay Nagar, Ramanagara - KSPCB",05-09-2026 21:00:00,12.733409,77.298051,NO2,,,,2026-09-05 16:37:06
India,Karnataka,Ramanagara,"Vijay Nagar, Ramanagara - KSPCB",05-09-2026 21:00:00,12.733409,77.298051,SO2,13.0,20.0,17.0,2026-09-05 16:37:06
India,Karnataka,Shivamogga,"Vinoba Nagara, Shivamogga - KSPCB",05-09-2026 21:00:00,13.94,75.555917,PM2.5,35.0,42.0,38.0,2026-09-05 16:37:06
India,Karnataka,Shivamogga,"Vinoba Nagara, Shivamogga - KSPCB",05-09-2026 21:00:00,13.94,75.555917,NO2,17.0,22.0,20.0,2026-09-05 16:37:06
India,Karnataka,Shivamogga,"Vinoba Nagara, Shivamogga - KSPCB",05-09-2026 21:00:00,13.94,75.555917,NH3,2.0,2.0,2.0,2026-09-05 16:37:06
India,Karnataka,Shivamogga,"Vinoba Nagara, Shivamogga - KSPCB",05-09-2026 21:00:00,13.94,75.555917,CO,7.0,10.0,9.0,2026-09-05 16:37:06
India,Karnataka,Shivamogga,"Vinoba Nagara, Shivamogga - KSPCB",05-09-2026 21:00:00,13.94,75.555917,OZONE,37.0,42.0,40.0,2026-09-05 16:37:06
India,Karnataka,Yadgir,"Collector Office, Yadgir - KSPCB",05-09-2026 21:00:00,16.7602,77.1428,NH3,1.0,1.0,1.0,2026-09-05 16:37:06
India,Karnataka,Yadgir,"Collector Office, Yadgir - KSPCB",05-09-2026 21:00:00,16.7602,77.1428,SO2,11.0,28.0,16.0,2026-09-05 16:37:06
India,Karnataka,Yadgir,"Collector Office, Yadgir - KSPCB",05-09-2026 21:00:00,16.7602,77.1428,CO,3.0,14.0,9.0,2026-09-05 16:37:06
India,Kerala,Kannur,"Thavakkara, Kannur - Kerala PCB",05-09-2026 21:00:00,11.875,75.3732,PM10,75.0,86.0,78.0,2026-09-05 16:37:06
India,Kerala,Kannur,"Thavakkara, Kannur - Kerala PCB",05-09-2026 21:00:00,11.875,75.3732,NO2,11.0,12.0,12.0,2026-09-05 16:37:06
India,Kerala,Kannur,"Thavakkara, Kannur - Kerala PCB",05-09-2026 21:00:00,11.875,75.3732,SO2,0.0,0.0,0.0,2026-09-05 16:37:06
India,Kerala,Thiruvananthapuram,"Plammoodu, Thiruvananthapuram - Kerala PCB",05-09-2026 21:00:00,8.5149093,76.9435879,NO2,2.0,5.0,4.0,2026-09-05 16:37:06
India,Kerala,Thiruvananthapuram,"Plammoodu, Thiruvananthapuram - Kerala PCB",05-09-2026 21:00:00,8.5149093,76.9435879,OZONE,18.0,21.0,20.0,2026-09-05 16:37:06
India,Delhi,Delhi,"IMD Lodhi Road, Delhi - IITM",05-09-2026 21:00:00,28.5918245,77.2273074,NH3,,,,2026-09-05 16:37:06
India,Delhi,Delhi,"JNU, Delhi - DPCC",05-09-2026 21:00:00,28.540721,77.168544,SO2,3.0,5.0,4.0,2026-09-05 16:37:06
India,Delhi,Delhi,"North Campus, DU, Delhi - IITM",05-09-2026 21:00:00,28.6573814,77.1585447,PM2.5,9.0,69.0,36.0,2026-09-05 16:37:06
India,Delhi,Delhi,"North Campus, DU, Delhi - IITM",05-09-2026 21:00:00,28.6573814,77.1585447,PM10,12.0,88.0,36.0,2026-09-05 16:37:06
India,Delhi,Delhi,"North Campus, DU, Delhi - IITM",05-09-2026 21:00:00,28.6573814,77.1585447,NH3,,,,2026-09-05 16:37:06
India,Delhi,Delhi,"North Campus, DU, Delhi - IITM",05-09-2026 21:00:00,28.6573814,77.1585447,OZONE,37.0,55.0,42.0,2026-09-05 16:37:06
India,Delhi,Delhi,"R K Puram, Delhi - DPCC",05-09-2026 21:00:00,28.563262,77.186937,NH3,5.0,6.0,5.0,2026-09-05 16:37:06
India,Gujarat,Ahmedabad,"SVPI Airport Hansol, Ahmedabad - IITM",05-09-2026 21:00:00,23.076793,72.627874,NH3,2.0,4.0,3.0,2026-09-05 16:37:06
India,Gujarat,Ahmedabad,"Rakhial, Ahmedabad - IITM",05-09-2026 21:00:00,23.016834,72.625775,PM2.5,32.0,73.0,47.0,2026-09-05 16:37:06
India,Gujarat,Ahmedabad,"Rakhial, Ahmedabad - IITM",05-09-2026 21:00:00,23.016834,72.625775,NH3,2.0,4.0,2.0,2026-09-05 16:37:06
India,Gujarat,Ahmedabad,"Maninagar, Ahmedabad - GPCB",05-09-2026 21:00:00,23.002657,72.591912,OZONE,26.0,77.0,59.0,2026-09-05 16:37:06
India,Gujarat,Ahmedabad,"Chandkheda, Ahmedabad - IITM",05-09-2026 21:00:00,23.107969,72.574648,PM2.5,35.0,84.0,56.0,2026-09-05 16:37:06
India,Gujarat,Ahmedabad,"SAC ISRO Bopal, Ahmedabad - IITM",05-09-2026 21:00:00,23.041137,72.456691,PM2.5,34.0,61.0,44.0,2026-09-05 16:37:06
India,Gujarat,Ahmedabad,"SAC ISRO Satellite, Ahmedabad - IITM",05-09-2026 21:00:00,23.023389,72.515201,PM10,47.0,95.0,68.0,2026-09-05 16:37:06
India,Gujarat,Ahmedabad,"SAC ISRO Satellite, Ahmedabad - IITM",05-09-2026 21:00:00,23.023389,72.515201,SO2,1.0,6.0,2.0,2026-09-05 16:37:06
India,Jammu and Kashmir,Srinagar,"Rajbagh, Srinagar - JKPCC",05-09-2026 21:00:00,34.066206,74.81982,NO2,19.0,20.0,19.0,2026-09-05 16:37:06
India,Jammu and Kashmir,Srinagar,"Khunmoh, Srinagar - JKPCC",05-09-2026 21:00:00,34.06313,74.96017,NO2,9.0,44.0,22.0,2026-09-05 16:37:06
India,Jharkhand,Jorapokhar,"Tata Stadium, Jorapokhar - JSPCB",05-09-2026 21:00:00,23.707909,86.41467,SO2,21.0,21.0,21.0,2026-09-05 16:37:06
India,Karnataka,Bengaluru,"Jigani, Bengaluru - KSPCB",05-09-2026 21:00:00,12.7816279,77.6299145,CO,25.0,26.0,26.0,2026-09-05 16:37:06
India,Karnataka,Bengaluru,"City Railway Station, Bengaluru - KSPCB",05-09-2026 21:00:00,12.9756843,77.5660749,CO,55.0,56.0,55.0,2026-09-05 16:37:06
India,Karnataka,Bengaluru,"Jayanagar 5th Block, Bengaluru - KSPCB",05-09-2026 21:00:00,12.920984,77.584908,NO2,10.0,26.0,15.0,2026-09-05 16:37:06
India,Karnataka,Bengaluru,"Jayanagar 5th Block, Bengaluru - KSPCB",05-09-2026 21:00:00,12.920984,77.584908,OZONE,9.0,60.0,32.0,2026-09-05 16:37:06
India,Karnataka,Bengaluru,"Hombegowda Nagar, Bengaluru - KSPCB",05-09-2026 21:00:00,12.938539,77.5901,PM2.5,13.0,33.0,20.0,2026-09-05 16:37:06
India,Karnataka,Bengaluru,"Hombegowda Nagar, Bengaluru - KSPCB",05-09-2026 21:00:00,12.938539,77.5901,SO2,4.0,9.0,6.0,2026-09-05 16:37:06
India,Karnataka,Bengaluru,"Peenya, Bengaluru - CPCB",05-09-2026 21:00:00,13.0270199,77.494094,PM2.5,,,,2026-09-05 16:37:06
India,Karnataka,Bengaluru,"Peenya, Bengaluru - CPCB",05-09-2026 21:00:00,13.0270199,77.494094,SO2,7.0,18.0,12.0,2026-09-05 16:37:06
India,Karnataka,Bengaluru,"Shivapura_Peenya, Bengaluru - KSPCB",05-09-2026 21:00:00,13.0246342,77.5080115,NO2,39.0,41.0,40.0,2026-09-05 16:37:06
India,Karnataka,Bengaluru,"Shivapura_Peenya, Bengaluru - KSPCB",05-09-2026 21:00:00,13.0246342,77.5080115,NH3,3.0,3.0,3.0,2026-09-05 16:37:06
India,Karnataka,Bengaluru,"Shivapura_Peenya, Bengaluru - KSPCB",05-09-2026 21:00:00,13.0246342,77.5080115,SO2,3.0,5.0,4.0,2026-09-05 16:37:06
India,Karnataka,Bengaluru,"Hebbal, Bengaluru - KSPCB",05-09-2026 21:00:00,13.029152,77.585901,NH3,2.0,3.0,2.0,2026-09-05 16:37:06
India,Karnataka,Bengaluru,"Hebbal, Bengaluru - KSPCB",05-09-2026 21:00:00,13.029152,77.585901,SO2,11.0,20.0,15.0,2026-09-05 16:37:06
India,Karnataka,Bengaluru,"Hebbal, Bengaluru - KSPCB",05-09-2026 21:00:00,13.029152,77.585901,CO,8.0,26.0,13.0,2026-09-05 16:37:06
India,Karnataka,Bengaluru,"Silk Board, Bengaluru - KSPCB",05-09-2026 21:00:00,12.917348,77.622813,PM10,36.0,318.0,144.0,2026-09-05 16:37:06
India,Karnataka,Bengaluru,"Bapuji Nagar, Bengaluru - KSPCB",05-09-2026 21:00:00,12.951913,77.539784,OZONE,17.0,29.0,24.0,2026-09-05 16:37:06
India,Karnataka,Chikkaballapur,"Chikkaballapur Rural, Chikkaballapur - KSPCB",05-09-2026 21:00:00,13.428828,77.731418,SO2,18.0,22.0,19.0,2026-09-05 16:37:06
India,Karnataka,Hubballi,"Lingaraj Nagar, Hubballi - KSPCB",05-09-2026 21:00:00,15.3714823,75.1160168,PM2.5,29.0,41.0,34.0,2026-09-05 16:37:06
India,Karnataka,Hubballi,"Lingaraj Nagar, Hubballi - KSPCB",05-09-2026 21:00:00,15.3714823,75.1160168,NH3,1.0,3.0,2.0,2026-09-05 16:37:06
India,Karnataka,Kalaburagi,"Mahatma Basaveswar Colony, Kalaburgi - KSPCB",05-09-2026 21:00:00,17.336318,76.847397,NO2,10.0,17.0,12.0,2026-09-05 16:37:06
India,Karnataka,Karwar,"KHB Colony, Karwar - KSPCB",05-09-2026 21:00:00,14.816666,74.141003,NO2,9.0,11.0,10.0,2026-09-05 16:37:06
India,Karnataka,Karwar,"KHB Colony, Karwar - KSPCB",05-09-2026 21:00:00,14.816666,74.141003,SO2,,,,2026-09-05 16:37:06
India,Karnataka,Karwar,"KHB Colony, Karwar - KSPCB",05-09-2026 21:00:00,14.816666,74.141003,OZONE,,,,2026-09-05 16:37:06
India,Karnataka,Madikeri,"Stuart Hill, Madikeri - KSPCB",05-09-2026 21:00:00,12.415911,75.73505,CO,8.0,25.0,14.0,2026-09-05 16:37:06
India,Haryana,Mandikhera,"General Hospital, Mandikhera(Nuh) - HSPCB",05-09-2026 21:00:00,27.9002,76.9938,NO2,,,,2026-09-05 16:37:06
India,Haryana,Manesar,"Sector-2 IMT, Manesar - HSPCB",05-09-2026 21:00:00,28.360699,76.93609,OZONE,8.0,39.0,22.0,2026-09-05 16:37:06
India,Haryana,Narnaul,"Shastri Nagar, Narnaul - HSPCB",05-09-2026 21:00:00,28.060249,76.113115,SO2,5.0,18.0,10.0,2026-09-05 16:37:06
India,Haryana,Palwal,"Shyam Nagar, Palwal - HSPCB",05-09-2026 21:00:00,28.1485564,77.3320667,NH3,6.0,6.0,6.0,2026-09-05 16:37:06
India,Haryana,Rohtak,"MD University, Rohtak - HSPCB",05-09-2026 21:00:00,28.52123,76.37138,NO2,8.0,11.0,10.0,2026-09-05 16:37:06
India,Haryana,Rohtak,"MD University, Rohtak - HSPCB",05-09-2026 21:00:00,28.52123,76.37138,CO,32.0,40.0,35.0,2026-09-05 16:37:06
India,Haryana,Sonipat,"Murthal, Sonipat - HSPCB",05-09-2026 21:00:00,29.0272,77.0621,PM10,28.0,84.0,56.0,2026-09-05 16:37:06
India,Haryana,Sonipat,"Murthal, Sonipat - HSPCB",05-09-2026 21:00:00,29.0272,77.0621,NO2,6.0,8.0,7.0,2026-09-05 16:37:06
India,Haryana,Sonipat,"Murthal, Sonipat - HSPCB",05-09-2026 21:00:00,29.0272,77.0621,NH3,8.0,9.0,9.0,2026-09-05 16:37:06
India,Jammu and Kashmir,Pampore,"Khrew, Pampore - JKPCC",05-09-2026 21:00:00,34.031606,75.009712,PM2.5,18.0,57.0,40.0,2026-09-05 16:37:06
India,Jammu and Kashmir,Pampore,"Khrew, Pampore - JKPCC",05-09-2026 21:00:00,34.031606,75.009712,PM10,26.0,81.0,57.0,2026-09-05 16:37:06
India,Maharashtra,Nagpur,"Ram Nagar, Nagpur - MPCB",05-09-2026 21:00:00,21.143383,79.048912,CO,8.0,13.0,10.0,2026-09-05 16:37:06
India,Maharashtra,Nagpur,"Opp GPO Civil Lines, Nagpur - MPCB",05-09-2026 21:00:00,21.152875,79.0517531,PM10,26.0,57.0,38.0,2026-09-05 16:37:06
India,Maharashtra,Nagpur,"Opp GPO Civil Lines, Nagpur - MPCB",05-09-2026 21:00:00,21.152875,79.0517531,OZONE,10.0,14.0,13.0,2026-09-05 16:37:06
India,Maharashtra,Nagpur,"Ambazari, Nagpur - MPCB",05-09-2026 21:00:00,21.121801,79.04952,SO2,11.0,12.0,11.0,2026-09-05 16:37:06
India,Maharashtra,Nagpur,"Ambazari, Nagpur - MPCB",05-09-2026 21:00:00,21.121801,79.04952,CO,14.0,24.0,20.0,2026-09-05 16:37:06
India,Maharashtra,Nashik,"Gangapur Road, Nashik - MPCB",05-09-2026 21:00:00,20.0073285,73.7762427,PM10,15.0,245.0,46.0,2026-09-05 16:37:06
India,Maharashtra,Nashik,"Gangapur Road, Nashik - MPCB",05-09-2026 21:00:00,20.0073285,73.7762427,NH3,3.0,3.0,3.0,2026-09-05 16:37:06
India,Maharashtra,Nashik,"Pandav Nagari, Nashik - MPCB",05-09-2026 21:00:00,19.9591346,73.7788008,CO,16.0,27.0,20.0,2026-09-05 16:37:06
India,Maharashtra,Nashik,"MIDC Ambad, Nashik - MPCB",05-09-2026 21:00:00,19.95022,73.73148,PM2.5,10.0,48.0,23.0,2026-09-05 16:37:06
India,Maharashtra,Nashik,"MIDC Ambad, Nashik - MPCB",05-09-2026 21:00:00,19.95022,73.73148,PM10,14.0,82.0,37.0,2026-09-05 16:37:06
India,Maharashtra,Nashik,"MIDC Ambad, Nashik - MPCB",05-09-2026 21:00:00,19.95022,73.73148,CO,14.0,16.0,15.0,2026-09-05 16:37:06
India,Maharashtra,Navi Mumbai,"Kopripada-Vashi, Navi Mumbai - MPCB",05-09-2026 21:00:00,19.090337,73.014232,CO,13.0,65.0,27.0,2026-09-05 16:37:06
India,Maharashtra,Navi Mumbai,"Tondare-Taloja, Navi Mumbai - MPCB",05-09-2026 21:00:00,19.063,73.1209,SO2,1.0,6.0,4.0,2026-09-05 16:37:06
India,Maharashtra,Navi Mumbai,"Sanpada, Navi Mumbai - MPCB",05-09-2026 21:00:00,19.0575752,73.0151367,NO2,3.0,17.0,9.0,2026-09-05 16:37:06
India,Maharashtra,Navi Mumbai,"Sanpada, Navi Mumbai - MPCB",05-09-2026 21:00:00,19.0575752,73.0151367,OZONE,1.0,4.0,3.0,2026-09-05 16:37:06
India,Maharashtra,Navi Mumbai,"Sector-2E Kalamboli, Navi Mumbai - MPCB",05-09-2026 21:00:00,19.02579,73.10297,SO2,4.0,5.0,4.0,2026-09-05 16:37:06
India,Maharashtra,Navi Mumbai,"Mahape, Navi Mumbai - MPCB",05-09-2026 21:00:00,19.1135051,73.008978,NO2,43.0,44.0,43.0,2026-09-05 16:37:06
India,Maharashtra,Navi Mumbai,"Mahape, Navi Mumbai - MPCB",05-09-2026 21:00:00,19.1135051,73.008978,SO2,13.0,14.0,14.0,2026-09-05 16:37:06
India,Maharashtra,Parbhani,"Masoom Colony, Parbhani - MPCB",05-09-2026 21:00:00,19.265594,76.761463,SO2,0.0,1.0,1.0,2026-09-05 16:37:06
India,Ladakh,Leh,"Skara Yokma, Leh - LPCC",05-09-2026 21:00:00,34.147096,77.55709,NO2,,,,2026-09-05 16:37:06
India,Ladakh,Leh,"Skara Yokma, Leh - LPCC",05-09-2026 21:00:00,34.147096,77.55709,OZONE,277.0,277.0,277.0,2026-09-05 16:37:06
India,Madhya Pradesh,Bhopal,"Paryavaran Parisar, Bhopal - MPPCB",05-09-2026 21:00:00,23.210494,77.425409,CO,14.0,17.0,15.0,2026-09-05 16:37:06
India,Madhya Pradesh,Bhopal,"Paryavaran Parisar, Bhopal - MPPCB",05-09-2026 21:00:00,23.210494,77.425409,OZONE,25.0,36.0,31.0,2026-09-05 16:37:06
India,Madhya Pradesh,Bhopal,"Idgah Hills, Bhopal - MPPCB",05-09-2026 21:00:00,23.264759,77.381568,CO,12.0,36.0,24.0,2026-09-05 16:37:06
India,Madhya Pradesh,Damoh,"Shrivastav Colony, Damoh - MPPCB",05-09-2026 21:00:00,23.81748678,79.446246,NO2,5.0,6.0,6.0,2026-09-05 16:37:06
India,Madhya Pradesh,Gwalior,"Maharaj Bada, Gwalior - MPPCB",05-09-2026 21:00:00,26.200388,78.147714,PM10,15.0,44.0,32.0,2026-09-05 16:37:06
India,Madhya Pradesh,Gwalior,"Maharaj Bada, Gwalior - MPPCB",05-09-2026 21:00:00,26.200388,78.147714,CO,41.0,91.0,71.0,2026-09-05 16:37:06
India,Madhya Pradesh,Gwalior,"City Center, Gwalior - MPPCB",05-09-2026 21:00:00,26.203442,78.193251,PM2.5,18.0,36.0,29.0,2026-09-05 16:37:06
India,Madhya Pradesh,Gwalior,"City Center, Gwalior - MPPCB",05-09-2026 21:00:00,26.203442,78.193251,NH3,1.0,3.0,2.0,2026-09-05 16:37:06
India,Madhya Pradesh,Gwalior,"City Center, Gwalior - MPPCB",05-09-2026 21:00:00,26.203442,78.193251,SO2,10.0,44.0,28.0,2026-09-05 16:37:06
India,Madhya Pradesh,Gwalior,"Deen Dayal Nagar, Gwalior - MPPCB",05-09-2026 21:00:00,26.259242,78.216432,NH3,1.0,5.0,4.0,2026-09-05 16:37:06
India,Madhya Pradesh,Indore,"Regional Park, Indore - IMC",05-09-2026 21:00:00,22.678,75.8559,NH3,,,,2026-09-05 16:37:06
India,Madhya Pradesh,Indore,"Chhoti Gwaltoli, Indore - MPPCB",05-09-2026 21:00:00,22.431,75.5213,OZONE,13.0,28.0,22.0,2026-09-05 16:37:06
India,Madhya Pradesh,Indore,"Airport Area, Indore - IMC",05-09-2026 21:00:00,22.7289,75.8076,NH3,0.0,0.0,0.0,2026-09-05 16:37:06
India,Madhya Pradesh,Indore,"Airport Area, Indore - IMC",05-09-2026 21:00:00,22.7289,75.8076,SO2,9.0,10.0,10.0,2026-09-05 16:37:06
India,Madhya Pradesh,Indore,"Maguda Nagar, Indore - IMC",05-09-2026 21:00:00,22.7524,75.8872,NO2,1.0,4.0,3.0,2026-09-05 16:37:06
India,Maharashtra,Pimpri-Chinchwad,"Gavalinagar, Pimpri Chinchwad - MPCB",05-09-2026 21:00:00,18.63673,73.82487,NO2,7.0,22.0,13.0,2026-09-05 16:37:06
India,Maharashtra,Pimpri-Chinchwad,"Bhosari, Pune - IITM",05-09-2026 21:00:00,18.640051,73.848956,PM2.5,12.0,55.0,33.0,2026-09-05 16:37:06
India,Maharashtra,Pimpri-Chinchwad,"Bhosari, Pune - IITM",05-09-2026 21:00:00,18.640051,73.848956,NH3,,,,2026-09-05 16:37:06
India,Maharashtra,Pimpri-Chinchwad,"Bhosari, Pune - IITM",05-09-2026 21:00:00,18.640051,73.848956,CO,26.0,41.0,32.0,2026-09-05 16:37:06
India,Maharashtra,Pimpri-Chinchwad,"Bhumkar Nagar, Pune - IITM",05-09-2026 21:00:00,18.60577,73.749976,SO2,,,,2026-09-05 16:37:06
India,Maharashtra,Pimpri-Chinchwad,"Bhumkar Nagar, Pune - IITM",05-09-2026 21:00:00,18.60577,73.749976,CO,15.0,18.0,17.0,2026-09-05 16:37:06
India,Maharashtra,Pimpri-Chinchwad,"Bhumkar Nagar, Pune - IITM",05-09-2026 21:00:00,18.60577,73.749976,OZONE,8.0,15.0,11.0,2026-09-05 16:37:06
India,Maharashtra,Pimpri-Chinchwad,"Park Street Wakad, Pimpri Chinchwad - MPCB",05-09-2026 21:00:00,18.59051,73.77946,PM2.5,20.0,39.0,27.0,2026-09-05 16:37:06
India,Maharashtra,Pimpri-Chinchwad,"Savta Mali Nagar, Pimpri-Chinchwad - IITM",05-09-2026 21:00:00,18.614767,73.799516,PM2.5,15.0,50.0,28.0,2026-09-05 16:37:06
India,Maharashtra,Pimpri-Chinchwad,"Savta Mali Nagar, Pimpri-Chinchwad - IITM",05-09-2026 21:00:00,18.614767,73.799516,PM10,26.0,79.0,46.0,2026-09-05 16:37:06
India,Maharashtra,Pimpri-Chinchwad,"Savta Mali Nagar, Pimpri-Chinchwad - IITM",05-09-2026 21:00:00,18.614767,73.799516,NH3,,,,2026-09-05 16:37:06
India,Maharashtra,Pune,"Katraj Dairy, Pune - MPCB",05-09-2026 21:00:00,18.45445,73.854155,PM2.5,16.0,34.0,26.0,2026-09-05 16:37:06
India,Maharashtra,Pune,"Katraj Dairy, Pune - MPCB",05-09-2026 21:00:00,18.45445,73.854155,SO2,1.0,3.0,3.0,2026-09-05 16:37:06
India,Maharashtra,Pune,"Hadapsar, Pune - IITM",05-09-2026 21:00:00,18.501793,73.927532,NO2,10.0,40.0,21.0,2026-09-05 16:37:06
India,Maharashtra,Pune,"Hadapsar, Pune - IITM",05-09-2026 21:00:00,18.501793,73.927532,NH3,,,,2026-09-05 16:37:06
India,Maharashtra,Pune,"Hadapsar, Pune - IITM",05-09-2026 21:00:00,18.501793,73.927532,OZONE,19.0,31.0,29.0,2026-09-05 16:37:06
India,Maharashtra,Pune,"Revenue Colony-Shivajinagar, Pune - IITM",05-09-2026 21:00:00,18.530085,73.849598,NH3,,,,2026-09-05 16:37:06
India,Maharashtra,Pune,"Mhada Colony, Pune - IITM",05-09-2026 21:00:00,18.57304,73.927715,PM2.5,23.0,61.0,40.0,2026-09-05 16:37:06
India,Maharashtra,Pune,"Mhada Colony, Pune - IITM",05-09-2026 21:00:00,18.57304,73.927715,CO,45.0,85.0,63.0,2026-09-05 16:37:06
India,Maharashtra,Kolhapur,"Shivaji University, Kolhapur - MPCB",05-09-2026 21:00:00,16.6870449,74.2505872,PM2.5,13.0,36.0,21.0,2026-09-05 16:37:06
India,Maharashtra,Kolhapur,"Shivaji University, Kolhapur - MPCB",05-09-2026 21:00:00,16.6870449,74.2505872,PM10,15.0,52.0,30.0,2026-09-05 16:37:06
India,Maharashtra,Kolhapur,"Shivaji University, Kolhapur - MPCB",05-09-2026 21:00:00,16.6870449,74.2505872,NO2,5.0,19.0,11.0,2026-09-05 16:37:06
India,Maharashtra,Latur,"Sawe Wadi, Latur - MPCB",05-09-2026 21:00:00,18.39963,76.57452,PM10,24.0,51.0,34.0,2026-09-05 16:37:06
India,Maharashtra,Latur,"Sawe Wadi, Latur - MPCB",05-09-2026 21:00:00,18.39963,76.57452,NO2,5.0,14.0,8.0,2026-09-05 16:37:06
India,Maharashtra,Latur,"Sawe Wadi, Latur - MPCB",05-09-2026 21:00:00,18.39963,76.57452,CO,6.0,20.0,11.0,2026-09-05 16:37:06
India,Maharashtra,Latur,"Sawe Wadi, Latur - MPCB",05-09-2026 21:00:00,18.39963,76.57452,OZONE,16.0,32.0,26.0,2026-09-05 16:37:06
India,Maharashtra,Mahad,"Kamble Tarf Birwadi, Mahad - MPCB",05-09-2026 21:00:00,18.1023399,73.4783687,SO2,3.0,36.0,10.0,2026-09-05 16:37:06
India,Maharashtra,Mahad,"Kamble Tarf Birwadi, Mahad - MPCB",05-09-2026 21:00:00,18.1023399,73.4783687,OZONE,15.0,31.0,22.0,2026-09-05 16:37:06
India,Maharashtra,Malegaon,"Mahesh Nagar, Malegaon - MPCB",05-09-2026 21:00:00,20.555712,74.529236,PM2.5,42.0,154.0,64.0,2026-09-05 16:37:06
India,Maharashtra,Mira-Bhayandar,"Bhayandar West, Mira-Bhayandar - MPCB",05-09-2026 21:00:00,19.296481,72.840923,NO2,3.0,17.0,8.0,2026-09-05 16:37:06
India,Maharashtra,Mumbai,"Sion, Mumbai - MPCB",05-09-2026 21:00:00,19.047,72.8746,SO2,4.0,5.0,5.0,2026-09-05 16:37:06
India,Maharashtra,Mumbai,"Borivali East, Mumbai - MPCB",05-09-2026 21:00:00,19.2243333,72.8658113,PM10,19.0,43.0,27.0,2026-09-05 16:37:06
India,Maharashtra,Mumbai,"Borivali East, Mumbai - MPCB",05-09-2026 21:00:00,19.2243333,72.8658113,NO2,10.0,10.0,10.0,2026-09-05 16:37:06
India,Maharashtra,Mumbai,"Bandra Kurla Complex, Mumbai - MPCB",05-09-2026 21:00:00,19.065931,72.862131,NO2,0.0,0.0,0.0,2026-09-05 16:37:06
India,Maharashtra,Mumbai,"Bandra Kurla Complex, Mumbai - MPCB",05-09-2026 21:00:00,19.065931,72.862131,CO,19.0,24.0,23.0,2026-09-05 16:37:06
India,Maharashtra,Mumbai,"Malad West, Mumbai - IITM",05-09-2026 21:00:00,19.19709,72.82204,NH3,1.0,3.0,2.0,2026-09-05 16:37:06
India,Maharashtra,Mumbai,"Borivali East, Mumbai - IITM",05-09-2026 21:00:00,19.23241,72.86895,NO2,5.0,12.0,8.0,2026-09-05 16:37:06
India,Maharashtra,Mumbai,"Borivali East, Mumbai - IITM",05-09-2026 21:00:00,19.23241,72.86895,SO2,,,,2026-09-05 16:37:06
India,Maharashtra,Mumbai,"Mazgaon, Mumbai - IITM",05-09-2026 21:00:00,18.96702,72.84214,NH3,4.0,6.0,5.0,2026-09-05 16:37:06
India,Maharashtra,Mumbai,"Mazgaon, Mumbai - IITM",05-09-2026 21:00:00,18.96702,72.84214,SO2,3.0,12.0,9.0,2026-09-05 16:37:06
India,Maharashtra,Mumbai,"Mazgaon, Mumbai - IITM",05-09-2026 21:00:00,18.96702,72.84214,CO,47.0,47.0,47.0,2026-09-05 16:37:06
India,Maharashtra,Mumbai,"Chakala-Andheri East, Mumbai - IITM",05-09-2026 21:00:00,19.11074,72.86084,NO2,24.0,37.0,30.0,2026-09-05 16:37:06
India,Maharashtra,Mumbai,"Chakala-Andheri East, Mumbai - IITM",05-09-2026 21:00:00,19.11074,72.86084,NH3,6.0,8.0,7.0,2026-09-05 16:37:06
India,Maharashtra,Mumbai,"Bandra Kurla Complex, Mumbai - IITM",05-09-2026 21:00:00,19.053536,72.84643,PM2.5,3.0,30.0,14.0,2026-09-05 16:37:06
India,Maharashtra,Mumbai,"Kurla, Mumbai - MPCB",05-09-2026 21:00:00,19.0863,72.8888,PM2.5,,,,2026-09-05 16:37:06
India,Maharashtra,Mumbai,"Kurla, Mumbai - MPCB",05-09-2026 21:00:00,19.0863,72.8888,SO2,29.0,29.0,29.0,2026-09-05 16:37:06
India,Maharashtra,Mumbai,"Ghatkopar, Mumbai - BMC",05-09-2026 21:00:00,19.083694,72.920967,NO2,,,,2026-09-05 16:37:06
India,Maharashtra,Mumbai,"Deonar, Mumbai - IITM",05-09-2026 21:00:00,19.04946,72.923,CO,31.0,41.0,36.0,2026-09-05 16:37:06
India,Maharashtra,Mumbai,"Chhatrapati Shivaji Intl. Airport (T2), Mumbai - MPCB",05-09-2026 21:00:00,19.10078,72.87462,NO2,13.0,13.0,13.0,2026-09-05 16:37:06
India,Maharashtra,Mumbai,"Powai, Mumbai - MPCB",05-09-2026 21:00:00,19.1375,72.915056,PM10,20.0,35.0,29.0,2026-09-05 16:37:06
India,Madhya Pradesh,Indore,"Residency Area, Indore - IMC",05-09-2026 21:00:00,22.7084,75.8815,PM10,24.0,58.0,41.0,2026-09-05 16:37:06
India,Madhya Pradesh,Indore,"Residency Area, Indore - IMC",05-09-2026 21:00:00,22.7084,75.8815,SO2,3.0,11.0,5.0,2026-09-05 16:37:06
India,Madhya Pradesh,Indore,"Residency Area, Indore - IMC",05-09-2026 21:00:00,22.7084,75.8815,CO,2.0,7.0,4.0,2026-09-05 16:37:06
India,Madhya Pradesh,Jabalpur,"Marhatal, Jabalpur - MPPCB",05-09-2026 21:00:00,23.168606,79.932247,CO,50.0,61.0,56.0,2026-09-05 16:37:06
India,Madhya Pradesh,Jabalpur,"Govindh Bhavan Colony, Jabalpur - JMC",05-09-2026 21:00:00,23.163174,79.973061,PM10,9.0,30.0,21.0,2026-09-05 16:37:06
India,Madhya Pradesh,Jabalpur,"Govindh Bhavan Colony, Jabalpur - JMC",05-09-2026 21:00:00,23.163174,79.973061,CO,31.0,35.0,33.0,2026-09-05 16:37:06
India,Madhya Pradesh,Katni,"Gole Bazar, Katni - MPPCB",05-09-2026 21:00:00,23.50016,80.23284,PM10,,,,2026-09-05 16:37:06
India,Madhya Pradesh,Katni,"Gole Bazar, Katni - MPPCB",05-09-2026 21:00:00,23.50016,80.23284,NO2,,,,2026-09-05 16:37:06
India,Madhya Pradesh,Katni,"Gole Bazar, Katni - MPPCB",05-09-2026 21:00:00,23.50016,80.23284,NH3,,,,2026-09-05 16:37:06
India,Madhya Pradesh,Katni,"Gole Bazar, Katni - MPPCB",05-09-2026 21:00:00,23.50016,80.23284,CO,31.0,48.0,38.0,2026-09-05 16:37:06
India,Madhya Pradesh,Mandideep,"Sector-D Industrial Area, Mandideep - MPPCB",05-09-2026 21:00:00,23.10844,77.511428,PM10,40.0,71.0,55.0,2026-09-05 16:37:06
India,Madhya Pradesh,Pithampur,"Sector-2 Industrial Area, Pithampur - MPPCB",05-09-2026 21:00:00,22.624758,75.675238,PM10,54.0,136.0,84.0,2026-09-05 16:37:06
India,Madhya Pradesh,Pithampur,"Sector-2 Industrial Area, Pithampur - MPPCB",05-09-2026 21:00:00,22.624758,75.675238,NO2,9.0,39.0,18.0,2026-09-05 16:37:06
India,Madhya Pradesh,Satna,"Bandhavgar Colony, Satna - Birla Cement",05-09-2026 21:00:00,24.58434363,80.8549414,PM10,69.0,71.0,70.0,2026-09-05 16:37:06
India,Madhya Pradesh,Ujjain,"Mahashweta Nagar, Ujjain - MPPCB",05-09-2026 21:00:00,23.1633321,75.800225,PM2.5,2.0,100.0,43.0,2026-09-05 16:37:06
India,Madhya Pradesh,Ujjain,"Mahashweta Nagar, Ujjain - MPPCB",05-09-2026 21:00:00,23.1633321,75.800225,NO2,4.0,18.0,9.0,2026-09-05 16:37:06
India,Maharashtra,Akola,"Ramdaspeth, Akola - MPCB",05-09-2026 21:00:00,20.719516,77.000253,CO,25.0,128.0,53.0,2026-09-05 16:37:06
India,Maharashtra,Ambernath,"Chinchpada, Ambernath - MPCB",05-09-2026 21:00:00,19.215784,73.199781,PM2.5,10.0,61.0,28.0,2026-09-05 16:37:06
India,Maharashtra,Ambernath,"Chinchpada, Ambernath - MPCB",05-09-2026 21:00:00,19.215784,73.199781,CO,4.0,14.0,8.0,2026-09-05 16:37:06
India,Maharashtra,Ambernath,"Chinchpada, Ambernath - MPCB",05-09-2026 21:00:00,19.215784,73.199781,OZONE,1.0,13.0,8.0,2026-09-05 16:37:06
India,Maharashtra,Amravati,"Shri Shivaji Science College, Amravati - MPCB",05-09-2026 21:00:00,20.939198,77.765701,NH3,2.0,3.0,3.0,2026-09-05 16:37:06
India,Maharashtra,Amravati,"Shivneri Colony, Amravati - MPCB",05-09-2026 21:00:00,20.9402359,77.7895248,PM2.5,11.0,36.0,21.0,2026-09-05 16:37:06
India,Maharashtra,Amravati,"Shivneri Colony, Amravati - MPCB",05-09-2026 21:00:00,20.9402359,77.7895248,NH3,2.0,2.0,2.0,2026-09-05 16:37:06
India,Maharashtra,Aurangabad,"MIDC Chilkalthana, Aurangabad - MPCB",05-09-2026 21:00:00,19.87562,75.38731,NO2,10.0,13.0,12.0,2026-09-05 16:37:06
India,Maharashtra,Aurangabad,"MIDC Chilkalthana, Aurangabad - MPCB",05-09-2026 21:00:00,19.87562,75.38731,NH3,1.0,2.0,1.0,2026-09-05 16:37:06
India,Maharashtra,Aurangabad,"MIDC Chilkalthana, Aurangabad - MPCB",05-09-2026 21:00:00,19.87562,75.38731,CO,24.0,27.0,26.0,2026-09-05 16:37:06
India,Maharashtra,Aurangabad,"Rachnakar Colony, Aurangabad - MPCB",05-09-2026 21:00:00,19.863756,75.321188,PM2.5,23.0,50.0,35.0,2026-09-05 16:37:06
India,Maharashtra,Aurangabad,"Rachnakar Colony, Aurangabad - MPCB",05-09-2026 21:00:00,19.863756,75.321188,SO2,4.0,5.0,5.0,2026-09-05 16:37:06
India,Maharashtra,Mumbai,"Kherwadi_Bandra East, Mumbai - MPCB",05-09-2026 21:00:00,19.0632143,72.8456324,SO2,2.0,4.0,3.0,2026-09-05 16:37:06
India,Maharashtra,Mumbai,"Byculla, Mumbai - BMC",05-09-2026 21:00:00,18.9767,72.838,OZONE,3.0,7.0,5.0,2026-09-05 16:37:06
India,Maharashtra,Mumbai,"Mindspace-Malad West, Mumbai - MPCB",05-09-2026 21:00:00,19.1878657,72.8304069,PM10,38.0,41.0,40.0,2026-09-05 16:37:06
India,Maharashtra,Mumbai,"Navy Nagar-Colaba, Mumbai - IITM",05-09-2026 21:00:00,18.897756,72.81332,PM10,29.0,44.0,35.0,2026-09-05 16:37:06
India,Maharashtra,Mumbai,"Navy Nagar-Colaba, Mumbai - IITM",05-09-2026 21:00:00,18.897756,72.81332,OZONE,19.0,22.0,20.0,2026-09-05 16:37:06
India,Maharashtra,Mumbai,"Mulund West, Mumbai - MPCB",05-09-2026 21:00:00,19.175,72.9419,PM10,15.0,56.0,29.0,2026-09-05 16:37:06
India,Maharashtra,Mumbai,"Mulund West, Mumbai - MPCB",05-09-2026 21:00:00,19.175,72.9419,SO2,,,,2026-09-05 16:37:06
India,Maharashtra,Mumbai,"Mulund West, Mumbai - MPCB",05-09-2026 21:00:00,19.175,72.9419,OZONE,,,,2026-09-05 16:37:06
India,Maharashtra,Mumbai,"Kandivali West, Mumbai - BMC",05-09-2026 21:00:00,19.215859,72.831718,SO2,0.0,4.0,2.0,2026-09-05 16:37:06
India,Maharashtra,Mumbai,"Sewri, Mumbai - BMC",05-09-2026 21:00:00,19.000084,72.85673,PM2.5,17.0,39.0,25.0,2026-09-05 16:37:06
India,Maharashtra,Mumbai,"Sewri, Mumbai - BMC",05-09-2026 21:00:00,19.000084,72.85673,NH3,2.0,11.0,4.0,2026-09-05 16:37:06
India,Maharashtra,Mumbai,"Khindipada-Bhandup West, Mumbai - IITM",05-09-2026 21:00:00,19.1653323,72.922099,PM2.5,4.0,18.0,9.0,2026-09-05 16:37:06
India,Maharashtra,Mumbai,"Khindipada-Bhandup West, Mumbai - IITM",05-09-2026 21:00:00,19.1653323,72.922099,NH3,1.0,2.0,1.0,2026-09-05 16:37:06
India,Maharashtra,Beed,"Bir, Beed - MPCB",05-09-2026 21:00:00,18.988474,75.753873,PM2.5,10.0,30.0,23.0,2026-09-05 16:37:06
India,Maharashtra,Beed,"Bir, Beed - MPCB",05-09-2026 21:00:00,18.988474,75.753873,PM10,19.0,49.0,34.0,2026-09-05 16:37:06
India,Maharashtra,Beed,"Bir, Beed - MPCB",05-09-2026 21:00:00,18.988474,75.753873,OZONE,6.0,22.0,17.0,2026-09-05 16:37:06
India,Maharashtra,Belapur,"CBD Belapur, Belapur - MPCB",05-09-2026 21:00:00,19.0243902,73.0406721,OZONE,9.0,14.0,12.0,2026-09-05 16:37:06
India,Maharashtra,Bhiwandi,"Gokul Nagar, Bhiwandi - MPCB",05-09-2026 21:00:00,19.309073,73.057223,PM10,42.0,49.0,46.0,2026-09-05 16:37:06
India,Maharashtra,Chandrapur,"MIDC Khutala, Chandrapur - MPCB",05-09-2026 21:00:00,19.9775302,79.2337086,NH3,1.0,4.0,3.0,2026-09-05 16:37:06
India,Maharashtra,Chandrapur,"Chauhan Colony, Chandrapur - MPCB",05-09-2026 21:00:00,19.9629,79.298714,CO,31.0,38.0,33.0,2026-09-05 16:37:06
India,Maharashtra,Dhule,"Deopur, Dhule - MPCB",05-09-2026 21:00:00,20.918946,74.776388,NH3,,,,2026-09-05 16:37:06
India,Maharashtra,Dombivli,"Kalu Nagar, Dombivli - MPCB",05-09-2026 21:00:00,19.2268427,73.0788456,NO2,5.0,28.0,16.0,2026-09-05 16:37:06
India,Maharashtra,Dombivli,"Kalu Nagar, Dombivli - MPCB",05-09-2026 21:00:00,19.2268427,73.0788456,CO,7.0,21.0,10.0,2026-09-05 16:37:06
India,Maharashtra,Jalgaon,"Prabhat Colony, Jalgaon - MPCB",05-09-2026 21:00:00,21.001264,75.565602,NH3,,,,2026-09-05 16:37:06
India,Mizoram,Aizawl,"Sikulpuikawn, Aizawl - Mizoram PCB",05-09-2026 21:00:00,23.7176342,92.7192841,NO2,,,,2026-09-05 16:37:06
India,Mizoram,Aizawl,"Sikulpuikawn, Aizawl - Mizoram PCB",05-09-2026 21:00:00,23.7176342,92.7192841,SO2,,,,2026-09-05 16:37:06
India,Nagaland,Kohima,"PWD Junction, Kohima - NPCB",05-09-2026 21:00:00,25.6635413,94.0989878,SO2,50.0,66.0,60.0,2026-09-05 16:37:06
India,Odisha,Angul,"Hakimapada, Angul - OSPCB",05-09-2026 21:00:00,20.832874,85.104082,SO2,7.0,16.0,10.0,2026-09-05 16:37:06
India,Odisha,Balasore,"Kalidaspur, Balasore - OSPCB",05-09-2026 21:00:00,21.51161,86.89088,NO2,4.0,13.0,8.0,2026-09-05 16:37:06
India,Odisha,Balasore,"Kalidaspur, Balasore - OSPCB",05-09-2026 21:00:00,21.51161,86.89088,NH3,3.0,4.0,3.0,2026-09-05 16:37:06
India,Odisha,Balasore,"Kalidaspur, Balasore - OSPCB",05-09-2026 21:00:00,21.51161,86.89088,OZONE,32.0,93.0,64.0,2026-09-05 16:37:06
India,Odisha,Barbil,"Forest Office, Barbil - OSPCB",05-09-2026 21:00:00,22.1166054,85.3945546,NO2,6.0,26.0,11.0,2026-09-05 16:37:06
India,Odisha,Baripada,"Meher Colony, Baripada - OSPCB",05-09-2026 21:00:00,21.941841,86.728318,PM2.5,,,,2026-09-05 16:37:06
India,Odisha,Baripada,"Meher Colony, Baripada - OSPCB",05-09-2026 21:00:00,21.941841,86.728318,NH3,,,,2026-09-05 16:37:06
India,Odisha,Bhubaneswar,"Patia, Bhubaneswar - OSPCB",05-09-2026 21:00:00,20.34652,85.8163,CO,30.0,41.0,37.0,2026-09-05 16:37:06
India,Odisha,Bhubaneswar,"Patia, Bhubaneswar - OSPCB",05-09-2026 21:00:00,20.34652,85.8163,OZONE,18.0,46.0,34.0,2026-09-05 16:37:06
India,Odisha,Bhubaneswar,"Lingraj Mandir, Bhubaneswar - OSPCB",05-09-2026 21:00:00,20.24079,85.836784,NH3,1.0,11.0,4.0,2026-09-05 16:37:06
India,Odisha,Bileipada,"Tata Township, Bileipada - OSPCB",05-09-2026 21:00:00,22.06156703,85.47409613,PM2.5,24.0,76.0,42.0,2026-09-05 16:37:06
India,Odisha,Bileipada,"Tata Township, Bileipada - OSPCB",05-09-2026 21:00:00,22.06156703,85.47409613,OZONE,17.0,17.0,17.0,2026-09-05 16:37:06
India,Odisha,Brajrajnagar,"GM Office, Brajrajnagar - OSPCB",05-09-2026 21:00:00,21.8004996,83.8396977,PM2.5,9.0,238.0,79.0,2026-09-05 16:37:06
India,Odisha,Byasanagar,"Ferro Chrome Colony, Byasanagar - OSPCB",05-09-2026 21:00:00,20.94185,86.1151,NH3,1.0,2.0,2.0,2026-09-05 16:37:06
India,Odisha,Byasanagar,"Ferro Chrome Colony, Byasanagar - OSPCB",05-09-2026 21:00:00,20.94185,86.1151,CO,41.0,51.0,45.0,2026-09-05 16:37:06
India,Odisha,Cuttack,"CDA Area, Cuttack - OSPCB",05-09-2026 21:00:00,20.48891,85.84768,CO,18.0,22.0,20.0,2026-09-05 16:37:06
India,Odisha,Keonjhar,"Jagamohanpur, Keonjhar - OSPCB",05-09-2026 21:00:00,21.6439,85.599355,SO2,18.0,28.0,21.0,2026-09-05 16:37:06
India,Odisha,Keonjhar,"Jagamohanpur, Keonjhar - OSPCB",05-09-2026 21:00:00,21.6439,85.599355,CO,39.0,41.0,40.0,2026-09-05 16:37:06
India,Odisha,Nayagarh,"Dabuna, Nayagarh - OSPCB",05-09-2026 21:00:00,21.847279,85.416905,SO2,18.0,20.0,19.0,2026-09-05 16:37:06
India,Odisha,Nayagarh,"Dabuna, Nayagarh - OSPCB",05-09-2026 21:00:00,21.847279,85.416905,CO,4.0,11.0,5.0,2026-09-05 16:37:06
India,Odisha,Rourkela,"Raghunathpali, Rourkela - OSPCB",05-09-2026 21:00:00,22.220833,84.809444,PM2.5,57.0,97.0,74.0,2026-09-05 16:37:06
India,Odisha,Rourkela,"Raghunathpali, Rourkela - OSPCB",05-09-2026 21:00:00,22.220833,84.809444,SO2,2.0,5.0,4.0,2026-09-05 16:37:06
India,Odisha,Rourkela,"Raghunathpali, Rourkela - OSPCB",05-09-2026 21:00:00,22.220833,84.809444,OZONE,4.0,24.0,18.0,2026-09-05 16:37:06
India,Odisha,Rourkela,"Fertilizer Township, Rourkela - OSPCB",05-09-2026 21:00:00,22.18972222,84.86277778,PM10,32.0,48.0,42.0,2026-09-05 16:37:06
India,Odisha,Rourkela,"Fertilizer Township, Rourkela - OSPCB",05-09-2026 21:00:00,22.18972222,84.86277778,NH3,,,,2026-09-05 16:37:06
India,Odisha,Rourkela,"Fertilizer Township, Rourkela - OSPCB",05-09-2026 21:00:00,22.18972222,84.86277778,SO2,11.0,12.0,11.0,2026-09-05 16:37:06
India,Odisha,Rourkela,"Fertilizer Township, Rourkela - OSPCB",05-09-2026 21:00:00,22.18972222,84.86277778,OZONE,,,,2026-09-05 16:37:06
India,Odisha,Talcher,"Talcher Coalfields,Talcher - OSPCB",05-09-2026 21:00:00,20.9360711,85.1707021,CO,10.0,26.0,21.0,2026-09-05 16:37:06
India,Odisha,Tensa,"Barsua Iron Ore Mines, Tensa - OSPCB",05-09-2026 21:00:00,21.869985,85.167016,NO2,,,,2026-09-05 16:37:06
India,Odisha,Tensa,"Barsua Iron Ore Mines, Tensa - OSPCB",05-09-2026 21:00:00,21.869985,85.167016,NH3,,,,2026-09-05 16:37:06
India,Odisha,Tensa,"Barsua Iron Ore Mines, Tensa - OSPCB",05-09-2026 21:00:00,21.869985,85.167016,SO2,0.0,42.0,25.0,2026-09-05 16:37:06
India,Puducherry,Puducherry,"Jawahar Nagar, Puducherry - PPCC",05-09-2026 21:00:00,11.9309,79.8027,NH3,1.0,5.0,2.0,2026-09-05 16:37:06
India,Puducherry,Puducherry,"Jawahar Nagar, Puducherry - PPCC",05-09-2026 21:00:00,11.9309,79.8027,OZONE,16.0,67.0,36.0,2026-09-05 16:37:06
India,Punjab,Amritsar,"Golden Temple, Amritsar - PPCB",05-09-2026 21:00:00,31.62,74.876512,NH3,7.0,8.0,7.0,2026-09-05 16:37:06
India,Punjab,Bathinda,"Hardev Nagar, Bathinda - PPCB",05-09-2026 21:00:00,30.233011,74.907758,PM10,13.0,67.0,35.0,2026-09-05 16:37:06
India,Punjab,Bathinda,"Hardev Nagar, Bathinda - PPCB",05-09-2026 21:00:00,30.233011,74.907758,NO2,28.0,35.0,30.0,2026-09-05 16:37:06
India,Punjab,Khanna,"Kalal Majra, Khanna - PPCB",05-09-2026 21:00:00,30.736056,76.209694,NH3,4.0,13.0,7.0,2026-09-05 16:37:06
India,Maharashtra,Pune,"Dhankawadi, Pune - IITM",05-09-2026 21:00:00,18.459883,73.852193,PM2.5,11.0,43.0,26.0,2026-09-05 16:37:06
India,Maharashtra,Pune,"Panchawati_Pashan, Pune - IITM",05-09-2026 21:00:00,18.536457,73.805454,NO2,5.0,16.0,9.0,2026-09-05 16:37:06
India,Maharashtra,Pune,"Panchawati_Pashan, Pune - IITM",05-09-2026 21:00:00,18.536457,73.805454,SO2,,,,2026-09-05 16:37:06
India,Maharashtra,Pune,"Savitribai Phule Pune University, Pune - MPCB",05-09-2026 21:00:00,18.547056,73.826908,PM10,30.0,51.0,39.0,2026-09-05 16:37:06
India,Maharashtra,Pune,"Savitribai Phule Pune University, Pune - MPCB",05-09-2026 21:00:00,18.547056,73.826908,NO2,1.0,11.0,8.0,2026-09-05 16:37:06
India,Maharashtra,Pune,"Savitribai Phule Pune University, Pune - MPCB",05-09-2026 21:00:00,18.547056,73.826908,NH3,2.0,5.0,3.0,2026-09-05 16:37:06
India,Maharashtra,Pune,"Savitribai Phule Pune University, Pune - MPCB",05-09-2026 21:00:00,18.547056,73.826908,CO,30.0,34.0,32.0,2026-09-05 16:37:06
India,Maharashtra,Satara,"Koyana Nagar, Satara - MPCB",05-09-2026 21:00:00,17.696651,74.003387,PM2.5,5.0,134.0,35.0,2026-09-05 16:37:06
India,Maharashtra,Satara,"Koyana Nagar, Satara - MPCB",05-09-2026 21:00:00,17.696651,74.003387,NH3,0.0,3.0,1.0,2026-09-05 16:37:06
India,Maharashtra,Solapur,"Dnyaneshwar Nagar, Solapur - MPCB",05-09-2026 21:00:00,17.6336264,75.9132495,SO2,0.0,3.0,2.0,2026-09-05 16:37:06
India,Maharashtra,Thane,"Kasarvadavali, Thane - MPCB",05-09-2026 21:00:00,19.26777,72.97182,NO2,10.0,39.0,23.0,2026-09-05 16:37:06
India,Maharashtra,Thane,"Kasarvadavali, Thane - MPCB",05-09-2026 21:00:00,19.26777,72.97182,SO2,5.0,6.0,5.0,2026-09-05 16:37:06
India,Maharashtra,Ulhasnagar,"Sidhi Vinayak Nagar, Ulhasnagar - MPCB",05-09-2026 21:00:00,19.235581,73.159121,SO2,0.0,7.0,3.0,2026-09-05 16:37:06
India,Maharashtra,Ulhasnagar,"Vithalwadi, Ulhasnagar - MPCB",05-09-2026 21:00:00,19.2307571,73.155192,PM2.5,5.0,28.0,16.0,2026-09-05 16:37:06
India,Maharashtra,Ulhasnagar,"Vithalwadi, Ulhasnagar - MPCB",05-09-2026 21:00:00,19.2307571,73.155192,NO2,5.0,8.0,7.0,2026-09-05 16:37:06
India,Maharashtra,Virar,"Bolinj, Virar - MPCB",05-09-2026 21:00:00,19.445821,72.7988231,PM10,16.0,71.0,33.0,2026-09-05 16:37:06
India,Maharashtra,Virar,"Bolinj, Virar - MPCB",05-09-2026 21:00:00,19.445821,72.7988231,NO2,5.0,19.0,9.0,2026-09-05 16:37:06
India,Maharashtra,Virar,"Bolinj, Virar - MPCB",05-09-2026 21:00:00,19.445821,72.7988231,NH3,4.0,6.0,5.0,2026-09-05 16:37:06
India,Meghalaya,Shillong,"Lumpyngngad, Shillong - Meghalaya PCB",05-09-2026 21:00:00,25.5586,91.8985,PM2.5,,,,2026-09-05 16:37:06
India,Meghalaya,Shillong,"Lumpyngngad, Shillong - Meghalaya PCB",05-09-2026 21:00:00,25.5586,91.8985,NH3,0.0,0.0,0.0,2026-09-05 16:37:06
India,Rajasthan,Sri Ganganagar,"Old City, Sri Ganganagar - RSPCB",05-09-2026 21:00:00,29.931624,73.864511,PM10,,,,2026-09-05 16:37:06
India,Rajasthan,Sri Ganganagar,"Old City, Sri Ganganagar - RSPCB",05-09-2026 21:00:00,29.931624,73.864511,OZONE,36.0,53.0,44.0,2026-09-05 16:37:06
India,Rajasthan,Tonk,"Shastri Nagar, Tonk - RSPCB",05-09-2026 21:00:00,26.159933,75.780517,PM10,26.0,84.0,48.0,2026-09-05 16:37:06
India,Rajasthan,Tonk,"Shastri Nagar, Tonk - RSPCB",05-09-2026 21:00:00,26.159933,75.780517,SO2,1.0,4.0,2.0,2026-09-05 16:37:06
India,Rajasthan,Tonk,"Shastri Nagar, Tonk - RSPCB",05-09-2026 21:00:00,26.159933,75.780517,CO,63.0,122.0,104.0,2026-09-05 16:37:06
India,Rajasthan,Udaipur,"Ashok Nagar, Udaipur - RSPCB",05-09-2026 21:00:00,24.5886166,73.6321397,PM10,69.0,106.0,87.0,2026-09-05 16:37:06
India,Rajasthan,Udaipur,"Ashok Nagar, Udaipur - RSPCB",05-09-2026 21:00:00,24.5886166,73.6321397,CO,12.0,48.0,28.0,2026-09-05 16:37:06
India,Sikkim,Gangtok,"Zero Point GICI, Gangtok - SSPCB",05-09-2026 21:00:00,27.33853,88.614099,NH3,1.0,1.0,1.0,2026-09-05 16:37:06
India,Sikkim,Gangtok,"Zero Point GICI, Gangtok - SSPCB",05-09-2026 21:00:00,27.33853,88.614099,OZONE,1.0,2.0,2.0,2026-09-05 16:37:06
India,Tamil Nadu,Chennai,"Velachery Res. Area, Chennai - CPCB",05-09-2026 21:00:00,13.0052189,80.2398125,NH3,2.0,4.0,3.0,2026-09-05 16:37:06
India,Tamil Nadu,Chennai,"Velachery Res. Area, Chennai - CPCB",05-09-2026 21:00:00,13.0052189,80.2398125,SO2,4.0,8.0,6.0,2026-09-05 16:37:06
India,Tamil Nadu,Chennai,"Perungudi, Chennai - TNPCB",05-09-2026 21:00:00,12.9533,80.2357,PM2.5,12.0,430.0,189.0,2026-09-05 16:37:06
India,Tamil Nadu,Chennai,"Manali Village, Chennai - TNPCB",05-09-2026 21:00:00,13.1662,80.2584,NO2,9.0,21.0,17.0,2026-09-05 16:37:06
India,Tamil Nadu,Chennai,"Manali, Chennai - CPCB",05-09-2026 21:00:00,13.164544,80.26285,SO2,5.0,7.0,5.0,2026-09-05 16:37:06
India,Tamil Nadu,Chennai,"Manali, Chennai - CPCB",05-09-2026 21:00:00,13.164544,80.26285,OZONE,9.0,11.0,10.0,2026-09-05 16:37:06
India,Tamil Nadu,Chennai,"Royapuram, Chennai - TNPCB",05-09-2026 21:00:00,13.1036,80.2909,NH3,3.0,4.0,4.0,2026-09-05 16:37:06
India,Tamil Nadu,Coimbatore,"SIDCO Kurichi, Coimbatore - TNPCB",05-09-2026 21:00:00,10.942451,76.978996,PM2.5,,,,2026-09-05 16:37:06
India,Tamil Nadu,Coimbatore,"SIDCO Kurichi, Coimbatore - TNPCB",05-09-2026 21:00:00,10.942451,76.978996,NH3,1.0,1.0,1.0,2026-09-05 16:37:06
India,Rajasthan,Jaipur,"Shastri Nagar, Jaipur - RSPCB",05-09-2026 21:00:00,26.9502929,75.730943,NO2,20.0,44.0,31.0,2026-09-05 16:37:06
India,Rajasthan,Jaipur,"Shastri Nagar, Jaipur - RSPCB",05-09-2026 21:00:00,26.9502929,75.730943,NH3,7.0,12.0,9.0,2026-09-05 16:37:06
India,Rajasthan,Jaipur,"Shastri Nagar, Jaipur - RSPCB",05-09-2026 21:00:00,26.9502929,75.730943,CO,22.0,48.0,34.0,2026-09-05 16:37:06
India,Rajasthan,Jaipur,"Adarsh Nagar, Jaipur - RSPCB",05-09-2026 21:00:00,26.902909,75.836858,OZONE,17.0,21.0,19.0,2026-09-05 16:37:06
India,Rajasthan,Jaisalmer,"Sadar Bazar, Jaisalmer - RSPCB",05-09-2026 21:00:00,26.912329,70.909168,OZONE,40.0,52.0,45.0,2026-09-05 16:37:06
India,Rajasthan,Jalore,"Mudtra Sili, Jalore - RSPCB",05-09-2026 21:00:00,25.344694,72.626208,PM10,40.0,83.0,67.0,2026-09-05 16:37:06
India,Rajasthan,Jalore,"Mudtra Sili, Jalore - RSPCB",05-09-2026 21:00:00,25.344694,72.626208,NH3,2.0,3.0,2.0,2026-09-05 16:37:06
India,Rajasthan,Jhalawar,"Rajlaxmi Nagar, Jhalawar - RSPCB",05-09-2026 21:00:00,24.588397,76.172782,OZONE,16.0,31.0,23.0,2026-09-05 16:37:06
India,Rajasthan,Jhunjhunu,"Indra Nagar, Jhunjhunu - RSPCB",05-09-2026 21:00:00,28.108988,75.386577,PM2.5,2.0,40.0,17.0,2026-09-05 16:37:06
India,Rajasthan,Jodhpur,"Digari Kalan, Jodhpur - RSPCB",05-09-2026 21:00:00,26.29581,73.082283,NH3,4.0,6.0,5.0,2026-09-05 16:37:06
India,Rajasthan,Jodhpur,"Jhalamand, Jodhpur - RSPCB",05-09-2026 21:00:00,26.215415,73.070156,PM10,51.0,76.0,61.0,2026-09-05 16:37:06
India,Rajasthan,Jodhpur,"Jhalamand, Jodhpur - RSPCB",05-09-2026 21:00:00,26.215415,73.070156,NO2,5.0,13.0,8.0,2026-09-05 16:37:06
India,Rajasthan,Jodhpur,"Jhalamand, Jodhpur - RSPCB",05-09-2026 21:00:00,26.215415,73.070156,OZONE,15.0,20.0,17.0,2026-09-05 16:37:06
India,Rajasthan,Jodhpur,"Mandor, Jodhpur - RSPCB",05-09-2026 21:00:00,26.358805,73.047444,PM2.5,8.0,33.0,19.0,2026-09-05 16:37:06
India,Rajasthan,Jodhpur,"Mandor, Jodhpur - RSPCB",05-09-2026 21:00:00,26.358805,73.047444,NH3,2.0,3.0,3.0,2026-09-05 16:37:06
India,Rajasthan,Jodhpur,"Mandor, Jodhpur - RSPCB",05-09-2026 21:00:00,26.358805,73.047444,CO,9.0,14.0,12.0,2026-09-05 16:37:06
India,Rajasthan,Jodhpur,"Collectorate, Jodhpur - RSPCB",05-09-2026 21:00:00,26.268249,73.0193853,NO2,15.0,21.0,19.0,2026-09-05 16:37:06
India,Rajasthan,Jodhpur,"Collectorate, Jodhpur - RSPCB",05-09-2026 21:00:00,26.268249,73.0193853,SO2,1.0,15.0,7.0,2026-09-05 16:37:06
India,Punjab,Mandi Gobindgarh,"RIMT University, Mandi Gobindgarh - PPCB",05-09-2026 21:00:00,30.649961,76.331442,PM2.5,27.0,81.0,57.0,2026-09-05 16:37:06
India,Punjab,Mandi Gobindgarh,"RIMT University, Mandi Gobindgarh - PPCB",05-09-2026 21:00:00,30.649961,76.331442,NH3,5.0,5.0,5.0,2026-09-05 16:37:06
India,Punjab,Rupnagar,"Ratanpura, Rupnagar - Ambuja Cements",05-09-2026 21:00:00,31.0325454,76.5623046,PM10,8.0,100.0,38.0,2026-09-05 16:37:06
India,Punjab,Rupnagar,"Ratanpura, Rupnagar - Ambuja Cements",05-09-2026 21:00:00,31.0325454,76.5623046,OZONE,,,,2026-09-05 16:37:06
India,Rajasthan,Ajmer,"Civil Lines,  Ajmer - RSPCB",05-09-2026 21:00:00,26.470859,74.646594,NO2,16.0,19.0,17.0,2026-09-05 16:37:06
India,Rajasthan,Ajmer,"Civil Lines,  Ajmer - RSPCB",05-09-2026 21:00:00,26.470859,74.646594,NH3,5.0,7.0,6.0,2026-09-05 16:37:06
India,Rajasthan,Alwar,"Vigyan Nagar, Alwar - RSPCB",05-09-2026 21:00:00,27.598796,76.63861,PM2.5,5.0,38.0,21.0,2026-09-05 16:37:06
India,Rajasthan,Alwar,"Vigyan Nagar, Alwar - RSPCB",05-09-2026 21:00:00,27.598796,76.63861,NO2,9.0,16.0,11.0,2026-09-05 16:37:06
India,Rajasthan,Alwar,"Vigyan Nagar, Alwar - RSPCB",05-09-2026 21:00:00,27.598796,76.63861,OZONE,16.0,20.0,18.0,2026-09-05 16:37:06
India,Rajasthan,Banswara,"Rati Talai, Banswara - RSPCB",05-09-2026 21:00:00,23.55519,74.44001,PM2.5,20.0,28.0,25.0,2026-09-05 16:37:06
India,Rajasthan,Banswara,"Rati Talai, Banswara - RSPCB",05-09-2026 21:00:00,23.55519,74.44001,NO2,23.0,49.0,29.0,2026-09-05 16:37:06
India,Rajasthan,Baran,"Bamboliya, Baran - RSPCB",05-09-2026 21:00:00,25.106006,76.469948,CO,35.0,38.0,36.0,2026-09-05 16:37:06
India,Rajasthan,Barmer,"Railway Colony, Barmer - RSPCB",05-09-2026 21:00:00,25.747299,71.393989,NO2,2.0,13.0,6.0,2026-09-05 16:37:06
India,Rajasthan,Barmer,"Railway Colony, Barmer - RSPCB",05-09-2026 21:00:00,25.747299,71.393989,NH3,2.0,3.0,3.0,2026-09-05 16:37:06
India,Rajasthan,Barmer,"Railway Colony, Barmer - RSPCB",05-09-2026 21:00:00,25.747299,71.393989,SO2,0.0,6.0,3.0,2026-09-05 16:37:06
India,Rajasthan,Bharatpur,"Krishna Nagar, Bharatpur - RSPCB",05-09-2026 21:00:00,27.215415,77.50873,NO2,3.0,9.0,5.0,2026-09-05 16:37:06
India,Rajasthan,Bharatpur,"Krishna Nagar, Bharatpur - RSPCB",05-09-2026 21:00:00,27.215415,77.50873,NH3,3.0,4.0,3.0,2026-09-05 16:37:06
India,Rajasthan,Bharatpur,"Krishna Nagar, Bharatpur - RSPCB",05-09-2026 21:00:00,27.215415,77.50873,CO,19.0,28.0,23.0,2026-09-05 16:37:06
India,Rajasthan,Bikaner,"MM Ground, Bikaner - RSPCB",05-09-2026 21:00:00,28.018792,73.292658,SO2,3.0,6.0,4.0,2026-09-05 16:37:06
India,Rajasthan,Chittorgarh,"Shastri Nagar, Chittorgarh - RSPCB",05-09-2026 21:00:00,24.892047,74.623527,NO2,4.0,34.0,14.0,2026-09-05 16:37:06
India,Rajasthan,Churu,"Subash Chowk, Churu - RSPCB",05-09-2026 21:00:00,28.296139,74.961696,PM10,38.0,119.0,72.0,2026-09-05 16:37:06
India,Rajasthan,Churu,"Subash Chowk, Churu - RSPCB",05-09-2026 21:00:00,28.296139,74.961696,SO2,4.0,9.0,5.0,2026-09-05 16:37:06
India,Rajasthan,Churu,"Subash Chowk, Churu - RSPCB",05-09-2026 21:00:00,28.296139,74.961696,OZONE,45.0,82.0,60.0,2026-09-05 16:37:06
India,Rajasthan,Dausa,"Khatikan Mohalla, Dausa - RSPCB",05-09-2026 21:00:00,26.895552,76.334753,PM10,13.0,46.0,26.0,2026-09-05 16:37:06
India,Rajasthan,Dholpur,"Raja Ganj, Dholpur - RSPCB",05-09-2026 21:00:00,26.699557,77.898881,SO2,2.0,5.0,3.0,2026-09-05 16:37:06
India,Rajasthan,Dungarpur,"Bhoiwada, Dungarpur - RSPCB",05-09-2026 21:00:00,23.837789,73.714926,PM2.5,10.0,57.0,30.0,2026-09-05 16:37:06
India,Rajasthan,Dungarpur,"Bhoiwada, Dungarpur - RSPCB",05-09-2026 21:00:00,23.837789,73.714926,NH3,7.0,8.0,8.0,2026-09-05 16:37:06
India,Rajasthan,Hanumangarh,"Housing Board, Hanumangarh - RSPCB",05-09-2026 21:00:00,29.61075,74.283608,NO2,4.0,14.0,7.0,2026-09-05 16:37:06
India,Rajasthan,Hanumangarh,"Housing Board, Hanumangarh - RSPCB",05-09-2026 21:00:00,29.61075,74.283608,NH3,5.0,7.0,7.0,2026-09-05 16:37:06
India,Rajasthan,Jaipur,"Mansarovar Sector-12, Jaipur - RSPCB",05-09-2026 21:00:00,26.843698,75.766894,PM10,10.0,70.0,38.0,2026-09-05 16:37:06
India,Rajasthan,Jaipur,"Mansarovar Sector-12, Jaipur - RSPCB",05-09-2026 21:00:00,26.843698,75.766894,SO2,2.0,4.0,3.0,2026-09-05 16:37:06
India,Rajasthan,Jaipur,"Sector-2 Murlipura, Jaipur - RSPCB",05-09-2026 21:00:00,26.960669,75.771817,OZONE,7.0,20.0,12.0,2026-09-05 16:37:06
India,Rajasthan,Jaipur,"Police Commissionerate, Jaipur - RSPCB",05-09-2026 21:00:00,26.9164092,75.7994901,NO2,36.0,69.0,51.0,2026-09-05 16:37:06
India,Rajasthan,Jaipur,"Police Commissionerate, Jaipur - RSPCB",05-09-2026 21:00:00,26.9164092,75.7994901,CO,30.0,72.0,42.0,2026-09-05 16:37:06
India,Tamil Nadu,Cuddalore,"Kudikadu, Cuddalore - TNPCB",05-09-2026 21:00:00,11.6829898,79.7532099,PM2.5,,,,2026-09-05 16:37:06
India,Tamil Nadu,Cuddalore,"Kudikadu, Cuddalore - TNPCB",05-09-2026 21:00:00,11.6829898,79.7532099,NH3,,,,2026-09-05 16:37:06
India,Tamil Nadu,Cuddalore,"Kudikadu, Cuddalore - TNPCB",05-09-2026 21:00:00,11.6829898,79.7532099,OZONE,17.0,17.0,17.0,2026-09-05 16:37:06
India,Tamil Nadu,Cuddalore,"Semmandalam, Cuddalore - TNPCB",05-09-2026 21:00:00,11.7637683,79.7499835,NO2,,,,2026-09-05 16:37:06
India,Tamil Nadu,Cuddalore,"Semmandalam, Cuddalore - TNPCB",05-09-2026 21:00:00,11.7637683,79.7499835,CO,,,,2026-09-05 16:37:06
India,Tamil Nadu,Cuddalore,"Semmandalam, Cuddalore - TNPCB",05-09-2026 21:00:00,11.7637683,79.7499835,OZONE,2.0,2.0,2.0,2026-09-05 16:37:06
India,Tamil Nadu,Thoothukudi,"Meelavittan, Thoothukudi - TNPCB",05-09-2026 21:00:00,8.816428,78.099039,PM2.5,,,,2026-09-05 16:37:06
India,Tamil Nadu,Thoothukudi,"Meelavittan, Thoothukudi - TNPCB",05-09-2026 21:00:00,8.816428,78.099039,NO2,14.0,22.0,17.0,2026-09-05 16:37:06
India,Telangana,Hyderabad,"Bollaram Industrial Area, Hyderabad - TSPCB",05-09-2026 21:00:00,17.518,78.383,PM10,,,,2026-09-05 16:37:06
India,Telangana,Hyderabad,"Bollaram Industrial Area, Hyderabad - TSPCB",05-09-2026 21:00:00,17.518,78.383,SO2,,,,2026-09-05 16:37:06
India,Telangana,Hyderabad,"Zoo Park, Hyderabad - TSPCB",05-09-2026 21:00:00,17.349694,78.451437,OZONE,4.0,5.0,4.0,2026-09-05 16:37:06
India,Telangana,Hyderabad,"Central University, Hyderabad - TSPCB",05-09-2026 21:00:00,17.460103,78.334361,SO2,1.0,8.0,4.0,2026-09-05 16:37:06
India,Telangana,Hyderabad,"IITH Kandi, Hyderabad - TSPCB",05-09-2026 21:00:00,17.585705,78.126199,PM2.5,36.0,51.0,42.0,2026-09-05 16:37:06
India,Telangana,Hyderabad,"Nacharam_TSIIC IALA, Hyderabad - TSPCB",05-09-2026 21:00:00,17.429398,78.569354,PM2.5,36.0,51.0,43.0,2026-09-05 16:37:06
India,Telangana,Hyderabad,"New Malakpet, Hyderabad - TSPCB",05-09-2026 21:00:00,17.37206,78.50864,PM2.5,33.0,60.0,40.0,2026-09-05 16:37:06
India,Telangana,Hyderabad,"New Malakpet, Hyderabad - TSPCB",05-09-2026 21:00:00,17.37206,78.50864,SO2,7.0,14.0,9.0,2026-09-05 16:37:06
India,Rajasthan,Karauli,"Satyawati Vihar, Karauli - RSPCB",05-09-2026 21:00:00,26.506177,77.025989,OZONE,9.0,11.0,10.0,2026-09-05 16:37:06
India,Rajasthan,Khairthal,"New Anaj Mandi, Khairthal - RSPCB",05-09-2026 21:00:00,27.8015617,76.6365217,SO2,1.0,2.0,1.0,2026-09-05 16:37:06
India,Rajasthan,Kota,"Nayapura, Kota - RSPCB",05-09-2026 21:00:00,25.196024,75.855668,PM10,43.0,67.0,56.0,2026-09-05 16:37:06
India,Rajasthan,Kota,"Nayapura, Kota - RSPCB",05-09-2026 21:00:00,25.196024,75.855668,OZONE,15.0,32.0,23.0,2026-09-05 16:37:06
India,Rajasthan,Nagaur,"Karni Colony, Nagaur - RSPCB",05-09-2026 21:00:00,27.213494,73.734444,NH3,3.0,6.0,4.0,2026-09-05 16:37:06
India,Rajasthan,Pali,"Indira Colony Vistar, Pali - RSPCB",05-09-2026 21:00:00,25.771061,73.340227,NH3,4.0,9.0,6.0,2026-09-05 16:37:06
India,Rajasthan,Rajsamand,"Dhoinda, Rajsamand - RSPCB",05-09-2026 21:00:00,25.03636,73.883502,SO2,2.0,5.0,4.0,2026-09-05 16:37:06
India,Rajasthan,Sawai Madhopur,"Sahu Nagar, Sawai Madhopur - RSPCB",05-09-2026 21:00:00,26.031443,76.359327,PM2.5,2.0,47.0,18.0,2026-09-05 16:37:06
India,Rajasthan,Sawai Madhopur,"Sahu Nagar, Sawai Madhopur - RSPCB",05-09-2026 21:00:00,26.031443,76.359327,NH3,1.0,13.0,2.0,2026-09-05 16:37:06
India,Rajasthan,Sawai Madhopur,"Sahu Nagar, Sawai Madhopur - RSPCB",05-09-2026 21:00:00,26.031443,76.359327,SO2,4.0,10.0,6.0,2026-09-05 16:37:06
India,Rajasthan,Sikar,"Radhakishan Pura, Sikar - RSPCB",05-09-2026 21:00:00,27.608912,75.153302,PM2.5,40.0,67.0,52.0,2026-09-05 16:37:06
India,Rajasthan,Sikar,"Radhakishan Pura, Sikar - RSPCB",05-09-2026 21:00:00,27.608912,75.153302,PM10,58.0,121.0,89.0,2026-09-05 16:37:06
India,Rajasthan,Sikar,"Radhakishan Pura, Sikar - RSPCB",05-09-2026 21:00:00,27.608912,75.153302,SO2,2.0,3.0,2.0,2026-09-05 16:37:06
India,Telangana,Hyderabad,"Kokapet, Hyderabad - TSPCB",05-09-2026 21:00:00,17.393559,78.339194,NO2,11.0,14.0,12.0,2026-09-05 16:37:06
India,Telangana,Hyderabad,"Kokapet, Hyderabad - TSPCB",05-09-2026 21:00:00,17.393559,78.339194,NH3,3.0,4.0,3.0,2026-09-05 16:37:06
India,Telangana,Hyderabad,"ECIL Kapra, Hyderabad - TSPCB",05-09-2026 21:00:00,17.470431,78.566959,PM2.5,41.0,44.0,42.0,2026-09-05 16:37:06
India,Telangana,Hyderabad,"ECIL Kapra, Hyderabad - TSPCB",05-09-2026 21:00:00,17.470431,78.566959,NO2,6.0,16.0,12.0,2026-09-05 16:37:06
India,Telangana,Hyderabad,"Ramachandrapuram, Hyderabad - TSPCB",05-09-2026 21:00:00,17.528544,78.286195,NH3,3.0,4.0,3.0,2026-09-05 16:37:06
India,Telangana,Hyderabad,"Ramachandrapuram, Hyderabad - TSPCB",05-09-2026 21:00:00,17.528544,78.286195,OZONE,17.0,28.0,24.0,2026-09-05 16:37:06
India,Telangana,Hyderabad,"Kompally Municipal Office, Hyderabad - TSPCB",05-09-2026 21:00:00,17.544899,78.486949,PM10,53.0,69.0,59.0,2026-09-05 16:37:06
India,Telangana,Hyderabad,"Somajiguda, Hyderabad - TSPCB",05-09-2026 21:00:00,17.417094,78.457437,CO,12.0,46.0,29.0,2026-09-05 16:37:06
India,Telangana,Hyderabad,"IDA Pashamylaram, Hyderabad - TSPCB",05-09-2026 21:00:00,17.5316895,78.218939,NH3,1.0,1.0,1.0,2026-09-05 16:37:06
India,Telangana,Hyderabad,"Sanathnagar, Hyderabad - TSPCB",05-09-2026 21:00:00,17.4559458,78.4332152,PM10,,,,2026-09-05 16:37:06
India,Telangana,Hyderabad,"Sanathnagar, Hyderabad - TSPCB",05-09-2026 21:00:00,17.4559458,78.4332152,NH3,,,,2026-09-05 16:37:06
India,Telangana,Hyderabad,"Sanathnagar, Hyderabad - TSPCB",05-09-2026 21:00:00,17.4559458,78.4332152,CO,33.0,109.0,63.0,2026-09-05 16:37:06
India,Telangana,Hyderabad,"ICRISAT Patancheru, Hyderabad - TSPCB",05-09-2026 21:00:00,17.5184,78.278777,OZONE,28.0,88.0,71.0,2026-09-05 16:37:06
India,Tripura,Agartala,"Bardowali, Agartala - Tripura SPCB",05-09-2026 21:00:00,23.8175497,91.2726974,PM10,61.0,126.0,92.0,2026-09-05 16:37:06
India,Tripura,Agartala,"Bardowali, Agartala - Tripura SPCB",05-09-2026 21:00:00,23.8175497,91.2726974,NO2,13.0,14.0,13.0,2026-09-05 16:37:06
India,Tripura,Agartala,"Bardowali, Agartala - Tripura SPCB",05-09-2026 21:00:00,23.8175497,91.2726974,OZONE,2.0,5.0,3.0,2026-09-05 16:37:06
India,Uttar Pradesh,Agra,"Rohta, Agra - UPPCB",05-09-2026 21:00:00,27.106972,78.000111,PM10,21.0,117.0,36.0,2026-09-05 16:37:06
India,Uttar Pradesh,Agra,"Sector-3B Avas Vikas Colony, Agra - UPPCB",05-09-2026 21:00:00,27.19412,77.96237,NO2,35.0,35.0,35.0,2026-09-05 16:37:06
India,Uttar Pradesh,Agra,"Manoharpur, Agra - UPPCB",05-09-2026 21:00:00,27.23711,78.01936,PM10,51.0,82.0,65.0,2026-09-05 16:37:06
India,Uttar Pradesh,Agra,"Manoharpur, Agra - UPPCB",05-09-2026 21:00:00,27.23711,78.01936,SO2,13.0,17.0,14.0,2026-09-05 16:37:06
India,Uttar Pradesh,Agra,"Sanjay Palace, Agra - UPPCB",05-09-2026 21:00:00,27.19865833,78.00598056,PM2.5,2.0,52.0,22.0,2026-09-05 16:37:06
India,Uttar Pradesh,Agra,"Sanjay Palace, Agra - UPPCB",05-09-2026 21:00:00,27.19865833,78.00598056,NH3,,,,2026-09-05 16:37:06
India,Uttar Pradesh,Agra,"Shastripuram, Agra - UPPCB",05-09-2026 21:00:00,27.19862,77.92066,PM10,10.0,34.0,23.0,2026-09-05 16:37:06
India,Uttar Pradesh,Agra,"Shastripuram, Agra - UPPCB",05-09-2026 21:00:00,27.19862,77.92066,SO2,10.0,23.0,15.0,2026-09-05 16:37:06
India,Uttar Pradesh,Agra,"Shastripuram, Agra - UPPCB",05-09-2026 21:00:00,27.19862,77.92066,CO,52.0,58.0,56.0,2026-09-05 16:37:06
India,Uttar Pradesh,Agra,"Shastripuram, Agra - UPPCB",05-09-2026 21:00:00,27.19862,77.92066,OZONE,2.0,3.0,3.0,2026-09-05 16:37:06
India,Uttar Pradesh,Baghpat,"Sardar Patel Inter College, Baghpat - UPPCB",05-09-2026 21:00:00,28.964949,77.278761,NH3,1.0,3.0,2.0,2026-09-05 16:37:06
India,Uttar Pradesh,Baghpat,"Sardar Patel Inter College, Baghpat - UPPCB",05-09-2026 21:00:00,28.964949,77.278761,CO,13.0,30.0,20.0,2026-09-05 16:37:06
India,Uttar Pradesh,Baghpat,"Sardar Patel Inter College, Baghpat - UPPCB",05-09-2026 21:00:00,28.964949,77.278761,OZONE,26.0,36.0,31.0,2026-09-05 16:37:06
India,Uttar Pradesh,Bareilly,"Rajendra Nagar, Bareilly - UPPCB",05-09-2026 21:00:00,28.38910936,79.42963708,NO2,9.0,10.0,9.0,2026-09-05 16:37:06
India,Uttar Pradesh,Bareilly,"Rajendra Nagar, Bareilly - UPPCB",05-09-2026 21:00:00,28.38910936,79.42963708,CO,19.0,27.0,21.0,2026-09-05 16:37:06
India,Uttar Pradesh,Bareilly,"Rajendra Nagar, Bareilly - UPPCB",05-09-2026 21:00:00,28.38910936,79.42963708,OZONE,,,,2026-09-05 16:37:06
India,Uttar Pradesh,Bulandshahr,"Yamunapuram, Bulandshahr - UPPCB",05-09-2026 21:00:00,28.406963,77.849831,PM2.5,5.0,35.0,17.0,2026-09-05 16:37:06
India,Uttar Pradesh,Firozabad,"Nagla Bhau, Firozabad - UPPCB",05-09-2026 21:00:00,27.168897,78.37696,NO2,16.0,20.0,17.0,2026-09-05 16:37:06
India,Uttar Pradesh,Firozabad,"Nagla Bhau, Firozabad - UPPCB",05-09-2026 21:00:00,27.168897,78.37696,OZONE,10.0,19.0,11.0,2026-09-05 16:37:06
India,Uttar Pradesh,Firozabad,"Vibhab Nagar, Firozabad - UPPCB",05-09-2026 21:00:00,27.1594,78.3953,NO2,15.0,16.0,15.0,2026-09-05 16:37:06
India,Uttar Pradesh,Gajraula,"Rajanpur, Gajraula - UPPCB",05-09-2026 21:00:00,28.829109,78.248796,OZONE,3.0,9.0,5.0,2026-09-05 16:37:06
India,Uttar Pradesh,Ghaziabad,"Ved Vihar-Loni, Ghaziabad - UPPCB",05-09-2026 21:00:00,28.739153,77.273668,SO2,6.0,7.0,6.0,2026-09-05 16:37:06
India,Uttar Pradesh,Ghaziabad,"Indirapuram, Ghaziabad - UPPCB",05-09-2026 21:00:00,28.646233,77.358075,PM10,18.0,74.0,37.0,2026-09-05 16:37:06
India,Uttar Pradesh,Ghaziabad,"Vasundhara, Ghaziabad - UPPCB",05-09-2026 21:00:00,28.6603346,77.3572563,NO2,17.0,47.0,25.0,2026-09-05 16:37:06
India,Uttar Pradesh,Ghaziabad,"Vasundhara, Ghaziabad - UPPCB",05-09-2026 21:00:00,28.6603346,77.3572563,OZONE,36.0,39.0,37.0,2026-09-05 16:37:06
India,Uttar Pradesh,Ghaziabad,"Wave City, Ghaziabad - UPPCB",05-09-2026 21:00:00,28.646675,77.489049,CO,75.0,81.0,78.0,2026-09-05 16:37:06
India,Uttar Pradesh,Ghaziabad,"Loni, Ghaziabad - UPPCB",05-09-2026 21:00:00,28.757294,77.278792,PM2.5,2.0,37.0,12.0,2026-09-05 16:37:06
India,Uttar Pradesh,Ghaziabad,"Loni, Ghaziabad - UPPCB",05-09-2026 21:00:00,28.757294,77.278792,CO,42.0,52.0,47.0,2026-09-05 16:37:06
India,Uttar Pradesh,Ghaziabad,"Govindpuram, Ghaziabad - UPPCB",05-09-2026 21:00:00,28.694528,77.494705,PM2.5,4.0,12.0,7.0,2026-09-05 16:37:06
India,Uttar Pradesh,Gorakhpur,"Madan Mohan Malaviya University of Technology, Gorakhpur - UPPCB",05-09-2026 21:00:00,26.730136,83.433859,CO,3.0,6.0,5.0,2026-09-05 16:37:06
India,Uttar Pradesh,Greater Noida,"Knowledge Park - V, Greater Noida - UPPCB",05-09-2026 21:00:00,28.557054,77.453663,PM2.5,20.0,66.0,42.0,2026-09-05 16:37:06
India,Uttar Pradesh,Greater Noida,"Knowledge Park - V, Greater Noida - UPPCB",05-09-2026 21:00:00,28.557054,77.453663,NO2,24.0,54.0,32.0,2026-09-05 16:37:06
India,Uttar Pradesh,Greater Noida,"Knowledge Park - V, Greater Noida - UPPCB",05-09-2026 21:00:00,28.557054,77.453663,SO2,4.0,10.0,7.0,2026-09-05 16:37:06
India,Uttar Pradesh,Greater Noida,"Knowledge Park - III, Greater Noida - UPPCB",05-09-2026 21:00:00,28.47272,77.482,PM2.5,5.0,35.0,19.0,2026-09-05 16:37:06
India,Uttar Pradesh,Greater Noida,"Knowledge Park - III, Greater Noida - UPPCB",05-09-2026 21:00:00,28.47272,77.482,PM10,6.0,25.0,17.0,2026-09-05 16:37:06
India,Uttar Pradesh,Greater Noida,"Knowledge Park - III, Greater Noida - UPPCB",05-09-2026 21:00:00,28.47272,77.482,NO2,5.0,27.0,15.0,2026-09-05 16:37:06
India,Uttar Pradesh,Greater Noida,"Knowledge Park - III, Greater Noida - UPPCB",05-09-2026 21:00:00,28.47272,77.482,SO2,6.0,8.0,7.0,2026-09-05 16:37:06
India,Uttar Pradesh,Hapur,"Anand Vihar, Hapur - UPPCB",05-09-2026 21:00:00,28.725645,77.749675,SO2,3.0,15.0,10.0,2026-09-05 16:37:06
India,Uttar Pradesh,Hapur,"Anand Vihar, Hapur - UPPCB",05-09-2026 21:00:00,28.725645,77.749675,CO,29.0,35.0,32.0,2026-09-05 16:37:06
India,Uttar Pradesh,Jhansi,"Shivaji Nagar, Jhansi - UPPCB",05-09-2026 21:00:00,25.4547,78.6039,PM10,16.0,48.0,34.0,2026-09-05 16:37:06
India,Uttar Pradesh,Lucknow,"Kukrail Picnic Spot-1, Lucknow - UPPCB",05-09-2026 21:00:00,26.90723,80.98579,OZONE,10.0,11.0,10.0,2026-09-05 16:37:06
India,Uttar Pradesh,Mathura,"Pali Dungra, Mathura - UPPCB",05-09-2026 21:00:00,27.410954,77.550619,PM2.5,41.0,41.0,41.0,2026-09-05 16:37:06
India,Uttar Pradesh,Meerut,"Jai Bhim Nagar, Meerut - UPPCB",05-09-2026 21:00:00,28.9535882,77.7622941,NO2,4.0,15.0,9.0,2026-09-05 16:37:06
India,Uttar Pradesh,Meerut,"Jai Bhim Nagar, Meerut - UPPCB",05-09-2026 21:00:00,28.9535882,77.7622941,SO2,7.0,10.0,8.0,2026-09-05 16:37:06
India,Uttar Pradesh,Meerut,"Jai Bhim Nagar, Meerut - UPPCB",05-09-2026 21:00:00,28.9535882,77.7622941,CO,13.0,14.0,14.0,2026-09-05 16:37:06
India,Uttar Pradesh,Meerut,"MIET College, Meerut - UPPCB",05-09-2026 21:00:00,28.972677,77.641018,PM2.5,13.0,49.0,34.0,2026-09-05 16:37:06
India,Uttar Pradesh,Meerut,"MIET College, Meerut - UPPCB",05-09-2026 21:00:00,28.972677,77.641018,CO,36.0,62.0,47.0,2026-09-05 16:37:06
India,Uttar Pradesh,Meerut,"Ganga Nagar, Meerut - UPPCB",05-09-2026 21:00:00,28.999264,77.7590354,PM2.5,7.0,60.0,36.0,2026-09-05 16:37:06
India,Uttar Pradesh,Meerut,"Ganga Nagar, Meerut - UPPCB",05-09-2026 21:00:00,28.999264,77.7590354,PM10,21.0,68.0,41.0,2026-09-05 16:37:06
India,Uttar Pradesh,Meerut,"Ganga Nagar, Meerut - UPPCB",05-09-2026 21:00:00,28.999264,77.7590354,CO,36.0,41.0,39.0,2026-09-05 16:37:06
India,Uttar Pradesh,Modinagar,"SRM University, Modinagar - UPPCB",05-09-2026 21:00:00,28.798171,77.540243,PM10,,,,2026-09-05 16:37:06
India,Uttar Pradesh,Moradabad,"Eco Herbal Park, Moradabad - UPPCB",05-09-2026 21:00:00,28.840739,78.697531,CO,21.0,26.0,24.0,2026-09-05 16:37:06
India,Uttar Pradesh,Moradabad,"Buddhi Vihar, Moradabad - UPPCB",05-09-2026 21:00:00,28.83526,78.7446,PM2.5,11.0,68.0,27.0,2026-09-05 16:37:06
India,Uttar Pradesh,Moradabad,"Buddhi Vihar, Moradabad - UPPCB",05-09-2026 21:00:00,28.83526,78.7446,PM10,14.0,78.0,42.0,2026-09-05 16:37:06
India,Uttar Pradesh,Moradabad,"Buddhi Vihar, Moradabad - UPPCB",05-09-2026 21:00:00,28.83526,78.7446,CO,4.0,28.0,16.0,2026-09-05 16:37:06
India,Uttar Pradesh,Moradabad,"Buddhi Vihar, Moradabad - UPPCB",05-09-2026 21:00:00,28.83526,78.7446,OZONE,21.0,29.0,24.0,2026-09-05 16:37:06
India,Uttar Pradesh,Moradabad,"Jigar Colony, Moradabad - UPPCB",05-09-2026 21:00:00,28.856664,78.772638,PM10,10.0,43.0,31.0,2026-09-05 16:37:06
India,Uttar Pradesh,Raebareli,"Anand Nagar, Raebareli - UPPCB",05-09-2026 21:00:00,26.219512,81.237648,CO,82.0,84.0,82.0,2026-09-05 16:37:06
India,Uttar Pradesh,Raebareli,"Anand Nagar, Raebareli - UPPCB",05-09-2026 21:00:00,26.219512,81.237648,OZONE,54.0,71.0,68.0,2026-09-05 16:37:06
India,Uttar Pradesh,Raebareli," Indira Nagar, Raebareli - NTPC Unchahar",05-09-2026 21:00:00,26.207781,81.245571,PM10,63.0,99.0,83.0,2026-09-05 16:37:06
India,Uttar Pradesh,Raebareli," Indira Nagar, Raebareli - NTPC Unchahar",05-09-2026 21:00:00,26.207781,81.245571,OZONE,26.0,45.0,35.0,2026-09-05 16:37:06
India,Uttar Pradesh,Shamli,"New Tehsil, Shamli - UPPCB",05-09-2026 21:00:00,29.4603683,77.3410291,CO,23.0,69.0,48.0,2026-09-05 16:37:06
India,Uttar Pradesh,Shamli,"New Tehsil, Shamli - UPPCB",05-09-2026 21:00:00,29.4603683,77.3410291,OZONE,17.0,18.0,17.0,2026-09-05 16:37:06
India,Uttar Pradesh,Varanasi,"Bhelupur, Varanasi - UPPCB",05-09-2026 21:00:00,25.301778,82.996789,NH3,1.0,1.0,1.0,2026-09-05 16:37:06
India,Uttar Pradesh,Varanasi,"Ardhali Bazar, Varanasi - UPPCB",05-09-2026 21:00:00,25.3505986,82.9083074,OZONE,7.0,23.0,13.0,2026-09-05 16:37:06
India,Uttar Pradesh,Varanasi,"IESD Banaras Hindu University, Varanasi - UPPCB",05-09-2026 21:00:00,25.262326,82.995408,PM10,,,,2026-09-05 16:37:06
India,Uttar Pradesh,Vrindavan,"Omex Eternity, Vrindavan - UPPCB",05-09-2026 21:00:00,27.571409,77.655757,CO,4.0,21.0,11.0,2026-09-05 16:37:06
India,Uttar Pradesh,Vrindavan,"Omex Eternity, Vrindavan - UPPCB",05-09-2026 21:00:00,27.571409,77.655757,OZONE,16.0,16.0,16.0,2026-09-05 16:37:06
India,Uttarakhand,Dehradun,"Doon University, Dehradun - UKPCB",05-09-2026 21:00:00,30.269444,78.044167,PM2.5,3.0,48.0,27.0,2026-09-05 16:37:06
India,Uttar Pradesh,Moradabad,"Transport Nagar, Moradabad - UPPCB",05-09-2026 21:00:00,28.802625,78.753728,NH3,5.0,5.0,5.0,2026-09-05 16:37:06
India,Uttar Pradesh,Moradabad,"Transport Nagar, Moradabad - UPPCB",05-09-2026 21:00:00,28.802625,78.753728,SO2,20.0,21.0,21.0,2026-09-05 16:37:06
India,Uttar Pradesh,Moradabad,"Transport Nagar, Moradabad - UPPCB",05-09-2026 21:00:00,28.802625,78.753728,OZONE,1.0,62.0,10.0,2026-09-05 16:37:06
India,Uttar Pradesh,Moradabad,"Employment Office, Moradabad - UPPCB",05-09-2026 21:00:00,28.88528,78.7388,CO,11.0,14.0,12.0,2026-09-05 16:37:06
India,Uttar Pradesh,Muzaffarnagar,"New Mandi, Muzaffarnagar - UPPCB",05-09-2026 21:00:00,29.4723508,77.7194031,PM2.5,13.0,93.0,38.0,2026-09-05 16:37:06
India,Uttar Pradesh,Noida,"Sector - 125, Noida - UPPCB",05-09-2026 21:00:00,28.5447608,77.3231257,PM2.5,3.0,67.0,25.0,2026-09-05 16:37:06
India,Uttar Pradesh,Noida,"Sector - 125, Noida - UPPCB",05-09-2026 21:00:00,28.5447608,77.3231257,NH3,3.0,3.0,3.0,2026-09-05 16:37:06
India,Uttar Pradesh,Noida,"Sector - 62, Noida - IITM",05-09-2026 21:00:00,28.6245479,77.3577104,NO2,9.0,38.0,21.0,2026-09-05 16:37:06
India,Uttar Pradesh,Noida,"Sector-116, Noida - UPPCB",05-09-2026 21:00:00,28.56923,77.393848,OZONE,22.0,37.0,32.0,2026-09-05 16:37:06
India,Uttar Pradesh,Prayagraj,"Nagar Nigam, Prayagraj - UPPCB",05-09-2026 21:00:00,25.44919916,81.82735986,PM10,26.0,308.0,83.0,2026-09-05 16:37:06
India,Uttar Pradesh,Prayagraj,"Jhunsi, Prayagraj - UPPCB",05-09-2026 21:00:00,25.425602,81.917152,PM10,12.0,73.0,26.0,2026-09-05 16:37:06
India,West Bengal,Howrah,"Belur Math, Howrah - WBPCB",05-09-2026 21:00:00,22.629801,88.352017,NO2,26.0,64.0,40.0,2026-09-05 16:37:06
India,West Bengal,Howrah,"Botanical Garden, Howrah - WBPCB",05-09-2026 21:00:00,22.554954,88.292568,PM2.5,43.0,180.0,76.0,2026-09-05 16:37:06
India,West Bengal,Howrah,"Botanical Garden, Howrah - WBPCB",05-09-2026 21:00:00,22.554954,88.292568,SO2,2.0,4.0,3.0,2026-09-05 16:37:06
India,West Bengal,Howrah,"Botanical Garden, Howrah - WBPCB",05-09-2026 21:00:00,22.554954,88.292568,CO,13.0,76.0,34.0,2026-09-05 16:37:06
India,West Bengal,Howrah,"Ghusuri, Howrah - WBPCB",05-09-2026 21:00:00,22.611968,88.347422,OZONE,19.0,22.0,20.0,2026-09-05 16:37:06
India,West Bengal,Kolkata,"Bidhannagar, Kolkata - WBPCB",05-09-2026 21:00:00,22.58157048,88.41002457,PM2.5,16.0,55.0,38.0,2026-09-05 16:37:06
India,West Bengal,Kolkata,"Bidhannagar, Kolkata - WBPCB",05-09-2026 21:00:00,22.58157048,88.41002457,NH3,,,,2026-09-05 16:37:06
India,West Bengal,Kolkata,"Bidhannagar, Kolkata - WBPCB",05-09-2026 21:00:00,22.58157048,88.41002457,CO,24.0,38.0,29.0,2026-09-05 16:37:06
India,West Bengal,Kolkata,"Jadavpur, Kolkata - WBPCB",05-09-2026 21:00:00,22.49929,88.36917,PM2.5,43.0,84.0,62.0,2026-09-05 16:37:06
India,West Bengal,Kolkata,"Fort William, Kolkata - WBPCB",05-09-2026 21:00:00,22.55664,88.342674,PM10,43.0,75.0,56.0,2026-09-05 16:37:06
India,West Bengal,Kolkata,"Fort William, Kolkata - WBPCB",05-09-2026 21:00:00,22.55664,88.342674,NO2,13.0,42.0,21.0,2026-09-05 16:37:06
India,Uttar Pradesh,Kanpur,"NSI Kalyanpur, Kanpur - UPPCB",05-09-2026 21:00:00,26.509954,80.249612,PM10,28.0,75.0,50.0,2026-09-05 16:37:06
India,Uttar Pradesh,Kanpur,"NSI Kalyanpur, Kanpur - UPPCB",05-09-2026 21:00:00,26.509954,80.249612,CO,10.0,10.0,10.0,2026-09-05 16:37:06
India,Uttar Pradesh,Kanpur,"Nehru Nagar, Kanpur - UPPCB",05-09-2026 21:00:00,26.4703136,80.3229863,PM2.5,12.0,49.0,23.0,2026-09-05 16:37:06
India,Uttar Pradesh,Kanpur,"Nehru Nagar, Kanpur - UPPCB",05-09-2026 21:00:00,26.4703136,80.3229863,NO2,45.0,49.0,47.0,2026-09-05 16:37:06
India,Uttar Pradesh,Lucknow,"Talkatora District Industries Center, Lucknow - CPCB",05-09-2026 21:00:00,26.83399722,80.8917361,PM2.5,20.0,90.0,43.0,2026-09-05 16:37:06
India,Uttar Pradesh,Lucknow,"Talkatora District Industries Center, Lucknow - CPCB",05-09-2026 21:00:00,26.83399722,80.8917361,CO,35.0,53.0,46.0,2026-09-05 16:37:06
India,Uttar Pradesh,Lucknow,"Kendriya Vidyalaya, Lucknow - CPCB",05-09-2026 21:00:00,26.906111,80.948222,CO,33.0,48.0,38.0,2026-09-05 16:37:06
India,Uttar Pradesh,Lucknow,"Gomti Nagar, Lucknow - UPPCB",05-09-2026 21:00:00,26.86812,81.005119,NH3,,,,2026-09-05 16:37:06
India,Uttar Pradesh,Lucknow,"Gomti Nagar, Lucknow - UPPCB",05-09-2026 21:00:00,26.86812,81.005119,CO,39.0,40.0,40.0,2026-09-05 16:37:06
India,Uttar Pradesh,Lucknow,"B R Ambedkar University, Lucknow - UPPCB",05-09-2026 21:00:00,26.766433,80.927299,PM10,13.0,45.0,22.0,2026-09-05 16:37:06
India,Uttarakhand,Kashipur,"Govt. Girls Inter College, Kashipur - UKPCB",05-09-2026 21:00:00,29.2124114,78.9611753,OZONE,,,,2026-09-05 16:37:06
India,Uttarakhand,Rishikesh,"Shivaji Nagar, Rishikesh - UKPCB",05-09-2026 21:00:00,30.075911,78.2859547,CO,37.0,37.0,37.0,2026-09-05 16:37:06
India,West Bengal,Asansol,"Evelyn Lodge, Asansol - WBPCB",05-09-2026 21:00:00,23.697936,86.944395,SO2,77.0,78.0,78.0,2026-09-05 16:37:06
India,West Bengal,Asansol,"Mahabir Colliery, Asansol - WBPCB",05-09-2026 21:00:00,23.618183,87.105718,NO2,2.0,2.0,2.0,2026-09-05 16:37:06
India,West Bengal,Asansol,"Mahabir Colliery, Asansol - WBPCB",05-09-2026 21:00:00,23.618183,87.105718,SO2,8.0,9.0,9.0,2026-09-05 16:37:06
India,West Bengal,Barrackpore,"SVSPA Campus, Barrackpore - WBPCB",05-09-2026 21:00:00,22.7605581,88.3617589,NO2,9.0,23.0,17.0,2026-09-05 16:37:06
India,West Bengal,Durgapur,"Mahishkapur Road_B-Zone, Durgapur - WBPCB",05-09-2026 21:00:00,23.567923,87.306843,PM10,8.0,112.0,75.0,2026-09-05 16:37:06
India,West Bengal,Kolkata,"Victoria, Kolkata - WBPCB",05-09-2026 21:00:00,22.5448082,88.3403691,NO2,26.0,35.0,29.0,2026-09-05 16:37:06
India,Assam,Guwahati,"Pan Bazaar, Guwahati - PCBA",06-09-2026 11:00:00,26.1875,91.744194,NO2,1,2,2,2026-09-06 06:14:15
India,Assam,Guwahati,"Pan Bazaar, Guwahati - PCBA",06-09-2026 11:00:00,26.1875,91.744194,NH3,1,1,1,2026-09-06 06:14:15
India,Assam,Guwahati,"Pan Bazaar, Guwahati - PCBA",06-09-2026 11:00:00,26.1875,91.744194,OZONE,10,19,13,2026-09-06 06:14:15
India,Assam,Guwahati,"LGBI Airport, Guwahati - PCBA",06-09-2026 11:00:00,26.10887,91.589544,PM10,13,60,40,2026-09-06 06:14:15
India,Assam,Guwahati,"LGBI Airport, Guwahati - PCBA",06-09-2026 11:00:00,26.10887,91.589544,OZONE,11,12,12,2026-09-06 06:14:15
India,Assam,Guwahati,"Railway Colony, Guwahati - PCBA",06-09-2026 11:00:00,26.181742,91.78063,NH3,1,1,1,2026-09-06 06:14:15
India,Assam,Guwahati,"Railway Colony, Guwahati - PCBA",06-09-2026 11:00:00,26.181742,91.78063,CO,11,22,17,2026-09-06 06:14:15
India,Assam,Nagaon,"Christianpatty, Nagaon - PCBA",06-09-2026 11:00:00,26.349082,92.68449,PM10,35,87,57,2026-09-06 06:14:15
India,Assam,Nagaon,"Christianpatty, Nagaon - PCBA",06-09-2026 11:00:00,26.349082,92.68449,NH3,4,5,5,2026-09-06 06:14:15
India,Assam,Nalbari,"Bata Chowk, Nalbari - PCBA",06-09-2026 11:00:00,26.446912,91.439057,SO2,8,8,8,2026-09-06 06:14:15
India,Assam,Nalbari,"Bata Chowk, Nalbari - PCBA",06-09-2026 11:00:00,26.446912,91.439057,OZONE,19,19,19,2026-09-06 06:14:15
India,Assam,Sivasagar,"Girls College, Sivasagar - PCBA",06-09-2026 11:00:00,26.987634,94.636574,PM10,27,42,36,2026-09-06 06:14:15
India,Assam,Sivasagar,"Girls College, Sivasagar - PCBA",06-09-2026 11:00:00,26.987634,94.636574,NH3,2,4,3,2026-09-06 06:14:15
India,Assam,Sivasagar,"Girls College, Sivasagar - PCBA",06-09-2026 11:00:00,26.987634,94.636574,OZONE,8,48,20,2026-09-06 06:14:15
India,Bihar,Arrah,"New DM Office, Arrah - BSPCB",06-09-2026 11:00:00,25.5626095,84.663264,SO2,5,6,5,2026-09-06 06:14:15
India,Bihar,Arrah,"New DM Office, Arrah - BSPCB",06-09-2026 11:00:00,25.5626095,84.663264,CO,49,65,56,2026-09-06 06:14:15
India,Andhra Pradesh,Guntur,"Rajendra Nagar North, Guntur - APPCB",06-09-2026 11:00:00,16.316553,80.413302,CO,14,23,19,2026-09-06 06:14:15
India,Andhra Pradesh,Guntur,"Rajendra Nagar North, Guntur - APPCB",06-09-2026 11:00:00,16.316553,80.413302,OZONE,14,14,14,2026-09-06 06:14:15
India,Andhra Pradesh,Kadapa,"Yerramukkapalli, Kadapa - APPCB",06-09-2026 11:00:00,14.465052,78.824187,SO2,16,16,16,2026-09-06 06:14:15
India,Andhra Pradesh,Kadapa,"Yerramukkapalli, Kadapa - APPCB",06-09-2026 11:00:00,14.465052,78.824187,OZONE,40,40,40,2026-09-06 06:14:15
India,Andhra Pradesh,Kakinada,"Rama Rao Peta, Kakinada - APPCB",06-09-2026 11:00:00,16.962488,82.229513,PM10,21,51,37,2026-09-06 06:14:15
India,Andhra Pradesh,Kakinada,"Rama Rao Peta, Kakinada - APPCB",06-09-2026 11:00:00,16.962488,82.229513,NH3,3,4,3,2026-09-06 06:14:15
India,Andhra Pradesh,Kurnool,"Sita Rama Nagar, Kurnool - APPCB",06-09-2026 11:00:00,15.83411,78.028546,SO2,10,11,11,2026-09-06 06:14:15
India,Andhra Pradesh,Machilipatnam,"Srinivas Nagar Colony, Machilipatnam - APPCB",06-09-2026 11:00:00,16.186555,81.13219,PM2.5,33,56,48,2026-09-06 06:14:15
India,Andhra Pradesh,Machilipatnam,"Srinivas Nagar Colony, Machilipatnam - APPCB",06-09-2026 11:00:00,16.186555,81.13219,PM10,37,66,57,2026-09-06 06:14:15
India,Andhra Pradesh,Machilipatnam,"Srinivas Nagar Colony, Machilipatnam - APPCB",06-09-2026 11:00:00,16.186555,81.13219,SO2,10,20,16,2026-09-06 06:14:15
India,Andhra Pradesh,Nellore,"Ambedkar Nagar, Nellore - APPCB ",06-09-2026 11:00:00,14.438164,79.966814,SO2,18,20,19,2026-09-06 06:14:15
India,Andhra Pradesh,Rajamahendravaram,"Anand Kala Kshetram, Rajamahendravaram - APPCB",06-09-2026 11:00:00,16.9872867,81.7363176,NH3,2,3,3,2026-09-06 06:14:15
India,Andhra Pradesh,Tirumala,"Toll Gate, Tirumala - APPCB",06-09-2026 11:00:00,13.67,79.35,CO,17,31,23,2026-09-06 06:14:15
India,Chhattisgarh,Kunjemura,"OP Jindal School, Kunjemura - CECB",06-09-2026 11:00:00,22.12665,83.483212,PM2.5,16,60,38,2026-09-06 06:14:15
India,Chhattisgarh,Kunjemura,"OP Jindal School, Kunjemura - CECB",06-09-2026 11:00:00,22.12665,83.483212,PM10,55,179,105,2026-09-06 06:14:15
India,Chhattisgarh,Milupara,"Govt. Higher Secondary School, Milupara - CECB",06-09-2026 11:00:00,22.1910172,83.5197009,NO2,16,57,32,2026-09-06 06:14:15
India,Chhattisgarh,Milupara,"Govt. Higher Secondary School, Milupara - CECB",06-09-2026 11:00:00,22.1910172,83.5197009,SO2,13,22,16,2026-09-06 06:14:15
India,Chhattisgarh,Milupara,"Govt. Higher Secondary School, Milupara - CECB",06-09-2026 11:00:00,22.1910172,83.5197009,CO,13,37,26,2026-09-06 06:14:15
India,Chhattisgarh,Raipur,"Krishak Nagar, Raipur - CECB",06-09-2026 11:00:00,21.237755,81.705301,PM10,15,43,28,2026-09-06 06:14:15
India,Chhattisgarh,Raipur,"Siltara Phase-II, Raipur - CECB",06-09-2026 11:00:00,21.371751,81.664929,NH3,2,2,2,2026-09-06 06:14:15
India,Chhattisgarh,Raipur,"Siltara Phase-II, Raipur - CECB",06-09-2026 11:00:00,21.371751,81.664929,SO2,0,40,15,2026-09-06 06:14:15
India,Chhattisgarh,Raipur,"Siltara Phase-II, Raipur - CECB",06-09-2026 11:00:00,21.371751,81.664929,OZONE,2,3,3,2026-09-06 06:14:15
India,Chhattisgarh,Tumidih,"OP Jindal Industrial Park, Tumidih - CECB",06-09-2026 11:00:00,22.06631475,83.33820077,PM10,24,70,43,2026-09-06 06:14:15
India,Chhattisgarh,Tumidih,"OP Jindal Industrial Park, Tumidih - CECB",06-09-2026 11:00:00,22.06631475,83.33820077,NO2,16,62,34,2026-09-06 06:14:15
India,Delhi,Delhi,"ITO, Delhi - CPCB",06-09-2026 11:00:00,28.628624,77.24106,NH3,1,6,4,2026-09-06 06:14:15
India,Delhi,Delhi,"Narela, Delhi - DPCC",06-09-2026 11:00:00,28.822836,77.101981,OZONE,13,31,23,2026-09-06 06:14:15
India,Chandigarh,Chandigarh,"Sector 22, Chandigarh - CPCC",06-09-2026 11:00:00,30.735567,76.775714,OZONE,1,12,5,2026-09-06 06:14:15
India,Chandigarh,Chandigarh,"Sector-25, Chandigarh - CPCC",06-09-2026 11:00:00,30.751462,76.762879,PM2.5,10,33,17,2026-09-06 06:14:15
India,Chandigarh,Chandigarh,"Sector-25, Chandigarh - CPCC",06-09-2026 11:00:00,30.751462,76.762879,SO2,5,9,6,2026-09-06 06:14:15
India,Chandigarh,Chandigarh,"Sector-53, Chandigarh - CPCC",06-09-2026 11:00:00,30.719859,76.738637,PM2.5,3,23,9,2026-09-06 06:14:15
India,Chhattisgarh,Bhilai,"32Bungalows, Bhilai - CECB",06-09-2026 11:00:00,21.194815,81.31477,PM2.5,11,48,22,2026-09-06 06:14:15
India,Chhattisgarh,Bhilai,"32Bungalows, Bhilai - CECB",06-09-2026 11:00:00,21.194815,81.31477,NH3,3,5,4,2026-09-06 06:14:15
India,Chhattisgarh,Bhilai,"Civic Center, Bhilai - Bhilai Steel Plant",06-09-2026 11:00:00,21.185571,81.343175,PM2.5,2,24,10,2026-09-06 06:14:15
India,Chhattisgarh,Bhilai,"Civic Center, Bhilai - Bhilai Steel Plant",06-09-2026 11:00:00,21.185571,81.343175,NO2,15,16,15,2026-09-06 06:14:15
India,Chhattisgarh,Bilaspur,"Mangala, Bilaspur - NTPC",06-09-2026 11:00:00,22.08815,82.13737,NO2,19,23,22,2026-09-06 06:14:15
India,Chhattisgarh,Bilaspur,"Mangala, Bilaspur - NTPC",06-09-2026 11:00:00,22.08815,82.13737,NH3,NA,NA,NA,2026-09-06 06:14:15
India,Chhattisgarh,Chhal,"Nawapara SECL Colony, Chhal - CECB",06-09-2026 11:00:00,22.118125,83.140608,NO2,7,16,10,2026-09-06 06:14:15
India,Chhattisgarh,Korba,"Urja Nagar, Korba - CECB",06-09-2026 11:00:00,22.348441,82.549611,PM2.5,16,28,24,2026-09-06 06:14:15
India,Chhattisgarh,Korba,"Urja Nagar, Korba - CECB",06-09-2026 11:00:00,22.348441,82.549611,NO2,4,5,5,2026-09-06 06:14:15
India,Bihar,Begusarai,"Lohiyanagar, Begusarai - BSPCB",06-09-2026 11:00:00,25.42742023,86.13886079,OZONE,22,31,26,2026-09-06 06:14:15
India,Bihar,Bettiah,"Kamalnath Nagar, Bettiah - BSPCB",06-09-2026 11:00:00,26.80365,84.51954,OZONE,17,25,21,2026-09-06 06:14:15
India,Bihar,Bhagalpur,"Mayaganj, Bhagalpur - BSPCB",06-09-2026 11:00:00,25.265194,87.012947,PM2.5,13,446,114,2026-09-06 06:14:15
India,Bihar,Bhagalpur,"Mayaganj, Bhagalpur - BSPCB",06-09-2026 11:00:00,25.265194,87.012947,NO2,19,22,21,2026-09-06 06:14:15
India,Bihar,Bhagalpur,"DM Office_Kachari Chowk, Bhagalpur - BSPCB",06-09-2026 11:00:00,25.251013,86.989001,NH3,4,4,4,2026-09-06 06:14:15
India,Bihar,Bhagalpur,"DM Office_Kachari Chowk, Bhagalpur - BSPCB",06-09-2026 11:00:00,25.251013,86.989001,SO2,15,26,22,2026-09-06 06:14:15
India,Bihar,Bihar Sharif,"D M Colony, Bihar Sharif - BSPCB",06-09-2026 11:00:00,25.204762,85.51496,PM2.5,NA,NA,NA,2026-09-06 06:14:15
India,Bihar,Chhapra,"Darshan Nagar, Chhapra - BSPCB",06-09-2026 11:00:00,25.7808257,84.7446768,SO2,26,29,28,2026-09-06 06:14:15
India,Bihar,Gaya,"Collectorate, Gaya - BSPCB",06-09-2026 11:00:00,24.7955,84.9994,PM10,NA,NA,NA,2026-09-06 06:14:15
India,Bihar,Gaya,"SFTI Kusdihra, Gaya - BSPCB",06-09-2026 11:00:00,24.762518,84.982348,NO2,18,27,23,2026-09-06 06:14:15
India,Bihar,Gaya,"SFTI Kusdihra, Gaya - BSPCB",06-09-2026 11:00:00,24.762518,84.982348,SO2,8,10,9,2026-09-06 06:14:15
India,Andhra Pradesh,Tirupati,"Vaikuntapuram, Tirupati - APPCB",06-09-2026 11:00:00,13.615387,79.40923,PM2.5,48,51,50,2026-09-06 06:14:15
India,Andhra Pradesh,Tirupati,"Vaikuntapuram, Tirupati - APPCB",06-09-2026 11:00:00,13.615387,79.40923,CO,19,22,20,2026-09-06 06:14:15
India,Andhra Pradesh,Vijayawada,"Rajiv Nagar, Vijayawada - APPCB",06-09-2026 11:00:00,16.554731,80.64911,CO,20,20,20,2026-09-06 06:14:15
India,Andhra Pradesh,Vijayawada,"Rajiv Gandhi Park, Vijayawada - APPCB",06-09-2026 11:00:00,16.509717,80.612222,PM2.5,45,72,57,2026-09-06 06:14:15
India,Andhra Pradesh,Vijayawada,"Rajiv Gandhi Park, Vijayawada - APPCB",06-09-2026 11:00:00,16.509717,80.612222,NO2,17,39,31,2026-09-06 06:14:15
India,Andhra Pradesh,Vijayawada,"Rajiv Gandhi Park, Vijayawada - APPCB",06-09-2026 11:00:00,16.509717,80.612222,SO2,13,19,14,2026-09-06 06:14:15
India,Arunachal Pradesh,Naharlagun,"Naharlagun, Naharlagun - APSPCB",06-09-2026 11:00:00,27.103358,93.679645,NO2,8,8,8,2026-09-06 06:14:15
India,Arunachal Pradesh,Naharlagun,"Naharlagun, Naharlagun - APSPCB",06-09-2026 11:00:00,27.103358,93.679645,NH3,1,1,1,2026-09-06 06:14:15
India,Assam,Guwahati,"IITG, Guwahati - PCBA",06-09-2026 11:00:00,26.2028636,91.70046436,PM10,9,20,13,2026-09-06 06:14:15
India,Assam,Guwahati,"IITG, Guwahati - PCBA",06-09-2026 11:00:00,26.2028636,91.70046436,CO,73,76,75,2026-09-06 06:14:15
India,Bihar,Patna,"Rajbansi Nagar, Patna - BSPCB",06-09-2026 11:00:00,25.599486,85.113666,OZONE,27,28,28,2026-09-06 06:14:15
India,Bihar,Patna,"Govt. High School Shikarpur, Patna - BSPCB",06-09-2026 11:00:00,25.592539,85.227158,OZONE,21,66,36,2026-09-06 06:14:15
India,Bihar,Patna,"DRM Office Danapur, Patna - BSPCB",06-09-2026 11:00:00,25.586562,85.043586,PM10,38,63,50,2026-09-06 06:14:15
India,Bihar,Patna,"DRM Office Danapur, Patna - BSPCB",06-09-2026 11:00:00,25.586562,85.043586,NO2,20,26,23,2026-09-06 06:14:15
India,Bihar,Patna,"Samanpura, Patna - BSPCB",06-09-2026 11:00:00,25.596727,85.085624,NH3,4,5,5,2026-09-06 06:14:15
India,Bihar,Rajgir,"Dangi Tola, Rajgir - BSPCB",06-09-2026 11:00:00,25.0328,85.41948,CO,35,52,42,2026-09-06 06:14:15
India,Bihar,Saharsa,"Police Line, Saharsa - BSPCB",06-09-2026 11:00:00,25.892357,86.590325,NO2,6,8,7,2026-09-06 06:14:15
India,Bihar,Saharsa,"Police Line, Saharsa - BSPCB",06-09-2026 11:00:00,25.892357,86.590325,CO,41,47,44,2026-09-06 06:14:15
India,Bihar,Sasaram,"Dada Peer, Sasaram - BSPCB",06-09-2026 11:00:00,24.952822,84.002396,OZONE,NA,NA,NA,2026-09-06 06:14:15
India,Bihar,Katihar,"Mirchaibari, Katihar - BSPCB",06-09-2026 11:00:00,25.560083,87.553265,NO2,2,2,2,2026-09-06 06:14:15
India,Bihar,Kishanganj,"SDM Office_Khagra, Kishanganj - BSPCB",06-09-2026 11:00:00,26.0881305,87.93840336,SO2,6,9,7,2026-09-06 06:14:15
India,Bihar,Motihari,"Gandak Colony, Motihari - BSPCB",06-09-2026 11:00:00,26.63086,84.90051,PM2.5,13,100,29,2026-09-06 06:14:15
India,Bihar,Motihari,"Gandak Colony, Motihari - BSPCB",06-09-2026 11:00:00,26.63086,84.90051,NH3,1,1,1,2026-09-06 06:14:15
India,Bihar,Motihari,"Gandak Colony, Motihari - BSPCB",06-09-2026 11:00:00,26.63086,84.90051,SO2,2,7,3,2026-09-06 06:14:15
India,Bihar,Muzaffarpur,"Buddha Colony, Muzaffarpur - BSPCB",06-09-2026 11:00:00,26.11442,85.39813,PM2.5,49,84,68,2026-09-06 06:14:15
India,Bihar,Muzaffarpur,"Buddha Colony, Muzaffarpur - BSPCB",06-09-2026 11:00:00,26.11442,85.39813,CO,15,20,19,2026-09-06 06:14:15
India,Delhi,Delhi,"Major Dhyan Chand National Stadium, Delhi - DPCC",06-09-2026 11:00:00,28.611281,77.237738,PM10,2,61,32,2026-09-06 06:14:15
India,Delhi,Delhi,"Major Dhyan Chand National Stadium, Delhi - DPCC",06-09-2026 11:00:00,28.611281,77.237738,SO2,2,11,5,2026-09-06 06:14:15
India,Delhi,Delhi,"Sonia Vihar, Delhi - DPCC",06-09-2026 11:00:00,28.710508,77.249485,NO2,21,36,27,2026-09-06 06:14:15
India,Delhi,Delhi,"Bawana, Delhi - DPCC",06-09-2026 11:00:00,28.7762,77.051074,PM2.5,8,88,33,2026-09-06 06:14:15
India,Delhi,Delhi,"Bawana, Delhi - DPCC",06-09-2026 11:00:00,28.7762,77.051074,NO2,4,8,6,2026-09-06 06:14:15
India,Delhi,Delhi,"Rohini, Delhi - DPCC",06-09-2026 11:00:00,28.732528,77.11992,PM10,48,114,67,2026-09-06 06:14:15
India,Delhi,Delhi,"Vivek Vihar, Delhi - DPCC",06-09-2026 11:00:00,28.672342,77.31526,NO2,23,67,33,2026-09-06 06:14:15
India,Andhra Pradesh,Anantapur,"Gulzarpet, Anantapur - APPCB",06-09-2026 11:00:00,14.675886,77.593027,NH3,3,5,4,2026-09-06 06:14:15
India,Andhra Pradesh,Eluru,"District Court, Eluru - APPCB",06-09-2026 11:00:00,16.711754,81.092095,PM10,44,60,51,2026-09-06 06:14:15
India,Haryana,Bahadurgarh,"Arya Nagar, Bahadurgarh - HSPCB",06-09-2026 11:00:00,28.6701,76.9254,CO,25,29,27,2026-09-06 06:14:15
India,Haryana,Bhiwani,"H.B. Colony, Bhiwani - HSPCB",06-09-2026 11:00:00,28.806223,76.141105,PM10,NA,NA,NA,2026-09-06 06:14:15
India,Haryana,Bhiwani,"H.B. Colony, Bhiwani - HSPCB",06-09-2026 11:00:00,28.806223,76.141105,SO2,12,13,13,2026-09-06 06:14:15
India,Haryana,Bhiwani,"H.B. Colony, Bhiwani - HSPCB",06-09-2026 11:00:00,28.806223,76.141105,CO,47,48,48,2026-09-06 06:14:15
India,Haryana,Charkhi Dadri,"Mini Secretariat, Charkhi Dadri - HSPCB",06-09-2026 11:00:00,28.593883,76.270653,NH3,5,7,6,2026-09-06 06:14:15
India,Haryana,Charkhi Dadri,"Mini Secretariat, Charkhi Dadri - HSPCB",06-09-2026 11:00:00,28.593883,76.270653,OZONE,11,38,23,2026-09-06 06:14:15
India,Haryana,Dharuhera,"Municipal Corporation Office, Dharuhera -  HSPCB",06-09-2026 11:00:00,28.2068,76.7997,SO2,4,9,6,2026-09-06 06:14:15
India,Haryana,Faridabad,"New Industrial Town, Faridabad - HSPCB",06-09-2026 11:00:00,28.39072,77.30059,CO,21,23,22,2026-09-06 06:14:15
India,Haryana,Faridabad,"Sector 11, Faridabad - HSPCB",06-09-2026 11:00:00,28.376058,77.315741,PM10,58,166,93,2026-09-06 06:14:15
India,Haryana,Faridabad,"Sector 11, Faridabad - HSPCB",06-09-2026 11:00:00,28.376058,77.315741,NO2,29,33,31,2026-09-06 06:14:15
India,Haryana,Faridabad,"Sector 11, Faridabad - HSPCB",06-09-2026 11:00:00,28.376058,77.315741,CO,55,63,58,2026-09-06 06:14:15
India,Haryana,Faridabad,"Sector 30, Faridabad - HSPCB",06-09-2026 11:00:00,28.4417,77.3217,PM10,56,110,70,2026-09-06 06:14:15
India,Haryana,Faridabad,"Sector 30, Faridabad - HSPCB",06-09-2026 11:00:00,28.4417,77.3217,NO2,36,40,37,2026-09-06 06:14:15
India,Haryana,Fatehabad,"Huda Sector, Fatehabad - HSPCB",06-09-2026 11:00:00,29.503664,75.467934,PM2.5,26,87,63,2026-09-06 06:14:15
India,Haryana,Fatehabad,"Huda Sector, Fatehabad - HSPCB",06-09-2026 11:00:00,29.503664,75.467934,PM10,69,108,94,2026-09-06 06:14:15
India,Haryana,Fatehabad,"Huda Sector, Fatehabad - HSPCB",06-09-2026 11:00:00,29.503664,75.467934,NO2,17,20,19,2026-09-06 06:14:15
India,Haryana,Fatehabad,"Huda Sector, Fatehabad - HSPCB",06-09-2026 11:00:00,29.503664,75.467934,SO2,3,59,20,2026-09-06 06:14:15
India,Haryana,Gurugram,"Teri Gram, Gurugram - HSPCB",06-09-2026 11:00:00,28.4275,77.1465,SO2,6,17,10,2026-09-06 06:14:15
India,Haryana,Gurugram,"NISE Gwal Pahari, Gurugram - IITM",06-09-2026 11:00:00,28.422681,77.148944,PM2.5,7,78,46,2026-09-06 06:14:15
India,Haryana,Gurugram,"Sector-51, Gurugram - HSPCB",06-09-2026 11:00:00,28.4227,77.0667,PM2.5,32,90,54,2026-09-06 06:14:15
India,Gujarat,Gandhinagar,"GIFT City, Gandhinagar - IITM",06-09-2026 11:00:00,23.163798,72.677768,CO,12,23,19,2026-09-06 06:14:15
India,Gujarat,Mehsana,"Sadanand Nagar, Mehsana - Nexteng Enviro",06-09-2026 11:00:00,23.59315,72.372792,NO2,3,5,4,2026-09-06 06:14:15
India,Gujarat,Mehsana,"Sadanand Nagar, Mehsana - Nexteng Enviro",06-09-2026 11:00:00,23.59315,72.372792,SO2,14,15,15,2026-09-06 06:14:15
India,Gujarat,Nandesari,"GIDC, Nandesari - Nandesari Ind. Association",06-09-2026 11:00:00,22.410802,73.097923,NO2,2,319,31,2026-09-06 06:14:15
India,Gujarat,Nandesari,"GIDC, Nandesari - Nandesari Ind. Association",06-09-2026 11:00:00,22.410802,73.097923,OZONE,NA,NA,NA,2026-09-06 06:14:15
India,Gujarat,Rajkot,"Mavdi, Rajkot - Nexteng Enviro ",06-09-2026 11:00:00,22.248853,70.776774,NO2,3,10,5,2026-09-06 06:14:15
India,Gujarat,Rajkot,"Mavdi, Rajkot - Nexteng Enviro ",06-09-2026 11:00:00,22.248853,70.776774,SO2,8,12,10,2026-09-06 06:14:15
India,Gujarat,Rajkot,"Mavdi, Rajkot - Nexteng Enviro ",06-09-2026 11:00:00,22.248853,70.776774,CO,42,43,43,2026-09-06 06:14:15
India,Gujarat,Surat,"Science Center, Surat - SMC",06-09-2026 11:00:00,21.170046,72.795405,PM2.5,5,51,35,2026-09-06 06:14:15
India,Gujarat,Surat,"Science Center, Surat - SMC",06-09-2026 11:00:00,21.170046,72.795405,CO,35,38,36,2026-09-06 06:14:15
India,Gujarat,Surat,"Katargam, Surat - Nexteng Enviro",06-09-2026 11:00:00,21.217779,72.834787,NO2,0,17,8,2026-09-06 06:14:15
India,Gujarat,Surat,"Katargam, Surat - Nexteng Enviro",06-09-2026 11:00:00,21.217779,72.834787,OZONE,2,3,2,2026-09-06 06:14:15
India,Gujarat,Vadodara,"Bapunagar, Vadodara - Nexteng Enviro",06-09-2026 11:00:00,22.320153,73.216285,NO2,11,13,12,2026-09-06 06:14:15
India,Gujarat,Vapi,"Phase-1 GIDC, Vapi - GPCB",06-09-2026 11:00:00,20.362421,72.918013,OZONE,4,16,7,2026-09-06 06:14:15
India,Gujarat,Vatva,"Phase-4 GIDC, Vatva - GPCB",06-09-2026 11:00:00,22.969611,72.6435,PM10,99,165,133,2026-09-06 06:14:15
India,Gujarat,Vatva,"Phase-4 GIDC, Vatva - GPCB",06-09-2026 11:00:00,22.969611,72.6435,NO2,42,43,42,2026-09-06 06:14:15
India,Haryana,Ambala,"Patti Mehar, Ambala - HSPCB",06-09-2026 11:00:00,30.379589,76.778328,NO2,6,8,7,2026-09-06 06:14:15
India,Haryana,Ambala,"Patti Mehar, Ambala - HSPCB",06-09-2026 11:00:00,30.379589,76.778328,NH3,5,7,6,2026-09-06 06:14:15
India,Haryana,Ambala,"Patti Mehar, Ambala - HSPCB",06-09-2026 11:00:00,30.379589,76.778328,CO,15,39,27,2026-09-06 06:14:15
India,Delhi,Delhi,"Jahangirpuri, Delhi - DPCC",06-09-2026 11:00:00,28.73282,77.170633,CO,42,59,52,2026-09-06 06:14:15
India,Delhi,Delhi,"Jahangirpuri, Delhi - DPCC",06-09-2026 11:00:00,28.73282,77.170633,OZONE,17,17,17,2026-09-06 06:14:15
India,Delhi,Delhi,"IHBAS, Dilshad Garden, Delhi - CPCB",06-09-2026 11:00:00,28.6811736,77.3025234,SO2,8,22,16,2026-09-06 06:14:15
India,Delhi,Delhi,"Sri Aurobindo Marg, Delhi - DPCC",06-09-2026 11:00:00,28.531346,77.190156,NO2,17,34,25,2026-09-06 06:14:15
India,Delhi,Delhi,"Sri Aurobindo Marg, Delhi - DPCC",06-09-2026 11:00:00,28.531346,77.190156,OZONE,3,7,4,2026-09-06 06:14:15
India,Delhi,Delhi,"Nehru Nagar, Delhi - DPCC",06-09-2026 11:00:00,28.56789,77.250515,NH3,4,6,5,2026-09-06 06:14:15
India,Delhi,Delhi,"Patparganj, Delhi - DPCC",06-09-2026 11:00:00,28.623763,77.287209,NO2,12,45,26,2026-09-06 06:14:15
India,Delhi,Delhi,"Patparganj, Delhi - DPCC",06-09-2026 11:00:00,28.623763,77.287209,SO2,2,5,3,2026-09-06 06:14:15
India,Delhi,Delhi,"Jawaharlal Nehru Stadium, Delhi - DPCC",06-09-2026 11:00:00,28.58028,77.233829,NH3,5,6,6,2026-09-06 06:14:15
India,Delhi,Delhi,"Najafgarh, Delhi - DPCC",06-09-2026 11:00:00,28.570173,76.933762,PM10,1,45,20,2026-09-06 06:14:15
India,Delhi,Delhi,"Wazirpur, Delhi - DPCC",06-09-2026 11:00:00,28.699793,77.165453,SO2,25,27,25,2026-09-06 06:14:15
India,Delhi,Delhi,"NSUT Jaffarpur, Delhi - DPCC",06-09-2026 11:00:00,28.594004,76.909423,PM2.5,30,71,44,2026-09-06 06:14:15
India,Delhi,Delhi,"NSUT Jaffarpur, Delhi - DPCC",06-09-2026 11:00:00,28.594004,76.909423,CO,50,52,51,2026-09-06 06:14:15
India,Delhi,Delhi,"Mundka, Delhi - DPCC",06-09-2026 11:00:00,28.684678,77.076574,PM10,20,61,36,2026-09-06 06:14:15
India,Delhi,Delhi,"Punjabi Bagh, Delhi - DPCC",06-09-2026 11:00:00,28.674045,77.131023,PM2.5,3,68,38,2026-09-06 06:14:15
India,Delhi,Delhi,"Punjabi Bagh, Delhi - DPCC",06-09-2026 11:00:00,28.674045,77.131023,NH3,2,4,2,2026-09-06 06:14:15
India,Delhi,Delhi,"CRRI Mathura Road, Delhi - IITM",06-09-2026 11:00:00,28.5512005,77.2735737,PM2.5,8,81,37,2026-09-06 06:14:15
India,Delhi,Delhi,"CRRI Mathura Road, Delhi - IITM",06-09-2026 11:00:00,28.5512005,77.2735737,NH3,NA,NA,NA,2026-09-06 06:14:15
India,Delhi,Delhi,"CRRI Mathura Road, Delhi - IITM",06-09-2026 11:00:00,28.5512005,77.2735737,SO2,NA,NA,NA,2026-09-06 06:14:15
India,Delhi,Delhi,"CRRI Mathura Road, Delhi - IITM",06-09-2026 11:00:00,28.5512005,77.2735737,CO,28,44,34,2026-09-06 06:14:15
India,Delhi,Delhi,"Burari Crossing, Delhi - IITM",06-09-2026 11:00:00,28.7256504,77.2011573,PM2.5,9,51,34,2026-09-06 06:14:15
India,Delhi,Delhi,"IMD Lodhi Road, Delhi - IITM",06-09-2026 11:00:00,28.5918245,77.2273074,PM10,25,72,42,2026-09-06 06:14:15
India,Delhi,Delhi,"R K Puram, Delhi - DPCC",06-09-2026 11:00:00,28.563262,77.186937,PM2.5,NA,NA,NA,2026-09-06 06:14:15
India,Delhi,Delhi,"R K Puram, Delhi - DPCC",06-09-2026 11:00:00,28.563262,77.186937,PM10,15,105,62,2026-09-06 06:14:15
India,Delhi,Delhi,"R K Puram, Delhi - DPCC",06-09-2026 11:00:00,28.563262,77.186937,NO2,26,46,37,2026-09-06 06:14:15
India,Delhi,Delhi,"R K Puram, Delhi - DPCC",06-09-2026 11:00:00,28.563262,77.186937,SO2,15,18,17,2026-09-06 06:14:15
India,Gujarat,Ahmedabad,"SVPI Airport Hansol, Ahmedabad - IITM",06-09-2026 11:00:00,23.076793,72.627874,PM10,87,136,108,2026-09-06 06:14:15
India,Gujarat,Ahmedabad,"Rakhial, Ahmedabad - IITM",06-09-2026 11:00:00,23.016834,72.625775,SO2,13,17,15,2026-09-06 06:14:15
India,Delhi,Delhi,"Dwarka-Sector 8, Delhi - DPCC ",06-09-2026 11:00:00,28.5710274,77.0719006,SO2,12,19,15,2026-09-06 06:14:15
India,Delhi,Delhi,"IIT Delhi, Delhi - IITM",06-09-2026 11:00:00,28.54246,77.191651,PM2.5,16,78,37,2026-09-06 06:14:15
India,Delhi,Delhi,"IIT Delhi, Delhi - IITM",06-09-2026 11:00:00,28.54246,77.191651,NO2,18,35,25,2026-09-06 06:14:15
India,Delhi,Delhi,"IIT Delhi, Delhi - IITM",06-09-2026 11:00:00,28.54246,77.191651,CO,18,25,21,2026-09-06 06:14:15
India,Delhi,Delhi,"IGI Airport (T3), Delhi - IITM",06-09-2026 11:00:00,28.5627763,77.1180053,NO2,38,115,71,2026-09-06 06:14:15
India,Delhi,Delhi,"IGI Airport (T3), Delhi - IITM",06-09-2026 11:00:00,28.5627763,77.1180053,NH3,NA,NA,NA,2026-09-06 06:14:15
India,Delhi,Delhi,"IGI Airport (T3), Delhi - IITM",06-09-2026 11:00:00,28.5627763,77.1180053,OZONE,21,32,24,2026-09-06 06:14:15
India,Delhi,Delhi,"Commonwealth Sports Complex, Delhi - DPCC",06-09-2026 11:00:00,28.615828,77.271992,NO2,15,44,26,2026-09-06 06:14:15
India,Delhi,Delhi,"Talkatora Garden, Delhi - DPCC",06-09-2026 11:00:00,28.62181,77.1944633,PM2.5,24,83,52,2026-09-06 06:14:15
India,Delhi,Delhi,"Aya Nagar, Delhi - IITM",06-09-2026 11:00:00,28.4706914,77.1099364,PM10,8,81,45,2026-09-06 06:14:15
India,Delhi,Delhi,"Aya Nagar, Delhi - IITM",06-09-2026 11:00:00,28.4706914,77.1099364,NO2,13,30,21,2026-09-06 06:14:15
India,Delhi,Delhi,"Aya Nagar, Delhi - IITM",06-09-2026 11:00:00,28.4706914,77.1099364,SO2,NA,NA,NA,2026-09-06 06:14:15
India,Haryana,Manesar,"Sector-2 IMT, Manesar - HSPCB",06-09-2026 11:00:00,28.360699,76.93609,PM10,7,72,53,2026-09-06 06:14:15
India,Haryana,Manesar,"Sector-2 IMT, Manesar - HSPCB",06-09-2026 11:00:00,28.360699,76.93609,NO2,17,77,31,2026-09-06 06:14:15
India,Haryana,Manesar,"Sector-2 IMT, Manesar - HSPCB",06-09-2026 11:00:00,28.360699,76.93609,NH3,7,15,12,2026-09-06 06:14:15
India,Haryana,Narnaul,"Shastri Nagar, Narnaul - HSPCB",06-09-2026 11:00:00,28.060249,76.113115,CO,19,24,21,2026-09-06 06:14:15
India,Haryana,Palwal,"Shyam Nagar, Palwal - HSPCB",06-09-2026 11:00:00,28.1485564,77.3320667,PM2.5,22,54,29,2026-09-06 06:14:15
India,Haryana,Palwal,"Shyam Nagar, Palwal - HSPCB",06-09-2026 11:00:00,28.1485564,77.3320667,NO2,23,24,24,2026-09-06 06:14:15
India,Haryana,Palwal,"Shyam Nagar, Palwal - HSPCB",06-09-2026 11:00:00,28.1485564,77.3320667,SO2,0,29,13,2026-09-06 06:14:15
India,Haryana,Panchgaon,"Amity University, Panchgaon - IITM",06-09-2026 11:00:00,28.3153,76.9143,SO2,5,29,15,2026-09-06 06:14:15
India,Haryana,Panchkula,"Sector-6, Panchkula - HSPCB ",06-09-2026 11:00:00,30.7057778,76.8531805555555,PM2.5,14,43,24,2026-09-06 06:14:15
India,Haryana,Panchkula,"Sector-6, Panchkula - HSPCB ",06-09-2026 11:00:00,30.7057778,76.8531805555555,NO2,26,34,30,2026-09-06 06:14:15
India,Haryana,Panipat,"Sector-18, Panipat - HSPCB",06-09-2026 11:00:00,29.432304,76.972765,OZONE,41,43,42,2026-09-06 06:14:15
India,Delhi,Delhi,"Ashok Vihar, Delhi - DPCC",06-09-2026 11:00:00,28.695381,77.181665,NH3,4,7,6,2026-09-06 06:14:15
India,Delhi,Delhi,"Anand Vihar, Delhi - DPCC",06-09-2026 11:00:00,28.647622,77.315809,SO2,27,38,30,2026-09-06 06:14:15
India,Delhi,Delhi,"Mandir Marg, Delhi - DPCC",06-09-2026 11:00:00,28.636429,77.201067,SO2,6,10,8,2026-09-06 06:14:15
India,Delhi,Delhi,"Mandir Marg, Delhi - DPCC",06-09-2026 11:00:00,28.636429,77.201067,CO,48,60,53,2026-09-06 06:14:15
India,Delhi,Delhi,"Pusa, Delhi - DPCC",06-09-2026 11:00:00,28.639652,77.146275,CO,36,78,63,2026-09-06 06:14:15
India,Delhi,Delhi,"Chandni Chowk, Delhi - IITM",06-09-2026 11:00:00,28.656756,77.227234,NO2,7,17,11,2026-09-06 06:14:15
India,Delhi,Delhi,"Chandni Chowk, Delhi - IITM",06-09-2026 11:00:00,28.656756,77.227234,NH3,4,5,5,2026-09-06 06:14:15
India,Delhi,Delhi,"Pusa, Delhi - IITM",06-09-2026 11:00:00,28.63611,77.173332,NO2,49,107,69,2026-09-06 06:14:15
India,Delhi,Delhi,"DTU, Delhi - CPCB",06-09-2026 11:00:00,28.7500499,77.1112615,OZONE,11,13,12,2026-09-06 06:14:15
India,Delhi,Delhi,"Dwarka-Sector 8, Delhi - DPCC ",06-09-2026 11:00:00,28.5710274,77.0719006,PM2.5,12,60,36,2026-09-06 06:14:15
India,Gujarat,Ahmedabad,"Maninagar, Ahmedabad - GPCB",06-09-2026 11:00:00,23.002657,72.591912,NO2,23,41,35,2026-09-06 06:14:15
India,Gujarat,Ahmedabad,"SAC ISRO Bopal, Ahmedabad - IITM",06-09-2026 11:00:00,23.041137,72.456691,CO,23,32,27,2026-09-06 06:14:15
India,Gujarat,Ahmedabad,"SAC ISRO Bopal, Ahmedabad - IITM",06-09-2026 11:00:00,23.041137,72.456691,OZONE,12,14,13,2026-09-06 06:14:15
India,Gujarat,Ahmedabad,"Raikhad, Ahmedabad - IITM",06-09-2026 11:00:00,23.020509,72.579261,NH3,0,3,2,2026-09-06 06:14:15
India,Gujarat,Ankleshwar,"GIDC, Ankleshwar - GPCB",06-09-2026 11:00:00,21.613267,73.010555,PM2.5,35,89,51,2026-09-06 06:14:15
India,Gujarat,Bhavnagar,"Vidhyanagar, Bhavnagar - Nexteng Enviro",06-09-2026 11:00:00,21.755417,72.139056,NO2,39,49,45,2026-09-06 06:14:15
India,Gujarat,Gandhinagar,"GIFT City, Gandhinagar - IITM",06-09-2026 11:00:00,23.163798,72.677768,PM2.5,26,77,45,2026-09-06 06:14:15
India,Gujarat,Gandhinagar,"GIFT City, Gandhinagar - IITM",06-09-2026 11:00:00,23.163798,72.677768,NO2,13,24,16,2026-09-06 06:14:15
India,Gujarat,Gandhinagar,"GIFT City, Gandhinagar - IITM",06-09-2026 11:00:00,23.163798,72.677768,NH3,3,4,4,2026-09-06 06:14:15
India,Haryana,Gurugram,"Sector-51, Gurugram - HSPCB",06-09-2026 11:00:00,28.4227,77.0667,SO2,6,9,8,2026-09-06 06:14:15
India,Haryana,Gurugram,"Vikas Sadan, Gurugram - HSPCB",06-09-2026 11:00:00,28.4501238,77.0263051,SO2,NA,NA,NA,2026-09-06 06:14:15
India,Haryana,Gurugram,"Vikas Sadan, Gurugram - HSPCB",06-09-2026 11:00:00,28.4501238,77.0263051,CO,75,75,75,2026-09-06 06:14:15
India,Haryana,Hisar,"Urban Estate-II, Hisar - HSPCB",06-09-2026 11:00:00,29.14056,75.744941,NO2,NA,NA,NA,2026-09-06 06:14:15
India,Haryana,Kaithal,"Rishi Nagar, Kaithal - HSPCB",06-09-2026 11:00:00,29.8006,76.4155,OZONE,8,28,15,2026-09-06 06:14:15
India,Haryana,Kurukshetra,"Sector-7, Kurukshetra - HSPCB",06-09-2026 11:00:00,29.966942,76.875879,NO2,7,9,8,2026-09-06 06:14:15
India,Haryana,Kurukshetra,"Sector-7, Kurukshetra - HSPCB",06-09-2026 11:00:00,29.966942,76.875879,OZONE,5,21,10,2026-09-06 06:14:15
India,Haryana,Mandikhera,"General Hospital, Mandikhera(Nuh) - HSPCB",06-09-2026 11:00:00,27.9002,76.9938,PM2.5,49,99,62,2026-09-06 06:14:15
India,Karnataka,Vijayapura,"Ibrahimpur, Vijayapura - KSPCB",06-09-2026 11:00:00,16.802639,75.722694,SO2,3,6,3,2026-09-06 06:14:15
India,Kerala,Kannur,"Thavakkara, Kannur - Kerala PCB",06-09-2026 11:00:00,11.875,75.3732,PM2.5,71,82,76,2026-09-06 06:14:15
India,Kerala,Thiruvananthapuram,"Plammoodu, Thiruvananthapuram - Kerala PCB",06-09-2026 11:00:00,8.5149093,76.9435879,PM10,20,42,32,2026-09-06 06:14:15
India,Kerala,Thiruvananthapuram,"Plammoodu, Thiruvananthapuram - Kerala PCB",06-09-2026 11:00:00,8.5149093,76.9435879,NH3,1,1,1,2026-09-06 06:14:15
India,Kerala,Thiruvananthapuram,"Plammoodu, Thiruvananthapuram - Kerala PCB",06-09-2026 11:00:00,8.5149093,76.9435879,SO2,7,19,16,2026-09-06 06:14:15
India,Kerala,Thiruvananthapuram,"Kariavattom, Thiruvananthapuram - Kerala PCB",06-09-2026 11:00:00,8.5637,76.8865,PM10,28,128,77,2026-09-06 06:14:15
India,Kerala,Thrissur,"Corporation Ground, Thrissur - Kerala PCB",06-09-2026 11:00:00,10.5324,76.2159,PM2.5,38,72,50,2026-09-06 06:14:15
India,Madhya Pradesh,Bhopal,"Paryavaran Parisar, Bhopal - MPPCB",06-09-2026 11:00:00,23.210494,77.425409,NH3,2,2,2,2026-09-06 06:14:15
India,Madhya Pradesh,Bhopal,"Paryavaran Parisar, Bhopal - MPPCB",06-09-2026 11:00:00,23.210494,77.425409,SO2,4,7,6,2026-09-06 06:14:15
India,Madhya Pradesh,Bhopal,"Paryavaran Parisar, Bhopal - MPPCB",06-09-2026 11:00:00,23.210494,77.425409,OZONE,24,49,31,2026-09-06 06:14:15
India,Madhya Pradesh,Bhopal,"Idgah Hills, Bhopal - MPPCB",06-09-2026 11:00:00,23.264759,77.381568,PM2.5,8,42,27,2026-09-06 06:14:15
India,Madhya Pradesh,Bhopal,"Idgah Hills, Bhopal - MPPCB",06-09-2026 11:00:00,23.264759,77.381568,NH3,3,4,4,2026-09-06 06:14:15
India,Madhya Pradesh,Bhopal,"T T Nagar, Bhopal - MPPCB",06-09-2026 11:00:00,23.233584,77.400574,NH3,5,6,6,2026-09-06 06:14:15
India,Madhya Pradesh,Bhopal,"T T Nagar, Bhopal - MPPCB",06-09-2026 11:00:00,23.233584,77.400574,CO,7,12,9,2026-09-06 06:14:15
India,Madhya Pradesh,Damoh,"Shrivastav Colony, Damoh - MPPCB",06-09-2026 11:00:00,23.81748678,79.446246,CO,16,20,18,2026-09-06 06:14:15
India,Madhya Pradesh,Dewas,"Bhopal Chauraha, Dewas - MPPCB",06-09-2026 11:00:00,22.9682591,76.064118,PM2.5,21,64,35,2026-09-06 06:14:15
India,Madhya Pradesh,Dewas,"Bhopal Chauraha, Dewas - MPPCB",06-09-2026 11:00:00,22.9682591,76.064118,PM10,38,81,61,2026-09-06 06:14:15
India,Madhya Pradesh,Dewas,"Bhopal Chauraha, Dewas - MPPCB",06-09-2026 11:00:00,22.9682591,76.064118,NH3,2,3,2,2026-09-06 06:14:15
India,Madhya Pradesh,Jabalpur,"Govindh Bhavan Colony, Jabalpur - JMC",06-09-2026 11:00:00,23.163174,79.973061,NO2,62,67,64,2026-09-06 06:14:15
India,Madhya Pradesh,Jabalpur,"Suhagi, Jabalpur - JMC",06-09-2026 11:00:00,23.218135,79.95777,NO2,36,51,42,2026-09-06 06:14:15
India,Madhya Pradesh,Katni,"Gole Bazar, Katni - MPPCB",06-09-2026 11:00:00,23.50016,80.23284,PM10,18,72,49,2026-09-06 06:14:15
India,Madhya Pradesh,Katni,"Gole Bazar, Katni - MPPCB",06-09-2026 11:00:00,23.50016,80.23284,NH3,3,4,3,2026-09-06 06:14:15
India,Madhya Pradesh,Mandideep,"Sector-D Industrial Area, Mandideep - MPPCB",06-09-2026 11:00:00,23.10844,77.511428,PM2.5,35,74,52,2026-09-06 06:14:15
India,Madhya Pradesh,Mandideep,"Sector-D Industrial Area, Mandideep - MPPCB",06-09-2026 11:00:00,23.10844,77.511428,NO2,32,45,37,2026-09-06 06:14:15
India,Madhya Pradesh,Mandideep,"Sector-D Industrial Area, Mandideep - MPPCB",06-09-2026 11:00:00,23.10844,77.511428,NH3,2,3,3,2026-09-06 06:14:15
India,Madhya Pradesh,Pithampur,"Sector-2 Industrial Area, Pithampur - MPPCB",06-09-2026 11:00:00,22.624758,75.675238,OZONE,16,41,25,2026-09-06 06:14:15
India,Madhya Pradesh,Ratlam,"Shasthri Nagar, Ratlam - IPCA Lab",06-09-2026 11:00:00,23.331731,75.045981,PM10,26,89,45,2026-09-06 06:14:15
India,Madhya Pradesh,Ratlam,"Shasthri Nagar, Ratlam - IPCA Lab",06-09-2026 11:00:00,23.331731,75.045981,NO2,39,54,46,2026-09-06 06:14:15
India,Madhya Pradesh,Ratlam,"Shasthri Nagar, Ratlam - IPCA Lab",06-09-2026 11:00:00,23.331731,75.045981,NH3,NA,NA,NA,2026-09-06 06:14:15
India,Madhya Pradesh,Ratlam,"Shasthri Nagar, Ratlam - IPCA Lab",06-09-2026 11:00:00,23.331731,75.045981,CO,NA,NA,NA,2026-09-06 06:14:15
India,Madhya Pradesh,Satna,"Bandhavgar Colony, Satna - Birla Cement",06-09-2026 11:00:00,24.58434363,80.8549414,NH3,NA,NA,NA,2026-09-06 06:14:15
India,Madhya Pradesh,Ujjain,"Mahashweta Nagar, Ujjain - MPPCB",06-09-2026 11:00:00,23.1633321,75.800225,NO2,5,17,10,2026-09-06 06:14:15
India,Madhya Pradesh,Ujjain,"Mahashweta Nagar, Ujjain - MPPCB",06-09-2026 11:00:00,23.1633321,75.800225,SO2,2,6,4,2026-09-06 06:14:15
India,Maharashtra,Ahmednagar,"Tarakpur, Ahmednagar - MPCB",06-09-2026 11:00:00,19.10122,74.73339,PM2.5,5,22,11,2026-09-06 06:14:15
India,Karnataka,Gadag,"Panchal Nagar, Gadag - KSPCB",06-09-2026 11:00:00,15.411456,75.638133,NO2,23,26,24,2026-09-06 06:14:15
India,Karnataka,Gadag,"Panchal Nagar, Gadag - KSPCB",06-09-2026 11:00:00,15.411456,75.638133,SO2,30,35,32,2026-09-06 06:14:15
India,Karnataka,Gadag,"Panchal Nagar, Gadag - KSPCB",06-09-2026 11:00:00,15.411456,75.638133,OZONE,15,17,16,2026-09-06 06:14:15
India,Karnataka,Hubballi,"Lingaraj Nagar, Hubballi - KSPCB",06-09-2026 11:00:00,15.3714823,75.1160168,CO,9,15,12,2026-09-06 06:14:15
India,Karnataka,Hubballi,"Lingaraj Nagar, Hubballi - KSPCB",06-09-2026 11:00:00,15.3714823,75.1160168,OZONE,25,32,27,2026-09-06 06:14:15
India,Karnataka,Kalaburagi,"Mahatma Basaveswar Colony, Kalaburgi - KSPCB",06-09-2026 11:00:00,17.336318,76.847397,NO2,11,17,13,2026-09-06 06:14:15
India,Karnataka,Karwar,"KHB Colony, Karwar - KSPCB",06-09-2026 11:00:00,14.816666,74.141003,PM2.5,8,36,15,2026-09-06 06:14:15
India,Karnataka,Karwar,"KHB Colony, Karwar - KSPCB",06-09-2026 11:00:00,14.816666,74.141003,CO,NA,NA,NA,2026-09-06 06:14:15
India,Karnataka,Madikeri,"Stuart Hill, Madikeri - KSPCB",06-09-2026 11:00:00,12.415911,75.73505,NH3,1,1,1,2026-09-06 06:14:15
India,Karnataka,Mysuru,"Hebbal 1st Stage, Mysuru - KSPCB",06-09-2026 11:00:00,12.21041,76.37376,PM10,43,77,59,2026-09-06 06:14:15
India,Karnataka,Mysuru,"Hebbal 1st Stage, Mysuru - KSPCB",06-09-2026 11:00:00,12.21041,76.37376,NH3,3,5,4,2026-09-06 06:14:15
India,Karnataka,Ramanagara,"Vijay Nagar, Ramanagara - KSPCB",06-09-2026 11:00:00,12.733409,77.298051,PM2.5,8,41,17,2026-09-06 06:14:15
India,Karnataka,Shivamogga,"Vinoba Nagara, Shivamogga - KSPCB",06-09-2026 11:00:00,13.94,75.555917,PM10,50,51,50,2026-09-06 06:14:15
India,Karnataka,Shivamogga,"Vinoba Nagara, Shivamogga - KSPCB",06-09-2026 11:00:00,13.94,75.555917,OZONE,34,44,38,2026-09-06 06:14:15
India,Maharashtra,Beed,"Bir, Beed - MPCB",06-09-2026 11:00:00,18.988474,75.753873,NH3,3,4,3,2026-09-06 06:14:15
India,Maharashtra,Belapur,"CBD Belapur, Belapur - MPCB",06-09-2026 11:00:00,19.0243902,73.0406721,PM10,25,58,40,2026-09-06 06:14:15
India,Maharashtra,Belapur,"CBD Belapur, Belapur - MPCB",06-09-2026 11:00:00,19.0243902,73.0406721,NH3,0,4,2,2026-09-06 06:14:15
India,Maharashtra,Belapur,"CBD Belapur, Belapur - MPCB",06-09-2026 11:00:00,19.0243902,73.0406721,CO,20,29,24,2026-09-06 06:14:15
India,Maharashtra,Chandrapur,"MIDC Khutala, Chandrapur - MPCB",06-09-2026 11:00:00,19.9775302,79.2337086,CO,38,42,39,2026-09-06 06:14:15
India,Maharashtra,Chandrapur,"Chauhan Colony, Chandrapur - MPCB",06-09-2026 11:00:00,19.9629,79.298714,PM10,53,132,81,2026-09-06 06:14:15
India,Maharashtra,Dombivli,"Kalu Nagar, Dombivli - MPCB",06-09-2026 11:00:00,19.2268427,73.0788456,NO2,5,26,16,2026-09-06 06:14:15
India,Maharashtra,Hingoli,"Ashta Vinayak Nagar, Hingoli - MPCB",06-09-2026 11:00:00,19.710842,77.151824,NO2,3,23,9,2026-09-06 06:14:15
India,Maharashtra,Hingoli,"Ashta Vinayak Nagar, Hingoli - MPCB",06-09-2026 11:00:00,19.710842,77.151824,NH3,1,4,2,2026-09-06 06:14:15
India,Maharashtra,Hingoli,"Ashta Vinayak Nagar, Hingoli - MPCB",06-09-2026 11:00:00,19.710842,77.151824,SO2,3,12,5,2026-09-06 06:14:15
India,Maharashtra,Hingoli,"Ashta Vinayak Nagar, Hingoli - MPCB",06-09-2026 11:00:00,19.710842,77.151824,OZONE,8,32,16,2026-09-06 06:14:15
India,Maharashtra,Jalgaon,"Prabhat Colony, Jalgaon - MPCB",06-09-2026 11:00:00,21.001264,75.565602,PM2.5,26,78,42,2026-09-06 06:14:15
India,Maharashtra,Jalgaon,"Prabhat Colony, Jalgaon - MPCB",06-09-2026 11:00:00,21.001264,75.565602,PM10,22,68,43,2026-09-06 06:14:15
India,Maharashtra,Jalna,"Old MIDC, Jalna - MPCB",06-09-2026 11:00:00,19.854616,75.905894,OZONE,27,65,41,2026-09-06 06:14:15
India,Haryana,Sonipat,"Murthal, Sonipat - HSPCB",06-09-2026 11:00:00,29.0272,77.0621,PM2.5,21,62,36,2026-09-06 06:14:15
India,Haryana,Sonipat,"Murthal, Sonipat - HSPCB",06-09-2026 11:00:00,29.0272,77.0621,NO2,6,8,7,2026-09-06 06:14:15
India,Haryana,Yamuna Nagar,"Gobind Pura, Yamuna Nagar - HSPCB",06-09-2026 11:00:00,30.1480566,77.2893471,PM10,64,95,75,2026-09-06 06:14:15
India,Haryana,Yamuna Nagar,"Gobind Pura, Yamuna Nagar - HSPCB",06-09-2026 11:00:00,30.1480566,77.2893471,NO2,11,21,16,2026-09-06 06:14:15
India,Himachal Pradesh,Baddi,"HIMUDA Complex Phase-1, Baddi - HPPCB",06-09-2026 11:00:00,30.943887,76.801991,PM10,22,499,164,2026-09-06 06:14:15
India,Jammu and Kashmir,Pampore,"Khrew, Pampore - JKPCC",06-09-2026 11:00:00,34.031606,75.009712,OZONE,NA,NA,NA,2026-09-06 06:14:15
India,Jammu and Kashmir,Srinagar,"Rajbagh, Srinagar - JKPCC",06-09-2026 11:00:00,34.066206,74.81982,CO,12,19,15,2026-09-06 06:14:15
India,Jammu and Kashmir,Srinagar,"Khunmoh, Srinagar - JKPCC",06-09-2026 11:00:00,34.06313,74.96017,PM2.5,2,13,5,2026-09-06 06:14:15
India,Jammu and Kashmir,Srinagar,"Khunmoh, Srinagar - JKPCC",06-09-2026 11:00:00,34.06313,74.96017,PM10,45,168,84,2026-09-06 06:14:15
India,Jharkhand,Dhanbad,"Sardar Patel Nagar, Dhanbad - JSPCB",06-09-2026 11:00:00,23.80569,86.44268,NH3,NA,NA,NA,2026-09-06 06:14:15
India,Karnataka,Bengaluru,"Jigani, Bengaluru - KSPCB",06-09-2026 11:00:00,12.7816279,77.6299145,SO2,14,14,14,2026-09-06 06:14:15
India,Karnataka,Bengaluru,"Jigani, Bengaluru - KSPCB",06-09-2026 11:00:00,12.7816279,77.6299145,CO,26,26,26,2026-09-06 06:14:15
India,Karnataka,Bengaluru,"Hombegowda Nagar, Bengaluru - KSPCB",06-09-2026 11:00:00,12.938539,77.5901,SO2,1,14,7,2026-09-06 06:14:15
India,Karnataka,Bengaluru,"Hombegowda Nagar, Bengaluru - KSPCB",06-09-2026 11:00:00,12.938539,77.5901,CO,14,22,19,2026-09-06 06:14:15
India,Karnataka,Bengaluru,"Peenya, Bengaluru - CPCB",06-09-2026 11:00:00,13.0270199,77.494094,PM10,66,90,78,2026-09-06 06:14:15
India,Karnataka,Bengaluru,"Peenya, Bengaluru - CPCB",06-09-2026 11:00:00,13.0270199,77.494094,CO,31,38,34,2026-09-06 06:14:15
India,Karnataka,Bengaluru,"Hebbal, Bengaluru - KSPCB",06-09-2026 11:00:00,13.029152,77.585901,PM10,29,66,40,2026-09-06 06:14:15
India,Karnataka,Bengaluru,"Hebbal, Bengaluru - KSPCB",06-09-2026 11:00:00,13.029152,77.585901,OZONE,0,2,1,2026-09-06 06:14:15
India,Karnataka,Bengaluru,"Bapuji Nagar, Bengaluru - KSPCB",06-09-2026 11:00:00,12.951913,77.539784,PM2.5,18,85,35,2026-09-06 06:14:15
India,Karnataka,Bengaluru,"Bapuji Nagar, Bengaluru - KSPCB",06-09-2026 11:00:00,12.951913,77.539784,PM10,37,124,61,2026-09-06 06:14:15
India,Karnataka,Chikkamagaluru,"Kalyana Nagara, Chikkamagaluru - KSPCB",06-09-2026 11:00:00,13.328028,75.797056,OZONE,14,26,17,2026-09-06 06:14:15
India,Karnataka,Dharwad,"Kalabhavan, Dharwad - KSPCB",06-09-2026 11:00:00,15.459706,75.008381,PM2.5,48,56,51,2026-09-06 06:14:15
India,Karnataka,Dharwad,"Kalabhavan, Dharwad - KSPCB",06-09-2026 11:00:00,15.459706,75.008381,NH3,6,7,7,2026-09-06 06:14:15
India,Karnataka,Dharwad,"Kalabhavan, Dharwad - KSPCB",06-09-2026 11:00:00,15.459706,75.008381,SO2,7,9,8,2026-09-06 06:14:15
India,Maharashtra,Kalyan,"Pimpleshwar Mandir, Kalyan - MPCB",06-09-2026 11:00:00,19.192056,72.9585188,SO2,6,14,11,2026-09-06 06:14:15
India,Maharashtra,Kolhapur,"Sinchan Bhavan, Kolhapur - MPCB",06-09-2026 11:00:00,16.7143745,74.2426398,PM2.5,9,24,14,2026-09-06 06:14:15
India,Maharashtra,Kolhapur,"Sinchan Bhavan, Kolhapur - MPCB",06-09-2026 11:00:00,16.7143745,74.2426398,NO2,4,10,6,2026-09-06 06:14:15
India,Maharashtra,Kolhapur,"Sinchan Bhavan, Kolhapur - MPCB",06-09-2026 11:00:00,16.7143745,74.2426398,CO,5,16,9,2026-09-06 06:14:15
India,Maharashtra,Latur,"Sawe Wadi, Latur - MPCB",06-09-2026 11:00:00,18.39963,76.57452,SO2,4,6,5,2026-09-06 06:14:15
India,Maharashtra,Mahad,"Kamble Tarf Birwadi, Mahad - MPCB",06-09-2026 11:00:00,18.1023399,73.4783687,PM2.5,12,39,23,2026-09-06 06:14:15
India,Maharashtra,Mahad,"Kamble Tarf Birwadi, Mahad - MPCB",06-09-2026 11:00:00,18.1023399,73.4783687,OZONE,15,16,16,2026-09-06 06:14:15
India,Maharashtra,Mumbai,"Sion, Mumbai - MPCB",06-09-2026 11:00:00,19.047,72.8746,PM2.5,4,27,10,2026-09-06 06:14:15
India,Maharashtra,Mumbai,"Sion, Mumbai - MPCB",06-09-2026 11:00:00,19.047,72.8746,CO,20,20,20,2026-09-06 06:14:15
India,Maharashtra,Mumbai,"Borivali East, Mumbai - MPCB",06-09-2026 11:00:00,19.2243333,72.8658113,SO2,16,20,18,2026-09-06 06:14:15
India,Maharashtra,Mumbai,"Bandra Kurla Complex, Mumbai - MPCB",06-09-2026 11:00:00,19.065931,72.862131,PM2.5,10,35,25,2026-09-06 06:14:15
India,Maharashtra,Mumbai,"Bandra Kurla Complex, Mumbai - MPCB",06-09-2026 11:00:00,19.065931,72.862131,NO2,0,0,0,2026-09-06 06:14:15
India,Maharashtra,Akola,"Ramdaspeth, Akola - MPCB",06-09-2026 11:00:00,20.719516,77.000253,PM2.5,20,69,34,2026-09-06 06:14:15
India,Maharashtra,Akola,"Ramdaspeth, Akola - MPCB",06-09-2026 11:00:00,20.719516,77.000253,NO2,20,32,27,2026-09-06 06:14:15
India,Maharashtra,Akola,"Ramdaspeth, Akola - MPCB",06-09-2026 11:00:00,20.719516,77.000253,CO,21,28,24,2026-09-06 06:14:15
India,Maharashtra,Ambernath,"Chinchpada, Ambernath - MPCB",06-09-2026 11:00:00,19.215784,73.199781,CO,5,10,7,2026-09-06 06:14:15
India,Maharashtra,Amravati,"Shivneri Colony, Amravati - MPCB",06-09-2026 11:00:00,20.9402359,77.7895248,PM2.5,14,36,22,2026-09-06 06:14:15
India,Maharashtra,Aurangabad,"MIDC Chilkalthana, Aurangabad - MPCB",06-09-2026 11:00:00,19.87562,75.38731,NO2,6,13,10,2026-09-06 06:14:15
India,Maharashtra,Aurangabad,"MIDC Chilkalthana, Aurangabad - MPCB",06-09-2026 11:00:00,19.87562,75.38731,NH3,1,6,1,2026-09-06 06:14:15
India,Maharashtra,Aurangabad,"MIDC Chilkalthana, Aurangabad - MPCB",06-09-2026 11:00:00,19.87562,75.38731,SO2,2,9,6,2026-09-06 06:14:15
India,Maharashtra,Aurangabad,"Rachnakar Colony, Aurangabad - MPCB",06-09-2026 11:00:00,19.863756,75.321188,CO,18,22,20,2026-09-06 06:14:15
India,Maharashtra,Aurangabad,"More Chowk Waluj, Aurangabad - MPCB",06-09-2026 11:00:00,19.8389439,75.244448,NH3,7,8,7,2026-09-06 06:14:15
India,Maharashtra,Badlapur,"Katrap, Badlapur - MPCB",06-09-2026 11:00:00,19.16485,73.23409,OZONE,4,5,5,2026-09-06 06:14:15
India,Madhya Pradesh,Gwalior,"City Center, Gwalior - MPPCB",06-09-2026 11:00:00,26.203442,78.193251,SO2,14,48,31,2026-09-06 06:14:15
India,Madhya Pradesh,Gwalior,"City Center, Gwalior - MPPCB",06-09-2026 11:00:00,26.203442,78.193251,OZONE,41,62,53,2026-09-06 06:14:15
India,Madhya Pradesh,Indore,"Regional Park, Indore - IMC",06-09-2026 11:00:00,22.678,75.8559,NO2,NA,NA,NA,2026-09-06 06:14:15
India,Madhya Pradesh,Indore,"Chhoti Gwaltoli, Indore - MPPCB",06-09-2026 11:00:00,22.431,75.5213,NO2,32,75,62,2026-09-06 06:14:15
India,Madhya Pradesh,Indore,"Chhoti Gwaltoli, Indore - MPPCB",06-09-2026 11:00:00,22.431,75.5213,SO2,16,21,18,2026-09-06 06:14:15
India,Madhya Pradesh,Indore,"Airport Area, Indore - IMC",06-09-2026 11:00:00,22.7289,75.8076,NH3,0,0,0,2026-09-06 06:14:15
India,Madhya Pradesh,Indore,"Maguda Nagar, Indore - IMC",06-09-2026 11:00:00,22.7524,75.8872,PM2.5,5,36,26,2026-09-06 06:14:15
India,Madhya Pradesh,Indore,"Maguda Nagar, Indore - IMC",06-09-2026 11:00:00,22.7524,75.8872,NO2,1,4,3,2026-09-06 06:14:15
India,Madhya Pradesh,Indore,"Residency Area, Indore - IMC",06-09-2026 11:00:00,22.7084,75.8815,SO2,2,11,5,2026-09-06 06:14:15
India,Madhya Pradesh,Jabalpur,"Marhatal, Jabalpur - MPPCB",06-09-2026 11:00:00,23.168606,79.932247,PM10,9,28,18,2026-09-06 06:14:15
India,Maharashtra,Pimpri-Chinchwad,"Gavalinagar, Pimpri Chinchwad - MPCB",06-09-2026 11:00:00,18.63673,73.82487,OZONE,1,6,3,2026-09-06 06:14:15
India,Maharashtra,Pimpri-Chinchwad,"Bhosari, Pune - IITM",06-09-2026 11:00:00,18.640051,73.848956,NH3,NA,NA,NA,2026-09-06 06:14:15
India,Maharashtra,Pimpri-Chinchwad,"Bhosari, Pune - IITM",06-09-2026 11:00:00,18.640051,73.848956,SO2,NA,NA,NA,2026-09-06 06:14:15
India,Maharashtra,Pimpri-Chinchwad,"Bhumkar Nagar, Pune - IITM",06-09-2026 11:00:00,18.60577,73.749976,PM2.5,5,45,16,2026-09-06 06:14:15
India,Maharashtra,Pimpri-Chinchwad,"Bhumkar Nagar, Pune - IITM",06-09-2026 11:00:00,18.60577,73.749976,NO2,19,27,21,2026-09-06 06:14:15
India,Maharashtra,Pimpri-Chinchwad,"Thergaon, Pimpri Chinchwad - MPCB",06-09-2026 11:00:00,18.616318,73.765797,PM10,51,68,59,2026-09-06 06:14:15
India,Maharashtra,Pimpri-Chinchwad,"Transport Nagar-Nigdi, Pune - IITM",06-09-2026 11:00:00,18.664282,73.763966,PM2.5,15,59,34,2026-09-06 06:14:15
India,Maharashtra,Pimpri-Chinchwad,"Transport Nagar-Nigdi, Pune - IITM",06-09-2026 11:00:00,18.664282,73.763966,NO2,31,51,43,2026-09-06 06:14:15
India,Maharashtra,Pimpri-Chinchwad,"Transport Nagar-Nigdi, Pune - IITM",06-09-2026 11:00:00,18.664282,73.763966,NH3,NA,NA,NA,2026-09-06 06:14:15
India,Maharashtra,Pimpri-Chinchwad,"Transport Nagar-Nigdi, Pune - IITM",06-09-2026 11:00:00,18.664282,73.763966,SO2,NA,NA,NA,2026-09-06 06:14:15
India,Maharashtra,Pimpri-Chinchwad,"Transport Nagar-Nigdi, Pune - IITM",06-09-2026 11:00:00,18.664282,73.763966,CO,38,49,44,2026-09-06 06:14:15
India,Maharashtra,Pimpri-Chinchwad,"Transport Nagar-Nigdi, Pune - IITM",06-09-2026 11:00:00,18.664282,73.763966,OZONE,4,9,6,2026-09-06 06:14:15
India,Maharashtra,Pimpri-Chinchwad,"Park Street Wakad, Pimpri Chinchwad - MPCB",06-09-2026 11:00:00,18.59051,73.77946,NH3,2,3,3,2026-09-06 06:14:15
India,Maharashtra,Pune,"Katraj Dairy, Pune - MPCB",06-09-2026 11:00:00,18.45445,73.854155,PM2.5,21,34,25,2026-09-06 06:14:15
India,Maharashtra,Pune,"Katraj Dairy, Pune - MPCB",06-09-2026 11:00:00,18.45445,73.854155,PM10,36,59,45,2026-09-06 06:14:15
India,Maharashtra,Pune,"Revenue Colony-Shivajinagar, Pune - IITM",06-09-2026 11:00:00,18.530085,73.849598,PM2.5,15,54,28,2026-09-06 06:14:15
India,Maharashtra,Pune,"Revenue Colony-Shivajinagar, Pune - IITM",06-09-2026 11:00:00,18.530085,73.849598,NO2,9,20,14,2026-09-06 06:14:15
India,Maharashtra,Pune,"Revenue Colony-Shivajinagar, Pune - IITM",06-09-2026 11:00:00,18.530085,73.849598,CO,56,84,72,2026-09-06 06:14:15
India,Odisha,Brajrajnagar,"GM Office, Brajrajnagar - OSPCB",06-09-2026 11:00:00,21.8004996,83.8396977,PM2.5,19,191,85,2026-09-06 06:14:15
India,Odisha,Byasanagar,"Ferro Chrome Colony, Byasanagar - OSPCB",06-09-2026 11:00:00,20.94185,86.1151,SO2,8,18,13,2026-09-06 06:14:15
India,Odisha,Byasanagar,"Ferro Chrome Colony, Byasanagar - OSPCB",06-09-2026 11:00:00,20.94185,86.1151,CO,39,54,46,2026-09-06 06:14:15
India,Odisha,Cuttack,"CDA Area, Cuttack - OSPCB",06-09-2026 11:00:00,20.48891,85.84768,OZONE,9,59,30,2026-09-06 06:14:15
India,Odisha,Keonjhar,"Jagamohanpur, Keonjhar - OSPCB",06-09-2026 11:00:00,21.6439,85.599355,PM2.5,19,57,34,2026-09-06 06:14:15
India,Odisha,Keonjhar,"Jagamohanpur, Keonjhar - OSPCB",06-09-2026 11:00:00,21.6439,85.599355,NO2,12,17,14,2026-09-06 06:14:15
India,Odisha,Keonjhar,"Jagamohanpur, Keonjhar - OSPCB",06-09-2026 11:00:00,21.6439,85.599355,CO,39,41,40,2026-09-06 06:14:15
India,Odisha,Keonjhar,"Jagamohanpur, Keonjhar - OSPCB",06-09-2026 11:00:00,21.6439,85.599355,OZONE,7,18,10,2026-09-06 06:14:15
India,Odisha,Nayagarh,"Dabuna, Nayagarh - OSPCB",06-09-2026 11:00:00,21.847279,85.416905,PM2.5,26,61,43,2026-09-06 06:14:15
India,Odisha,Nayagarh,"Dabuna, Nayagarh - OSPCB",06-09-2026 11:00:00,21.847279,85.416905,CO,11,17,14,2026-09-06 06:14:15
India,Odisha,Rairangpur,"Divisional Forest Office, Rairangpur - OSPCB",06-09-2026 11:00:00,22.265816,86.174829,PM2.5,25,61,39,2026-09-06 06:14:15
India,Odisha,Rourkela,"Sector-2, Rourkela - OSPCB",06-09-2026 11:00:00,22.245,84.88111111,CO,10,10,10,2026-09-06 06:14:15
India,Odisha,Rourkela,"Raghunathpali, Rourkela - OSPCB",06-09-2026 11:00:00,22.220833,84.809444,NO2,9,9,9,2026-09-06 06:14:15
India,Odisha,Rourkela,"Raghunathpali, Rourkela - OSPCB",06-09-2026 11:00:00,22.220833,84.809444,CO,33,47,39,2026-09-06 06:14:15
India,Odisha,Rourkela,"Fertilizer Township, Rourkela - OSPCB",06-09-2026 11:00:00,22.18972222,84.86277778,PM2.5,NA,NA,NA,2026-09-06 06:14:15
India,Odisha,Rourkela,"Fertilizer Township, Rourkela - OSPCB",06-09-2026 11:00:00,22.18972222,84.86277778,PM10,NA,NA,NA,2026-09-06 06:14:15
India,Maharashtra,Pune,"Mhada Colony, Pune - IITM",06-09-2026 11:00:00,18.57304,73.927715,NO2,13,37,23,2026-09-06 06:14:15
India,Maharashtra,Pune,"Panchawati_Pashan, Pune - IITM",06-09-2026 11:00:00,18.536457,73.805454,NO2,5,13,9,2026-09-06 06:14:15
India,Maharashtra,Pune,"Panchawati_Pashan, Pune - IITM",06-09-2026 11:00:00,18.536457,73.805454,NH3,NA,NA,NA,2026-09-06 06:14:15
India,Maharashtra,Pune,"Panchawati_Pashan, Pune - IITM",06-09-2026 11:00:00,18.536457,73.805454,SO2,NA,NA,NA,2026-09-06 06:14:15
India,Maharashtra,Pune,"Panchawati_Pashan, Pune - IITM",06-09-2026 11:00:00,18.536457,73.805454,OZONE,NA,NA,NA,2026-09-06 06:14:15
India,Maharashtra,Pune,"Savitribai Phule Pune University, Pune - MPCB",06-09-2026 11:00:00,18.547056,73.826908,NH3,2,4,3,2026-09-06 06:14:15
India,Maharashtra,Pune,"Savitribai Phule Pune University, Pune - MPCB",06-09-2026 11:00:00,18.547056,73.826908,CO,30,35,32,2026-09-06 06:14:15
India,Maharashtra,Sangli,"Vijay Nagar, Sangli - MPCB",06-09-2026 11:00:00,16.5038,74.3623,NH3,1,3,2,2026-09-06 06:14:15
India,Maharashtra,Satara,"Koyana Nagar, Satara - MPCB",06-09-2026 11:00:00,17.696651,74.003387,PM10,22,101,54,2026-09-06 06:14:15
India,Maharashtra,Satara,"Koyana Nagar, Satara - MPCB",06-09-2026 11:00:00,17.696651,74.003387,CO,10,19,15,2026-09-06 06:14:15
India,Maharashtra,Solapur,"Dnyaneshwar Nagar, Solapur - MPCB",06-09-2026 11:00:00,17.6336264,75.9132495,PM10,21,58,39,2026-09-06 06:14:15
India,Maharashtra,Thane,"Upvan Fort, Thane - MPCB",06-09-2026 11:00:00,19.222279,72.957979,OZONE,1,7,3,2026-09-06 06:14:15
India,Maharashtra,Thane,"Kasarvadavali, Thane - MPCB",06-09-2026 11:00:00,19.26777,72.97182,NO2,10,22,16,2026-09-06 06:14:15
India,Maharashtra,Ulhasnagar,"Vithalwadi, Ulhasnagar - MPCB",06-09-2026 11:00:00,19.2307571,73.155192,PM10,18,56,37,2026-09-06 06:14:15
India,Maharashtra,Nashik,"Gangapur Road, Nashik - MPCB",06-09-2026 11:00:00,20.0073285,73.7762427,OZONE,19,20,19,2026-09-06 06:14:15
India,Maharashtra,Nashik,"Pandav Nagari, Nashik - MPCB",06-09-2026 11:00:00,19.9591346,73.7788008,CO,10,13,11,2026-09-06 06:14:15
India,Maharashtra,Nashik,"MIDC Ambad, Nashik - MPCB",06-09-2026 11:00:00,19.95022,73.73148,CO,14,17,15,2026-09-06 06:14:15
India,Maharashtra,Navi Mumbai,"Kopripada-Vashi, Navi Mumbai - MPCB",06-09-2026 11:00:00,19.090337,73.014232,PM2.5,9,48,20,2026-09-06 06:14:15
India,Maharashtra,Navi Mumbai,"Kopripada-Vashi, Navi Mumbai - MPCB",06-09-2026 11:00:00,19.090337,73.014232,NO2,5,11,8,2026-09-06 06:14:15
India,Maharashtra,Navi Mumbai,"Tondare-Taloja, Navi Mumbai - MPCB",06-09-2026 11:00:00,19.063,73.1209,OZONE,19,20,20,2026-09-06 06:14:15
India,Maharashtra,Navi Mumbai,"Sanpada, Navi Mumbai - MPCB",06-09-2026 11:00:00,19.0575752,73.0151367,PM10,23,42,30,2026-09-06 06:14:15
India,Maharashtra,Navi Mumbai,"Sanpada, Navi Mumbai - MPCB",06-09-2026 11:00:00,19.0575752,73.0151367,SO2,8,10,9,2026-09-06 06:14:15
India,Maharashtra,Navi Mumbai,"Sector-2E Kalamboli, Navi Mumbai - MPCB",06-09-2026 11:00:00,19.02579,73.10297,NO2,NA,NA,NA,2026-09-06 06:14:15
India,Maharashtra,Navi Mumbai,"Mahape, Navi Mumbai - MPCB",06-09-2026 11:00:00,19.1135051,73.008978,PM2.5,8,37,18,2026-09-06 06:14:15
India,Maharashtra,Navi Mumbai,"Mahape, Navi Mumbai - MPCB",06-09-2026 11:00:00,19.1135051,73.008978,NH3,1,1,1,2026-09-06 06:14:15
India,Maharashtra,Navi Mumbai,"Mahape, Navi Mumbai - MPCB",06-09-2026 11:00:00,19.1135051,73.008978,SO2,13,14,14,2026-09-06 06:14:15
India,Maharashtra,Parbhani,"Masoom Colony, Parbhani - MPCB",06-09-2026 11:00:00,19.265594,76.761463,PM2.5,5,15,9,2026-09-06 06:14:15
India,Maharashtra,Parbhani,"Masoom Colony, Parbhani - MPCB",06-09-2026 11:00:00,19.265594,76.761463,CO,10,14,12,2026-09-06 06:14:15
India,Maharashtra,Mumbai,"Deonar, Mumbai - IITM",06-09-2026 11:00:00,19.04946,72.923,CO,23,45,33,2026-09-06 06:14:15
India,Maharashtra,Mumbai,"Chhatrapati Shivaji Intl. Airport (T2), Mumbai - MPCB",06-09-2026 11:00:00,19.10078,72.87462,PM10,8,40,26,2026-09-06 06:14:15
India,Maharashtra,Mumbai,"Chhatrapati Shivaji Intl. Airport (T2), Mumbai - MPCB",06-09-2026 11:00:00,19.10078,72.87462,SO2,7,8,7,2026-09-06 06:14:15
India,Maharashtra,Mumbai,"Chhatrapati Shivaji Intl. Airport (T2), Mumbai - MPCB",06-09-2026 11:00:00,19.10078,72.87462,OZONE,NA,NA,NA,2026-09-06 06:14:15
India,Maharashtra,Mumbai,"Powai, Mumbai - MPCB",06-09-2026 11:00:00,19.1375,72.915056,SO2,12,12,12,2026-09-06 06:14:15
India,Maharashtra,Nagpur,"Mahal, Nagpur - MPCB",06-09-2026 11:00:00,21.14472,79.107595,NO2,10,18,13,2026-09-06 06:14:15
India,Maharashtra,Nagpur,"Mahal, Nagpur - MPCB",06-09-2026 11:00:00,21.14472,79.107595,NH3,3,5,4,2026-09-06 06:14:15
India,Maharashtra,Nagpur,"Ram Nagar, Nagpur - MPCB",06-09-2026 11:00:00,21.143383,79.048912,PM10,31,54,40,2026-09-06 06:14:15
India,Maharashtra,Nagpur,"Ram Nagar, Nagpur - MPCB",06-09-2026 11:00:00,21.143383,79.048912,NO2,4,12,7,2026-09-06 06:14:15
India,Maharashtra,Nagpur,"Opp GPO Civil Lines, Nagpur - MPCB",06-09-2026 11:00:00,21.152875,79.0517531,PM2.5,17,54,28,2026-09-06 06:14:15
India,Maharashtra,Nagpur,"Opp GPO Civil Lines, Nagpur - MPCB",06-09-2026 11:00:00,21.152875,79.0517531,PM10,19,57,36,2026-09-06 06:14:15
India,Maharashtra,Nagpur,"Ambazari, Nagpur - MPCB",06-09-2026 11:00:00,21.121801,79.04952,PM10,34,62,45,2026-09-06 06:14:15
India,Maharashtra,Nagpur,"Ambazari, Nagpur - MPCB",06-09-2026 11:00:00,21.121801,79.04952,CO,11,28,19,2026-09-06 06:14:15
India,Maharashtra,Nanded,"Sneh Nagar, Nanded - MPCB",06-09-2026 11:00:00,19.173852,77.296291,PM10,22,60,42,2026-09-06 06:14:15
India,Maharashtra,Mumbai,"Kandivali West, Mumbai - BMC",06-09-2026 11:00:00,19.215859,72.831718,PM10,27,45,33,2026-09-06 06:14:15
India,Maharashtra,Mumbai,"Kandivali West, Mumbai - BMC",06-09-2026 11:00:00,19.215859,72.831718,SO2,0,3,1,2026-09-06 06:14:15
India,Maharashtra,Mumbai,"Sewri, Mumbai - BMC",06-09-2026 11:00:00,19.000084,72.85673,NO2,11,49,27,2026-09-06 06:14:15
India,Maharashtra,Mumbai,"Sewri, Mumbai - BMC",06-09-2026 11:00:00,19.000084,72.85673,SO2,0,8,3,2026-09-06 06:14:15
India,Maharashtra,Mumbai,"Khindipada-Bhandup West, Mumbai - IITM",06-09-2026 11:00:00,19.1653323,72.922099,NO2,8,14,11,2026-09-06 06:14:15
India,Maharashtra,Mumbai,"Khindipada-Bhandup West, Mumbai - IITM",06-09-2026 11:00:00,19.1653323,72.922099,SO2,1,17,8,2026-09-06 06:14:15
India,Maharashtra,Mumbai,"Malad West, Mumbai - IITM",06-09-2026 11:00:00,19.19709,72.82204,NH3,1,4,2,2026-09-06 06:14:15
India,Maharashtra,Mumbai,"Mazgaon, Mumbai - IITM",06-09-2026 11:00:00,18.96702,72.84214,NH3,3,6,5,2026-09-06 06:14:15
India,Maharashtra,Mumbai,"Chakala-Andheri East, Mumbai - IITM",06-09-2026 11:00:00,19.11074,72.86084,SO2,1,5,3,2026-09-06 06:14:15
India,Maharashtra,Mumbai,"Bandra Kurla Complex, Mumbai - IITM",06-09-2026 11:00:00,19.053536,72.84643,SO2,3,5,4,2026-09-06 06:14:15
India,Maharashtra,Mumbai,"Kurla, Mumbai - MPCB",06-09-2026 11:00:00,19.0863,72.8888,OZONE,28,29,28,2026-09-06 06:14:15
India,Maharashtra,Mumbai,"Deonar, Mumbai - IITM",06-09-2026 11:00:00,19.04946,72.923,PM2.5,9,36,17,2026-09-06 06:14:15
India,Maharashtra,Mumbai,"Bandra Kurla Complex, Mumbai - MPCB",06-09-2026 11:00:00,19.065931,72.862131,CO,12,24,18,2026-09-06 06:14:15
India,Maharashtra,Mumbai,"Kherwadi_Bandra East, Mumbai - MPCB",06-09-2026 11:00:00,19.0632143,72.8456324,OZONE,19,27,23,2026-09-06 06:14:15
India,Maharashtra,Mumbai,"Navy Nagar-Colaba, Mumbai - IITM",06-09-2026 11:00:00,18.897756,72.81332,PM10,29,44,35,2026-09-06 06:14:15
India,Maharashtra,Mumbai,"Navy Nagar-Colaba, Mumbai - IITM",06-09-2026 11:00:00,18.897756,72.81332,CO,14,21,17,2026-09-06 06:14:15
India,Maharashtra,Mumbai,"Navy Nagar-Colaba, Mumbai - IITM",06-09-2026 11:00:00,18.897756,72.81332,OZONE,8,19,14,2026-09-06 06:14:15
India,Maharashtra,Mumbai,"Mulund West, Mumbai - MPCB",06-09-2026 11:00:00,19.175,72.9419,PM2.5,13,37,24,2026-09-06 06:14:15
India,Maharashtra,Mumbai,"Chembur, Mumbai - MPCB",06-09-2026 11:00:00,19.0364585,72.8954371,PM2.5,8,25,15,2026-09-06 06:14:15
India,Maharashtra,Mumbai,"Chembur, Mumbai - MPCB",06-09-2026 11:00:00,19.0364585,72.8954371,NO2,4,17,9,2026-09-06 06:14:15
India,Odisha,Angul,"Hakimapada, Angul - OSPCB",06-09-2026 11:00:00,20.832874,85.104082,NO2,6,15,9,2026-09-06 06:14:15
India,Odisha,Angul,"Hakimapada, Angul - OSPCB",06-09-2026 11:00:00,20.832874,85.104082,NH3,2,3,2,2026-09-06 06:14:15
India,Odisha,Balasore,"Kalidaspur, Balasore - OSPCB",06-09-2026 11:00:00,21.51161,86.89088,NO2,1,12,6,2026-09-06 06:14:15
India,Odisha,Barbil,"Forest Office, Barbil - OSPCB",06-09-2026 11:00:00,22.1166054,85.3945546,CO,42,111,73,2026-09-06 06:14:15
India,Odisha,Baripada,"Meher Colony, Baripada - OSPCB",06-09-2026 11:00:00,21.941841,86.728318,PM10,26,93,58,2026-09-06 06:14:15
India,Odisha,Bhubaneswar,"Patia, Bhubaneswar - OSPCB",06-09-2026 11:00:00,20.34652,85.8163,PM2.5,8,55,30,2026-09-06 06:14:15
India,Odisha,Bhubaneswar,"Patia, Bhubaneswar - OSPCB",06-09-2026 11:00:00,20.34652,85.8163,NH3,4,12,6,2026-09-06 06:14:15
India,Punjab,Mandi Gobindgarh,"RIMT University, Mandi Gobindgarh - PPCB",06-09-2026 11:00:00,30.649961,76.331442,CO,40,52,46,2026-09-06 06:14:15
India,Punjab,Mandi Gobindgarh,"RIMT University, Mandi Gobindgarh - PPCB",06-09-2026 11:00:00,30.649961,76.331442,OZONE,59,64,62,2026-09-06 06:14:15
India,Punjab,Patiala,"Model Town, Patiala - PPCB",06-09-2026 11:00:00,30.349388,76.366642,NO2,7,22,15,2026-09-06 06:14:15
India,Uttar Pradesh,Agra,"Sector-3B Avas Vikas Colony, Agra - UPPCB",06-09-2026 11:00:00,27.19412,77.96237,NO2,35,35,35,2026-09-06 06:14:15
India,Uttar Pradesh,Agra,"Sector-3B Avas Vikas Colony, Agra - UPPCB",06-09-2026 11:00:00,27.19412,77.96237,OZONE,13,16,14,2026-09-06 06:14:15
India,Uttar Pradesh,Agra,"Shahjahan Garden, Agra - UPPCB",06-09-2026 11:00:00,27.169338,78.03582,CO,23,44,30,2026-09-06 06:14:15
India,Uttar Pradesh,Agra,"Manoharpur, Agra - UPPCB",06-09-2026 11:00:00,27.23711,78.01936,PM2.5,62,100,83,2026-09-06 06:14:15
India,Uttar Pradesh,Agra,"Manoharpur, Agra - UPPCB",06-09-2026 11:00:00,27.23711,78.01936,SO2,13,17,14,2026-09-06 06:14:15
India,Uttar Pradesh,Agra,"Sanjay Palace, Agra - UPPCB",06-09-2026 11:00:00,27.19865833,78.00598056,NH3,NA,NA,NA,2026-09-06 06:14:15
India,Uttar Pradesh,Agra,"Shastripuram, Agra - UPPCB",06-09-2026 11:00:00,27.19862,77.92066,PM2.5,19,38,27,2026-09-06 06:14:15
India,Uttar Pradesh,Baghpat,"Sardar Patel Inter College, Baghpat - UPPCB",06-09-2026 11:00:00,28.964949,77.278761,PM10,6,81,25,2026-09-06 06:14:15
India,Uttar Pradesh,Baghpat,"Sardar Patel Inter College, Baghpat - UPPCB",06-09-2026 11:00:00,28.964949,77.278761,NH3,1,3,2,2026-09-06 06:14:15
India,Uttar Pradesh,Bareilly,"Rajendra Nagar, Bareilly - UPPCB",06-09-2026 11:00:00,28.38910936,79.42963708,PM2.5,24,49,35,2026-09-06 06:14:15
India,Uttar Pradesh,Bareilly,"Rajendra Nagar, Bareilly - UPPCB",06-09-2026 11:00:00,28.38910936,79.42963708,NH3,1,1,1,2026-09-06 06:14:15
India,Uttar Pradesh,Bareilly,"Civil Lines, Bareilly - UPPCB",06-09-2026 11:00:00,28.359581,79.414455,OZONE,2,4,2,2026-09-06 06:14:15
India,Uttar Pradesh,Bulandshahr,"Yamunapuram, Bulandshahr - UPPCB",06-09-2026 11:00:00,28.406963,77.849831,PM2.5,5,35,19,2026-09-06 06:14:15
India,Uttar Pradesh,Bulandshahr,"Yamunapuram, Bulandshahr - UPPCB",06-09-2026 11:00:00,28.406963,77.849831,NH3,5,11,7,2026-09-06 06:14:15
India,Uttar Pradesh,Bulandshahr,"Yamunapuram, Bulandshahr - UPPCB",06-09-2026 11:00:00,28.406963,77.849831,CO,32,40,34,2026-09-06 06:14:15
India,Uttar Pradesh,Fatehpur Sikri,"Dadupura, Fatehpur Sikri - UPPCB",06-09-2026 11:00:00,27.097694,77.671335,PM2.5,15,30,20,2026-09-06 06:14:15
India,Tamil Nadu,Cuddalore,"Kudikadu, Cuddalore - TNPCB",06-09-2026 11:00:00,11.6829898,79.7532099,NH3,NA,NA,NA,2026-09-06 06:14:15
India,Tamil Nadu,Cuddalore,"Kudikadu, Cuddalore - TNPCB",06-09-2026 11:00:00,11.6829898,79.7532099,CO,NA,NA,NA,2026-09-06 06:14:15
India,Tamil Nadu,Gummidipoondi,"Anthoni Pillai Nagar, Gummidipoondi - TNPCB",06-09-2026 11:00:00,13.4127,80.1081,PM2.5,37,395,154,2026-09-06 06:14:15
India,Tamil Nadu,Gummidipoondi,"Anthoni Pillai Nagar, Gummidipoondi - TNPCB",06-09-2026 11:00:00,13.4127,80.1081,NH3,0,1,1,2026-09-06 06:14:15
India,Tamil Nadu,Thoothukudi,"Meelavittan, Thoothukudi - TNPCB",06-09-2026 11:00:00,8.816428,78.099039,NH3,NA,NA,NA,2026-09-06 06:14:15
India,Telangana,Hyderabad,"Bollaram Industrial Area, Hyderabad - TSPCB",06-09-2026 11:00:00,17.518,78.383,PM10,NA,NA,NA,2026-09-06 06:14:15
India,Telangana,Hyderabad,"Bollaram Industrial Area, Hyderabad - TSPCB",06-09-2026 11:00:00,17.518,78.383,OZONE,25,25,25,2026-09-06 06:14:15
India,Telangana,Hyderabad,"Zoo Park, Hyderabad - TSPCB",06-09-2026 11:00:00,17.349694,78.451437,PM10,17,102,43,2026-09-06 06:14:15
India,Telangana,Hyderabad,"Zoo Park, Hyderabad - TSPCB",06-09-2026 11:00:00,17.349694,78.451437,SO2,2,2,2,2026-09-06 06:14:15
India,Telangana,Hyderabad,"Zoo Park, Hyderabad - TSPCB",06-09-2026 11:00:00,17.349694,78.451437,CO,14,27,21,2026-09-06 06:14:15
India,Telangana,Hyderabad,"IITH Kandi, Hyderabad - TSPCB",06-09-2026 11:00:00,17.585705,78.126199,NO2,10,13,11,2026-09-06 06:14:15
India,Telangana,Hyderabad,"IITH Kandi, Hyderabad - TSPCB",06-09-2026 11:00:00,17.585705,78.126199,NH3,3,4,4,2026-09-06 06:14:15
India,Telangana,Hyderabad,"IITH Kandi, Hyderabad - TSPCB",06-09-2026 11:00:00,17.585705,78.126199,SO2,11,16,13,2026-09-06 06:14:15
India,Telangana,Hyderabad,"IITH Kandi, Hyderabad - TSPCB",06-09-2026 11:00:00,17.585705,78.126199,CO,25,32,27,2026-09-06 06:14:15
India,Telangana,Hyderabad,"Nacharam_TSIIC IALA, Hyderabad - TSPCB",06-09-2026 11:00:00,17.429398,78.569354,OZONE,16,23,17,2026-09-06 06:14:15
India,Telangana,Hyderabad,"New Malakpet, Hyderabad - TSPCB",06-09-2026 11:00:00,17.37206,78.50864,OZONE,14,22,16,2026-09-06 06:14:15
India,Telangana,Hyderabad,"Kokapet, Hyderabad - TSPCB",06-09-2026 11:00:00,17.393559,78.339194,SO2,6,12,8,2026-09-06 06:14:15
India,Rajasthan,Bhiwadi,"Vasundhara Nagar_UIT, Bhiwadi - RSPCB",06-09-2026 11:00:00,28.207266,76.829265,CO,23,43,32,2026-09-06 06:14:15
India,Rajasthan,Bikaner,"MM Ground, Bikaner - RSPCB",06-09-2026 11:00:00,28.018792,73.292658,SO2,2,6,3,2026-09-06 06:14:15
India,Rajasthan,Bundi,"New Colony, Bundi - RSPCB",06-09-2026 11:00:00,25.435774,75.644272,NH3,4,5,4,2026-09-06 06:14:15
India,Rajasthan,Bundi,"New Colony, Bundi - RSPCB",06-09-2026 11:00:00,25.435774,75.644272,SO2,6,11,7,2026-09-06 06:14:15
India,Rajasthan,Chittorgarh,"Shastri Nagar, Chittorgarh - RSPCB",06-09-2026 11:00:00,24.892047,74.623527,OZONE,7,37,17,2026-09-06 06:14:15
India,Rajasthan,Churu,"Subash Chowk, Churu - RSPCB",06-09-2026 11:00:00,28.296139,74.961696,NH3,7,8,7,2026-09-06 06:14:15
India,Rajasthan,Churu,"Subash Chowk, Churu - RSPCB",06-09-2026 11:00:00,28.296139,74.961696,SO2,2,9,4,2026-09-06 06:14:15
India,Rajasthan,Dausa,"Khatikan Mohalla, Dausa - RSPCB",06-09-2026 11:00:00,26.895552,76.334753,CO,23,49,35,2026-09-06 06:14:15
India,Rajasthan,Dholpur,"Raja Ganj, Dholpur - RSPCB",06-09-2026 11:00:00,26.699557,77.898881,PM2.5,7,23,15,2026-09-06 06:14:15
India,Rajasthan,Dholpur,"Raja Ganj, Dholpur - RSPCB",06-09-2026 11:00:00,26.699557,77.898881,NH3,5,14,8,2026-09-06 06:14:15
India,Rajasthan,Hanumangarh,"Housing Board, Hanumangarh - RSPCB",06-09-2026 11:00:00,29.61075,74.283608,PM10,24,135,60,2026-09-06 06:14:15
India,Rajasthan,Jaipur,"Mansarovar Sector-12, Jaipur - RSPCB",06-09-2026 11:00:00,26.843698,75.766894,PM10,NA,NA,NA,2026-09-06 06:14:15
India,Rajasthan,Jaipur,"Mansarovar Sector-12, Jaipur - RSPCB",06-09-2026 11:00:00,26.843698,75.766894,CO,18,36,26,2026-09-06 06:14:15
India,Rajasthan,Jaipur,"Sector-2 Murlipura, Jaipur - RSPCB",06-09-2026 11:00:00,26.960669,75.771817,PM10,16,96,48,2026-09-06 06:14:15
India,Rajasthan,Kota,"Shrinath Puram, Kota - RSPCB",06-09-2026 11:00:00,25.14389,75.821256,OZONE,6,16,10,2026-09-06 06:14:15
India,Rajasthan,Nagaur,"Karni Colony, Nagaur - RSPCB",06-09-2026 11:00:00,27.213494,73.734444,PM2.5,2,38,17,2026-09-06 06:14:15
India,Rajasthan,Nagaur,"Karni Colony, Nagaur - RSPCB",06-09-2026 11:00:00,27.213494,73.734444,CO,11,17,13,2026-09-06 06:14:15
India,Rajasthan,Rajsamand,"Dhoinda, Rajsamand - RSPCB",06-09-2026 11:00:00,25.03636,73.883502,SO2,2,5,3,2026-09-06 06:14:15
India,Rajasthan,Rajsamand,"Dhoinda, Rajsamand - RSPCB",06-09-2026 11:00:00,25.03636,73.883502,OZONE,13,35,24,2026-09-06 06:14:15
India,Rajasthan,Sawai Madhopur,"Sahu Nagar, Sawai Madhopur - RSPCB",06-09-2026 11:00:00,26.031443,76.359327,PM10,28,66,43,2026-09-06 06:14:15
India,Rajasthan,Sawai Madhopur,"Sahu Nagar, Sawai Madhopur - RSPCB",06-09-2026 11:00:00,26.031443,76.359327,NO2,8,43,16,2026-09-06 06:14:15
India,Rajasthan,Sikar,"Radhakishan Pura, Sikar - RSPCB",06-09-2026 11:00:00,27.608912,75.153302,PM2.5,38,68,52,2026-09-06 06:14:15
India,Rajasthan,Sikar,"Radhakishan Pura, Sikar - RSPCB",06-09-2026 11:00:00,27.608912,75.153302,NH3,11,15,13,2026-09-06 06:14:15
India,Rajasthan,Sirohi,"Vedhaynath Colony, Sirohi - RSPCB",06-09-2026 11:00:00,24.885261,72.857549,NO2,3,16,6,2026-09-06 06:14:15
India,Rajasthan,Sri Ganganagar,"Old City, Sri Ganganagar - RSPCB",06-09-2026 11:00:00,29.931624,73.864511,PM2.5,10,52,26,2026-09-06 06:14:15
India,Rajasthan,Sri Ganganagar,"Old City, Sri Ganganagar - RSPCB",06-09-2026 11:00:00,29.931624,73.864511,PM10,82,444,200,2026-09-06 06:14:15
India,Rajasthan,Sri Ganganagar,"Old City, Sri Ganganagar - RSPCB",06-09-2026 11:00:00,29.931624,73.864511,NH3,10,16,12,2026-09-06 06:14:15
India,Rajasthan,Sri Ganganagar,"Old City, Sri Ganganagar - RSPCB",06-09-2026 11:00:00,29.931624,73.864511,CO,19,28,22,2026-09-06 06:14:15
India,Rajasthan,Sri Ganganagar,"Old City, Sri Ganganagar - RSPCB",06-09-2026 11:00:00,29.931624,73.864511,OZONE,35,64,48,2026-09-06 06:14:15
India,Rajasthan,Udaipur,"Ashok Nagar, Udaipur - RSPCB",06-09-2026 11:00:00,24.5886166,73.6321397,PM2.5,23,87,54,2026-09-06 06:14:15
India,Rajasthan,Udaipur,"Ashok Nagar, Udaipur - RSPCB",06-09-2026 11:00:00,24.5886166,73.6321397,PM10,57,107,89,2026-09-06 06:14:15
India,Sikkim,Gangtok,"Zero Point GICI, Gangtok - SSPCB",06-09-2026 11:00:00,27.33853,88.614099,NO2,7,8,8,2026-09-06 06:14:15
India,Sikkim,Gangtok,"Zero Point GICI, Gangtok - SSPCB",06-09-2026 11:00:00,27.33853,88.614099,SO2,1,1,1,2026-09-06 06:14:15
India,Sikkim,Gangtok,"Zero Point GICI, Gangtok - SSPCB",06-09-2026 11:00:00,27.33853,88.614099,CO,1,4,3,2026-09-06 06:14:15
India,Tamil Nadu,Chennai,"Velachery Res. Area, Chennai - CPCB",06-09-2026 11:00:00,13.0052189,80.2398125,NH3,2,3,2,2026-09-06 06:14:15
India,Tamil Nadu,Chennai,"Velachery Res. Area, Chennai - CPCB",06-09-2026 11:00:00,13.0052189,80.2398125,CO,NA,NA,NA,2026-09-06 06:14:15
India,Tamil Nadu,Chennai,"Perungudi, Chennai - TNPCB",06-09-2026 11:00:00,12.9533,80.2357,SO2,0,8,5,2026-09-06 06:14:15
India,Tamil Nadu,Chennai,"Manali Village, Chennai - TNPCB",06-09-2026 11:00:00,13.1662,80.2584,OZONE,4,4,4,2026-09-06 06:14:15
India,Tamil Nadu,Chennai,"Manali, Chennai - CPCB",06-09-2026 11:00:00,13.164544,80.26285,PM2.5,9,169,36,2026-09-06 06:14:15
India,Tamil Nadu,Chennai,"Manali, Chennai - CPCB",06-09-2026 11:00:00,13.164544,80.26285,CO,11,37,19,2026-09-06 06:14:15
India,Tamil Nadu,Chennai,"Royapuram, Chennai - TNPCB",06-09-2026 11:00:00,13.1036,80.2909,PM2.5,36,54,46,2026-09-06 06:14:15
India,Tamil Nadu,Chennai,"Royapuram, Chennai - TNPCB",06-09-2026 11:00:00,13.1036,80.2909,NH3,3,4,4,2026-09-06 06:14:15
India,Tamil Nadu,Chennai,"Royapuram, Chennai - TNPCB",06-09-2026 11:00:00,13.1036,80.2909,SO2,4,6,5,2026-09-06 06:14:15
India,Tamil Nadu,Chennai,"Royapuram, Chennai - TNPCB",06-09-2026 11:00:00,13.1036,80.2909,CO,50,58,54,2026-09-06 06:14:15
India,Punjab,Rupnagar,"Ratanpura, Rupnagar - Ambuja Cements",06-09-2026 11:00:00,31.0325454,76.5623046,NO2,9,47,27,2026-09-06 06:14:15
India,Rajasthan,Ajmer,"Civil Lines,  Ajmer - RSPCB",06-09-2026 11:00:00,26.470859,74.646594,SO2,4,14,10,2026-09-06 06:14:15
India,Rajasthan,Alwar,"Moti Doongri, Alwar - RSPCB",06-09-2026 11:00:00,27.554793,76.611536,SO2,10,38,27,2026-09-06 06:14:15
India,Rajasthan,Banswara,"Rati Talai, Banswara - RSPCB",06-09-2026 11:00:00,23.55519,74.44001,PM2.5,20,27,25,2026-09-06 06:14:15
India,Rajasthan,Banswara,"Rati Talai, Banswara - RSPCB",06-09-2026 11:00:00,23.55519,74.44001,PM10,43,80,66,2026-09-06 06:14:15
India,Rajasthan,Banswara,"Rati Talai, Banswara - RSPCB",06-09-2026 11:00:00,23.55519,74.44001,OZONE,13,46,25,2026-09-06 06:14:15
India,Rajasthan,Barmer,"Railway Colony, Barmer - RSPCB",06-09-2026 11:00:00,25.747299,71.393989,PM10,34,153,75,2026-09-06 06:14:15
India,Rajasthan,Barmer,"Railway Colony, Barmer - RSPCB",06-09-2026 11:00:00,25.747299,71.393989,NO2,2,13,6,2026-09-06 06:14:15
India,Rajasthan,Bharatpur,"Krishna Nagar, Bharatpur - RSPCB",06-09-2026 11:00:00,27.215415,77.50873,OZONE,7,36,29,2026-09-06 06:14:15
India,Rajasthan,Bhilwara,"Pratap Nagar, Bhilwara - RSPCB",06-09-2026 11:00:00,25.339605,74.618883,PM10,37,102,69,2026-09-06 06:14:15
India,Rajasthan,Bhiwadi,"RIICO Ind. Area III, Bhiwadi - RSPCB",06-09-2026 11:00:00,28.194909,76.862296,PM2.5,48,189,94,2026-09-06 06:14:15
India,Telangana,Hyderabad,"ECIL Kapra, Hyderabad - TSPCB",06-09-2026 11:00:00,17.470431,78.566959,PM10,60,74,63,2026-09-06 06:14:15
India,Telangana,Hyderabad,"Ramachandrapuram, Hyderabad - TSPCB",06-09-2026 11:00:00,17.528544,78.286195,PM10,58,75,63,2026-09-06 06:14:15
India,Telangana,Hyderabad,"Ramachandrapuram, Hyderabad - TSPCB",06-09-2026 11:00:00,17.528544,78.286195,NO2,10,15,12,2026-09-06 06:14:15
India,Telangana,Hyderabad,"Ramachandrapuram, Hyderabad - TSPCB",06-09-2026 11:00:00,17.528544,78.286195,SO2,9,16,12,2026-09-06 06:14:15
India,Telangana,Hyderabad,"Ramachandrapuram, Hyderabad - TSPCB",06-09-2026 11:00:00,17.528544,78.286195,OZONE,17,25,18,2026-09-06 06:14:15
India,Telangana,Hyderabad,"Kompally Municipal Office, Hyderabad - TSPCB",06-09-2026 11:00:00,17.544899,78.486949,CO,8,16,11,2026-09-06 06:14:15
India,Telangana,Hyderabad,"Kompally Municipal Office, Hyderabad - TSPCB",06-09-2026 11:00:00,17.544899,78.486949,OZONE,10,11,11,2026-09-06 06:14:15
India,Telangana,Hyderabad,"IDA Pashamylaram, Hyderabad - TSPCB",06-09-2026 11:00:00,17.5316895,78.218939,SO2,8,10,10,2026-09-06 06:14:15
India,Telangana,Hyderabad,"Sanathnagar, Hyderabad - TSPCB",06-09-2026 11:00:00,17.4559458,78.4332152,SO2,7,16,11,2026-09-06 06:14:15
India,Telangana,Hyderabad,"ICRISAT Patancheru, Hyderabad - TSPCB",06-09-2026 11:00:00,17.5184,78.278777,CO,19,40,28,2026-09-06 06:14:15
India,Tripura,Agartala,"Bardowali, Agartala - Tripura SPCB",06-09-2026 11:00:00,23.8175497,91.2726974,NH3,NA,NA,NA,2026-09-06 06:14:15
India,Tripura,Agartala,"Bardowali, Agartala - Tripura SPCB",06-09-2026 11:00:00,23.8175497,91.2726974,OZONE,2,12,4,2026-09-06 06:14:15
India,Rajasthan,Jodhpur,"Jhalamand, Jodhpur - RSPCB",06-09-2026 11:00:00,26.215415,73.070156,PM10,49,76,61,2026-09-06 06:14:15
India,Rajasthan,Jodhpur,"Mandor, Jodhpur - RSPCB",06-09-2026 11:00:00,26.358805,73.047444,NO2,1,9,3,2026-09-06 06:14:15
India,Rajasthan,Jodhpur,"Mandor, Jodhpur - RSPCB",06-09-2026 11:00:00,26.358805,73.047444,NH3,2,3,3,2026-09-06 06:14:15
India,Rajasthan,Jodhpur,"Collectorate, Jodhpur - RSPCB",06-09-2026 11:00:00,26.268249,73.0193853,PM2.5,20,44,36,2026-09-06 06:14:15
India,Rajasthan,Jodhpur,"Collectorate, Jodhpur - RSPCB",06-09-2026 11:00:00,26.268249,73.0193853,OZONE,13,14,14,2026-09-06 06:14:15
India,Rajasthan,Jodhpur,"Samrat Ashok Udhyan, Jodhpur - RSPCB",06-09-2026 11:00:00,26.253384,72.976571,NH3,5,6,5,2026-09-06 06:14:15
India,Rajasthan,Karauli,"Satyawati Vihar, Karauli - RSPCB",06-09-2026 11:00:00,26.506177,77.025989,CO,8,34,19,2026-09-06 06:14:15
India,Rajasthan,Khairthal,"New Anaj Mandi, Khairthal - RSPCB",06-09-2026 11:00:00,27.8015617,76.6365217,NH3,2,3,2,2026-09-06 06:14:15
India,Rajasthan,Kota,"Nayapura, Kota - RSPCB",06-09-2026 11:00:00,25.196024,75.855668,PM10,51,85,63,2026-09-06 06:14:15
India,Rajasthan,Jaipur,"Sector-2 Murlipura, Jaipur - RSPCB",06-09-2026 11:00:00,26.960669,75.771817,CO,NA,NA,NA,2026-09-06 06:14:15
India,Rajasthan,Jaipur,"RIICO Sitapura, Jaipur - RSPCB",06-09-2026 11:00:00,26.786682,75.827928,CO,48,78,58,2026-09-06 06:14:15
India,Rajasthan,Jaipur,"Adarsh Nagar, Jaipur - RSPCB",06-09-2026 11:00:00,26.902909,75.836858,PM2.5,5,72,40,2026-09-06 06:14:15
India,Rajasthan,Jaisalmer,"Sadar Bazar, Jaisalmer - RSPCB",06-09-2026 11:00:00,26.912329,70.909168,SO2,3,9,5,2026-09-06 06:14:15
India,Rajasthan,Jaisalmer,"Sadar Bazar, Jaisalmer - RSPCB",06-09-2026 11:00:00,26.912329,70.909168,OZONE,27,36,31,2026-09-06 06:14:15
India,Rajasthan,Jalore,"Mudtra Sili, Jalore - RSPCB",06-09-2026 11:00:00,25.344694,72.626208,SO2,4,6,5,2026-09-06 06:14:15
India,Rajasthan,Jhalawar,"Rajlaxmi Nagar, Jhalawar - RSPCB",06-09-2026 11:00:00,24.588397,76.172782,PM10,31,65,46,2026-09-06 06:14:15
India,Rajasthan,Jhunjhunu,"Indra Nagar, Jhunjhunu - RSPCB",06-09-2026 11:00:00,28.108988,75.386577,PM2.5,5,26,14,2026-09-06 06:14:15
India,Rajasthan,Jhunjhunu,"Indra Nagar, Jhunjhunu - RSPCB",06-09-2026 11:00:00,28.108988,75.386577,CO,11,16,13,2026-09-06 06:14:15
India,Uttar Pradesh,Firozabad,"Nagla Bhau, Firozabad - UPPCB",06-09-2026 11:00:00,27.168897,78.37696,PM10,5,46,26,2026-09-06 06:14:15
India,Uttar Pradesh,Firozabad,"Nagla Bhau, Firozabad - UPPCB",06-09-2026 11:00:00,27.168897,78.37696,NH3,2,2,2,2026-09-06 06:14:15
India,Uttar Pradesh,Firozabad,"Vibhab Nagar, Firozabad - UPPCB",06-09-2026 11:00:00,27.1594,78.3953,PM2.5,22,38,31,2026-09-06 06:14:15
India,Uttar Pradesh,Firozabad,"Vibhab Nagar, Firozabad - UPPCB",06-09-2026 11:00:00,27.1594,78.3953,SO2,6,7,7,2026-09-06 06:14:15
India,Uttar Pradesh,Firozabad,"Vibhab Nagar, Firozabad - UPPCB",06-09-2026 11:00:00,27.1594,78.3953,OZONE,1,1,1,2026-09-06 06:14:15
India,Uttar Pradesh,Gajraula,"Rajanpur, Gajraula - UPPCB",06-09-2026 11:00:00,28.829109,78.248796,CO,57,62,60,2026-09-06 06:14:15
India,Uttar Pradesh,Ghaziabad,"Ved Vihar-Loni, Ghaziabad - UPPCB",06-09-2026 11:00:00,28.739153,77.273668,PM2.5,17,32,22,2026-09-06 06:14:15
India,Uttar Pradesh,Ghaziabad,"Ved Vihar-Loni, Ghaziabad - UPPCB",06-09-2026 11:00:00,28.739153,77.273668,NH3,4,13,7,2026-09-06 06:14:15
India,Uttar Pradesh,Ghaziabad,"Sanjay Nagar, Ghaziabad - UPPCB",06-09-2026 11:00:00,28.685382,77.453839,PM10,12,50,34,2026-09-06 06:14:15
India,Uttar Pradesh,Ghaziabad,"Sanjay Nagar, Ghaziabad - UPPCB",06-09-2026 11:00:00,28.685382,77.453839,NH3,7,35,12,2026-09-06 06:14:15
India,Uttar Pradesh,Ghaziabad,"Vasundhara, Ghaziabad - UPPCB",06-09-2026 11:00:00,28.6603346,77.3572563,NO2,17,47,30,2026-09-06 06:14:15
India,Uttar Pradesh,Ghaziabad,"Vasundhara, Ghaziabad - UPPCB",06-09-2026 11:00:00,28.6603346,77.3572563,NH3,5,11,8,2026-09-06 06:14:15
India,Uttar Pradesh,Ghaziabad,"Wave City, Ghaziabad - UPPCB",06-09-2026 11:00:00,28.646675,77.489049,PM2.5,NA,NA,NA,2026-09-06 06:14:15
India,Uttar Pradesh,Ghaziabad,"Wave City, Ghaziabad - UPPCB",06-09-2026 11:00:00,28.646675,77.489049,NH3,NA,NA,NA,2026-09-06 06:14:15
India,Uttar Pradesh,Ghaziabad,"Loni, Ghaziabad - UPPCB",06-09-2026 11:00:00,28.757294,77.278792,PM2.5,NA,NA,NA,2026-09-06 06:14:15
India,Uttar Pradesh,Ghaziabad,"Loni, Ghaziabad - UPPCB",06-09-2026 11:00:00,28.757294,77.278792,NO2,NA,NA,NA,2026-09-06 06:14:15
India,Uttar Pradesh,Ghaziabad,"Govindpuram, Ghaziabad - UPPCB",06-09-2026 11:00:00,28.694528,77.494705,PM2.5,4,32,12,2026-09-06 06:14:15
India,Uttar Pradesh,Ghaziabad,"Govindpuram, Ghaziabad - UPPCB",06-09-2026 11:00:00,28.694528,77.494705,SO2,1,4,3,2026-09-06 06:14:15
India,Uttar Pradesh,Ghaziabad,"Govindpuram, Ghaziabad - UPPCB",06-09-2026 11:00:00,28.694528,77.494705,OZONE,3,4,4,2026-09-06 06:14:15
India,Uttar Pradesh,Gorakhpur,"Madan Mohan Malaviya University of Technology, Gorakhpur - UPPCB",06-09-2026 11:00:00,26.730136,83.433859,OZONE,134,222,177,2026-09-06 06:14:15
India,Uttar Pradesh,Greater Noida,"Knowledge Park - V, Greater Noida - UPPCB",06-09-2026 11:00:00,28.557054,77.453663,NO2,25,54,34,2026-09-06 06:14:15
India,Uttar Pradesh,Greater Noida,"Knowledge Park - V, Greater Noida - UPPCB",06-09-2026 11:00:00,28.557054,77.453663,CO,10,13,12,2026-09-06 06:14:15
India,Uttar Pradesh,Greater Noida,"Knowledge Park - III, Greater Noida - UPPCB",06-09-2026 11:00:00,28.47272,77.482,PM10,12,55,28,2026-09-06 06:14:15
India,Uttar Pradesh,Hapur,"Anand Vihar, Hapur - UPPCB",06-09-2026 11:00:00,28.725645,77.749675,PM10,13,39,27,2026-09-06 06:14:15
India,Uttar Pradesh,Hapur,"Anand Vihar, Hapur - UPPCB",06-09-2026 11:00:00,28.725645,77.749675,NO2,0,10,3,2026-09-06 06:14:15
India,Uttar Pradesh,Hapur,"Anand Vihar, Hapur - UPPCB",06-09-2026 11:00:00,28.725645,77.749675,NH3,0,1,1,2026-09-06 06:14:15
India,Uttar Pradesh,Hapur,"Anand Vihar, Hapur - UPPCB",06-09-2026 11:00:00,28.725645,77.749675,SO2,3,15,11,2026-09-06 06:14:15
India,Uttar Pradesh,Hapur,"Anand Vihar, Hapur - UPPCB",06-09-2026 11:00:00,28.725645,77.749675,OZONE,3,14,7,2026-09-06 06:14:15
India,Uttar Pradesh,Jhansi,"Shivaji Nagar, Jhansi - UPPCB",06-09-2026 11:00:00,25.4547,78.6039,PM10,20,43,33,2026-09-06 06:14:15
India,Uttar Pradesh,Jhansi,"Shivaji Nagar, Jhansi - UPPCB",06-09-2026 11:00:00,25.4547,78.6039,OZONE,5,9,7,2026-09-06 06:14:15
India,Uttar Pradesh,Kanpur,"FTI Kidwai Nagar, Kanpur - UPPCB",06-09-2026 11:00:00,26.428282,80.327067,OZONE,11,11,11,2026-09-06 06:14:15
India,Uttar Pradesh,Kanpur,"NSI Kalyanpur, Kanpur - UPPCB",06-09-2026 11:00:00,26.509954,80.249612,PM10,28,64,48,2026-09-06 06:14:15
India,Uttar Pradesh,Kanpur,"Nehru Nagar, Kanpur - UPPCB",06-09-2026 11:00:00,26.4703136,80.3229863,CO,48,51,49,2026-09-06 06:14:15
India,Uttar Pradesh,Khora,"Prashant Garden, Khora - UPPCB",06-09-2026 11:00:00,28.61119,77.34206,PM2.5,64,108,80,2026-09-06 06:14:15
India,Uttar Pradesh,Khora,"Prashant Garden, Khora - UPPCB",06-09-2026 11:00:00,28.61119,77.34206,NO2,18,24,21,2026-09-06 06:14:15
India,Uttar Pradesh,Khora,"Prashant Garden, Khora - UPPCB",06-09-2026 11:00:00,28.61119,77.34206,NH3,4,6,5,2026-09-06 06:14:15
India,Uttar Pradesh,Khora,"Prashant Garden, Khora - UPPCB",06-09-2026 11:00:00,28.61119,77.34206,SO2,1,1,1,2026-09-06 06:14:15
India,Uttar Pradesh,Khurja,"Kalindi Kunj, Khurja - UPPCB",06-09-2026 11:00:00,28.2348927,77.8683002,PM2.5,11,38,21,2026-09-06 06:14:15
India,Uttar Pradesh,Khurja,"Kalindi Kunj, Khurja - UPPCB",06-09-2026 11:00:00,28.2348927,77.8683002,CO,32,101,54,2026-09-06 06:14:15
India,Uttar Pradesh,Khurja,"Kalindi Kunj, Khurja - UPPCB",06-09-2026 11:00:00,28.2348927,77.8683002,OZONE,10,13,12,2026-09-06 06:14:15
India,Uttar Pradesh,Lucknow,"Talkatora District Industries Center, Lucknow - CPCB",06-09-2026 11:00:00,26.83399722,80.8917361,PM2.5,13,90,33,2026-09-06 06:14:15
India,Uttar Pradesh,Lucknow,"Talkatora District Industries Center, Lucknow - CPCB",06-09-2026 11:00:00,26.83399722,80.8917361,OZONE,9,50,18,2026-09-06 06:14:15
India,Uttar Pradesh,Lucknow,"Kendriya Vidyalaya, Lucknow - CPCB",06-09-2026 11:00:00,26.906111,80.948222,PM2.5,23,58,37,2026-09-06 06:14:15
India,Uttar Pradesh,Lucknow,"Gomti Nagar, Lucknow - UPPCB",06-09-2026 11:00:00,26.86812,81.005119,NH3,NA,NA,NA,2026-09-06 06:14:15
India,Uttar Pradesh,Lucknow,"Gomti Nagar, Lucknow - UPPCB",06-09-2026 11:00:00,26.86812,81.005119,OZONE,38,41,39,2026-09-06 06:14:15
India,Uttar Pradesh,Lucknow,"B R Ambedkar University, Lucknow - UPPCB",06-09-2026 11:00:00,26.766433,80.927299,PM2.5,3,144,24,2026-09-06 06:14:15
India,Uttar Pradesh,Lucknow,"Lalbagh, Lucknow - CPCB",06-09-2026 11:00:00,26.8458805,80.9365541,NH3,11,28,19,2026-09-06 06:14:15
India,Uttar Pradesh,Lucknow,"Kukrail Picnic Spot-1, Lucknow - UPPCB",06-09-2026 11:00:00,26.90723,80.98579,PM2.5,17,47,32,2026-09-06 06:14:15
India,Uttar Pradesh,Lucknow,"Kukrail Picnic Spot-1, Lucknow - UPPCB",06-09-2026 11:00:00,26.90723,80.98579,PM10,28,53,39,2026-09-06 06:14:15
India,Uttar Pradesh,Lucknow,"Kukrail Picnic Spot-1, Lucknow - UPPCB",06-09-2026 11:00:00,26.90723,80.98579,OZONE,10,10,10,2026-09-06 06:14:15
India,Uttar Pradesh,Mathura,"Pali Dungra, Mathura - UPPCB",06-09-2026 11:00:00,27.410954,77.550619,PM10,36,51,44,2026-09-06 06:14:15
India,Uttar Pradesh,Mathura,"Pali Dungra, Mathura - UPPCB",06-09-2026 11:00:00,27.410954,77.550619,SO2,10,12,11,2026-09-06 06:14:15
India,Uttar Pradesh,Meerut,"Jai Bhim Nagar, Meerut - UPPCB",06-09-2026 11:00:00,28.9535882,77.7622941,CO,14,16,15,2026-09-06 06:14:15
India,Uttar Pradesh,Meerut,"MIET College, Meerut - UPPCB",06-09-2026 11:00:00,28.972677,77.641018,SO2,2,3,2,2026-09-06 06:14:15
India,Uttar Pradesh,Meerut,"MIET College, Meerut - UPPCB",06-09-2026 11:00:00,28.972677,77.641018,OZONE,2,12,5,2026-09-06 06:14:15
India,Uttar Pradesh,Meerut,"Pallavpuram Phase 2, Meerut - UPPCB",06-09-2026 11:00:00,29.06351,77.709723,OZONE,13,42,22,2026-09-06 06:14:15
India,Uttar Pradesh,Meerut,"Ganga Nagar, Meerut - UPPCB",06-09-2026 11:00:00,28.999264,77.7590354,CO,39,43,41,2026-09-06 06:14:15
India,Uttar Pradesh,Modinagar,"SRM University, Modinagar - UPPCB",06-09-2026 11:00:00,28.798171,77.540243,SO2,16,17,16,2026-09-06 06:14:15
India,Uttar Pradesh,Modinagar,"SRM University, Modinagar - UPPCB",06-09-2026 11:00:00,28.798171,77.540243,CO,20,22,21,2026-09-06 06:14:15
India,Uttar Pradesh,Moradabad,"Eco Herbal Park, Moradabad - UPPCB",06-09-2026 11:00:00,28.840739,78.697531,CO,16,25,20,2026-09-06 06:14:15
India,Uttar Pradesh,Moradabad,"Eco Herbal Park, Moradabad - UPPCB",06-09-2026 11:00:00,28.840739,78.697531,OZONE,10,20,15,2026-09-06 06:14:15
India,Uttar Pradesh,Moradabad,"Buddhi Vihar, Moradabad - UPPCB",06-09-2026 11:00:00,28.83526,78.7446,PM2.5,11,33,21,2026-09-06 06:14:15
India,Uttar Pradesh,Moradabad,"Jigar Colony, Moradabad - UPPCB",06-09-2026 11:00:00,28.856664,78.772638,PM10,22,52,35,2026-09-06 06:14:15
India,Uttar Pradesh,Moradabad,"Jigar Colony, Moradabad - UPPCB",06-09-2026 11:00:00,28.856664,78.772638,NH3,6,6,6,2026-09-06 06:14:15
India,Uttar Pradesh,Moradabad,"Jigar Colony, Moradabad - UPPCB",06-09-2026 11:00:00,28.856664,78.772638,SO2,28,63,42,2026-09-06 06:14:15
India,Uttar Pradesh,Moradabad,"Jigar Colony, Moradabad - UPPCB",06-09-2026 11:00:00,28.856664,78.772638,CO,39,40,39,2026-09-06 06:14:15
India,Uttar Pradesh,Moradabad,"Transport Nagar, Moradabad - UPPCB",06-09-2026 11:00:00,28.802625,78.753728,NO2,24,25,24,2026-09-06 06:14:15
India,Uttar Pradesh,Moradabad,"Transport Nagar, Moradabad - UPPCB",06-09-2026 11:00:00,28.802625,78.753728,NH3,5,5,5,2026-09-06 06:14:15
India,Uttar Pradesh,Moradabad,"Kashiram Nagar, Moradabad - UPPCB",06-09-2026 11:00:00,28.849399,78.742362,NO2,24,25,25,2026-09-06 06:14:15
India,Uttar Pradesh,Moradabad,"Kashiram Nagar, Moradabad - UPPCB",06-09-2026 11:00:00,28.849399,78.742362,OZONE,13,17,16,2026-09-06 06:14:15
India,Uttar Pradesh,Moradabad,"Employment Office, Moradabad - UPPCB",06-09-2026 11:00:00,28.88528,78.7388,PM10,NA,NA,NA,2026-09-06 06:14:15
India,Uttar Pradesh,Muzaffarnagar,"New Mandi, Muzaffarnagar - UPPCB",06-09-2026 11:00:00,29.4723508,77.7194031,NO2,20,60,31,2026-09-06 06:14:15
India,Uttar Pradesh,Noida,"Sector - 62, Noida - IITM",06-09-2026 11:00:00,28.6245479,77.3577104,PM10,21,61,36,2026-09-06 06:14:15
India,Uttar Pradesh,Noida,"Sector - 62, Noida - IITM",06-09-2026 11:00:00,28.6245479,77.3577104,NO2,9,45,21,2026-09-06 06:14:15
India,Uttar Pradesh,Noida,"Sector-1, Noida - UPPCB",06-09-2026 11:00:00,28.5898,77.3101,PM2.5,NA,NA,NA,2026-09-06 06:14:15
India,Uttar Pradesh,Noida,"Sector-1, Noida - UPPCB",06-09-2026 11:00:00,28.5898,77.3101,PM10,16,74,42,2026-09-06 06:14:15
India,Uttar Pradesh,Noida,"Sector-116, Noida - UPPCB",06-09-2026 11:00:00,28.56923,77.393848,PM10,52,96,75,2026-09-06 06:14:15
India,Uttar Pradesh,Noida,"Sector-116, Noida - UPPCB",06-09-2026 11:00:00,28.56923,77.393848,SO2,10,17,13,2026-09-06 06:14:15
India,Uttar Pradesh,Noida,"Sector-116, Noida - UPPCB",06-09-2026 11:00:00,28.56923,77.393848,OZONE,18,27,22,2026-09-06 06:14:15
India,Uttar Pradesh,Prayagraj,"Motilal Nehru NIT, Prayagraj - UPPCB",06-09-2026 11:00:00,25.494,81.863,CO,2,3,2,2026-09-06 06:14:15
India,Uttar Pradesh,Prayagraj,"Nagar Nigam, Prayagraj - UPPCB",06-09-2026 11:00:00,25.44919916,81.82735986,PM2.5,0,15,8,2026-09-06 06:14:15
India,Uttar Pradesh,Prayagraj,"Nagar Nigam, Prayagraj - UPPCB",06-09-2026 11:00:00,25.44919916,81.82735986,NO2,5,5,5,2026-09-06 06:14:15
India,Uttar Pradesh,Prayagraj,"Nagar Nigam, Prayagraj - UPPCB",06-09-2026 11:00:00,25.44919916,81.82735986,CO,12,13,12,2026-09-06 06:14:15
India,Uttar Pradesh,Prayagraj,"Jhunsi, Prayagraj - UPPCB",06-09-2026 11:00:00,25.425602,81.917152,PM2.5,NA,NA,NA,2026-09-06 06:14:15
India,Uttar Pradesh,Prayagraj,"Jhunsi, Prayagraj - UPPCB",06-09-2026 11:00:00,25.425602,81.917152,PM10,6,43,22,2026-09-06 06:14:15
India,Uttar Pradesh,Prayagraj,"Jhunsi, Prayagraj - UPPCB",06-09-2026 11:00:00,25.425602,81.917152,NH3,6,6,6,2026-09-06 06:14:15
India,Uttar Pradesh,Raebareli,"Anand Nagar, Raebareli - UPPCB",06-09-2026 11:00:00,26.219512,81.237648,SO2,13,13,13,2026-09-06 06:14:15
India,Uttar Pradesh,Raebareli," Indira Nagar, Raebareli - NTPC Unchahar",06-09-2026 11:00:00,26.207781,81.245571,PM2.5,28,45,37,2026-09-06 06:14:15
India,Uttar Pradesh,Raebareli," Indira Nagar, Raebareli - NTPC Unchahar",06-09-2026 11:00:00,26.207781,81.245571,SO2,11,18,15,2026-09-06 06:14:15
India,Uttar Pradesh,Varanasi,"Bhelupur, Varanasi - UPPCB",06-09-2026 11:00:00,25.301778,82.996789,PM2.5,13,385,100,2026-09-06 06:14:15
India,Uttar Pradesh,Varanasi,"Bhelupur, Varanasi - UPPCB",06-09-2026 11:00:00,25.301778,82.996789,NH3,1,1,1,2026-09-06 06:14:15
India,Uttar Pradesh,Varanasi,"Bhelupur, Varanasi - UPPCB",06-09-2026 11:00:00,25.301778,82.996789,SO2,28,39,30,2026-09-06 06:14:15
India,Uttar Pradesh,Varanasi,"Bhelupur, Varanasi - UPPCB",06-09-2026 11:00:00,25.301778,82.996789,OZONE,8,9,8,2026-09-06 06:14:15
India,Uttar Pradesh,Varanasi,"Ardhali Bazar, Varanasi - UPPCB",06-09-2026 11:00:00,25.3505986,82.9083074,PM2.5,17,46,28,2026-09-06 06:14:15
India,Uttar Pradesh,Varanasi,"IESD Banaras Hindu University, Varanasi - UPPCB",06-09-2026 11:00:00,25.262326,82.995408,NO2,2,2,2,2026-09-06 06:14:15
India,Uttar Pradesh,Vrindavan,"Omex Eternity, Vrindavan - UPPCB",06-09-2026 11:00:00,27.571409,77.655757,NH3,7,10,8,2026-09-06 06:14:15
India,Uttarakhand,Dehradun,"Doon University, Dehradun - UKPCB",06-09-2026 11:00:00,30.269444,78.044167,SO2,1,1,1,2026-09-06 06:14:15
India,Uttarakhand,Kashipur,"Govt. Girls Inter College, Kashipur - UKPCB",06-09-2026 11:00:00,29.2124114,78.9611753,SO2,NA,NA,NA,2026-09-06 06:14:15
India,Uttarakhand,Rishikesh,"Shivaji Nagar, Rishikesh - UKPCB",06-09-2026 11:00:00,30.075911,78.2859547,PM2.5,2,2,2,2026-09-06 06:14:15
India,West Bengal,Asansol,"Asansol Court Area, Asansol - WBPCB",06-09-2026 11:00:00,23.685297,86.945968,NO2,28,44,34,2026-09-06 06:14:15
India,West Bengal,Asansol,"Asansol Court Area, Asansol - WBPCB",06-09-2026 11:00:00,23.685297,86.945968,NH3,2,9,5,2026-09-06 06:14:15
India,West Bengal,Asansol,"Asansol Court Area, Asansol - WBPCB",06-09-2026 11:00:00,23.685297,86.945968,SO2,11,16,13,2026-09-06 06:14:15
India,West Bengal,Asansol,"Asansol Court Area, Asansol - WBPCB",06-09-2026 11:00:00,23.685297,86.945968,CO,28,73,51,2026-09-06 06:14:15
India,West Bengal,Asansol,"Evelyn Lodge, Asansol - WBPCB",06-09-2026 11:00:00,23.697936,86.944395,NH3,5,6,5,2026-09-06 06:14:15
India,West Bengal,Asansol,"Evelyn Lodge, Asansol - WBPCB",06-09-2026 11:00:00,23.697936,86.944395,SO2,77,78,77,2026-09-06 06:14:15
India,West Bengal,Asansol,"Evelyn Lodge, Asansol - WBPCB",06-09-2026 11:00:00,23.697936,86.944395,OZONE,13,28,18,2026-09-06 06:14:15
India,West Bengal,Asansol,"Mahabir Colliery, Asansol - WBPCB",06-09-2026 11:00:00,23.618183,87.105718,SO2,8,10,9,2026-09-06 06:14:15
India,West Bengal,Asansol,"Trivenidevi Bhalotia College, Asansol - WBPCB",06-09-2026 11:00:00,23.616515,87.119133,NO2,7,16,9,2026-09-06 06:14:15
India,West Bengal,Asansol,"Trivenidevi Bhalotia College, Asansol - WBPCB",06-09-2026 11:00:00,23.616515,87.119133,SO2,36,41,39,2026-09-06 06:14:15
India,West Bengal,Barrackpore,"SVSPA Campus, Barrackpore - WBPCB",06-09-2026 11:00:00,22.7605581,88.3617589,SO2,13,14,14,2026-09-06 06:14:15
India,West Bengal,Durgapur,"PCBL Residential Complex, Durgapur - WBPCB",06-09-2026 11:00:00,23.508764,87.35444,PM2.5,33,77,47,2026-09-06 06:14:15
India,West Bengal,Durgapur,"PCBL Residential Complex, Durgapur - WBPCB",06-09-2026 11:00:00,23.508764,87.35444,CO,38,44,42,2026-09-06 06:14:15
India,West Bengal,Durgapur,"PCBL Residential Complex, Durgapur - WBPCB",06-09-2026 11:00:00,23.508764,87.35444,OZONE,6,6,6,2026-09-06 06:14:15
India,West Bengal,Durgapur,"Mahishkapur Road_B-Zone, Durgapur - WBPCB",06-09-2026 11:00:00,23.567923,87.306843,OZONE,16,38,22,2026-09-06 06:14:15
India,West Bengal,Durgapur,"Womens College_City Center, Durgapur - WBPCB",06-09-2026 11:00:00,23.549395,87.300496,NO2,32,41,35,2026-09-06 06:14:15
India,West Bengal,Durgapur,"Womens College_City Center, Durgapur - WBPCB",06-09-2026 11:00:00,23.549395,87.300496,SO2,12,12,12,2026-09-06 06:14:15
India,West Bengal,Durgapur,"Womens College_City Center, Durgapur - WBPCB",06-09-2026 11:00:00,23.549395,87.300496,CO,21,42,29,2026-09-06 06:14:15
India,West Bengal,Haldia,"Priyambada Housing Estate, Haldia - WBPCB",06-09-2026 11:00:00,22.06047,88.109737,CO,21,26,24,2026-09-06 06:14:15
India,West Bengal,Howrah,"Ghusuri, Howrah - WBPCB",06-09-2026 11:00:00,22.611968,88.347422,NO2,46,106,61,2026-09-06 06:14:15
India,West Bengal,Howrah,"Ghusuri, Howrah - WBPCB",06-09-2026 11:00:00,22.611968,88.347422,CO,28,44,33,2026-09-06 06:14:15
India,West Bengal,Kolkata,"Bidhannagar, Kolkata - WBPCB",06-09-2026 11:00:00,22.58157048,88.41002457,OZONE,12,35,22,2026-09-06 06:14:15
India,West Bengal,Kolkata,"Jadavpur, Kolkata - WBPCB",06-09-2026 11:00:00,22.49929,88.36917,NO2,21,198,54,2026-09-06 06:14:15
India,West Bengal,Kolkata,"Fort William, Kolkata - WBPCB",06-09-2026 11:00:00,22.55664,88.342674,PM2.5,36,71,56,2026-09-06 06:14:15
India,West Bengal,Kolkata,"Fort William, Kolkata - WBPCB",06-09-2026 11:00:00,22.55664,88.342674,NO2,13,42,23,2026-09-06 06:14:15
India,West Bengal,Kolkata,"Fort William, Kolkata - WBPCB",06-09-2026 11:00:00,22.55664,88.342674,CO,18,19,18,2026-09-06 06:14:15
India,West Bengal,Kolkata,"Rabindra Sarobar, Kolkata - WBPCB",06-09-2026 11:00:00,22.51106,88.35142,PM2.5,25,51,38,2026-09-06 06:14:15
India,West Bengal,Kolkata,"Rabindra Sarobar, Kolkata - WBPCB",06-09-2026 11:00:00,22.51106,88.35142,NO2,18,106,44,2026-09-06 06:14:15
India,West Bengal,Kolkata,"Rabindra Sarobar, Kolkata - WBPCB",06-09-2026 11:00:00,22.51106,88.35142,NH3,6,14,8,2026-09-06 06:14:15
India,West Bengal,Kolkata,"Rabindra Sarobar, Kolkata - WBPCB",06-09-2026 11:00:00,22.51106,88.35142,SO2,6,8,7,2026-09-06 06:14:15
India,West Bengal,Kolkata,"Victoria, Kolkata - WBPCB",06-09-2026 11:00:00,22.5448082,88.3403691,PM10,41,65,50,2026-09-06 06:14:15
India,West Bengal,Kolkata,"Victoria, Kolkata - WBPCB",06-09-2026 11:00:00,22.5448082,88.3403691,NO2,29,35,32,2026-09-06 06:14:15
India,West Bengal,Kolkata,"Victoria, Kolkata - WBPCB",06-09-2026 11:00:00,22.5448082,88.3403691,OZONE,10,20,15,2026-09-06 06:14:15
India,Delhi,Delhi,"Okhla Phase-2, Delhi - DPCC",06-09-2026 11:00:00,28.530785,77.271255,PM2.5,15,68,44,2026-09-06 06:14:15
India,Delhi,Delhi,"Okhla Phase-2, Delhi - DPCC",06-09-2026 11:00:00,28.530785,77.271255,SO2,6,11,9,2026-09-06 06:14:15
India,Delhi,Delhi,"Okhla Phase-2, Delhi - DPCC",06-09-2026 11:00:00,28.530785,77.271255,CO,53,62,56,2026-09-06 06:14:15
India,Delhi,Delhi,"Rohini, Delhi - DPCC",06-09-2026 11:00:00,28.732528,77.11992,NH3,3,6,4,2026-09-06 06:14:15
India,Delhi,Delhi,"Rohini, Delhi - DPCC",06-09-2026 11:00:00,28.732528,77.11992,SO2,10,11,10,2026-09-06 06:14:15
India,Delhi,Delhi,"Rohini, Delhi - DPCC",06-09-2026 11:00:00,28.732528,77.11992,CO,36,47,41,2026-09-06 06:14:15
India,Delhi,Delhi,"Rohini, Delhi - DPCC",06-09-2026 11:00:00,28.732528,77.11992,OZONE,11,12,12,2026-09-06 06:14:15
India,Delhi,Delhi,"Vivek Vihar, Delhi - DPCC",06-09-2026 11:00:00,28.672342,77.31526,PM2.5,14,215,45,2026-09-06 06:14:15
India,Delhi,Delhi,"Vivek Vihar, Delhi - DPCC",06-09-2026 11:00:00,28.672342,77.31526,PM10,31,128,55,2026-09-06 06:14:15
India,Delhi,Delhi,"Vivek Vihar, Delhi - DPCC",06-09-2026 11:00:00,28.672342,77.31526,OZONE,10,11,11,2026-09-06 06:14:15
India,Delhi,Delhi,"Jahangirpuri, Delhi - DPCC",06-09-2026 11:00:00,28.73282,77.170633,NH3,10,11,11,2026-09-06 06:14:15
India,Delhi,Delhi,"Jahangirpuri, Delhi - DPCC",06-09-2026 11:00:00,28.73282,77.170633,SO2,23,34,28,2026-09-06 06:14:15
India,Delhi,Delhi,"IHBAS, Dilshad Garden, Delhi - CPCB",06-09-2026 11:00:00,28.6811736,77.3025234,PM2.5,8,279,52,2026-09-06 06:14:15
India,Delhi,Delhi,"IHBAS, Dilshad Garden, Delhi - CPCB",06-09-2026 11:00:00,28.6811736,77.3025234,NO2,46,53,49,2026-09-06 06:14:15
India,Delhi,Delhi,"Sri Aurobindo Marg, Delhi - DPCC",06-09-2026 11:00:00,28.531346,77.190156,PM2.5,5,57,24,2026-09-06 06:14:15
India,Delhi,Delhi,"Sri Aurobindo Marg, Delhi - DPCC",06-09-2026 11:00:00,28.531346,77.190156,SO2,37,88,42,2026-09-06 06:14:15
India,Delhi,Delhi,"Nehru Nagar, Delhi - DPCC",06-09-2026 11:00:00,28.56789,77.250515,PM10,49,100,64,2026-09-06 06:14:15
India,Delhi,Delhi,"Nehru Nagar, Delhi - DPCC",06-09-2026 11:00:00,28.56789,77.250515,SO2,1,110,11,2026-09-06 06:14:15
India,Delhi,Delhi,"Nehru Nagar, Delhi - DPCC",06-09-2026 11:00:00,28.56789,77.250515,CO,52,85,59,2026-09-06 06:14:15
India,Delhi,Delhi,"Nehru Nagar, Delhi - DPCC",06-09-2026 11:00:00,28.56789,77.250515,OZONE,7,10,9,2026-09-06 06:14:15
India,Delhi,Delhi,"Jawaharlal Nehru Stadium, Delhi - DPCC",06-09-2026 11:00:00,28.58028,77.233829,NO2,18,34,26,2026-09-06 06:14:15
India,Bihar,Bhagalpur,"Mayaganj, Bhagalpur - BSPCB",06-09-2026 11:00:00,25.265194,87.012947,CO,6,88,30,2026-09-06 06:14:15
India,Bihar,Bhagalpur,"Mayaganj, Bhagalpur - BSPCB",06-09-2026 11:00:00,25.265194,87.012947,OZONE,8,25,17,2026-09-06 06:14:15
India,Bihar,Bhagalpur,"DM Office_Kachari Chowk, Bhagalpur - BSPCB",06-09-2026 11:00:00,25.251013,86.989001,NO2,20,23,21,2026-09-06 06:14:15
India,Bihar,Bihar Sharif,"D M Colony, Bihar Sharif - BSPCB",06-09-2026 11:00:00,25.204762,85.51496,SO2,1,89,43,2026-09-06 06:14:15
India,Bihar,Chhapra,"Darshan Nagar, Chhapra - BSPCB",06-09-2026 11:00:00,25.7808257,84.7446768,NO2,1,1,1,2026-09-06 06:14:15
India,Bihar,Chhapra,"Darshan Nagar, Chhapra - BSPCB",06-09-2026 11:00:00,25.7808257,84.7446768,NH3,0,1,0,2026-09-06 06:14:15
India,Bihar,Gaya,"Collectorate, Gaya - BSPCB",06-09-2026 11:00:00,24.7955,84.9994,CO,11,12,12,2026-09-06 06:14:15
India,Bihar,Gaya,"SFTI Kusdihra, Gaya - BSPCB",06-09-2026 11:00:00,24.762518,84.982348,NH3,6,7,7,2026-09-06 06:14:15
India,Bihar,Gaya,"SFTI Kusdihra, Gaya - BSPCB",06-09-2026 11:00:00,24.762518,84.982348,OZONE,3,15,8,2026-09-06 06:14:15
India,Bihar,Gaya,"Kareemganj, Gaya - BSPCB",06-09-2026 11:00:00,24.792403,84.992416,SO2,41,44,43,2026-09-06 06:14:15
India,Bihar,Hajipur,"Industrial Area, Hajipur - BSPCB",06-09-2026 11:00:00,25.697189,85.2459,PM10,41,58,51,2026-09-06 06:14:15
India,Bihar,Katihar,"Mirchaibari, Katihar - BSPCB",06-09-2026 11:00:00,25.560083,87.553265,PM2.5,17,45,33,2026-09-06 06:14:15
India,Bihar,Katihar,"Mirchaibari, Katihar - BSPCB",06-09-2026 11:00:00,25.560083,87.553265,NH3,1,1,1,2026-09-06 06:14:15
India,Bihar,Katihar,"Mirchaibari, Katihar - BSPCB",06-09-2026 11:00:00,25.560083,87.553265,SO2,15,21,18,2026-09-06 06:14:15
India,Bihar,Kishanganj,"SDM Office_Khagra, Kishanganj - BSPCB",06-09-2026 11:00:00,26.0881305,87.93840336,NH3,3,3,3,2026-09-06 06:14:15
India,Bihar,Kishanganj,"SDM Office_Khagra, Kishanganj - BSPCB",06-09-2026 11:00:00,26.0881305,87.93840336,CO,37,42,40,2026-09-06 06:14:15
India,Bihar,Patna,"Samanpura, Patna - BSPCB",06-09-2026 11:00:00,25.596727,85.085624,NO2,23,24,24,2026-09-06 06:14:15
India,Bihar,Purnia,"Mariam Nagar, Purnia - BSPCB",06-09-2026 11:00:00,25.366336,87.117468,OZONE,20,58,34,2026-09-06 06:14:15
India,Bihar,Rajgir,"Dangi Tola, Rajgir - BSPCB",06-09-2026 11:00:00,25.0328,85.41948,PM2.5,NA,NA,NA,2026-09-06 06:14:15
India,Bihar,Saharsa,"Police Line, Saharsa - BSPCB",06-09-2026 11:00:00,25.892357,86.590325,PM2.5,NA,NA,NA,2026-09-06 06:14:15
India,Bihar,Saharsa,"Police Line, Saharsa - BSPCB",06-09-2026 11:00:00,25.892357,86.590325,NH3,4,4,4,2026-09-06 06:14:15
India,Bihar,Samastipur,"DM Office_Kasipur, Samastipur - BSPCB",06-09-2026 11:00:00,25.859655,85.77944,NO2,8,9,8,2026-09-06 06:14:15
India,Bihar,Samastipur,"DM Office_Kasipur, Samastipur - BSPCB",06-09-2026 11:00:00,25.859655,85.77944,CO,3,8,6,2026-09-06 06:14:15
India,Bihar,Sasaram,"Dada Peer, Sasaram - BSPCB",06-09-2026 11:00:00,24.952822,84.002396,NH3,2,4,3,2026-09-06 06:14:15
India,Bihar,Siwan,"Chitragupta Nagar, Siwan - BSPCB",06-09-2026 11:00:00,26.2271665,84.3570427,NO2,2,3,2,2026-09-06 06:14:15
India,Bihar,Siwan,"Chitragupta Nagar, Siwan - BSPCB",06-09-2026 11:00:00,26.2271665,84.3570427,OZONE,7,11,9,2026-09-06 06:14:15
India,Chandigarh,Chandigarh,"Sector 22, Chandigarh - CPCC",06-09-2026 11:00:00,30.735567,76.775714,NO2,1,7,4,2026-09-06 06:14:15
India,Chandigarh,Chandigarh,"Sector-53, Chandigarh - CPCC",06-09-2026 11:00:00,30.719859,76.738637,OZONE,4,17,8,2026-09-06 06:14:15
India,Chhattisgarh,Bhilai,"32Bungalows, Bhilai - CECB",06-09-2026 11:00:00,21.194815,81.31477,SO2,5,27,8,2026-09-06 06:14:15
India,Chhattisgarh,Bhilai,"32Bungalows, Bhilai - CECB",06-09-2026 11:00:00,21.194815,81.31477,CO,8,11,9,2026-09-06 06:14:15
India,Chhattisgarh,Bhilai,"32Bungalows, Bhilai - CECB",06-09-2026 11:00:00,21.194815,81.31477,OZONE,12,17,14,2026-09-06 06:14:15
India,Bihar,Manguraha,"Forest Rest House, Manguraha - BSPCB",06-09-2026 11:00:00,27.308328,84.531742,SO2,9,48,22,2026-09-06 06:14:15
India,Bihar,Motihari,"Gandak Colony, Motihari - BSPCB",06-09-2026 11:00:00,26.63086,84.90051,NO2,2,3,3,2026-09-06 06:14:15
India,Bihar,Motihari,"Gandak Colony, Motihari - BSPCB",06-09-2026 11:00:00,26.63086,84.90051,CO,11,13,12,2026-09-06 06:14:15
India,Bihar,Munger,"Town Hall, Munger - BSPCB",06-09-2026 11:00:00,25.376776,86.471523,NH3,2,3,3,2026-09-06 06:14:15
India,Bihar,Munger,"Town Hall, Munger - BSPCB",06-09-2026 11:00:00,25.376776,86.471523,SO2,63,77,72,2026-09-06 06:14:15
India,Bihar,Munger,"Town Hall, Munger - BSPCB",06-09-2026 11:00:00,25.376776,86.471523,CO,35,37,36,2026-09-06 06:14:15
India,Bihar,Muzaffarpur,"Buddha Colony, Muzaffarpur - BSPCB",06-09-2026 11:00:00,26.11442,85.39813,PM10,57,91,70,2026-09-06 06:14:15
India,Bihar,Muzaffarpur,"Buddha Colony, Muzaffarpur - BSPCB",06-09-2026 11:00:00,26.11442,85.39813,OZONE,7,28,16,2026-09-06 06:14:15
India,Bihar,Muzaffarpur,"MIT-Daudpur Kothi, Muzaffarpur - BSPCB",06-09-2026 11:00:00,26.1403345,85.3650192,PM2.5,15,27,20,2026-09-06 06:14:15
India,Bihar,Muzaffarpur,"MIT-Daudpur Kothi, Muzaffarpur - BSPCB",06-09-2026 11:00:00,26.1403345,85.3650192,PM10,24,44,31,2026-09-06 06:14:15
India,Bihar,Patna,"Rajbansi Nagar, Patna - BSPCB",06-09-2026 11:00:00,25.599486,85.113666,CO,21,28,24,2026-09-06 06:14:15
India,Bihar,Patna,"Govt. High School Shikarpur, Patna - BSPCB",06-09-2026 11:00:00,25.592539,85.227158,PM10,54,99,74,2026-09-06 06:14:15
India,Bihar,Patna,"Govt. High School Shikarpur, Patna - BSPCB",06-09-2026 11:00:00,25.592539,85.227158,NH3,6,6,6,2026-09-06 06:14:15
India,Bihar,Patna,"DRM Office Danapur, Patna - BSPCB",06-09-2026 11:00:00,25.586562,85.043586,OZONE,17,317,82,2026-09-06 06:14:15
India,Andhra Pradesh,Kurnool,"Sita Rama Nagar, Kurnool - APPCB",06-09-2026 11:00:00,15.83411,78.028546,PM2.5,34,61,46,2026-09-06 06:14:15
India,Andhra Pradesh,Machilipatnam,"Srinivas Nagar Colony, Machilipatnam - APPCB",06-09-2026 11:00:00,16.186555,81.13219,NO2,21,39,28,2026-09-06 06:14:15
India,Andhra Pradesh,Nellore,"Ambedkar Nagar, Nellore - APPCB ",06-09-2026 11:00:00,14.438164,79.966814,NO2,31,34,33,2026-09-06 06:14:15
India,Andhra Pradesh,Rajamahendravaram,"Anand Kala Kshetram, Rajamahendravaram - APPCB",06-09-2026 11:00:00,16.9872867,81.7363176,CO,19,25,22,2026-09-06 06:14:15
India,Andhra Pradesh,Rajamahendravaram,"Anand Kala Kshetram, Rajamahendravaram - APPCB",06-09-2026 11:00:00,16.9872867,81.7363176,OZONE,17,54,29,2026-09-06 06:14:15
India,Andhra Pradesh,Srikakulam,"Chinna Bharatham Colony, Srikakulam - APPCB",06-09-2026 11:00:00,18.292191,83.897173,PM2.5,29,164,56,2026-09-06 06:14:15
India,Andhra Pradesh,Srikakulam,"Chinna Bharatham Colony, Srikakulam - APPCB",06-09-2026 11:00:00,18.292191,83.897173,PM10,57,95,69,2026-09-06 06:14:15
India,Andhra Pradesh,Srikakulam,"Chinna Bharatham Colony, Srikakulam - APPCB",06-09-2026 11:00:00,18.292191,83.897173,NO2,23,43,30,2026-09-06 06:14:15
India,Andhra Pradesh,Srikakulam,"Chinna Bharatham Colony, Srikakulam - APPCB",06-09-2026 11:00:00,18.292191,83.897173,NH3,1,6,3,2026-09-06 06:14:15
India,Andhra Pradesh,Srikakulam,"Chinna Bharatham Colony, Srikakulam - APPCB",06-09-2026 11:00:00,18.292191,83.897173,CO,63,65,64,2026-09-06 06:14:15
India,Andhra Pradesh,Tirupati,"Vaikuntapuram, Tirupati - APPCB",06-09-2026 11:00:00,13.615387,79.40923,NO2,31,35,32,2026-09-06 06:14:15
India,Andhra Pradesh,Vijayawada,"Rajiv Nagar, Vijayawada - APPCB",06-09-2026 11:00:00,16.554731,80.64911,NH3,5,6,5,2026-09-06 06:14:15
India,Andhra Pradesh,Amaravati,"Secretariat, Amaravati - APPCB",06-09-2026 11:00:00,16.5150833,80.5181667,CO,18,22,20,2026-09-06 06:14:15
India,Andhra Pradesh,Anantapur,"Gulzarpet, Anantapur - APPCB",06-09-2026 11:00:00,14.675886,77.593027,PM10,54,92,72,2026-09-06 06:14:15
India,Andhra Pradesh,Anantapur,"Gulzarpet, Anantapur - APPCB",06-09-2026 11:00:00,14.675886,77.593027,SO2,12,17,13,2026-09-06 06:14:15
India,Andhra Pradesh,Anantapur,"Gulzarpet, Anantapur - APPCB",06-09-2026 11:00:00,14.675886,77.593027,OZONE,15,15,15,2026-09-06 06:14:15
India,Andhra Pradesh,Chittoor,"Gangineni Cheruvu, Chittoor - APPCB",06-09-2026 11:00:00,13.20488,79.097889,PM2.5,65,65,65,2026-09-06 06:14:15
India,Andhra Pradesh,Chittoor,"Gangineni Cheruvu, Chittoor - APPCB",06-09-2026 11:00:00,13.20488,79.097889,PM10,64,64,64,2026-09-06 06:14:15
India,Andhra Pradesh,Chittoor,"Gangineni Cheruvu, Chittoor - APPCB",06-09-2026 11:00:00,13.20488,79.097889,CO,14,18,16,2026-09-06 06:14:15
India,Andhra Pradesh,Eluru,"District Court, Eluru - APPCB",06-09-2026 11:00:00,16.711754,81.092095,SO2,8,13,9,2026-09-06 06:14:15
India,Andhra Pradesh,Guntur,"Rajendra Nagar North, Guntur - APPCB",06-09-2026 11:00:00,16.316553,80.413302,PM2.5,45,65,55,2026-09-06 06:14:15
India,Andhra Pradesh,Guntur,"Rajendra Nagar North, Guntur - APPCB",06-09-2026 11:00:00,16.316553,80.413302,NO2,22,49,32,2026-09-06 06:14:15
India,Andhra Pradesh,Guntur,"Rajendra Nagar North, Guntur - APPCB",06-09-2026 11:00:00,16.316553,80.413302,NH3,4,10,6,2026-09-06 06:14:15
India,Andhra Pradesh,Guntur,"Rajendra Nagar North, Guntur - APPCB",06-09-2026 11:00:00,16.316553,80.413302,SO2,8,19,12,2026-09-06 06:14:15
India,Andhra Pradesh,Kadapa,"Yerramukkapalli, Kadapa - APPCB",06-09-2026 11:00:00,14.465052,78.824187,PM2.5,69,71,70,2026-09-06 06:14:15
India,Assam,Guwahati,"Railway Colony, Guwahati - PCBA",06-09-2026 11:00:00,26.181742,91.78063,OZONE,11,12,11,2026-09-06 06:14:15
India,Assam,Nagaon,"Christianpatty, Nagaon - PCBA",06-09-2026 11:00:00,26.349082,92.68449,PM2.5,42,94,63,2026-09-06 06:14:15
India,Assam,Silchar,"Tarapur, Silchar - PCBA",06-09-2026 11:00:00,24.82827,92.79525,PM10,41,58,48,2026-09-06 06:14:15
India,Assam,Sivasagar,"Girls College, Sivasagar - PCBA",06-09-2026 11:00:00,26.987634,94.636574,SO2,6,8,7,2026-09-06 06:14:15
India,Bihar,Araria,"Kharahiya Basti, Araria - BSPCB",06-09-2026 11:00:00,26.146529,87.454184,NH3,3,5,4,2026-09-06 06:14:15
India,Bihar,Araria,"Kharahiya Basti, Araria - BSPCB",06-09-2026 11:00:00,26.146529,87.454184,SO2,15,26,19,2026-09-06 06:14:15
India,Bihar,Begusarai,"Lohiyanagar, Begusarai - BSPCB",06-09-2026 11:00:00,25.42742023,86.13886079,CO,56,69,62,2026-09-06 06:14:15
India,Bihar,Bettiah,"Kamalnath Nagar, Bettiah - BSPCB",06-09-2026 11:00:00,26.80365,84.51954,PM2.5,21,24,23,2026-09-06 06:14:15
India,Bihar,Bhagalpur,"Mayaganj, Bhagalpur - BSPCB",06-09-2026 11:00:00,25.265194,87.012947,NH3,4,4,4,2026-09-06 06:14:15
India,Bihar,Bhagalpur,"Mayaganj, Bhagalpur - BSPCB",06-09-2026 11:00:00,25.265194,87.012947,SO2,NA,NA,NA,2026-09-06 06:14:15
India,Chhattisgarh,Raipur,"AIIMS, Raipur - CECB",06-09-2026 11:00:00,21.258815,81.578979,SO2,3,5,4,2026-09-06 06:14:15
India,Chhattisgarh,Raipur,"AIIMS, Raipur - CECB",06-09-2026 11:00:00,21.258815,81.578979,OZONE,9,13,11,2026-09-06 06:14:15
India,Chhattisgarh,Tumidih,"OP Jindal Industrial Park, Tumidih - CECB",06-09-2026 11:00:00,22.06631475,83.33820077,SO2,5,13,6,2026-09-06 06:14:15
India,Chhattisgarh,Tumidih,"OP Jindal Industrial Park, Tumidih - CECB",06-09-2026 11:00:00,22.06631475,83.33820077,OZONE,4,7,6,2026-09-06 06:14:15
India,Delhi,Delhi,"ITO, Delhi - CPCB",06-09-2026 11:00:00,28.628624,77.24106,NO2,5,84,57,2026-09-06 06:14:15
India,Delhi,Delhi,"ITO, Delhi - CPCB",06-09-2026 11:00:00,28.628624,77.24106,CO,24,50,40,2026-09-06 06:14:15
India,Delhi,Delhi,"Narela, Delhi - DPCC",06-09-2026 11:00:00,28.822836,77.101981,PM2.5,2,57,24,2026-09-06 06:14:15
India,Delhi,Delhi,"Narela, Delhi - DPCC",06-09-2026 11:00:00,28.822836,77.101981,NO2,21,26,24,2026-09-06 06:14:15
India,Delhi,Delhi,"Major Dhyan Chand National Stadium, Delhi - DPCC",06-09-2026 11:00:00,28.611281,77.237738,NO2,32,65,52,2026-09-06 06:14:15
India,Delhi,Delhi,"Sonia Vihar, Delhi - DPCC",06-09-2026 11:00:00,28.710508,77.249485,SO2,4,7,6,2026-09-06 06:14:15
India,Delhi,Delhi,"Sonia Vihar, Delhi - DPCC",06-09-2026 11:00:00,28.710508,77.249485,CO,62,76,70,2026-09-06 06:14:15
India,Delhi,Delhi,"Bawana, Delhi - DPCC",06-09-2026 11:00:00,28.7762,77.051074,SO2,7,8,8,2026-09-06 06:14:15
India,Andhra Pradesh,Vijayawada,"HB Colony, Vijayawada - APPCB",06-09-2026 11:00:00,16.536107,80.594233,NH3,5,6,5,2026-09-06 06:14:15
India,Andhra Pradesh,Vijayawada,"HB Colony, Vijayawada - APPCB",06-09-2026 11:00:00,16.536107,80.594233,CO,31,31,31,2026-09-06 06:14:15
India,Andhra Pradesh,Visakhapatnam,"GVM Corporation, Visakhapatnam - APPCB",06-09-2026 11:00:00,17.72,83.3,PM2.5,33,110,68,2026-09-06 06:14:15
India,Andhra Pradesh,Visakhapatnam,"GVM Corporation, Visakhapatnam - APPCB",06-09-2026 11:00:00,17.72,83.3,NO2,32,115,70,2026-09-06 06:14:15
India,Assam,Byrnihat,"Central Academy for SFS, Byrnihat - PCBA",06-09-2026 11:00:00,26.071318,91.87488,NH3,4,4,4,2026-09-06 06:14:15
India,Assam,Byrnihat,"Central Academy for SFS, Byrnihat - PCBA",06-09-2026 11:00:00,26.071318,91.87488,OZONE,18,20,19,2026-09-06 06:14:15
India,Assam,Guwahati,"IITG, Guwahati - PCBA",06-09-2026 11:00:00,26.2028636,91.70046436,PM2.5,10,21,16,2026-09-06 06:14:15
India,Assam,Guwahati,"Railway Colony, Guwahati - PCBA",06-09-2026 11:00:00,26.181742,91.78063,PM2.5,16,111,50,2026-09-06 06:14:15
India,Chhattisgarh,Bilaspur,"Mangala, Bilaspur - NTPC",06-09-2026 11:00:00,22.08815,82.13737,CO,9,24,18,2026-09-06 06:14:15
India,Chhattisgarh,Chhal,"Nawapara SECL Colony, Chhal - CECB",06-09-2026 11:00:00,22.118125,83.140608,PM10,58,180,114,2026-09-06 06:14:15
India,Chhattisgarh,Chhal,"Nawapara SECL Colony, Chhal - CECB",06-09-2026 11:00:00,22.118125,83.140608,CO,20,26,24,2026-09-06 06:14:15
India,Chhattisgarh,Korba,"Urja Nagar, Korba - CECB",06-09-2026 11:00:00,22.348441,82.549611,NH3,1,1,1,2026-09-06 06:14:15
India,Chhattisgarh,Korba,"Rampur, Korba - CECB",06-09-2026 11:00:00,22.368195,82.746431,OZONE,6,20,10,2026-09-06 06:14:15
India,Chhattisgarh,Milupara,"Govt. Higher Secondary School, Milupara - CECB",06-09-2026 11:00:00,22.1910172,83.5197009,PM10,18,103,50,2026-09-06 06:14:15
India,Chhattisgarh,Raipur,"Krishak Nagar, Raipur - CECB",06-09-2026 11:00:00,21.237755,81.705301,NO2,4,6,5,2026-09-06 06:14:15
India,Gujarat,Mehsana,"Sadanand Nagar, Mehsana - Nexteng Enviro",06-09-2026 11:00:00,23.59315,72.372792,NH3,1,1,1,2026-09-06 06:14:15
India,Gujarat,Nandesari,"GIDC, Nandesari - Nandesari Ind. Association",06-09-2026 11:00:00,22.410802,73.097923,PM10,39,133,57,2026-09-06 06:14:15
India,Gujarat,Nandesari,"GIDC, Nandesari - Nandesari Ind. Association",06-09-2026 11:00:00,22.410802,73.097923,CO,31,68,45,2026-09-06 06:14:15
India,Gujarat,Surat,"Science Center, Surat - SMC",06-09-2026 11:00:00,21.170046,72.795405,SO2,15,18,16,2026-09-06 06:14:15
India,Gujarat,Surat,"Katargam, Surat - Nexteng Enviro",06-09-2026 11:00:00,21.217779,72.834787,PM10,38,90,59,2026-09-06 06:14:15
India,Gujarat,Surat,"Katargam, Surat - Nexteng Enviro",06-09-2026 11:00:00,21.217779,72.834787,SO2,9,10,10,2026-09-06 06:14:15
India,Gujarat,Vadodara,"Bapunagar, Vadodara - Nexteng Enviro",06-09-2026 11:00:00,22.320153,73.216285,PM10,38,92,64,2026-09-06 06:14:15
India,Gujarat,Vadodara,"Bapunagar, Vadodara - Nexteng Enviro",06-09-2026 11:00:00,22.320153,73.216285,SO2,7,8,8,2026-09-06 06:14:15
India,Gujarat,Vadodara,"Bapunagar, Vadodara - Nexteng Enviro",06-09-2026 11:00:00,22.320153,73.216285,CO,77,79,78,2026-09-06 06:14:15
India,Gujarat,Vapi,"Phase-1 GIDC, Vapi - GPCB",06-09-2026 11:00:00,20.362421,72.918013,PM10,21,61,35,2026-09-06 06:14:15
India,Gujarat,Vapi,"Phase-1 GIDC, Vapi - GPCB",06-09-2026 11:00:00,20.362421,72.918013,NO2,20,21,20,2026-09-06 06:14:15
India,Gujarat,Vapi,"Phase-1 GIDC, Vapi - GPCB",06-09-2026 11:00:00,20.362421,72.918013,NH3,5,5,5,2026-09-06 06:14:15
India,Gujarat,Vapi,"Phase-1 GIDC, Vapi - GPCB",06-09-2026 11:00:00,20.362421,72.918013,SO2,12,13,13,2026-09-06 06:14:15
India,Gujarat,Vatva,"Phase-4 GIDC, Vatva - GPCB",06-09-2026 11:00:00,22.969611,72.6435,PM2.5,38,310,122,2026-09-06 06:14:15
India,Haryana,Ambala,"Patti Mehar, Ambala - HSPCB",06-09-2026 11:00:00,30.379589,76.778328,SO2,39,96,74,2026-09-06 06:14:15
India,Haryana,Ambala,"Patti Mehar, Ambala - HSPCB",06-09-2026 11:00:00,30.379589,76.778328,OZONE,12,36,20,2026-09-06 06:14:15
India,Haryana,Bahadurgarh,"Arya Nagar, Bahadurgarh - HSPCB",06-09-2026 11:00:00,28.6701,76.9254,PM2.5,30,59,39,2026-09-06 06:14:15
India,Haryana,Bahadurgarh,"Arya Nagar, Bahadurgarh - HSPCB",06-09-2026 11:00:00,28.6701,76.9254,NH3,7,9,8,2026-09-06 06:14:15
India,Haryana,Bahadurgarh,"Arya Nagar, Bahadurgarh - HSPCB",06-09-2026 11:00:00,28.6701,76.9254,OZONE,8,24,15,2026-09-06 06:14:15
India,Jammu and Kashmir,Srinagar,"Rajbagh, Srinagar - JKPCC",06-09-2026 11:00:00,34.066206,74.81982,NO2,19,20,19,2026-09-06 06:14:15
India,Jammu and Kashmir,Srinagar,"Rajbagh, Srinagar - JKPCC",06-09-2026 11:00:00,34.066206,74.81982,NH3,9,9,9,2026-09-06 06:14:15
India,Jammu and Kashmir,Srinagar,"Khunmoh, Srinagar - JKPCC",06-09-2026 11:00:00,34.06313,74.96017,OZONE,NA,NA,NA,2026-09-06 06:14:15
India,Jharkhand,Dhanbad,"Sardar Patel Nagar, Dhanbad - JSPCB",06-09-2026 11:00:00,23.80569,86.44268,PM10,NA,NA,NA,2026-09-06 06:14:15
India,Jharkhand,Jorapokhar,"Tata Stadium, Jorapokhar - JSPCB",06-09-2026 11:00:00,23.707909,86.41467,NO2,8,8,8,2026-09-06 06:14:15
India,Jharkhand,Jorapokhar,"Tata Stadium, Jorapokhar - JSPCB",06-09-2026 11:00:00,23.707909,86.41467,NH3,3,3,3,2026-09-06 06:14:15
India,Jharkhand,Jorapokhar,"Tata Stadium, Jorapokhar - JSPCB",06-09-2026 11:00:00,23.707909,86.41467,SO2,21,21,21,2026-09-06 06:14:15
India,Karnataka,Bengaluru,"Jigani, Bengaluru - KSPCB",06-09-2026 11:00:00,12.7816279,77.6299145,PM10,NA,NA,NA,2026-09-06 06:14:15
India,Karnataka,Bengaluru,"Jigani, Bengaluru - KSPCB",06-09-2026 11:00:00,12.7816279,77.6299145,NO2,21,22,22,2026-09-06 06:14:15
India,Karnataka,Bengaluru,"Jigani, Bengaluru - KSPCB",06-09-2026 11:00:00,12.7816279,77.6299145,NH3,4,4,4,2026-09-06 06:14:15
India,Karnataka,Bengaluru,"Jigani, Bengaluru - KSPCB",06-09-2026 11:00:00,12.7816279,77.6299145,OZONE,18,19,18,2026-09-06 06:14:15
India,Karnataka,Bengaluru,"Jayanagar 5th Block, Bengaluru - KSPCB",06-09-2026 11:00:00,12.920984,77.584908,NO2,9,26,16,2026-09-06 06:14:15
India,Karnataka,Bengaluru,"Jayanagar 5th Block, Bengaluru - KSPCB",06-09-2026 11:00:00,12.920984,77.584908,SO2,0,17,7,2026-09-06 06:14:15
India,Karnataka,Bengaluru,"Hombegowda Nagar, Bengaluru - KSPCB",06-09-2026 11:00:00,12.938539,77.5901,OZONE,17,53,29,2026-09-06 06:14:15
India,Karnataka,Bengaluru,"Peenya, Bengaluru - CPCB",06-09-2026 11:00:00,13.0270199,77.494094,OZONE,23,24,24,2026-09-06 06:14:15
India,Karnataka,Bengaluru,"Hebbal, Bengaluru - KSPCB",06-09-2026 11:00:00,13.029152,77.585901,PM2.5,19,44,27,2026-09-06 06:14:15
India,Karnataka,Bengaluru,"Silk Board, Bengaluru - KSPCB",06-09-2026 11:00:00,12.917348,77.622813,PM2.5,57,320,147,2026-09-06 06:14:15
India,Delhi,Delhi,"Jawaharlal Nehru Stadium, Delhi - DPCC",06-09-2026 11:00:00,28.58028,77.233829,OZONE,13,21,17,2026-09-06 06:14:15
India,Delhi,Delhi,"Najafgarh, Delhi - DPCC",06-09-2026 11:00:00,28.570173,76.933762,PM2.5,NA,NA,NA,2026-09-06 06:14:15
India,Delhi,Delhi,"Najafgarh, Delhi - DPCC",06-09-2026 11:00:00,28.570173,76.933762,NO2,12,30,17,2026-09-06 06:14:15
India,Delhi,Delhi,"Najafgarh, Delhi - DPCC",06-09-2026 11:00:00,28.570173,76.933762,NH3,7,8,7,2026-09-06 06:14:15
India,Delhi,Delhi,"NSUT Jaffarpur, Delhi - DPCC",06-09-2026 11:00:00,28.594004,76.909423,NO2,9,25,17,2026-09-06 06:14:15
India,Delhi,Delhi,"NSUT Jaffarpur, Delhi - DPCC",06-09-2026 11:00:00,28.594004,76.909423,NH3,0,4,1,2026-09-06 06:14:15
India,Delhi,Delhi,"Punjabi Bagh, Delhi - DPCC",06-09-2026 11:00:00,28.674045,77.131023,CO,39,57,47,2026-09-06 06:14:15
India,Delhi,Delhi,"Punjabi Bagh, Delhi - DPCC",06-09-2026 11:00:00,28.674045,77.131023,OZONE,14,16,15,2026-09-06 06:14:15
India,Delhi,Delhi,"Ashok Vihar, Delhi - DPCC",06-09-2026 11:00:00,28.695381,77.181665,CO,27,38,33,2026-09-06 06:14:15
India,Delhi,Delhi,"Anand Vihar, Delhi - DPCC",06-09-2026 11:00:00,28.647622,77.315809,PM10,36,160,79,2026-09-06 06:14:15
India,Delhi,Delhi,"Anand Vihar, Delhi - DPCC",06-09-2026 11:00:00,28.647622,77.315809,NO2,8,39,23,2026-09-06 06:14:15
India,Delhi,Delhi,"Shadipur, Delhi - CPCB",06-09-2026 11:00:00,28.6514781,77.1473105,PM2.5,NA,NA,NA,2026-09-06 06:14:15
India,Delhi,Delhi,"Mandir Marg, Delhi - DPCC",06-09-2026 11:00:00,28.636429,77.201067,PM2.5,8,57,19,2026-09-06 06:14:15
India,Delhi,Delhi,"Pusa, Delhi - DPCC",06-09-2026 11:00:00,28.639652,77.146275,PM2.5,3,110,41,2026-09-06 06:14:15
India,Delhi,Delhi,"Pusa, Delhi - DPCC",06-09-2026 11:00:00,28.639652,77.146275,OZONE,10,11,10,2026-09-06 06:14:15
India,Delhi,Delhi,"Sirifort, Delhi - CPCB",06-09-2026 11:00:00,28.5504249,77.2159377,PM2.5,48,95,63,2026-09-06 06:14:15
India,Delhi,Delhi,"Sirifort, Delhi - CPCB",06-09-2026 11:00:00,28.5504249,77.2159377,SO2,43,45,44,2026-09-06 06:14:15
India,Delhi,Delhi,"Chandni Chowk, Delhi - IITM",06-09-2026 11:00:00,28.656756,77.227234,PM2.5,51,86,69,2026-09-06 06:14:15
India,Delhi,Delhi,"Chandni Chowk, Delhi - IITM",06-09-2026 11:00:00,28.656756,77.227234,OZONE,2,10,7,2026-09-06 06:14:15
India,Delhi,Delhi,"Pusa, Delhi - IITM",06-09-2026 11:00:00,28.63611,77.173332,PM2.5,2,73,40,2026-09-06 06:14:15
India,Delhi,Delhi,"DTU, Delhi - CPCB",06-09-2026 11:00:00,28.7500499,77.1112615,NO2,20,23,21,2026-09-06 06:14:15
India,Delhi,Delhi,"Dwarka-Sector 8, Delhi - DPCC ",06-09-2026 11:00:00,28.5710274,77.0719006,PM10,9,66,38,2026-09-06 06:14:15
India,Delhi,Delhi,"Dwarka-Sector 8, Delhi - DPCC ",06-09-2026 11:00:00,28.5710274,77.0719006,NO2,18,44,31,2026-09-06 06:14:15
India,Delhi,Delhi,"Dr. Karni Singh Shooting Range, Delhi - DPCC",06-09-2026 11:00:00,28.498571,77.26484,OZONE,5,11,7,2026-09-06 06:14:15
India,Delhi,Delhi,"IGI Airport (T3), Delhi - IITM",06-09-2026 11:00:00,28.5627763,77.1180053,PM2.5,NA,NA,NA,2026-09-06 06:14:15
India,Delhi,Delhi,"IGI Airport (T3), Delhi - IITM",06-09-2026 11:00:00,28.5627763,77.1180053,PM10,NA,NA,NA,2026-09-06 06:14:15
India,Delhi,Delhi,"IGI Airport (T3), Delhi - IITM",06-09-2026 11:00:00,28.5627763,77.1180053,CO,59,71,63,2026-09-06 06:14:15
India,Delhi,Delhi,"IGNOU_Maidan Garhi, Delhi - DPCC",06-09-2026 11:00:00,28.493624,77.201159,PM10,15,56,37,2026-09-06 06:14:15
India,Delhi,Delhi,"IGNOU_Maidan Garhi, Delhi - DPCC",06-09-2026 11:00:00,28.493624,77.201159,CO,57,73,63,2026-09-06 06:14:15
India,Delhi,Delhi,"Commonwealth Sports Complex, Delhi - DPCC",06-09-2026 11:00:00,28.615828,77.271992,SO2,2,3,3,2026-09-06 06:14:15
India,Delhi,Delhi,"Commonwealth Sports Complex, Delhi - DPCC",06-09-2026 11:00:00,28.615828,77.271992,CO,50,70,58,2026-09-06 06:14:15
India,Delhi,Delhi,"Commonwealth Sports Complex, Delhi - DPCC",06-09-2026 11:00:00,28.615828,77.271992,OZONE,5,12,7,2026-09-06 06:14:15
India,Delhi,Delhi,"Talkatora Garden, Delhi - DPCC",06-09-2026 11:00:00,28.62181,77.1944633,CO,62,70,64,2026-09-06 06:14:15
India,Delhi,Delhi,"NSIT Dwarka, Delhi - CPCB",06-09-2026 11:00:00,28.60909,77.0325413,PM10,13,34,23,2026-09-06 06:14:15
India,Delhi,Delhi,"NSIT Dwarka, Delhi - CPCB",06-09-2026 11:00:00,28.60909,77.0325413,SO2,11,16,13,2026-09-06 06:14:15
India,Gujarat,Ahmedabad,"Chandkheda, Ahmedabad - IITM",06-09-2026 11:00:00,23.107969,72.574648,PM10,64,112,86,2026-09-06 06:14:15
India,Gujarat,Ahmedabad,"Chandkheda, Ahmedabad - IITM",06-09-2026 11:00:00,23.107969,72.574648,CO,1,16,7,2026-09-06 06:14:15
India,Gujarat,Ahmedabad,"Chandkheda, Ahmedabad - IITM",06-09-2026 11:00:00,23.107969,72.574648,OZONE,4,6,5,2026-09-06 06:14:15
India,Gujarat,Ahmedabad,"SAC ISRO Bopal, Ahmedabad - IITM",06-09-2026 11:00:00,23.041137,72.456691,NH3,NA,NA,NA,2026-09-06 06:14:15
India,Gujarat,Ahmedabad,"SAC ISRO Satellite, Ahmedabad - IITM",06-09-2026 11:00:00,23.023389,72.515201,PM2.5,35,62,48,2026-09-06 06:14:15
India,Gujarat,Ahmedabad,"SAC ISRO Satellite, Ahmedabad - IITM",06-09-2026 11:00:00,23.023389,72.515201,NH3,1,2,1,2026-09-06 06:14:15
India,Gujarat,Ahmedabad,"Gyaspur, Ahmedabad - IITM",06-09-2026 11:00:00,22.977134,72.553024,SO2,5,27,13,2026-09-06 06:14:15
India,Gujarat,Ahmedabad,"Gyaspur, Ahmedabad - IITM",06-09-2026 11:00:00,22.977134,72.553024,OZONE,NA,NA,NA,2026-09-06 06:14:15
India,Gujarat,Ankleshwar,"GIDC, Ankleshwar - GPCB",06-09-2026 11:00:00,21.613267,73.010555,NH3,5,5,5,2026-09-06 06:14:15
India,Gujarat,Bhavnagar,"Vidhyanagar, Bhavnagar - Nexteng Enviro",06-09-2026 11:00:00,21.755417,72.139056,PM10,47,80,61,2026-09-06 06:14:15
India,Gujarat,Bhavnagar,"Vidhyanagar, Bhavnagar - Nexteng Enviro",06-09-2026 11:00:00,21.755417,72.139056,SO2,7,8,7,2026-09-06 06:14:15
India,Gujarat,Bhavnagar,"Vidhyanagar, Bhavnagar - Nexteng Enviro",06-09-2026 11:00:00,21.755417,72.139056,OZONE,11,24,16,2026-09-06 06:14:15
India,Gujarat,Gandhinagar,"Sector-10, Gandhinagar - GPCB",06-09-2026 11:00:00,23.221714,72.654328,PM2.5,NA,NA,NA,2026-09-06 06:14:15
India,Gujarat,Gandhinagar,"Sector-10, Gandhinagar - GPCB",06-09-2026 11:00:00,23.221714,72.654328,PM10,NA,NA,NA,2026-09-06 06:14:15
India,Gujarat,Gandhinagar,"IIPHG Lekawada, Gandhinagar - IITM",06-09-2026 11:00:00,23.243639,72.68994,SO2,1,3,2,2026-09-06 06:14:15
India,Delhi,Delhi,"CRRI Mathura Road, Delhi - IITM",06-09-2026 11:00:00,28.5512005,77.2735737,NO2,1,12,6,2026-09-06 06:14:15
India,Delhi,Delhi,"CRRI Mathura Road, Delhi - IITM",06-09-2026 11:00:00,28.5512005,77.2735737,OZONE,15,20,17,2026-09-06 06:14:15
India,Delhi,Delhi,"Burari Crossing, Delhi - IITM",06-09-2026 11:00:00,28.7256504,77.2011573,SO2,NA,NA,NA,2026-09-06 06:14:15
India,Delhi,Delhi,"Burari Crossing, Delhi - IITM",06-09-2026 11:00:00,28.7256504,77.2011573,OZONE,9,21,15,2026-09-06 06:14:15
India,Delhi,Delhi,"IMD Lodhi Road, Delhi - IITM",06-09-2026 11:00:00,28.5918245,77.2273074,OZONE,4,16,6,2026-09-06 06:14:15
India,Delhi,Delhi,"JNU, Delhi - DPCC",06-09-2026 11:00:00,28.540721,77.168544,PM10,20,58,40,2026-09-06 06:14:15
India,Delhi,Delhi,"JNU, Delhi - DPCC",06-09-2026 11:00:00,28.540721,77.168544,NH3,NA,NA,NA,2026-09-06 06:14:15
India,Delhi,Delhi,"JNU, Delhi - DPCC",06-09-2026 11:00:00,28.540721,77.168544,SO2,3,5,4,2026-09-06 06:14:15
India,Delhi,Delhi,"JNU, Delhi - DPCC",06-09-2026 11:00:00,28.540721,77.168544,CO,42,52,46,2026-09-06 06:14:15
India,Delhi,Delhi,"North Campus, DU, Delhi - IITM",06-09-2026 11:00:00,28.6573814,77.1585447,SO2,NA,NA,NA,2026-09-06 06:14:15
India,Delhi,Delhi,"North Campus, DU, Delhi - IITM",06-09-2026 11:00:00,28.6573814,77.1585447,CO,52,64,58,2026-09-06 06:14:15
India,Gujarat,Ahmedabad,"SVPI Airport Hansol, Ahmedabad - IITM",06-09-2026 11:00:00,23.076793,72.627874,SO2,10,69,25,2026-09-06 06:14:15
India,Gujarat,Ahmedabad,"Rakhial, Ahmedabad - IITM",06-09-2026 11:00:00,23.016834,72.625775,PM10,66,122,83,2026-09-06 06:14:15
India,Gujarat,Ahmedabad,"Maninagar, Ahmedabad - GPCB",06-09-2026 11:00:00,23.002657,72.591912,PM2.5,25,284,117,2026-09-06 06:14:15
India,Haryana,Ballabgarh,"Nathu Colony, Ballabgarh - HSPCB",06-09-2026 11:00:00,28.3419248,77.319699,NO2,19,21,20,2026-09-06 06:14:15
India,Haryana,Bhiwani,"H.B. Colony, Bhiwani - HSPCB",06-09-2026 11:00:00,28.806223,76.141105,NH3,11,12,11,2026-09-06 06:14:15
India,Haryana,Dharuhera,"Municipal Corporation Office, Dharuhera -  HSPCB",06-09-2026 11:00:00,28.2068,76.7997,NH3,3,10,4,2026-09-06 06:14:15
India,Haryana,Faridabad,"New Industrial Town, Faridabad - HSPCB",06-09-2026 11:00:00,28.39072,77.30059,PM10,46,122,101,2026-09-06 06:14:15
India,Haryana,Faridabad,"Sector 30, Faridabad - HSPCB",06-09-2026 11:00:00,28.4417,77.3217,SO2,2,5,3,2026-09-06 06:14:15
India,Haryana,Faridabad,"Sector 30, Faridabad - HSPCB",06-09-2026 11:00:00,28.4417,77.3217,CO,24,63,33,2026-09-06 06:14:15
India,Haryana,Fatehabad,"Huda Sector, Fatehabad - HSPCB",06-09-2026 11:00:00,29.503664,75.467934,OZONE,49,67,58,2026-09-06 06:14:15
India,Haryana,Gurugram,"Teri Gram, Gurugram - HSPCB",06-09-2026 11:00:00,28.4275,77.1465,NH3,11,20,14,2026-09-06 06:14:15
India,Haryana,Gurugram,"NISE Gwal Pahari, Gurugram - IITM",06-09-2026 11:00:00,28.422681,77.148944,PM10,17,97,50,2026-09-06 06:14:15
India,Haryana,Gurugram,"NISE Gwal Pahari, Gurugram - IITM",06-09-2026 11:00:00,28.422681,77.148944,NH3,NA,NA,NA,2026-09-06 06:14:15
India,Haryana,Hisar,"Urban Estate-II, Hisar - HSPCB",06-09-2026 11:00:00,29.14056,75.744941,PM2.5,NA,NA,NA,2026-09-06 06:14:15
India,Haryana,Panchkula,"Sector-6, Panchkula - HSPCB ",06-09-2026 11:00:00,30.7057778,76.8531805555555,OZONE,40,53,46,2026-09-06 06:14:15
India,Haryana,Panipat,"Sector-18, Panipat - HSPCB",06-09-2026 11:00:00,29.432304,76.972765,PM10,18,406,114,2026-09-06 06:14:15
India,Haryana,Rohtak,"MD University, Rohtak - HSPCB",06-09-2026 11:00:00,28.52123,76.37138,NH3,NA,NA,NA,2026-09-06 06:14:15
India,Haryana,Sirsa,"F-Block, Sirsa - HSPCB",06-09-2026 11:00:00,29.5364,75.0158,PM2.5,17,37,27,2026-09-06 06:14:15
India,Haryana,Sirsa,"F-Block, Sirsa - HSPCB",06-09-2026 11:00:00,29.5364,75.0158,NH3,13,26,15,2026-09-06 06:14:15
India,Haryana,Sirsa,"F-Block, Sirsa - HSPCB",06-09-2026 11:00:00,29.5364,75.0158,SO2,28,65,40,2026-09-06 06:14:15
India,Haryana,Sirsa,"F-Block, Sirsa - HSPCB",06-09-2026 11:00:00,29.5364,75.0158,CO,83,102,94,2026-09-06 06:14:15
India,Haryana,Sonipat,"Murthal, Sonipat - HSPCB",06-09-2026 11:00:00,29.0272,77.0621,NH3,8,9,9,2026-09-06 06:14:15
India,Haryana,Yamuna Nagar,"Gobind Pura, Yamuna Nagar - HSPCB",06-09-2026 11:00:00,30.1480566,77.2893471,PM2.5,67,99,78,2026-09-06 06:14:15
India,Jammu and Kashmir,Pampore,"Khrew, Pampore - JKPCC",06-09-2026 11:00:00,34.031606,75.009712,CO,NA,NA,NA,2026-09-06 06:14:15
India,Haryana,Kaithal,"Rishi Nagar, Kaithal - HSPCB",06-09-2026 11:00:00,29.8006,76.4155,PM2.5,74,92,83,2026-09-06 06:14:15
India,Haryana,Kaithal,"Rishi Nagar, Kaithal - HSPCB",06-09-2026 11:00:00,29.8006,76.4155,PM10,91,109,100,2026-09-06 06:14:15
India,Haryana,Kaithal,"Rishi Nagar, Kaithal - HSPCB",06-09-2026 11:00:00,29.8006,76.4155,SO2,30,32,32,2026-09-06 06:14:15
India,Haryana,Karnal,"Sector-12, Karnal - HSPCB",06-09-2026 11:00:00,29.6953,77.0027,NO2,7,21,15,2026-09-06 06:14:15
India,Haryana,Karnal,"Sector-12, Karnal - HSPCB",06-09-2026 11:00:00,29.6953,77.0027,CO,43,56,48,2026-09-06 06:14:15
India,Haryana,Kurukshetra,"Sector-7, Kurukshetra - HSPCB",06-09-2026 11:00:00,29.966942,76.875879,NH3,4,5,5,2026-09-06 06:14:15
India,Haryana,Narnaul,"Shastri Nagar, Narnaul - HSPCB",06-09-2026 11:00:00,28.060249,76.113115,PM2.5,38,58,47,2026-09-06 06:14:15
India,Haryana,Narnaul,"Shastri Nagar, Narnaul - HSPCB",06-09-2026 11:00:00,28.060249,76.113115,SO2,5,18,10,2026-09-06 06:14:15
India,Haryana,Panchgaon,"Amity University, Panchgaon - IITM",06-09-2026 11:00:00,28.3153,76.9143,PM2.5,58,66,66,2026-09-06 06:14:15
India,Maharashtra,Bhiwandi,"Gokul Nagar, Bhiwandi - MPCB",06-09-2026 11:00:00,19.309073,73.057223,PM10,42,48,46,2026-09-06 06:14:15
India,Maharashtra,Bhiwandi,"Gokul Nagar, Bhiwandi - MPCB",06-09-2026 11:00:00,19.309073,73.057223,SO2,3,4,3,2026-09-06 06:14:15
India,Maharashtra,Chandrapur,"MIDC Khutala, Chandrapur - MPCB",06-09-2026 11:00:00,19.9775302,79.2337086,PM10,32,154,90,2026-09-06 06:14:15
India,Maharashtra,Chandrapur,"MIDC Khutala, Chandrapur - MPCB",06-09-2026 11:00:00,19.9775302,79.2337086,NO2,16,29,20,2026-09-06 06:14:15
India,Maharashtra,Chandrapur,"MIDC Khutala, Chandrapur - MPCB",06-09-2026 11:00:00,19.9775302,79.2337086,SO2,NA,NA,NA,2026-09-06 06:14:15
India,Maharashtra,Chandrapur,"MIDC Khutala, Chandrapur - MPCB",06-09-2026 11:00:00,19.9775302,79.2337086,OZONE,1,30,10,2026-09-06 06:14:15
India,Maharashtra,Chandrapur,"Chauhan Colony, Chandrapur - MPCB",06-09-2026 11:00:00,19.9629,79.298714,NO2,14,77,39,2026-09-06 06:14:15
India,Maharashtra,Chandrapur,"Chauhan Colony, Chandrapur - MPCB",06-09-2026 11:00:00,19.9629,79.298714,CO,33,49,37,2026-09-06 06:14:15
India,Maharashtra,Chandrapur,"Chauhan Colony, Chandrapur - MPCB",06-09-2026 11:00:00,19.9629,79.298714,OZONE,17,84,40,2026-09-06 06:14:15
India,Maharashtra,Dhule,"Deopur, Dhule - MPCB",06-09-2026 11:00:00,20.918946,74.776388,PM2.5,NA,NA,NA,2026-09-06 06:14:15
India,Maharashtra,Dombivli,"Kalu Nagar, Dombivli - MPCB",06-09-2026 11:00:00,19.2268427,73.0788456,NH3,2,3,2,2026-09-06 06:14:15
India,Maharashtra,Jalna,"Old MIDC, Jalna - MPCB",06-09-2026 11:00:00,19.854616,75.905894,PM10,2,156,61,2026-09-06 06:14:15
India,Maharashtra,Jalna,"Old MIDC, Jalna - MPCB",06-09-2026 11:00:00,19.854616,75.905894,NO2,9,23,18,2026-09-06 06:14:15
India,Maharashtra,Jalna,"Old MIDC, Jalna - MPCB",06-09-2026 11:00:00,19.854616,75.905894,NH3,2,5,4,2026-09-06 06:14:15
India,Maharashtra,Jalna,"Old MIDC, Jalna - MPCB",06-09-2026 11:00:00,19.854616,75.905894,CO,20,31,24,2026-09-06 06:14:15
India,Maharashtra,Kalyan,"Pimpleshwar Mandir, Kalyan - MPCB",06-09-2026 11:00:00,19.192056,72.9585188,NO2,4,17,14,2026-09-06 06:14:15
India,Maharashtra,Kalyan,"Pimpleshwar Mandir, Kalyan - MPCB",06-09-2026 11:00:00,19.192056,72.9585188,NH3,0,1,1,2026-09-06 06:14:15
India,Maharashtra,Kolhapur,"Sinchan Bhavan, Kolhapur - MPCB",06-09-2026 11:00:00,16.7143745,74.2426398,PM10,17,34,25,2026-09-06 06:14:15
India,Maharashtra,Kolhapur,"Sinchan Bhavan, Kolhapur - MPCB",06-09-2026 11:00:00,16.7143745,74.2426398,SO2,0,2,1,2026-09-06 06:14:15
India,Maharashtra,Latur,"Sawe Wadi, Latur - MPCB",06-09-2026 11:00:00,18.39963,76.57452,PM10,21,39,31,2026-09-06 06:14:15
India,Maharashtra,Latur,"Sawe Wadi, Latur - MPCB",06-09-2026 11:00:00,18.39963,76.57452,NO2,5,12,7,2026-09-06 06:14:15
India,Madhya Pradesh,Jabalpur,"Govindh Bhavan Colony, Jabalpur - JMC",06-09-2026 11:00:00,23.163174,79.973061,CO,33,37,34,2026-09-06 06:14:15
India,Madhya Pradesh,Jabalpur,"Govindh Bhavan Colony, Jabalpur - JMC",06-09-2026 11:00:00,23.163174,79.973061,OZONE,35,48,38,2026-09-06 06:14:15
India,Madhya Pradesh,Jabalpur,"Suhagi, Jabalpur - JMC",06-09-2026 11:00:00,23.218135,79.95777,NH3,6,6,6,2026-09-06 06:14:15
India,Madhya Pradesh,Jabalpur,"Suhagi, Jabalpur - JMC",06-09-2026 11:00:00,23.218135,79.95777,CO,31,32,31,2026-09-06 06:14:15
India,Madhya Pradesh,Katni,"Gole Bazar, Katni - MPPCB",06-09-2026 11:00:00,23.50016,80.23284,NO2,8,16,13,2026-09-06 06:14:15
India,Madhya Pradesh,Maihar,"Sahilara, Maihar - KJS Cements",06-09-2026 11:00:00,24.2613009,80.7231783,PM10,NA,NA,NA,2026-09-06 06:14:15
India,Madhya Pradesh,Pithampur,"Sector-2 Industrial Area, Pithampur - MPPCB",06-09-2026 11:00:00,22.624758,75.675238,PM2.5,65,222,107,2026-09-06 06:14:15
India,Madhya Pradesh,Pithampur,"Sector-2 Industrial Area, Pithampur - MPPCB",06-09-2026 11:00:00,22.624758,75.675238,PM10,62,154,96,2026-09-06 06:14:15
India,Madhya Pradesh,Pithampur,"Sector-2 Industrial Area, Pithampur - MPPCB",06-09-2026 11:00:00,22.624758,75.675238,CO,30,83,38,2026-09-06 06:14:15
India,Madhya Pradesh,Ratlam,"Shasthri Nagar, Ratlam - IPCA Lab",06-09-2026 11:00:00,23.331731,75.045981,PM2.5,7,60,39,2026-09-06 06:14:15
India,Madhya Pradesh,Satna,"Bandhavgar Colony, Satna - Birla Cement",06-09-2026 11:00:00,24.58434363,80.8549414,PM2.5,48,51,50,2026-09-06 06:14:15
India,Madhya Pradesh,Satna,"Bandhavgar Colony, Satna - Birla Cement",06-09-2026 11:00:00,24.58434363,80.8549414,OZONE,10,20,16,2026-09-06 06:14:15
India,Madhya Pradesh,Ujjain,"Mahashweta Nagar, Ujjain - MPPCB",06-09-2026 11:00:00,23.1633321,75.800225,PM2.5,20,100,53,2026-09-06 06:14:15
India,Madhya Pradesh,Ujjain,"Mahashweta Nagar, Ujjain - MPPCB",06-09-2026 11:00:00,23.1633321,75.800225,NH3,3,14,9,2026-09-06 06:14:15
India,Maharashtra,Ahmednagar,"Tarakpur, Ahmednagar - MPCB",06-09-2026 11:00:00,19.10122,74.73339,PM10,9,136,34,2026-09-06 06:14:15
India,Maharashtra,Latur,"Sawe Wadi, Latur - MPCB",06-09-2026 11:00:00,18.39963,76.57452,CO,6,13,9,2026-09-06 06:14:15
India,Maharashtra,Latur,"Sawe Wadi, Latur - MPCB",06-09-2026 11:00:00,18.39963,76.57452,OZONE,6,17,11,2026-09-06 06:14:15
India,Maharashtra,Mahad,"Kamble Tarf Birwadi, Mahad - MPCB",06-09-2026 11:00:00,18.1023399,73.4783687,SO2,4,50,14,2026-09-06 06:14:15
India,Maharashtra,Malegaon,"Mahesh Nagar, Malegaon - MPCB",06-09-2026 11:00:00,20.555712,74.529236,PM2.5,41,76,53,2026-09-06 06:14:15
India,Maharashtra,Malegaon,"Mahesh Nagar, Malegaon - MPCB",06-09-2026 11:00:00,20.555712,74.529236,SO2,0,57,4,2026-09-06 06:14:15
India,Maharashtra,Mira-Bhayandar,"Bhayandar West, Mira-Bhayandar - MPCB",06-09-2026 11:00:00,19.296481,72.840923,NO2,3,19,10,2026-09-06 06:14:15
India,Maharashtra,Mumbai,"Shivaji Nagar, Mumbai - BMC",06-09-2026 11:00:00,19.060498,72.923356,NO2,7,17,10,2026-09-06 06:14:15
India,Maharashtra,Mumbai,"Sion, Mumbai - MPCB",06-09-2026 11:00:00,19.047,72.8746,SO2,4,6,5,2026-09-06 06:14:15
India,Maharashtra,Mumbai,"Borivali East, Mumbai - MPCB",06-09-2026 11:00:00,19.2243333,72.8658113,PM10,19,42,28,2026-09-06 06:14:15
India,Maharashtra,Mumbai,"Siddharth Nagar-Worli, Mumbai - IITM",06-09-2026 11:00:00,19.000083,72.813993,PM10,13,34,22,2026-09-06 06:14:15
India,Maharashtra,Mumbai,"Kherwadi_Bandra East, Mumbai - MPCB",06-09-2026 11:00:00,19.0632143,72.8456324,NH3,5,5,5,2026-09-06 06:14:15
India,Maharashtra,Mumbai,"Byculla, Mumbai - BMC",06-09-2026 11:00:00,18.9767,72.838,PM2.5,12,27,17,2026-09-06 06:14:15
India,Maharashtra,Mumbai,"Byculla, Mumbai - BMC",06-09-2026 11:00:00,18.9767,72.838,SO2,1,4,2,2026-09-06 06:14:15
India,Karnataka,Bengaluru,"Silk Board, Bengaluru - KSPCB",06-09-2026 11:00:00,12.917348,77.622813,SO2,16,22,19,2026-09-06 06:14:15
India,Karnataka,Bengaluru,"Silk Board, Bengaluru - KSPCB",06-09-2026 11:00:00,12.917348,77.622813,CO,25,43,34,2026-09-06 06:14:15
India,Karnataka,Chamarajanagar,"Urban, Chamarajanagar - KSPCB",06-09-2026 11:00:00,11.55358,76.55521,NO2,23,35,30,2026-09-06 06:14:15
India,Karnataka,Chamarajanagar,"Urban, Chamarajanagar - KSPCB",06-09-2026 11:00:00,11.55358,76.55521,SO2,4,8,5,2026-09-06 06:14:15
India,Karnataka,Chikkamagaluru,"Kalyana Nagara, Chikkamagaluru - KSPCB",06-09-2026 11:00:00,13.328028,75.797056,NO2,NA,NA,NA,2026-09-06 06:14:15
India,Karnataka,Dharwad,"Kalabhavan, Dharwad - KSPCB",06-09-2026 11:00:00,15.459706,75.008381,CO,39,46,43,2026-09-06 06:14:15
India,Kerala,Kannur,"Thavakkara, Kannur - Kerala PCB",06-09-2026 11:00:00,11.875,75.3732,NO2,11,12,11,2026-09-06 06:14:15
India,Kerala,Kannur,"Thavakkara, Kannur - Kerala PCB",06-09-2026 11:00:00,11.875,75.3732,CO,17,19,18,2026-09-06 06:14:15
India,Kerala,Thiruvananthapuram,"Plammoodu, Thiruvananthapuram - Kerala PCB",06-09-2026 11:00:00,8.5149093,76.9435879,OZONE,16,352,87,2026-09-06 06:14:15
India,Kerala,Thiruvananthapuram,"Kariavattom, Thiruvananthapuram - Kerala PCB",06-09-2026 11:00:00,8.5637,76.8865,SO2,5,6,5,2026-09-06 06:14:15
India,Kerala,Thrissur,"Corporation Ground, Thrissur - Kerala PCB",06-09-2026 11:00:00,10.5324,76.2159,NO2,7,11,9,2026-09-06 06:14:15
India,Madhya Pradesh,Bhopal,"Idgah Hills, Bhopal - MPPCB",06-09-2026 11:00:00,23.264759,77.381568,PM10,24,113,45,2026-09-06 06:14:15
India,Madhya Pradesh,Bhopal,"Idgah Hills, Bhopal - MPPCB",06-09-2026 11:00:00,23.264759,77.381568,CO,17,22,19,2026-09-06 06:14:15
India,Madhya Pradesh,Bhopal,"T T Nagar, Bhopal - MPPCB",06-09-2026 11:00:00,23.233584,77.400574,SO2,17,26,22,2026-09-06 06:14:15
India,Madhya Pradesh,Gwalior,"Deen Dayal Nagar, Gwalior - MPPCB",06-09-2026 11:00:00,26.259242,78.216432,CO,45,48,47,2026-09-06 06:14:15
India,Madhya Pradesh,Indore,"Regional Park, Indore - IMC",06-09-2026 11:00:00,22.678,75.8559,SO2,42,58,47,2026-09-06 06:14:15
India,Madhya Pradesh,Indore,"Regional Park, Indore - IMC",06-09-2026 11:00:00,22.678,75.8559,OZONE,5,6,5,2026-09-06 06:14:15
India,Madhya Pradesh,Indore,"Chhoti Gwaltoli, Indore - MPPCB",06-09-2026 11:00:00,22.431,75.5213,PM2.5,36,71,56,2026-09-06 06:14:15
India,Madhya Pradesh,Indore,"Chhoti Gwaltoli, Indore - MPPCB",06-09-2026 11:00:00,22.431,75.5213,PM10,58,103,86,2026-09-06 06:14:15
India,Madhya Pradesh,Indore,"Chhoti Gwaltoli, Indore - MPPCB",06-09-2026 11:00:00,22.431,75.5213,NH3,6,9,7,2026-09-06 06:14:15
India,Madhya Pradesh,Indore,"Chhoti Gwaltoli, Indore - MPPCB",06-09-2026 11:00:00,22.431,75.5213,OZONE,12,19,15,2026-09-06 06:14:15
India,Madhya Pradesh,Indore,"Airport Area, Indore - IMC",06-09-2026 11:00:00,22.7289,75.8076,CO,37,47,41,2026-09-06 06:14:15
India,Madhya Pradesh,Indore,"Residency Area, Indore - IMC",06-09-2026 11:00:00,22.7084,75.8815,PM2.5,23,69,45,2026-09-06 06:14:15
India,Karnataka,Madikeri,"Stuart Hill, Madikeri - KSPCB",06-09-2026 11:00:00,12.415911,75.73505,NO2,2,2,2,2026-09-06 06:14:15
India,Karnataka,Mysuru,"Hebbal 1st Stage, Mysuru - KSPCB",06-09-2026 11:00:00,12.21041,76.37376,SO2,2,5,3,2026-09-06 06:14:15
India,Karnataka,Ramanagara,"Vijay Nagar, Ramanagara - KSPCB",06-09-2026 11:00:00,12.733409,77.298051,PM10,20,67,32,2026-09-06 06:14:15
India,Karnataka,Ramanagara,"Vijay Nagar, Ramanagara - KSPCB",06-09-2026 11:00:00,12.733409,77.298051,NO2,NA,NA,NA,2026-09-06 06:14:15
India,Karnataka,Ramanagara,"Vijay Nagar, Ramanagara - KSPCB",06-09-2026 11:00:00,12.733409,77.298051,SO2,17,20,18,2026-09-06 06:14:15
India,Karnataka,Shivamogga,"Vinoba Nagara, Shivamogga - KSPCB",06-09-2026 11:00:00,13.94,75.555917,CO,3,12,8,2026-09-06 06:14:15
India,Karnataka,Vijayapura,"Ibrahimpur, Vijayapura - KSPCB",06-09-2026 11:00:00,16.802639,75.722694,NH3,4,4,4,2026-09-06 06:14:15
India,Odisha,Talcher,"Talcher Coalfields,Talcher - OSPCB",06-09-2026 11:00:00,20.9360711,85.1707021,NO2,61,137,83,2026-09-06 06:14:15
India,Odisha,Talcher,"Talcher Coalfields,Talcher - OSPCB",06-09-2026 11:00:00,20.9360711,85.1707021,OZONE,9,16,14,2026-09-06 06:14:15
India,Puducherry,Puducherry,"Jawahar Nagar, Puducherry - PPCC",06-09-2026 11:00:00,11.9309,79.8027,NO2,NA,NA,NA,2026-09-06 06:14:15
India,Puducherry,Puducherry,"Jawahar Nagar, Puducherry - PPCC",06-09-2026 11:00:00,11.9309,79.8027,CO,14,35,27,2026-09-06 06:14:15
India,Punjab,Amritsar,"Golden Temple, Amritsar - PPCB",06-09-2026 11:00:00,31.62,74.876512,PM2.5,67,122,85,2026-09-06 06:14:15
India,Punjab,Amritsar,"Golden Temple, Amritsar - PPCB",06-09-2026 11:00:00,31.62,74.876512,NO2,19,40,26,2026-09-06 06:14:15
India,Punjab,Amritsar,"Golden Temple, Amritsar - PPCB",06-09-2026 11:00:00,31.62,74.876512,OZONE,8,37,21,2026-09-06 06:14:15
India,Punjab,Bathinda,"Hardev Nagar, Bathinda - PPCB",06-09-2026 11:00:00,30.233011,74.907758,NH3,NA,NA,NA,2026-09-06 06:14:15
India,Punjab,Bathinda,"Hardev Nagar, Bathinda - PPCB",06-09-2026 11:00:00,30.233011,74.907758,SO2,9,24,15,2026-09-06 06:14:15
India,Punjab,Jalandhar,"Civil Line, Jalandhar - PPCB",06-09-2026 11:00:00,31.321907,75.578914,PM2.5,37,74,51,2026-09-06 06:14:15
India,Punjab,Jalandhar,"Civil Line, Jalandhar - PPCB",06-09-2026 11:00:00,31.321907,75.578914,NH3,4,4,4,2026-09-06 06:14:15
India,Punjab,Jalandhar,"Civil Line, Jalandhar - PPCB",06-09-2026 11:00:00,31.321907,75.578914,SO2,9,10,9,2026-09-06 06:14:15
India,Punjab,Jalandhar,"Civil Line, Jalandhar - PPCB",06-09-2026 11:00:00,31.321907,75.578914,CO,15,55,33,2026-09-06 06:14:15
India,Punjab,Khanna,"Kalal Majra, Khanna - PPCB",06-09-2026 11:00:00,30.736056,76.209694,PM2.5,33,60,48,2026-09-06 06:14:15
India,Punjab,Khanna,"Kalal Majra, Khanna - PPCB",06-09-2026 11:00:00,30.736056,76.209694,NO2,12,25,21,2026-09-06 06:14:15
India,Punjab,Khanna,"Kalal Majra, Khanna - PPCB",06-09-2026 11:00:00,30.736056,76.209694,NH3,3,13,7,2026-09-06 06:14:15
India,Punjab,Khanna,"Kalal Majra, Khanna - PPCB",06-09-2026 11:00:00,30.736056,76.209694,CO,40,68,53,2026-09-06 06:14:15
India,Punjab,Mandi Gobindgarh,"RIMT University, Mandi Gobindgarh - PPCB",06-09-2026 11:00:00,30.649961,76.331442,PM10,NA,NA,NA,2026-09-06 06:14:15
India,Punjab,Mandi Gobindgarh,"RIMT University, Mandi Gobindgarh - PPCB",06-09-2026 11:00:00,30.649961,76.331442,NH3,NA,NA,NA,2026-09-06 06:14:15
India,Punjab,Patiala,"Model Town, Patiala - PPCB",06-09-2026 11:00:00,30.349388,76.366642,PM2.5,8,27,18,2026-09-06 06:14:15
India,Punjab,Patiala,"Model Town, Patiala - PPCB",06-09-2026 11:00:00,30.349388,76.366642,NH3,3,10,6,2026-09-06 06:14:15
India,Punjab,Rupnagar,"Ratanpura, Rupnagar - Ambuja Cements",06-09-2026 11:00:00,31.0325454,76.5623046,NH3,NA,NA,NA,2026-09-06 06:14:15
India,Maharashtra,Nashik,"Gangapur Road, Nashik - MPCB",06-09-2026 11:00:00,20.0073285,73.7762427,PM2.5,10,72,25,2026-09-06 06:14:15
India,Maharashtra,Nashik,"Gangapur Road, Nashik - MPCB",06-09-2026 11:00:00,20.0073285,73.7762427,NO2,5,5,5,2026-09-06 06:14:15
India,Maharashtra,Nashik,"Gangapur Road, Nashik - MPCB",06-09-2026 11:00:00,20.0073285,73.7762427,CO,26,27,27,2026-09-06 06:14:15
India,Maharashtra,Nashik,"Pandav Nagari, Nashik - MPCB",06-09-2026 11:00:00,19.9591346,73.7788008,PM2.5,8,31,15,2026-09-06 06:14:15
India,Maharashtra,Nashik,"Pandav Nagari, Nashik - MPCB",06-09-2026 11:00:00,19.9591346,73.7788008,OZONE,4,12,7,2026-09-06 06:14:15
India,Maharashtra,Navi Mumbai,"Kopripada-Vashi, Navi Mumbai - MPCB",06-09-2026 11:00:00,19.090337,73.014232,NH3,0,3,2,2026-09-06 06:14:15
India,Maharashtra,Navi Mumbai,"Tondare-Taloja, Navi Mumbai - MPCB",06-09-2026 11:00:00,19.063,73.1209,SO2,0,7,4,2026-09-06 06:14:15
India,Maharashtra,Navi Mumbai,"Tondare-Taloja, Navi Mumbai - MPCB",06-09-2026 11:00:00,19.063,73.1209,CO,24,28,26,2026-09-06 06:14:15
India,Maharashtra,Navi Mumbai,"Sanpada, Navi Mumbai - MPCB",06-09-2026 11:00:00,19.0575752,73.0151367,NO2,3,12,8,2026-09-06 06:14:15
India,Maharashtra,Navi Mumbai,"Sanpada, Navi Mumbai - MPCB",06-09-2026 11:00:00,19.0575752,73.0151367,CO,5,27,18,2026-09-06 06:14:15
India,Maharashtra,Navi Mumbai,"Sanpada, Navi Mumbai - MPCB",06-09-2026 11:00:00,19.0575752,73.0151367,OZONE,0,1,1,2026-09-06 06:14:15
India,Maharashtra,Navi Mumbai,"Sector-2E Kalamboli, Navi Mumbai - MPCB",06-09-2026 11:00:00,19.02579,73.10297,PM10,24,33,28,2026-09-06 06:14:15
India,Maharashtra,Navi Mumbai,"Sector-2E Kalamboli, Navi Mumbai - MPCB",06-09-2026 11:00:00,19.02579,73.10297,NH3,6,11,8,2026-09-06 06:14:15
India,Maharashtra,Navi Mumbai,"Sector-2E Kalamboli, Navi Mumbai - MPCB",06-09-2026 11:00:00,19.02579,73.10297,CO,14,19,17,2026-09-06 06:14:15
India,Maharashtra,Parbhani,"Masoom Colony, Parbhani - MPCB",06-09-2026 11:00:00,19.265594,76.761463,NO2,4,14,10,2026-09-06 06:14:15
India,Maharashtra,Pimpri-Chinchwad,"Gavalinagar, Pimpri Chinchwad - MPCB",06-09-2026 11:00:00,18.63673,73.82487,PM10,15,40,27,2026-09-06 06:14:15
India,Maharashtra,Pimpri-Chinchwad,"Gavalinagar, Pimpri Chinchwad - MPCB",06-09-2026 11:00:00,18.63673,73.82487,SO2,0,1,1,2026-09-06 06:14:15
India,Maharashtra,Pimpri-Chinchwad,"Gavalinagar, Pimpri Chinchwad - MPCB",06-09-2026 11:00:00,18.63673,73.82487,CO,3,17,12,2026-09-06 06:14:15
India,Maharashtra,Pimpri-Chinchwad,"Bhosari, Pune - IITM",06-09-2026 11:00:00,18.640051,73.848956,PM2.5,17,55,33,2026-09-06 06:14:15
India,Maharashtra,Pune,"Panchawati_Pashan, Pune - IITM",06-09-2026 11:00:00,18.536457,73.805454,PM10,36,53,44,2026-09-06 06:14:15
India,Maharashtra,Pune,"Savitribai Phule Pune University, Pune - MPCB",06-09-2026 11:00:00,18.547056,73.826908,SO2,3,5,4,2026-09-06 06:14:15
India,Maharashtra,Sangli,"Vijay Nagar, Sangli - MPCB",06-09-2026 11:00:00,16.5038,74.3623,SO2,3,8,5,2026-09-06 06:14:15
India,Maharashtra,Satara,"Koyana Nagar, Satara - MPCB",06-09-2026 11:00:00,17.696651,74.003387,PM2.5,3,70,31,2026-09-06 06:14:15
India,Maharashtra,Satara,"Koyana Nagar, Satara - MPCB",06-09-2026 11:00:00,17.696651,74.003387,NO2,2,14,6,2026-09-06 06:14:15
India,Maharashtra,Satara,"Koyana Nagar, Satara - MPCB",06-09-2026 11:00:00,17.696651,74.003387,NH3,0,3,1,2026-09-06 06:14:15
India,Maharashtra,Solapur,"Dnyaneshwar Nagar, Solapur - MPCB",06-09-2026 11:00:00,17.6336264,75.9132495,NO2,4,11,6,2026-09-06 06:14:15
India,Maharashtra,Solapur,"Dnyaneshwar Nagar, Solapur - MPCB",06-09-2026 11:00:00,17.6336264,75.9132495,NH3,5,13,7,2026-09-06 06:14:15
India,Maharashtra,Solapur,"Dnyaneshwar Nagar, Solapur - MPCB",06-09-2026 11:00:00,17.6336264,75.9132495,SO2,0,3,2,2026-09-06 06:14:15
India,Maharashtra,Thane,"Upvan Fort, Thane - MPCB",06-09-2026 11:00:00,19.222279,72.957979,SO2,NA,NA,NA,2026-09-06 06:14:15
India,Maharashtra,Thane,"Kasarvadavali, Thane - MPCB",06-09-2026 11:00:00,19.26777,72.97182,NH3,0,1,0,2026-09-06 06:14:15
India,Maharashtra,Ulhasnagar,"Sidhi Vinayak Nagar, Ulhasnagar - MPCB",06-09-2026 11:00:00,19.235581,73.159121,NH3,2,2,2,2026-09-06 06:14:15
India,Maharashtra,Ulhasnagar,"Sidhi Vinayak Nagar, Ulhasnagar - MPCB",06-09-2026 11:00:00,19.235581,73.159121,CO,NA,NA,NA,2026-09-06 06:14:15
India,Maharashtra,Ulhasnagar,"Sidhi Vinayak Nagar, Ulhasnagar - MPCB",06-09-2026 11:00:00,19.235581,73.159121,OZONE,1,9,3,2026-09-06 06:14:15
India,Maharashtra,Ulhasnagar,"Vithalwadi, Ulhasnagar - MPCB",06-09-2026 11:00:00,19.2307571,73.155192,SO2,7,10,8,2026-09-06 06:14:15
India,Maharashtra,Ulhasnagar,"Vithalwadi, Ulhasnagar - MPCB",06-09-2026 11:00:00,19.2307571,73.155192,OZONE,4,6,5,2026-09-06 06:14:15
India,Maharashtra,Virar,"Bolinj, Virar - MPCB",06-09-2026 11:00:00,19.445821,72.7988231,PM2.5,11,37,26,2026-09-06 06:14:15
India,Maharashtra,Virar,"Bolinj, Virar - MPCB",06-09-2026 11:00:00,19.445821,72.7988231,NH3,5,6,5,2026-09-06 06:14:15
India,Maharashtra,Mumbai,"Sewri, Mumbai - BMC",06-09-2026 11:00:00,19.000084,72.85673,CO,17,21,19,2026-09-06 06:14:15
India,Maharashtra,Mumbai,"Khindipada-Bhandup West, Mumbai - IITM",06-09-2026 11:00:00,19.1653323,72.922099,PM2.5,4,16,9,2026-09-06 06:14:15
India,Maharashtra,Mumbai,"Malad West, Mumbai - IITM",06-09-2026 11:00:00,19.19709,72.82204,PM2.5,5,37,15,2026-09-06 06:14:15
India,Maharashtra,Mumbai,"Malad West, Mumbai - IITM",06-09-2026 11:00:00,19.19709,72.82204,NO2,4,15,9,2026-09-06 06:14:15
India,Maharashtra,Mumbai,"Malad West, Mumbai - IITM",06-09-2026 11:00:00,19.19709,72.82204,SO2,0,15,6,2026-09-06 06:14:15
India,Maharashtra,Mumbai,"Malad West, Mumbai - IITM",06-09-2026 11:00:00,19.19709,72.82204,OZONE,2,3,3,2026-09-06 06:14:15
India,Maharashtra,Mumbai,"Borivali East, Mumbai - IITM",06-09-2026 11:00:00,19.23241,72.86895,PM2.5,5,26,15,2026-09-06 06:14:15
India,Maharashtra,Mumbai,"Borivali East, Mumbai - IITM",06-09-2026 11:00:00,19.23241,72.86895,PM10,23,39,30,2026-09-06 06:14:15
India,Maharashtra,Mumbai,"Borivali East, Mumbai - IITM",06-09-2026 11:00:00,19.23241,72.86895,NO2,6,12,9,2026-09-06 06:14:15
India,Maharashtra,Mumbai,"Borivali East, Mumbai - IITM",06-09-2026 11:00:00,19.23241,72.86895,CO,22,32,27,2026-09-06 06:14:15
India,Maharashtra,Mumbai,"Mazgaon, Mumbai - IITM",06-09-2026 11:00:00,18.96702,72.84214,PM2.5,12,37,21,2026-09-06 06:14:15
India,Maharashtra,Mumbai,"Mazgaon, Mumbai - IITM",06-09-2026 11:00:00,18.96702,72.84214,PM10,28,46,35,2026-09-06 06:14:15
India,Maharashtra,Mumbai,"Bandra Kurla Complex, Mumbai - IITM",06-09-2026 11:00:00,19.053536,72.84643,PM2.5,3,50,23,2026-09-06 06:14:15
India,Maharashtra,Mumbai,"Bandra Kurla Complex, Mumbai - IITM",06-09-2026 11:00:00,19.053536,72.84643,PM10,18,90,51,2026-09-06 06:14:15
India,Maharashtra,Mumbai,"Bandra Kurla Complex, Mumbai - IITM",06-09-2026 11:00:00,19.053536,72.84643,NO2,7,30,12,2026-09-06 06:14:15
India,Maharashtra,Mumbai,"Kurla, Mumbai - MPCB",06-09-2026 11:00:00,19.0863,72.8888,PM2.5,NA,NA,NA,2026-09-06 06:14:15
India,Maharashtra,Mumbai,"Ghatkopar, Mumbai - BMC",06-09-2026 11:00:00,19.083694,72.920967,PM2.5,23,42,31,2026-09-06 06:14:15
India,Maharashtra,Mumbai,"Ghatkopar, Mumbai - BMC",06-09-2026 11:00:00,19.083694,72.920967,PM10,28,40,33,2026-09-06 06:14:15
India,Maharashtra,Mumbai,"Deonar, Mumbai - IITM",06-09-2026 11:00:00,19.04946,72.923,OZONE,3,3,3,2026-09-06 06:14:15
India,Odisha,Bhubaneswar,"Lingraj Mandir, Bhubaneswar - OSPCB",06-09-2026 11:00:00,20.24079,85.836784,SO2,7,9,8,2026-09-06 06:14:15
India,Odisha,Bileipada,"Tata Township, Bileipada - OSPCB",06-09-2026 11:00:00,22.06156703,85.47409613,PM10,51,256,131,2026-09-06 06:14:15
India,Odisha,Brajrajnagar,"GM Office, Brajrajnagar - OSPCB",06-09-2026 11:00:00,21.8004996,83.8396977,PM10,27,169,100,2026-09-06 06:14:15
India,Odisha,Brajrajnagar,"GM Office, Brajrajnagar - OSPCB",06-09-2026 11:00:00,21.8004996,83.8396977,NO2,23,38,29,2026-09-06 06:14:15
India,Odisha,Brajrajnagar,"GM Office, Brajrajnagar - OSPCB",06-09-2026 11:00:00,21.8004996,83.8396977,SO2,17,18,17,2026-09-06 06:14:15
India,Odisha,Brajrajnagar,"GM Office, Brajrajnagar - OSPCB",06-09-2026 11:00:00,21.8004996,83.8396977,OZONE,42,46,44,2026-09-06 06:14:15
India,Odisha,Cuttack,"CDA Area, Cuttack - OSPCB",06-09-2026 11:00:00,20.48891,85.84768,CO,19,23,21,2026-09-06 06:14:15
India,Odisha,Keonjhar,"Jagamohanpur, Keonjhar - OSPCB",06-09-2026 11:00:00,21.6439,85.599355,PM10,25,67,47,2026-09-06 06:14:15
India,Odisha,Nayagarh,"Dabuna, Nayagarh - OSPCB",06-09-2026 11:00:00,21.847279,85.416905,PM10,33,53,44,2026-09-06 06:14:15
India,Odisha,Nayagarh,"Dabuna, Nayagarh - OSPCB",06-09-2026 11:00:00,21.847279,85.416905,NO2,6,8,7,2026-09-06 06:14:15
India,Odisha,Rairangpur,"Divisional Forest Office, Rairangpur - OSPCB",06-09-2026 11:00:00,22.265816,86.174829,CO,10,23,16,2026-09-06 06:14:15
India,Odisha,Rourkela,"Sector-2, Rourkela - OSPCB",06-09-2026 11:00:00,22.245,84.88111111,PM10,48,48,48,2026-09-06 06:14:15
India,Odisha,Rourkela,"Sector-2, Rourkela - OSPCB",06-09-2026 11:00:00,22.245,84.88111111,NH3,NA,NA,NA,2026-09-06 06:14:15
India,Odisha,Rourkela,"Sector-2, Rourkela - OSPCB",06-09-2026 11:00:00,22.245,84.88111111,OZONE,NA,NA,NA,2026-09-06 06:14:15
India,Odisha,Rourkela,"Raghunathpali, Rourkela - OSPCB",06-09-2026 11:00:00,22.220833,84.809444,NH3,1,1,1,2026-09-06 06:14:15
India,Maharashtra,Virar,"Bolinj, Virar - MPCB",06-09-2026 11:00:00,19.445821,72.7988231,SO2,3,10,5,2026-09-06 06:14:15
India,Meghalaya,Shillong,"Lumpyngngad, Shillong - Meghalaya PCB",06-09-2026 11:00:00,25.5586,91.8985,NO2,0,1,0,2026-09-06 06:14:15
India,Mizoram,Aizawl,"Sikulpuikawn, Aizawl - Mizoram PCB",06-09-2026 11:00:00,23.7176342,92.7192841,NO2,1,1,1,2026-09-06 06:14:15
India,Mizoram,Aizawl,"Sikulpuikawn, Aizawl - Mizoram PCB",06-09-2026 11:00:00,23.7176342,92.7192841,NH3,0,0,0,2026-09-06 06:14:15
India,Mizoram,Aizawl,"Sikulpuikawn, Aizawl - Mizoram PCB",06-09-2026 11:00:00,23.7176342,92.7192841,CO,3,3,3,2026-09-06 06:14:15
India,Mizoram,Aizawl,"Sikulpuikawn, Aizawl - Mizoram PCB",06-09-2026 11:00:00,23.7176342,92.7192841,OZONE,0,1,1,2026-09-06 06:14:15
India,Nagaland,Kohima,"PWD Junction, Kohima - NPCB",06-09-2026 11:00:00,25.6635413,94.0989878,PM10,4,27,12,2026-09-06 06:14:15
India,Odisha,Angul,"Hakimapada, Angul - OSPCB",06-09-2026 11:00:00,20.832874,85.104082,SO2,7,16,9,2026-09-06 06:14:15
India,Odisha,Angul,"Hakimapada, Angul - OSPCB",06-09-2026 11:00:00,20.832874,85.104082,OZONE,3,52,23,2026-09-06 06:14:15
India,Odisha,Barbil,"Forest Office, Barbil - OSPCB",06-09-2026 11:00:00,22.1166054,85.3945546,PM10,37,96,59,2026-09-06 06:14:15
India,Odisha,Barbil,"Forest Office, Barbil - OSPCB",06-09-2026 11:00:00,22.1166054,85.3945546,OZONE,5,38,19,2026-09-06 06:14:15
India,Odisha,Baripada,"Meher Colony, Baripada - OSPCB",06-09-2026 11:00:00,21.941841,86.728318,SO2,6,8,7,2026-09-06 06:14:15
India,Odisha,Bhubaneswar,"Lingraj Mandir, Bhubaneswar - OSPCB",06-09-2026 11:00:00,20.24079,85.836784,PM10,19,95,61,2026-09-06 06:14:15
India,Maharashtra,Pimpri-Chinchwad,"Bhosari, Pune - IITM",06-09-2026 11:00:00,18.640051,73.848956,OZONE,1,12,4,2026-09-06 06:14:15
India,Maharashtra,Pimpri-Chinchwad,"Bhumkar Nagar, Pune - IITM",06-09-2026 11:00:00,18.60577,73.749976,PM10,27,62,42,2026-09-06 06:14:15
India,Maharashtra,Pimpri-Chinchwad,"Bhumkar Nagar, Pune - IITM",06-09-2026 11:00:00,18.60577,73.749976,OZONE,4,11,7,2026-09-06 06:14:15
India,Maharashtra,Pimpri-Chinchwad,"Thergaon, Pimpri Chinchwad - MPCB",06-09-2026 11:00:00,18.616318,73.765797,NO2,2,10,7,2026-09-06 06:14:15
India,Maharashtra,Pimpri-Chinchwad,"Thergaon, Pimpri Chinchwad - MPCB",06-09-2026 11:00:00,18.616318,73.765797,SO2,1,2,2,2026-09-06 06:14:15
India,Maharashtra,Pimpri-Chinchwad,"Park Street Wakad, Pimpri Chinchwad - MPCB",06-09-2026 11:00:00,18.59051,73.77946,SO2,2,3,3,2026-09-06 06:14:15
India,Maharashtra,Pimpri-Chinchwad,"Park Street Wakad, Pimpri Chinchwad - MPCB",06-09-2026 11:00:00,18.59051,73.77946,OZONE,5,13,8,2026-09-06 06:14:15
India,Maharashtra,Pimpri-Chinchwad,"Savta Mali Nagar, Pimpri-Chinchwad - IITM",06-09-2026 11:00:00,18.614767,73.799516,CO,44,64,55,2026-09-06 06:14:15
India,Maharashtra,Pimpri-Chinchwad,"Savta Mali Nagar, Pimpri-Chinchwad - IITM",06-09-2026 11:00:00,18.614767,73.799516,OZONE,NA,NA,NA,2026-09-06 06:14:15
India,Maharashtra,Pune,"Revenue Colony-Shivajinagar, Pune - IITM",06-09-2026 11:00:00,18.530085,73.849598,PM10,31,65,45,2026-09-06 06:14:15
India,Maharashtra,Pune,"Revenue Colony-Shivajinagar, Pune - IITM",06-09-2026 11:00:00,18.530085,73.849598,NH3,NA,NA,NA,2026-09-06 06:14:15
India,Maharashtra,Mumbai,"Byculla, Mumbai - BMC",06-09-2026 11:00:00,18.9767,72.838,CO,43,56,49,2026-09-06 06:14:15
India,Maharashtra,Mumbai,"Mindspace-Malad West, Mumbai - MPCB",06-09-2026 11:00:00,19.1878657,72.8304069,NH3,7,8,8,2026-09-06 06:14:15
India,Maharashtra,Mumbai,"Mindspace-Malad West, Mumbai - MPCB",06-09-2026 11:00:00,19.1878657,72.8304069,CO,15,16,15,2026-09-06 06:14:15
India,Maharashtra,Mumbai,"Navy Nagar-Colaba, Mumbai - IITM",06-09-2026 11:00:00,18.897756,72.81332,PM2.5,14,35,23,2026-09-06 06:14:15
India,Maharashtra,Mumbai,"Mulund West, Mumbai - MPCB",06-09-2026 11:00:00,19.175,72.9419,PM10,NA,NA,NA,2026-09-06 06:14:15
India,Maharashtra,Mumbai,"Mulund West, Mumbai - MPCB",06-09-2026 11:00:00,19.175,72.9419,NH3,4,5,5,2026-09-06 06:14:15
India,Maharashtra,Mumbai,"Kandivali West, Mumbai - BMC",06-09-2026 11:00:00,19.215859,72.831718,PM2.5,25,42,31,2026-09-06 06:14:15
India,Maharashtra,Mumbai,"Kandivali West, Mumbai - BMC",06-09-2026 11:00:00,19.215859,72.831718,NH3,1,5,3,2026-09-06 06:14:15
India,Maharashtra,Mumbai,"Kandivali West, Mumbai - BMC",06-09-2026 11:00:00,19.215859,72.831718,CO,9,25,17,2026-09-06 06:14:15
India,Maharashtra,Mumbai,"Powai, Mumbai - MPCB",06-09-2026 11:00:00,19.1375,72.915056,PM10,25,33,29,2026-09-06 06:14:15
India,Maharashtra,Mumbai,"Powai, Mumbai - MPCB",06-09-2026 11:00:00,19.1375,72.915056,CO,NA,NA,NA,2026-09-06 06:14:15
India,Maharashtra,Nagpur,"Mahal, Nagpur - MPCB",06-09-2026 11:00:00,21.14472,79.107595,PM10,30,58,44,2026-09-06 06:14:15
India,Maharashtra,Nagpur,"Mahal, Nagpur - MPCB",06-09-2026 11:00:00,21.14472,79.107595,CO,27,40,34,2026-09-06 06:14:15
India,Maharashtra,Nagpur,"Mahal, Nagpur - MPCB",06-09-2026 11:00:00,21.14472,79.107595,OZONE,5,24,12,2026-09-06 06:14:15
India,Maharashtra,Nagpur,"Ram Nagar, Nagpur - MPCB",06-09-2026 11:00:00,21.143383,79.048912,PM2.5,29,75,47,2026-09-06 06:14:15
India,Maharashtra,Nagpur,"Ram Nagar, Nagpur - MPCB",06-09-2026 11:00:00,21.143383,79.048912,SO2,7,9,8,2026-09-06 06:14:15
India,Maharashtra,Nagpur,"Opp GPO Civil Lines, Nagpur - MPCB",06-09-2026 11:00:00,21.152875,79.0517531,SO2,2,8,5,2026-09-06 06:14:15
India,Maharashtra,Nanded,"Sneh Nagar, Nanded - MPCB",06-09-2026 11:00:00,19.173852,77.296291,NO2,4,14,7,2026-09-06 06:14:15
India,Maharashtra,Nanded,"Sneh Nagar, Nanded - MPCB",06-09-2026 11:00:00,19.173852,77.296291,SO2,16,17,16,2026-09-06 06:14:15
India,Rajasthan,Bhiwadi,"Vasundhara Nagar_UIT, Bhiwadi - RSPCB",06-09-2026 11:00:00,28.207266,76.829265,SO2,2,5,4,2026-09-06 06:14:15
India,Rajasthan,Bhiwadi,"Vasundhara Nagar_UIT, Bhiwadi - RSPCB",06-09-2026 11:00:00,28.207266,76.829265,OZONE,19,22,20,2026-09-06 06:14:15
India,Rajasthan,Bundi,"New Colony, Bundi - RSPCB",06-09-2026 11:00:00,25.435774,75.644272,PM2.5,8,85,29,2026-09-06 06:14:15
India,Rajasthan,Bundi,"New Colony, Bundi - RSPCB",06-09-2026 11:00:00,25.435774,75.644272,PM10,38,78,57,2026-09-06 06:14:15
India,Rajasthan,Bundi,"New Colony, Bundi - RSPCB",06-09-2026 11:00:00,25.435774,75.644272,NO2,12,28,17,2026-09-06 06:14:15
India,Rajasthan,Chittorgarh,"Shastri Nagar, Chittorgarh - RSPCB",06-09-2026 11:00:00,24.892047,74.623527,NH3,8,14,10,2026-09-06 06:14:15
India,Rajasthan,Chittorgarh,"Shastri Nagar, Chittorgarh - RSPCB",06-09-2026 11:00:00,24.892047,74.623527,SO2,3,10,5,2026-09-06 06:14:15
India,Rajasthan,Churu,"Subash Chowk, Churu - RSPCB",06-09-2026 11:00:00,28.296139,74.961696,PM10,24,119,59,2026-09-06 06:14:15
India,Rajasthan,Churu,"Subash Chowk, Churu - RSPCB",06-09-2026 11:00:00,28.296139,74.961696,NO2,2,11,5,2026-09-06 06:14:15
India,Rajasthan,Churu,"Subash Chowk, Churu - RSPCB",06-09-2026 11:00:00,28.296139,74.961696,CO,16,22,20,2026-09-06 06:14:15
India,Rajasthan,Churu,"Subash Chowk, Churu - RSPCB",06-09-2026 11:00:00,28.296139,74.961696,OZONE,41,59,48,2026-09-06 06:14:15
India,Rajasthan,Dausa,"Khatikan Mohalla, Dausa - RSPCB",06-09-2026 11:00:00,26.895552,76.334753,NH3,6,8,7,2026-09-06 06:14:15
India,Rajasthan,Dholpur,"Raja Ganj, Dholpur - RSPCB",06-09-2026 11:00:00,26.699557,77.898881,NO2,2,8,5,2026-09-06 06:14:15
India,Rajasthan,Dholpur,"Raja Ganj, Dholpur - RSPCB",06-09-2026 11:00:00,26.699557,77.898881,SO2,3,5,4,2026-09-06 06:14:15
India,Rajasthan,Dungarpur,"Bhoiwada, Dungarpur - RSPCB",06-09-2026 11:00:00,23.837789,73.714926,SO2,3,7,5,2026-09-06 06:14:15
India,Rajasthan,Dungarpur,"Bhoiwada, Dungarpur - RSPCB",06-09-2026 11:00:00,23.837789,73.714926,CO,16,24,21,2026-09-06 06:14:15
India,Rajasthan,Hanumangarh,"Housing Board, Hanumangarh - RSPCB",06-09-2026 11:00:00,29.61075,74.283608,PM2.5,19,89,42,2026-09-06 06:14:15
India,Rajasthan,Hanumangarh,"Housing Board, Hanumangarh - RSPCB",06-09-2026 11:00:00,29.61075,74.283608,NH3,5,7,6,2026-09-06 06:14:15
India,Rajasthan,Jaipur,"Mansarovar Sector-12, Jaipur - RSPCB",06-09-2026 11:00:00,26.843698,75.766894,NO2,9,41,21,2026-09-06 06:14:15
India,Rajasthan,Jaipur,"Mansarovar Sector-12, Jaipur - RSPCB",06-09-2026 11:00:00,26.843698,75.766894,NH3,2,5,3,2026-09-06 06:14:15
India,Rajasthan,Jaipur,"Mansarovar Sector-12, Jaipur - RSPCB",06-09-2026 11:00:00,26.843698,75.766894,OZONE,8,58,26,2026-09-06 06:14:15
India,Rajasthan,Jaipur,"Sector-2 Murlipura, Jaipur - RSPCB",06-09-2026 11:00:00,26.960669,75.771817,SO2,5,11,5,2026-09-06 06:14:15
India,Rajasthan,Jaipur,"Police Commissionerate, Jaipur - RSPCB",06-09-2026 11:00:00,26.9164092,75.7994901,PM2.5,34,60,48,2026-09-06 06:14:15
India,Rajasthan,Ajmer,"Civil Lines,  Ajmer - RSPCB",06-09-2026 11:00:00,26.470859,74.646594,PM2.5,45,67,54,2026-09-06 06:14:15
India,Rajasthan,Ajmer,"Civil Lines,  Ajmer - RSPCB",06-09-2026 11:00:00,26.470859,74.646594,PM10,38,84,64,2026-09-06 06:14:15
India,Rajasthan,Ajmer,"Civil Lines,  Ajmer - RSPCB",06-09-2026 11:00:00,26.470859,74.646594,CO,23,39,32,2026-09-06 06:14:15
India,Rajasthan,Alwar,"Moti Doongri, Alwar - RSPCB",06-09-2026 11:00:00,27.554793,76.611536,PM2.5,36,81,55,2026-09-06 06:14:15
India,Rajasthan,Alwar,"Moti Doongri, Alwar - RSPCB",06-09-2026 11:00:00,27.554793,76.611536,CO,32,100,73,2026-09-06 06:14:15
India,Rajasthan,Alwar,"Moti Doongri, Alwar - RSPCB",06-09-2026 11:00:00,27.554793,76.611536,OZONE,27,53,42,2026-09-06 06:14:15
India,Rajasthan,Alwar,"Vigyan Nagar, Alwar - RSPCB",06-09-2026 11:00:00,27.598796,76.63861,PM2.5,5,40,19,2026-09-06 06:14:15
India,Rajasthan,Alwar,"Vigyan Nagar, Alwar - RSPCB",06-09-2026 11:00:00,27.598796,76.63861,NH3,11,22,14,2026-09-06 06:14:15
India,Rajasthan,Alwar,"Vigyan Nagar, Alwar - RSPCB",06-09-2026 11:00:00,27.598796,76.63861,SO2,6,7,7,2026-09-06 06:14:15
India,Rajasthan,Alwar,"Vigyan Nagar, Alwar - RSPCB",06-09-2026 11:00:00,27.598796,76.63861,CO,51,56,54,2026-09-06 06:14:15
India,Rajasthan,Banswara,"Rati Talai, Banswara - RSPCB",06-09-2026 11:00:00,23.55519,74.44001,NH3,2,4,3,2026-09-06 06:14:15
India,Rajasthan,Baran,"Bamboliya, Baran - RSPCB",06-09-2026 11:00:00,25.106006,76.469948,PM2.5,3,12,8,2026-09-06 06:14:15
India,Rajasthan,Baran,"Bamboliya, Baran - RSPCB",06-09-2026 11:00:00,25.106006,76.469948,CO,35,37,36,2026-09-06 06:14:15
India,Rajasthan,Baran,"Bamboliya, Baran - RSPCB",06-09-2026 11:00:00,25.106006,76.469948,OZONE,1,48,11,2026-09-06 06:14:15
India,Rajasthan,Barmer,"Railway Colony, Barmer - RSPCB",06-09-2026 11:00:00,25.747299,71.393989,OZONE,26,35,30,2026-09-06 06:14:15
India,Rajasthan,Bharatpur,"Krishna Nagar, Bharatpur - RSPCB",06-09-2026 11:00:00,27.215415,77.50873,PM2.5,10,35,19,2026-09-06 06:14:15
India,Rajasthan,Bharatpur,"Krishna Nagar, Bharatpur - RSPCB",06-09-2026 11:00:00,27.215415,77.50873,NH3,2,11,4,2026-09-06 06:14:15
India,Rajasthan,Bharatpur,"Krishna Nagar, Bharatpur - RSPCB",06-09-2026 11:00:00,27.215415,77.50873,SO2,3,5,4,2026-09-06 06:14:15
India,Rajasthan,Bhilwara,"Pratap Nagar, Bhilwara - RSPCB",06-09-2026 11:00:00,25.339605,74.618883,OZONE,18,22,19,2026-09-06 06:14:15
India,Rajasthan,Bhiwadi,"RIICO Ind. Area III, Bhiwadi - RSPCB",06-09-2026 11:00:00,28.194909,76.862296,SO2,0,13,9,2026-09-06 06:14:15
India,Rajasthan,Bhiwadi,"Vasundhara Nagar_UIT, Bhiwadi - RSPCB",06-09-2026 11:00:00,28.207266,76.829265,PM2.5,18,96,56,2026-09-06 06:14:15
India,Rajasthan,Jodhpur,"Digari Kalan, Jodhpur - RSPCB",06-09-2026 11:00:00,26.29581,73.082283,PM10,35,85,51,2026-09-06 06:14:15
India,Rajasthan,Jodhpur,"Digari Kalan, Jodhpur - RSPCB",06-09-2026 11:00:00,26.29581,73.082283,NO2,8,23,13,2026-09-06 06:14:15
India,Rajasthan,Jodhpur,"Digari Kalan, Jodhpur - RSPCB",06-09-2026 11:00:00,26.29581,73.082283,NH3,5,6,6,2026-09-06 06:14:15
India,Rajasthan,Jodhpur,"Digari Kalan, Jodhpur - RSPCB",06-09-2026 11:00:00,26.29581,73.082283,CO,11,16,13,2026-09-06 06:14:15
India,Rajasthan,Jodhpur,"Jhalamand, Jodhpur - RSPCB",06-09-2026 11:00:00,26.215415,73.070156,CO,7,10,8,2026-09-06 06:14:15
India,Rajasthan,Jodhpur,"Jhalamand, Jodhpur - RSPCB",06-09-2026 11:00:00,26.215415,73.070156,OZONE,10,16,12,2026-09-06 06:14:15
India,Rajasthan,Jodhpur,"Mandor, Jodhpur - RSPCB",06-09-2026 11:00:00,26.358805,73.047444,SO2,5,10,7,2026-09-06 06:14:15
India,Rajasthan,Jodhpur,"Mandor, Jodhpur - RSPCB",06-09-2026 11:00:00,26.358805,73.047444,CO,8,13,9,2026-09-06 06:14:15
India,Rajasthan,Jodhpur,"Mandor, Jodhpur - RSPCB",06-09-2026 11:00:00,26.358805,73.047444,OZONE,27,53,37,2026-09-06 06:14:15
India,Rajasthan,Jodhpur,"Collectorate, Jodhpur - RSPCB",06-09-2026 11:00:00,26.268249,73.0193853,CO,5,41,15,2026-09-06 06:14:15
India,Rajasthan,Jodhpur,"Samrat Ashok Udhyan, Jodhpur - RSPCB",06-09-2026 11:00:00,26.253384,72.976571,PM2.5,12,30,21,2026-09-06 06:14:15
India,Rajasthan,Jodhpur,"Samrat Ashok Udhyan, Jodhpur - RSPCB",06-09-2026 11:00:00,26.253384,72.976571,NO2,1,7,3,2026-09-06 06:14:15
India,Rajasthan,Jodhpur,"Samrat Ashok Udhyan, Jodhpur - RSPCB",06-09-2026 11:00:00,26.253384,72.976571,OZONE,12,26,17,2026-09-06 06:14:15
India,Rajasthan,Karauli,"Satyawati Vihar, Karauli - RSPCB",06-09-2026 11:00:00,26.506177,77.025989,SO2,1,10,5,2026-09-06 06:14:15
India,Rajasthan,Kota,"Nayapura, Kota - RSPCB",06-09-2026 11:00:00,25.196024,75.855668,NO2,11,38,19,2026-09-06 06:14:15
India,Rajasthan,Kota,"Nayapura, Kota - RSPCB",06-09-2026 11:00:00,25.196024,75.855668,CO,13,23,17,2026-09-06 06:14:15
India,Rajasthan,Kota,"Nayapura, Kota - RSPCB",06-09-2026 11:00:00,25.196024,75.855668,OZONE,9,41,18,2026-09-06 06:14:15
India,Rajasthan,Kota,"Dhanmandi, Kota - RSPCB",06-09-2026 11:00:00,25.16409,75.858137,PM2.5,20,43,30,2026-09-06 06:14:15
India,Rajasthan,Kota,"Dhanmandi, Kota - RSPCB",06-09-2026 11:00:00,25.16409,75.858137,PM10,31,74,56,2026-09-06 06:14:15
India,Rajasthan,Kota,"Dhanmandi, Kota - RSPCB",06-09-2026 11:00:00,25.16409,75.858137,NO2,13,36,20,2026-09-06 06:14:15
India,Rajasthan,Kota,"Shrinath Puram, Kota - RSPCB",06-09-2026 11:00:00,25.14389,75.821256,PM2.5,38,52,45,2026-09-06 06:14:15
India,Tamil Nadu,Cuddalore,"Kudikadu, Cuddalore - TNPCB",06-09-2026 11:00:00,11.6829898,79.7532099,SO2,NA,NA,NA,2026-09-06 06:14:15
India,Tamil Nadu,Gummidipoondi,"Anthoni Pillai Nagar, Gummidipoondi - TNPCB",06-09-2026 11:00:00,13.4127,80.1081,SO2,2,71,23,2026-09-06 06:14:15
India,Tamil Nadu,Thoothukudi,"Meelavittan, Thoothukudi - TNPCB",06-09-2026 11:00:00,8.816428,78.099039,PM10,58,73,65,2026-09-06 06:14:15
India,Telangana,Hyderabad,"Bollaram Industrial Area, Hyderabad - TSPCB",06-09-2026 11:00:00,17.518,78.383,NO2,18,29,23,2026-09-06 06:14:15
India,Telangana,Hyderabad,"Bollaram Industrial Area, Hyderabad - TSPCB",06-09-2026 11:00:00,17.518,78.383,NH3,4,7,5,2026-09-06 06:14:15
India,Telangana,Hyderabad,"Zoo Park, Hyderabad - TSPCB",06-09-2026 11:00:00,17.349694,78.451437,NO2,6,11,8,2026-09-06 06:14:15
India,Telangana,Hyderabad,"Zoo Park, Hyderabad - TSPCB",06-09-2026 11:00:00,17.349694,78.451437,OZONE,4,5,4,2026-09-06 06:14:15
India,Telangana,Hyderabad,"Central University, Hyderabad - TSPCB",06-09-2026 11:00:00,17.460103,78.334361,NH3,0,5,2,2026-09-06 06:14:15
India,Telangana,Hyderabad,"Central University, Hyderabad - TSPCB",06-09-2026 11:00:00,17.460103,78.334361,OZONE,9,12,11,2026-09-06 06:14:15
India,Telangana,Hyderabad,"IITH Kandi, Hyderabad - TSPCB",06-09-2026 11:00:00,17.585705,78.126199,PM10,58,77,64,2026-09-06 06:14:15
India,Telangana,Hyderabad,"Nacharam_TSIIC IALA, Hyderabad - TSPCB",06-09-2026 11:00:00,17.429398,78.569354,NO2,10,14,11,2026-09-06 06:14:15
India,Telangana,Hyderabad,"Nacharam_TSIIC IALA, Hyderabad - TSPCB",06-09-2026 11:00:00,17.429398,78.569354,CO,24,32,25,2026-09-06 06:14:15
India,Telangana,Hyderabad,"New Malakpet, Hyderabad - TSPCB",06-09-2026 11:00:00,17.37206,78.50864,PM2.5,33,60,39,2026-09-06 06:14:15
India,Telangana,Hyderabad,"New Malakpet, Hyderabad - TSPCB",06-09-2026 11:00:00,17.37206,78.50864,PM10,51,58,54,2026-09-06 06:14:15
India,Telangana,Hyderabad,"New Malakpet, Hyderabad - TSPCB",06-09-2026 11:00:00,17.37206,78.50864,CO,24,34,27,2026-09-06 06:14:15
India,Telangana,Hyderabad,"Kokapet, Hyderabad - TSPCB",06-09-2026 11:00:00,17.393559,78.339194,PM10,46,71,55,2026-09-06 06:14:15
India,Telangana,Hyderabad,"ECIL Kapra, Hyderabad - TSPCB",06-09-2026 11:00:00,17.470431,78.566959,PM2.5,40,44,42,2026-09-06 06:14:15
India,Telangana,Hyderabad,"ECIL Kapra, Hyderabad - TSPCB",06-09-2026 11:00:00,17.470431,78.566959,NO2,11,16,15,2026-09-06 06:14:15
India,Telangana,Hyderabad,"ECIL Kapra, Hyderabad - TSPCB",06-09-2026 11:00:00,17.470431,78.566959,SO2,7,12,9,2026-09-06 06:14:15
India,Telangana,Hyderabad,"ECIL Kapra, Hyderabad - TSPCB",06-09-2026 11:00:00,17.470431,78.566959,OZONE,18,28,20,2026-09-06 06:14:15
India,Telangana,Hyderabad,"Kompally Municipal Office, Hyderabad - TSPCB",06-09-2026 11:00:00,17.544899,78.486949,PM2.5,29,42,36,2026-09-06 06:14:15
India,Telangana,Hyderabad,"Kompally Municipal Office, Hyderabad - TSPCB",06-09-2026 11:00:00,17.544899,78.486949,NO2,13,13,13,2026-09-06 06:14:15
India,Telangana,Hyderabad,"Kompally Municipal Office, Hyderabad - TSPCB",06-09-2026 11:00:00,17.544899,78.486949,SO2,2,10,6,2026-09-06 06:14:15
India,Telangana,Hyderabad,"Somajiguda, Hyderabad - TSPCB",06-09-2026 11:00:00,17.417094,78.457437,PM10,74,108,87,2026-09-06 06:14:15
India,Telangana,Hyderabad,"Somajiguda, Hyderabad - TSPCB",06-09-2026 11:00:00,17.417094,78.457437,NO2,14,14,14,2026-09-06 06:14:15
India,Telangana,Hyderabad,"IDA Pashamylaram, Hyderabad - TSPCB",06-09-2026 11:00:00,17.5316895,78.218939,PM10,45,118,72,2026-09-06 06:14:15
India,Telangana,Hyderabad,"Sanathnagar, Hyderabad - TSPCB",06-09-2026 11:00:00,17.4559458,78.4332152,PM10,NA,NA,NA,2026-09-06 06:14:15
India,Telangana,Hyderabad,"Sanathnagar, Hyderabad - TSPCB",06-09-2026 11:00:00,17.4559458,78.4332152,NO2,25,37,32,2026-09-06 06:14:15
India,Telangana,Hyderabad,"ICRISAT Patancheru, Hyderabad - TSPCB",06-09-2026 11:00:00,17.5184,78.278777,SO2,0,17,7,2026-09-06 06:14:15
India,Tripura,Agartala,"Bardowali, Agartala - Tripura SPCB",06-09-2026 11:00:00,23.8175497,91.2726974,PM2.5,19,63,44,2026-09-06 06:14:15
India,Tripura,Agartala,"Bardowali, Agartala - Tripura SPCB",06-09-2026 11:00:00,23.8175497,91.2726974,SO2,12,14,14,2026-09-06 06:14:15
India,Uttar Pradesh,Agra,"Rohta, Agra - UPPCB",06-09-2026 11:00:00,27.106972,78.000111,CO,27,28,27,2026-09-06 06:14:15
India,Uttar Pradesh,Agra,"Rohta, Agra - UPPCB",06-09-2026 11:00:00,27.106972,78.000111,OZONE,15,16,16,2026-09-06 06:14:15
India,Uttar Pradesh,Agra,"Sector-3B Avas Vikas Colony, Agra - UPPCB",06-09-2026 11:00:00,27.19412,77.96237,PM2.5,21,41,29,2026-09-06 06:14:15
India,Rajasthan,Jaipur,"Police Commissionerate, Jaipur - RSPCB",06-09-2026 11:00:00,26.9164092,75.7994901,NO2,31,61,50,2026-09-06 06:14:15
India,Rajasthan,Jaipur,"Police Commissionerate, Jaipur - RSPCB",06-09-2026 11:00:00,26.9164092,75.7994901,NH3,0,13,8,2026-09-06 06:14:15
India,Rajasthan,Jaipur,"Police Commissionerate, Jaipur - RSPCB",06-09-2026 11:00:00,26.9164092,75.7994901,OZONE,29,36,31,2026-09-06 06:14:15
India,Rajasthan,Jaipur,"RIICO Sitapura, Jaipur - RSPCB",06-09-2026 11:00:00,26.786682,75.827928,PM2.5,5,57,27,2026-09-06 06:14:15
India,Rajasthan,Jaipur,"RIICO Sitapura, Jaipur - RSPCB",06-09-2026 11:00:00,26.786682,75.827928,PM10,8,87,40,2026-09-06 06:14:15
India,Rajasthan,Jaipur,"RIICO Sitapura, Jaipur - RSPCB",06-09-2026 11:00:00,26.786682,75.827928,NO2,17,59,37,2026-09-06 06:14:15
India,Rajasthan,Jaipur,"Shastri Nagar, Jaipur - RSPCB",06-09-2026 11:00:00,26.9502929,75.730943,OZONE,21,31,25,2026-09-06 06:14:15
India,Rajasthan,Jaipur,"Adarsh Nagar, Jaipur - RSPCB",06-09-2026 11:00:00,26.902909,75.836858,PM10,13,69,46,2026-09-06 06:14:15
India,Rajasthan,Jaipur,"Adarsh Nagar, Jaipur - RSPCB",06-09-2026 11:00:00,26.902909,75.836858,OZONE,15,27,20,2026-09-06 06:14:15
India,Rajasthan,Jaisalmer,"Sadar Bazar, Jaisalmer - RSPCB",06-09-2026 11:00:00,26.912329,70.909168,PM10,56,115,81,2026-09-06 06:14:15
India,Rajasthan,Jhalawar,"Rajlaxmi Nagar, Jhalawar - RSPCB",06-09-2026 11:00:00,24.588397,76.172782,NH3,2,4,3,2026-09-06 06:14:15
India,Rajasthan,Jhunjhunu,"Indra Nagar, Jhunjhunu - RSPCB",06-09-2026 11:00:00,28.108988,75.386577,PM10,22,59,40,2026-09-06 06:14:15
India,Rajasthan,Jhunjhunu,"Indra Nagar, Jhunjhunu - RSPCB",06-09-2026 11:00:00,28.108988,75.386577,SO2,4,5,4,2026-09-06 06:14:15
India,Rajasthan,Jhunjhunu,"Indra Nagar, Jhunjhunu - RSPCB",06-09-2026 11:00:00,28.108988,75.386577,OZONE,15,66,38,2026-09-06 06:14:15
India,Rajasthan,Udaipur,"Ashok Nagar, Udaipur - RSPCB",06-09-2026 11:00:00,24.5886166,73.6321397,NO2,16,34,22,2026-09-06 06:14:15
India,Rajasthan,Udaipur,"Ashok Nagar, Udaipur - RSPCB",06-09-2026 11:00:00,24.5886166,73.6321397,OZONE,2,18,9,2026-09-06 06:14:15
India,Sikkim,Gangtok,"Zero Point GICI, Gangtok - SSPCB",06-09-2026 11:00:00,27.33853,88.614099,PM10,9,23,14,2026-09-06 06:14:15
India,Tamil Nadu,Chennai,"Arumbakkam, Chennai - TNPCB",06-09-2026 11:00:00,13.0664,80.2112,NO2,11,21,16,2026-09-06 06:14:15
India,Tamil Nadu,Chennai,"Arumbakkam, Chennai - TNPCB",06-09-2026 11:00:00,13.0664,80.2112,CO,NA,NA,NA,2026-09-06 06:14:15
India,Tamil Nadu,Chennai,"Perungudi, Chennai - TNPCB",06-09-2026 11:00:00,12.9533,80.2357,PM10,30,363,227,2026-09-06 06:14:15
India,Tamil Nadu,Chennai,"Perungudi, Chennai - TNPCB",06-09-2026 11:00:00,12.9533,80.2357,NO2,5,10,7,2026-09-06 06:14:15
India,Tamil Nadu,Chennai,"Manali, Chennai - CPCB",06-09-2026 11:00:00,13.164544,80.26285,PM10,NA,NA,NA,2026-09-06 06:14:15
India,Tamil Nadu,Chennai,"Manali, Chennai - CPCB",06-09-2026 11:00:00,13.164544,80.26285,NO2,9,12,11,2026-09-06 06:14:15
India,Tamil Nadu,Chennai,"Royapuram, Chennai - TNPCB",06-09-2026 11:00:00,13.1036,80.2909,PM10,47,70,60,2026-09-06 06:14:15
India,Tamil Nadu,Coimbatore,"SIDCO Kurichi, Coimbatore - TNPCB",06-09-2026 11:00:00,10.942451,76.978996,NH3,1,1,1,2026-09-06 06:14:15
India,Rajasthan,Kota,"Shrinath Puram, Kota - RSPCB",06-09-2026 11:00:00,25.14389,75.821256,NO2,3,21,10,2026-09-06 06:14:15
India,Rajasthan,Kota,"Shrinath Puram, Kota - RSPCB",06-09-2026 11:00:00,25.14389,75.821256,NH3,1,13,5,2026-09-06 06:14:15
India,Rajasthan,Kota,"Shrinath Puram, Kota - RSPCB",06-09-2026 11:00:00,25.14389,75.821256,CO,30,44,37,2026-09-06 06:14:15
India,Rajasthan,Nagaur,"Karni Colony, Nagaur - RSPCB",06-09-2026 11:00:00,27.213494,73.734444,NH3,4,6,4,2026-09-06 06:14:15
India,Rajasthan,Nagaur,"Karni Colony, Nagaur - RSPCB",06-09-2026 11:00:00,27.213494,73.734444,OZONE,18,39,26,2026-09-06 06:14:15
India,Rajasthan,Pali,"Indira Colony Vistar, Pali - RSPCB",06-09-2026 11:00:00,25.771061,73.340227,NH3,4,11,6,2026-09-06 06:14:15
India,Rajasthan,Rajsamand,"Dhoinda, Rajsamand - RSPCB",06-09-2026 11:00:00,25.03636,73.883502,PM2.5,15,60,37,2026-09-06 06:14:15
India,Rajasthan,Sawai Madhopur,"Sahu Nagar, Sawai Madhopur - RSPCB",06-09-2026 11:00:00,26.031443,76.359327,PM2.5,2,49,20,2026-09-06 06:14:15
India,Rajasthan,Sikar,"Radhakishan Pura, Sikar - RSPCB",06-09-2026 11:00:00,27.608912,75.153302,NO2,6,23,12,2026-09-06 06:14:15
India,Rajasthan,Tonk,"Shastri Nagar, Tonk - RSPCB",06-09-2026 11:00:00,26.159933,75.780517,NO2,3,12,6,2026-09-06 06:14:15
India,Rajasthan,Tonk,"Shastri Nagar, Tonk - RSPCB",06-09-2026 11:00:00,26.159933,75.780517,OZONE,28,39,33,2026-09-06 06:14:15
India,Uttar Pradesh,Agra,"Shahjahan Garden, Agra - UPPCB",06-09-2026 11:00:00,27.169338,78.03582,PM2.5,18,29,24,2026-09-06 06:14:15
India,Uttar Pradesh,Agra,"Shahjahan Garden, Agra - UPPCB",06-09-2026 11:00:00,27.169338,78.03582,SO2,61,69,66,2026-09-06 06:14:15
India,Uttar Pradesh,Agra,"Sanjay Palace, Agra - UPPCB",06-09-2026 11:00:00,27.19865833,78.00598056,CO,29,30,30,2026-09-06 06:14:15
India,Uttar Pradesh,Bareilly,"Rajendra Nagar, Bareilly - UPPCB",06-09-2026 11:00:00,28.38910936,79.42963708,PM10,27,55,39,2026-09-06 06:14:15
India,Uttar Pradesh,Bareilly,"Civil Lines, Bareilly - UPPCB",06-09-2026 11:00:00,28.359581,79.414455,NO2,8,9,9,2026-09-06 06:14:15
India,Uttar Pradesh,Bulandshahr,"Yamunapuram, Bulandshahr - UPPCB",06-09-2026 11:00:00,28.406963,77.849831,PM10,8,39,26,2026-09-06 06:14:15
India,Uttar Pradesh,Firozabad,"Nagla Bhau, Firozabad - UPPCB",06-09-2026 11:00:00,27.168897,78.37696,PM2.5,3,31,18,2026-09-06 06:14:15
India,Uttar Pradesh,Firozabad,"Nagla Bhau, Firozabad - UPPCB",06-09-2026 11:00:00,27.168897,78.37696,CO,27,49,31,2026-09-06 06:14:15
India,Uttar Pradesh,Firozabad,"Vibhab Nagar, Firozabad - UPPCB",06-09-2026 11:00:00,27.1594,78.3953,PM10,31,55,45,2026-09-06 06:14:15
India,Uttar Pradesh,Firozabad,"Vibhab Nagar, Firozabad - UPPCB",06-09-2026 11:00:00,27.1594,78.3953,NH3,6,7,7,2026-09-06 06:14:15
India,Uttar Pradesh,Gajraula,"Rajanpur, Gajraula - UPPCB",06-09-2026 11:00:00,28.829109,78.248796,SO2,9,14,12,2026-09-06 06:14:15
India,Uttar Pradesh,Ghaziabad,"Ved Vihar-Loni, Ghaziabad - UPPCB",06-09-2026 11:00:00,28.739153,77.273668,SO2,6,7,7,2026-09-06 06:14:15
India,Uttar Pradesh,Ghaziabad,"Sanjay Nagar, Ghaziabad - UPPCB",06-09-2026 11:00:00,28.685382,77.453839,SO2,5,11,9,2026-09-06 06:14:15
India,Uttar Pradesh,Ghaziabad,"Indirapuram, Ghaziabad - UPPCB",06-09-2026 11:00:00,28.646233,77.358075,NH3,2,4,3,2026-09-06 06:14:15
India,Uttar Pradesh,Ghaziabad,"Indirapuram, Ghaziabad - UPPCB",06-09-2026 11:00:00,28.646233,77.358075,SO2,11,14,13,2026-09-06 06:14:15
India,Uttar Pradesh,Ghaziabad,"Indirapuram, Ghaziabad - UPPCB",06-09-2026 11:00:00,28.646233,77.358075,OZONE,24,28,27,2026-09-06 06:14:15
India,Uttar Pradesh,Ghaziabad,"Vasundhara, Ghaziabad - UPPCB",06-09-2026 11:00:00,28.6603346,77.3572563,PM2.5,16,80,39,2026-09-06 06:14:15
India,Uttar Pradesh,Gorakhpur,"Madan Mohan Malaviya University of Technology, Gorakhpur - UPPCB",06-09-2026 11:00:00,26.730136,83.433859,PM10,2,83,39,2026-09-06 06:14:15
India,Uttar Pradesh,Greater Noida,"Knowledge Park - V, Greater Noida - UPPCB",06-09-2026 11:00:00,28.557054,77.453663,PM2.5,16,65,40,2026-09-06 06:14:15
India,Uttar Pradesh,Greater Noida,"Knowledge Park - V, Greater Noida - UPPCB",06-09-2026 11:00:00,28.557054,77.453663,SO2,4,8,7,2026-09-06 06:14:15
India,Uttar Pradesh,Greater Noida,"Knowledge Park - III, Greater Noida - UPPCB",06-09-2026 11:00:00,28.47272,77.482,CO,47,56,51,2026-09-06 06:14:15
India,Uttar Pradesh,Kanpur,"FTI Kidwai Nagar, Kanpur - UPPCB",06-09-2026 11:00:00,26.428282,80.327067,CO,30,31,31,2026-09-06 06:14:15
India,Uttar Pradesh,Kanpur,"Nehru Nagar, Kanpur - UPPCB",06-09-2026 11:00:00,26.4703136,80.3229863,PM2.5,2,27,17,2026-09-06 06:14:15
India,Uttar Pradesh,Kanpur,"Nehru Nagar, Kanpur - UPPCB",06-09-2026 11:00:00,26.4703136,80.3229863,NO2,45,49,48,2026-09-06 06:14:15
India,Uttar Pradesh,Kanpur,"Nehru Nagar, Kanpur - UPPCB",06-09-2026 11:00:00,26.4703136,80.3229863,OZONE,2,12,6,2026-09-06 06:14:15
India,Uttar Pradesh,Lucknow,"Kendriya Vidyalaya, Lucknow - CPCB",06-09-2026 11:00:00,26.906111,80.948222,NO2,24,36,30,2026-09-06 06:14:15
India,Uttar Pradesh,Lucknow,"Gomti Nagar, Lucknow - UPPCB",06-09-2026 11:00:00,26.86812,81.005119,PM2.5,25,103,51,2026-09-06 06:14:15
India,Uttar Pradesh,Lucknow,"B R Ambedkar University, Lucknow - UPPCB",06-09-2026 11:00:00,26.766433,80.927299,PM10,13,98,32,2026-09-06 06:14:15
India,Uttar Pradesh,Lucknow,"B R Ambedkar University, Lucknow - UPPCB",06-09-2026 11:00:00,26.766433,80.927299,NO2,11,12,12,2026-09-06 06:14:15
India,Uttar Pradesh,Lucknow,"B R Ambedkar University, Lucknow - UPPCB",06-09-2026 11:00:00,26.766433,80.927299,NH3,3,3,3,2026-09-06 06:14:15
India,Uttar Pradesh,Lucknow,"B R Ambedkar University, Lucknow - UPPCB",06-09-2026 11:00:00,26.766433,80.927299,CO,23,25,24,2026-09-06 06:14:15
India,Uttar Pradesh,Lucknow,"Lalbagh, Lucknow - CPCB",06-09-2026 11:00:00,26.8458805,80.9365541,PM2.5,11,113,44,2026-09-06 06:14:15
India,Uttar Pradesh,Lucknow,"Kukrail Picnic Spot-1, Lucknow - UPPCB",06-09-2026 11:00:00,26.90723,80.98579,NO2,31,32,32,2026-09-06 06:14:15
India,Uttar Pradesh,Lucknow,"Kukrail Picnic Spot-1, Lucknow - UPPCB",06-09-2026 11:00:00,26.90723,80.98579,NH3,6,6,6,2026-09-06 06:14:15
India,Uttar Pradesh,Lucknow,"Kukrail Picnic Spot-1, Lucknow - UPPCB",06-09-2026 11:00:00,26.90723,80.98579,SO2,26,29,27,2026-09-06 06:14:15
India,Uttar Pradesh,Lucknow,"Kukrail Picnic Spot-1, Lucknow - UPPCB",06-09-2026 11:00:00,26.90723,80.98579,CO,14,17,15,2026-09-06 06:14:15
India,Uttar Pradesh,Meerut,"Jai Bhim Nagar, Meerut - UPPCB",06-09-2026 11:00:00,28.9535882,77.7622941,NH3,12,16,13,2026-09-06 06:14:15
India,Uttar Pradesh,Meerut,"MIET College, Meerut - UPPCB",06-09-2026 11:00:00,28.972677,77.641018,PM10,12,47,30,2026-09-06 06:14:15
India,Uttar Pradesh,Meerut,"Pallavpuram Phase 2, Meerut - UPPCB",06-09-2026 11:00:00,29.06351,77.709723,NH3,5,7,6,2026-09-06 06:14:15
India,Uttar Pradesh,Moradabad,"Eco Herbal Park, Moradabad - UPPCB",06-09-2026 11:00:00,28.840739,78.697531,PM10,5,84,32,2026-09-06 06:14:15
India,Uttar Pradesh,Moradabad,"Buddhi Vihar, Moradabad - UPPCB",06-09-2026 11:00:00,28.83526,78.7446,NO2,28,29,29,2026-09-06 06:14:15
India,Uttar Pradesh,Moradabad,"Buddhi Vihar, Moradabad - UPPCB",06-09-2026 11:00:00,28.83526,78.7446,CO,9,13,12,2026-09-06 06:14:15
India,Uttar Pradesh,Moradabad,"Transport Nagar, Moradabad - UPPCB",06-09-2026 11:00:00,28.802625,78.753728,SO2,20,22,21,2026-09-06 06:14:15
India,Uttar Pradesh,Moradabad,"Kashiram Nagar, Moradabad - UPPCB",06-09-2026 11:00:00,28.849399,78.742362,NH3,4,4,4,2026-09-06 06:14:15
India,Uttar Pradesh,Moradabad,"Employment Office, Moradabad - UPPCB",06-09-2026 11:00:00,28.88528,78.7388,SO2,31,37,34,2026-09-06 06:14:15
India,Uttar Pradesh,Muzaffarnagar,"New Mandi, Muzaffarnagar - UPPCB",06-09-2026 11:00:00,29.4723508,77.7194031,SO2,8,37,16,2026-09-06 06:14:15
India,Uttar Pradesh,Noida,"Sector - 125, Noida - UPPCB",06-09-2026 11:00:00,28.5447608,77.3231257,NO2,17,18,17,2026-09-06 06:14:15
India,Uttar Pradesh,Noida,"Sector - 125, Noida - UPPCB",06-09-2026 11:00:00,28.5447608,77.3231257,NH3,3,3,3,2026-09-06 06:14:15
India,Uttar Pradesh,Noida,"Sector-1, Noida - UPPCB",06-09-2026 11:00:00,28.5898,77.3101,CO,NA,NA,NA,2026-09-06 06:14:15
India,Uttar Pradesh,Prayagraj,"Motilal Nehru NIT, Prayagraj - UPPCB",06-09-2026 11:00:00,25.494,81.863,PM10,17,119,41,2026-09-06 06:14:15
India,Uttar Pradesh,Prayagraj,"Motilal Nehru NIT, Prayagraj - UPPCB",06-09-2026 11:00:00,25.494,81.863,NO2,12,15,12,2026-09-06 06:14:15
India,Uttar Pradesh,Prayagraj,"Motilal Nehru NIT, Prayagraj - UPPCB",06-09-2026 11:00:00,25.494,81.863,OZONE,6,8,7,2026-09-06 06:14:15
India,Uttar Pradesh,Prayagraj,"Jhunsi, Prayagraj - UPPCB",06-09-2026 11:00:00,25.425602,81.917152,NO2,6,6,6,2026-09-06 06:14:15
India,Uttar Pradesh,Raebareli,"Anand Nagar, Raebareli - UPPCB",06-09-2026 11:00:00,26.219512,81.237648,NO2,5,20,10,2026-09-06 06:14:15
India,Uttar Pradesh,Raebareli,"Anand Nagar, Raebareli - UPPCB",06-09-2026 11:00:00,26.219512,81.237648,NH3,NA,NA,NA,2026-09-06 06:14:15
India,Uttar Pradesh,Shamli,"New Tehsil, Shamli - UPPCB",06-09-2026 11:00:00,29.4603683,77.3410291,CO,19,102,60,2026-09-06 06:14:15
India,Uttar Pradesh,Varanasi,"Maldahiya, Varanasi - UPPCB",06-09-2026 11:00:00,25.32393,82.99687,NH3,0,0,0,2026-09-06 06:14:15
India,Uttar Pradesh,Varanasi,"Maldahiya, Varanasi - UPPCB",06-09-2026 11:00:00,25.32393,82.99687,OZONE,4,4,4,2026-09-06 06:14:15
India,Uttar Pradesh,Varanasi,"Ardhali Bazar, Varanasi - UPPCB",06-09-2026 11:00:00,25.3505986,82.9083074,CO,14,14,14,2026-09-06 06:14:15
India,Uttar Pradesh,Vrindavan,"Omex Eternity, Vrindavan - UPPCB",06-09-2026 11:00:00,27.571409,77.655757,NO2,26,27,27,2026-09-06 06:14:15
India,Uttar Pradesh,Vrindavan,"Omex Eternity, Vrindavan - UPPCB",06-09-2026 11:00:00,27.571409,77.655757,CO,6,7,7,2026-09-06 06:14:15
India,Uttarakhand,Dehradun,"Doon University, Dehradun - UKPCB",06-09-2026 11:00:00,30.269444,78.044167,PM2.5,3,47,23,2026-09-06 06:14:15
India,Uttarakhand,Dehradun,"Doon University, Dehradun - UKPCB",06-09-2026 11:00:00,30.269444,78.044167,CO,11,19,16,2026-09-06 06:14:15
India,Uttarakhand,Kashipur,"Govt. Girls Inter College, Kashipur - UKPCB",06-09-2026 11:00:00,29.2124114,78.9611753,CO,11,19,15,2026-09-06 06:14:15
India,Uttarakhand,Kashipur,"Govt. Girls Inter College, Kashipur - UKPCB",06-09-2026 11:00:00,29.2124114,78.9611753,OZONE,NA,NA,NA,2026-09-06 06:14:15
India,Uttarakhand,Rishikesh,"Shivaji Nagar, Rishikesh - UKPCB",06-09-2026 11:00:00,30.075911,78.2859547,CO,37,37,37,2026-09-06 06:14:15
India,West Bengal,Asansol,"Evelyn Lodge, Asansol - WBPCB",06-09-2026 11:00:00,23.697936,86.944395,PM10,43,58,49,2026-09-06 06:14:15
India,West Bengal,Asansol,"Evelyn Lodge, Asansol - WBPCB",06-09-2026 11:00:00,23.697936,86.944395,CO,12,30,21,2026-09-06 06:14:15
India,West Bengal,Asansol,"Mahabir Colliery, Asansol - WBPCB",06-09-2026 11:00:00,23.618183,87.105718,PM10,10,55,46,2026-09-06 06:14:15
India,West Bengal,Asansol,"Mahabir Colliery, Asansol - WBPCB",06-09-2026 11:00:00,23.618183,87.105718,NO2,2,10,2,2026-09-06 06:14:15
India,West Bengal,Asansol,"Mahabir Colliery, Asansol - WBPCB",06-09-2026 11:00:00,23.618183,87.105718,NH3,0,1,0,2026-09-06 06:14:15
India,West Bengal,Asansol,"Mahabir Colliery, Asansol - WBPCB",06-09-2026 11:00:00,23.618183,87.105718,OZONE,10,12,11,2026-09-06 06:14:15
India,West Bengal,Asansol,"Trivenidevi Bhalotia College, Asansol - WBPCB",06-09-2026 11:00:00,23.616515,87.119133,OZONE,5,5,5,2026-09-06 06:14:15
India,West Bengal,Barrackpore,"SVSPA Campus, Barrackpore - WBPCB",06-09-2026 11:00:00,22.7605581,88.3617589,PM10,55,113,81,2026-09-06 06:14:15
India,West Bengal,Durgapur,"PCBL Residential Complex, Durgapur - WBPCB",06-09-2026 11:00:00,23.508764,87.35444,PM10,25,67,42,2026-09-06 06:14:15
India,West Bengal,Durgapur,"PCBL Residential Complex, Durgapur - WBPCB",06-09-2026 11:00:00,23.508764,87.35444,SO2,11,13,12,2026-09-06 06:14:15
India,West Bengal,Haldia,"Priyambada Housing Estate, Haldia - WBPCB",06-09-2026 11:00:00,22.06047,88.109737,NO2,9,43,16,2026-09-06 06:14:15
India,West Bengal,Howrah,"Belur Math, Howrah - WBPCB",06-09-2026 11:00:00,22.629801,88.352017,CO,13,32,18,2026-09-06 06:14:15
India,West Bengal,Howrah,"Dasnagar, Howrah - WBPCB",06-09-2026 11:00:00,22.6025571,88.3105664,OZONE,6,43,19,2026-09-06 06:14:15
India,West Bengal,Howrah,"Botanical Garden, Howrah - WBPCB",06-09-2026 11:00:00,22.554954,88.292568,PM2.5,20,180,78,2026-09-06 06:14:15
India,West Bengal,Howrah,"Botanical Garden, Howrah - WBPCB",06-09-2026 11:00:00,22.554954,88.292568,NO2,7,20,11,2026-09-06 06:14:15
India,West Bengal,Howrah,"Botanical Garden, Howrah - WBPCB",06-09-2026 11:00:00,22.554954,88.292568,SO2,2,4,3,2026-09-06 06:14:15
India,West Bengal,Howrah,"Ghusuri, Howrah - WBPCB",06-09-2026 11:00:00,22.611968,88.347422,OZONE,18,21,19,2026-09-06 06:14:15
India,West Bengal,Howrah,"Padmapukur, Howrah - WBPCB",06-09-2026 11:00:00,22.5687319,88.2797276,SO2,4,7,6,2026-09-06 06:14:15
India,West Bengal,Kolkata,"Bidhannagar, Kolkata - WBPCB",06-09-2026 11:00:00,22.58157048,88.41002457,SO2,6,10,8,2026-09-06 06:14:15
India,West Bengal,Kolkata,"Jadavpur, Kolkata - WBPCB",06-09-2026 11:00:00,22.49929,88.36917,NH3,11,13,12,2026-09-06 06:14:15
India,West Bengal,Kolkata,"Rabindra Bharati University, Kolkata - WBPCB",06-09-2026 11:00:00,22.627847,88.380669,OZONE,10,45,30,2026-09-06 06:14:15
India,West Bengal,Kolkata,"Rabindra Sarobar, Kolkata - WBPCB",06-09-2026 11:00:00,22.51106,88.35142,PM10,30,49,41,2026-09-06 06:14:15
India,West Bengal,Kolkata,"Rabindra Sarobar, Kolkata - WBPCB",06-09-2026 11:00:00,22.51106,88.35142,CO,11,18,14,2026-09-06 06:14:15
India,West Bengal,Kolkata,"Ballygunge, Kolkata - WBPCB",06-09-2026 11:00:00,22.5367507,88.3638022,PM10,42,87,66,2026-09-06 06:14:15
India,West Bengal,Kolkata,"Ballygunge, Kolkata - WBPCB",06-09-2026 11:00:00,22.5367507,88.3638022,NO2,22,76,37,2026-09-06 06:14:15
India,West Bengal,Kolkata,"Ballygunge, Kolkata - WBPCB",06-09-2026 11:00:00,22.5367507,88.3638022,NH3,8,13,9,2026-09-06 06:14:15
India,Bihar,Purnia,"Mariam Nagar, Purnia - BSPCB",06-09-2026 11:00:00,25.366336,87.117468,PM2.5,47,47,47,2026-09-06 06:14:15
India,Bihar,Purnia,"Mariam Nagar, Purnia - BSPCB",06-09-2026 11:00:00,25.366336,87.117468,PM10,33,33,33,2026-09-06 06:14:15
India,Bihar,Purnia,"Mariam Nagar, Purnia - BSPCB",06-09-2026 11:00:00,25.366336,87.117468,SO2,16,17,16,2026-09-06 06:14:15
India,Bihar,Samastipur,"DM Office_Kasipur, Samastipur - BSPCB",06-09-2026 11:00:00,25.859655,85.77944,PM2.5,30,167,70,2026-09-06 06:14:15
India,Bihar,Samastipur,"DM Office_Kasipur, Samastipur - BSPCB",06-09-2026 11:00:00,25.859655,85.77944,PM10,24,104,54,2026-09-06 06:14:15
India,Bihar,Samastipur,"DM Office_Kasipur, Samastipur - BSPCB",06-09-2026 11:00:00,25.859655,85.77944,OZONE,6,7,6,2026-09-06 06:14:15
India,Bihar,Sasaram,"Dada Peer, Sasaram - BSPCB",06-09-2026 11:00:00,24.952822,84.002396,PM2.5,6,214,67,2026-09-06 06:14:15
India,Bihar,Siwan,"Chitragupta Nagar, Siwan - BSPCB",06-09-2026 11:00:00,26.2271665,84.3570427,PM10,NA,NA,NA,2026-09-06 06:14:15
India,Chandigarh,Chandigarh,"Sector 22, Chandigarh - CPCC",06-09-2026 11:00:00,30.735567,76.775714,PM2.5,10,38,18,2026-09-06 06:14:15
India,Chandigarh,Chandigarh,"Sector 22, Chandigarh - CPCC",06-09-2026 11:00:00,30.735567,76.775714,PM10,10,39,19,2026-09-06 06:14:15
India,Chandigarh,Chandigarh,"Sector 22, Chandigarh - CPCC",06-09-2026 11:00:00,30.735567,76.775714,NH3,1,6,4,2026-09-06 06:14:15
India,Chandigarh,Chandigarh,"Sector-25, Chandigarh - CPCC",06-09-2026 11:00:00,30.751462,76.762879,PM10,18,43,30,2026-09-06 06:14:15
India,Chandigarh,Chandigarh,"Sector-25, Chandigarh - CPCC",06-09-2026 11:00:00,30.751462,76.762879,CO,14,22,18,2026-09-06 06:14:15
India,Chandigarh,Chandigarh,"Sector-53, Chandigarh - CPCC",06-09-2026 11:00:00,30.719859,76.738637,NH3,2,6,4,2026-09-06 06:14:15
India,Chhattisgarh,Bhilai,"Hathkhoj, Bhilai - CECB",06-09-2026 11:00:00,21.224231,81.40835,PM2.5,16,52,32,2026-09-06 06:14:15
India,Chhattisgarh,Bhilai,"Hathkhoj, Bhilai - CECB",06-09-2026 11:00:00,21.224231,81.40835,PM10,11,74,38,2026-09-06 06:14:15
India,Andhra Pradesh,Kakinada,"Rama Rao Peta, Kakinada - APPCB",06-09-2026 11:00:00,16.962488,82.229513,OZONE,14,49,26,2026-09-06 06:14:15
India,Andhra Pradesh,Kurnool,"Sita Rama Nagar, Kurnool - APPCB",06-09-2026 11:00:00,15.83411,78.028546,NO2,25,43,30,2026-09-06 06:14:15
India,Andhra Pradesh,Kurnool,"Sita Rama Nagar, Kurnool - APPCB",06-09-2026 11:00:00,15.83411,78.028546,OZONE,12,22,15,2026-09-06 06:14:15
India,Andhra Pradesh,Machilipatnam,"Srinivas Nagar Colony, Machilipatnam - APPCB",06-09-2026 11:00:00,16.186555,81.13219,CO,13,27,20,2026-09-06 06:14:15
India,Andhra Pradesh,Machilipatnam,"Srinivas Nagar Colony, Machilipatnam - APPCB",06-09-2026 11:00:00,16.186555,81.13219,OZONE,12,12,12,2026-09-06 06:14:15
India,Andhra Pradesh,Nellore,"Ambedkar Nagar, Nellore - APPCB ",06-09-2026 11:00:00,14.438164,79.966814,PM2.5,52,54,53,2026-09-06 06:14:15
India,Andhra Pradesh,Rajamahendravaram,"Anand Kala Kshetram, Rajamahendravaram - APPCB",06-09-2026 11:00:00,16.9872867,81.7363176,PM2.5,8,50,34,2026-09-06 06:14:15
India,Andhra Pradesh,Tirumala,"Toll Gate, Tirumala - APPCB",06-09-2026 11:00:00,13.67,79.35,PM2.5,15,58,35,2026-09-06 06:14:15
India,Andhra Pradesh,Tirumala,"Toll Gate, Tirumala - APPCB",06-09-2026 11:00:00,13.67,79.35,PM10,22,70,44,2026-09-06 06:14:15
India,Andhra Pradesh,Tirumala,"Toll Gate, Tirumala - APPCB",06-09-2026 11:00:00,13.67,79.35,NH3,2,4,3,2026-09-06 06:14:15
India,Andhra Pradesh,Tirumala,"Toll Gate, Tirumala - APPCB",06-09-2026 11:00:00,13.67,79.35,OZONE,12,34,19,2026-09-06 06:14:15
India,Andhra Pradesh,Tirupati,"Vaikuntapuram, Tirupati - APPCB",06-09-2026 11:00:00,13.615387,79.40923,OZONE,33,34,33,2026-09-06 06:14:15
India,Andhra Pradesh,Vijayawada,"Rajiv Nagar, Vijayawada - APPCB",06-09-2026 11:00:00,16.554731,80.64911,NO2,18,24,19,2026-09-06 06:14:15
India,Andhra Pradesh,Vijayawada,"Rajiv Nagar, Vijayawada - APPCB",06-09-2026 11:00:00,16.554731,80.64911,OZONE,20,20,20,2026-09-06 06:14:15
India,Assam,Nagaon,"Christianpatty, Nagaon - PCBA",06-09-2026 11:00:00,26.349082,92.68449,SO2,7,16,12,2026-09-06 06:14:15
India,Assam,Nalbari,"Bata Chowk, Nalbari - PCBA",06-09-2026 11:00:00,26.446912,91.439057,PM10,15,82,33,2026-09-06 06:14:15
India,Assam,Nalbari,"Bata Chowk, Nalbari - PCBA",06-09-2026 11:00:00,26.446912,91.439057,NO2,14,15,15,2026-09-06 06:14:15
India,Assam,Nalbari,"Bata Chowk, Nalbari - PCBA",06-09-2026 11:00:00,26.446912,91.439057,NH3,6,6,6,2026-09-06 06:14:15
India,Assam,Nalbari,"Bata Chowk, Nalbari - PCBA",06-09-2026 11:00:00,26.446912,91.439057,CO,21,23,22,2026-09-06 06:14:15
India,Assam,Silchar,"Tarapur, Silchar - PCBA",06-09-2026 11:00:00,24.82827,92.79525,NO2,18,20,19,2026-09-06 06:14:15
India,Assam,Silchar,"Tarapur, Silchar - PCBA",06-09-2026 11:00:00,24.82827,92.79525,SO2,6,7,6,2026-09-06 06:14:15
India,Assam,Silchar,"Tarapur, Silchar - PCBA",06-09-2026 11:00:00,24.82827,92.79525,OZONE,5,6,5,2026-09-06 06:14:15
India,Bihar,Araria,"Kharahiya Basti, Araria - BSPCB",06-09-2026 11:00:00,26.146529,87.454184,PM10,39,95,61,2026-09-06 06:14:15
India,Bihar,Araria,"Kharahiya Basti, Araria - BSPCB",06-09-2026 11:00:00,26.146529,87.454184,CO,22,27,25,2026-09-06 06:14:15
India,Bihar,Arrah,"New DM Office, Arrah - BSPCB",06-09-2026 11:00:00,25.5626095,84.663264,PM2.5,NA,NA,NA,2026-09-06 06:14:15
India,Bihar,Begusarai,"Lohiyanagar, Begusarai - BSPCB",06-09-2026 11:00:00,25.42742023,86.13886079,PM2.5,32,127,68,2026-09-06 06:14:15
India,Bihar,Begusarai,"Lohiyanagar, Begusarai - BSPCB",06-09-2026 11:00:00,25.42742023,86.13886079,PM10,61,178,116,2026-09-06 06:14:15
India,Bihar,Bettiah,"Kamalnath Nagar, Bettiah - BSPCB",06-09-2026 11:00:00,26.80365,84.51954,PM10,20,22,21,2026-09-06 06:14:15
India,Bihar,Bettiah,"Kamalnath Nagar, Bettiah - BSPCB",06-09-2026 11:00:00,26.80365,84.51954,NO2,15,48,27,2026-09-06 06:14:15
India,Bihar,Bettiah,"Kamalnath Nagar, Bettiah - BSPCB",06-09-2026 11:00:00,26.80365,84.51954,SO2,7,16,12,2026-09-06 06:14:15
India,Bihar,Munger,"Town Hall, Munger - BSPCB",06-09-2026 11:00:00,25.376776,86.471523,PM2.5,NA,NA,NA,2026-09-06 06:14:15
India,Bihar,Munger,"Town Hall, Munger - BSPCB",06-09-2026 11:00:00,25.376776,86.471523,NO2,10,12,12,2026-09-06 06:14:15
India,Bihar,Muzaffarpur,"Buddha Colony, Muzaffarpur - BSPCB",06-09-2026 11:00:00,26.11442,85.39813,NH3,12,16,14,2026-09-06 06:14:15
India,Bihar,Muzaffarpur,"Buddha Colony, Muzaffarpur - BSPCB",06-09-2026 11:00:00,26.11442,85.39813,SO2,4,11,5,2026-09-06 06:14:15
India,Bihar,Muzaffarpur,"MIT-Daudpur Kothi, Muzaffarpur - BSPCB",06-09-2026 11:00:00,26.1403345,85.3650192,NO2,2,6,3,2026-09-06 06:14:15
India,Bihar,Muzaffarpur,"MIT-Daudpur Kothi, Muzaffarpur - BSPCB",06-09-2026 11:00:00,26.1403345,85.3650192,NH3,1,1,1,2026-09-06 06:14:15
India,Bihar,Muzaffarpur,"MIT-Daudpur Kothi, Muzaffarpur - BSPCB",06-09-2026 11:00:00,26.1403345,85.3650192,CO,8,20,12,2026-09-06 06:14:15
India,Bihar,Muzaffarpur,"MIT-Daudpur Kothi, Muzaffarpur - BSPCB",06-09-2026 11:00:00,26.1403345,85.3650192,OZONE,17,37,25,2026-09-06 06:14:15
India,Bihar,Patna,"Rajbansi Nagar, Patna - BSPCB",06-09-2026 11:00:00,25.599486,85.113666,PM10,27,65,44,2026-09-06 06:14:15
India,Bihar,Patna,"Rajbansi Nagar, Patna - BSPCB",06-09-2026 11:00:00,25.599486,85.113666,NO2,28,33,31,2026-09-06 06:14:15
India,Bihar,Patna,"Rajbansi Nagar, Patna - BSPCB",06-09-2026 11:00:00,25.599486,85.113666,NH3,2,3,3,2026-09-06 06:14:15
India,Bihar,Patna,"Govt. High School Shikarpur, Patna - BSPCB",06-09-2026 11:00:00,25.592539,85.227158,PM2.5,37,48,42,2026-09-06 06:14:15
India,Bihar,Patna,"Govt. High School Shikarpur, Patna - BSPCB",06-09-2026 11:00:00,25.592539,85.227158,SO2,12,13,12,2026-09-06 06:14:15
India,Bihar,Patna,"DRM Office Danapur, Patna - BSPCB",06-09-2026 11:00:00,25.586562,85.043586,CO,23,45,33,2026-09-06 06:14:15
India,Bihar,Patna,"Samanpura, Patna - BSPCB",06-09-2026 11:00:00,25.596727,85.085624,PM2.5,42,157,55,2026-09-06 06:14:15
India,Bihar,Patna,"Samanpura, Patna - BSPCB",06-09-2026 11:00:00,25.596727,85.085624,SO2,3,4,3,2026-09-06 06:14:15
India,Chhattisgarh,Bhilai,"Hathkhoj, Bhilai - CECB",06-09-2026 11:00:00,21.224231,81.40835,NH3,6,13,8,2026-09-06 06:14:15
India,Chhattisgarh,Bilaspur,"Mangala, Bilaspur - NTPC",06-09-2026 11:00:00,22.08815,82.13737,PM2.5,22,48,34,2026-09-06 06:14:15
India,Chhattisgarh,Bilaspur,"Mangala, Bilaspur - NTPC",06-09-2026 11:00:00,22.08815,82.13737,PM10,38,86,59,2026-09-06 06:14:15
India,Chhattisgarh,Chhal,"Nawapara SECL Colony, Chhal - CECB",06-09-2026 11:00:00,22.118125,83.140608,NH3,2,2,2,2026-09-06 06:14:15
India,Chhattisgarh,Korba,"Urja Nagar, Korba - CECB",06-09-2026 11:00:00,22.348441,82.549611,PM10,25,63,45,2026-09-06 06:14:15
India,Chhattisgarh,Korba,"Urja Nagar, Korba - CECB",06-09-2026 11:00:00,22.348441,82.549611,CO,21,28,26,2026-09-06 06:14:15
India,Chhattisgarh,Korba,"Rampur, Korba - CECB",06-09-2026 11:00:00,22.368195,82.746431,PM10,21,41,31,2026-09-06 06:14:15
India,Chhattisgarh,Milupara,"Govt. Higher Secondary School, Milupara - CECB",06-09-2026 11:00:00,22.1910172,83.5197009,NH3,0,2,2,2026-09-06 06:14:15
India,Chhattisgarh,Raipur,"Krishak Nagar, Raipur - CECB",06-09-2026 11:00:00,21.237755,81.705301,NH3,2,2,2,2026-09-06 06:14:15
India,Chhattisgarh,Raipur,"Bhatagaon New ISBT, Raipur - CECB",06-09-2026 11:00:00,21.219665,81.630094,PM10,11,64,37,2026-09-06 06:14:15
India,Chhattisgarh,Raipur,"Bhatagaon New ISBT, Raipur - CECB",06-09-2026 11:00:00,21.219665,81.630094,SO2,2,4,3,2026-09-06 06:14:15
India,Chhattisgarh,Raipur,"Bhatagaon New ISBT, Raipur - CECB",06-09-2026 11:00:00,21.219665,81.630094,OZONE,2,4,3,2026-09-06 06:14:15
India,Chhattisgarh,Raipur,"Siltara Phase-II, Raipur - CECB",06-09-2026 11:00:00,21.371751,81.664929,NO2,NA,NA,NA,2026-09-06 06:14:15
India,Andhra Pradesh,Vijayawada,"HB Colony, Vijayawada - APPCB",06-09-2026 11:00:00,16.536107,80.594233,PM10,49,61,57,2026-09-06 06:14:15
India,Andhra Pradesh,Vijayawada,"HB Colony, Vijayawada - APPCB",06-09-2026 11:00:00,16.536107,80.594233,OZONE,17,17,17,2026-09-06 06:14:15
India,Andhra Pradesh,Vijayawada,"Rajiv Gandhi Park, Vijayawada - APPCB",06-09-2026 11:00:00,16.509717,80.612222,CO,27,31,30,2026-09-06 06:14:15
India,Andhra Pradesh,Visakhapatnam,"GVM Corporation, Visakhapatnam - APPCB",06-09-2026 11:00:00,17.72,83.3,PM10,73,146,107,2026-09-06 06:14:15
India,Andhra Pradesh,Visakhapatnam,"GVM Corporation, Visakhapatnam - APPCB",06-09-2026 11:00:00,17.72,83.3,OZONE,1,64,18,2026-09-06 06:14:15
India,Assam,Byrnihat,"Central Academy for SFS, Byrnihat - PCBA",06-09-2026 11:00:00,26.071318,91.87488,PM10,76,127,87,2026-09-06 06:14:15
India,Assam,Guwahati,"IITG, Guwahati - PCBA",06-09-2026 11:00:00,26.2028636,91.70046436,SO2,32,33,32,2026-09-06 06:14:15
India,Assam,Guwahati,"IITG, Guwahati - PCBA",06-09-2026 11:00:00,26.2028636,91.70046436,OZONE,2,18,8,2026-09-06 06:14:15
India,Assam,Guwahati,"Pan Bazaar, Guwahati - PCBA",06-09-2026 11:00:00,26.1875,91.744194,SO2,31,34,32,2026-09-06 06:14:15
India,Assam,Guwahati,"Pan Bazaar, Guwahati - PCBA",06-09-2026 11:00:00,26.1875,91.744194,CO,7,16,12,2026-09-06 06:14:15
India,Assam,Guwahati,"LGBI Airport, Guwahati - PCBA",06-09-2026 11:00:00,26.10887,91.589544,NH3,2,5,4,2026-09-06 06:14:15
India,Assam,Guwahati,"LGBI Airport, Guwahati - PCBA",06-09-2026 11:00:00,26.10887,91.589544,CO,31,40,36,2026-09-06 06:14:15
India,Assam,Guwahati,"Railway Colony, Guwahati - PCBA",06-09-2026 11:00:00,26.181742,91.78063,SO2,7,16,13,2026-09-06 06:14:15
India,Chhattisgarh,Raipur,"AIIMS, Raipur - CECB",06-09-2026 11:00:00,21.258815,81.578979,PM2.5,9,29,19,2026-09-06 06:14:15
India,Chhattisgarh,Raipur,"AIIMS, Raipur - CECB",06-09-2026 11:00:00,21.258815,81.578979,PM10,12,43,27,2026-09-06 06:14:15
India,Chhattisgarh,Tumidih,"OP Jindal Industrial Park, Tumidih - CECB",06-09-2026 11:00:00,22.06631475,83.33820077,PM2.5,26,48,34,2026-09-06 06:14:15
India,Chhattisgarh,Tumidih,"OP Jindal Industrial Park, Tumidih - CECB",06-09-2026 11:00:00,22.06631475,83.33820077,CO,17,33,24,2026-09-06 06:14:15
India,Delhi,Delhi,"ITO, Delhi - CPCB",06-09-2026 11:00:00,28.628624,77.24106,SO2,8,43,23,2026-09-06 06:14:15
India,Delhi,Delhi,"Narela, Delhi - DPCC",06-09-2026 11:00:00,28.822836,77.101981,PM10,14,85,46,2026-09-06 06:14:15
India,Delhi,Delhi,"Cantonment Area, Delhi - DPCC",06-09-2026 11:00:00,28.594169,77.1251,PM10,8,51,27,2026-09-06 06:14:15
India,Delhi,Delhi,"Cantonment Area, Delhi - DPCC",06-09-2026 11:00:00,28.594169,77.1251,NH3,2,4,3,2026-09-06 06:14:15
India,Delhi,Delhi,"Cantonment Area, Delhi - DPCC",06-09-2026 11:00:00,28.594169,77.1251,SO2,4,7,5,2026-09-06 06:14:15
India,Delhi,Delhi,"Cantonment Area, Delhi - DPCC",06-09-2026 11:00:00,28.594169,77.1251,CO,51,71,55,2026-09-06 06:14:15
India,Delhi,Delhi,"Major Dhyan Chand National Stadium, Delhi - DPCC",06-09-2026 11:00:00,28.611281,77.237738,PM2.5,2,2,2,2026-09-06 06:14:15
India,Delhi,Delhi,"Major Dhyan Chand National Stadium, Delhi - DPCC",06-09-2026 11:00:00,28.611281,77.237738,NH3,6,8,7,2026-09-06 06:14:15
India,Delhi,Delhi,"Bawana, Delhi - DPCC",06-09-2026 11:00:00,28.7762,77.051074,NH3,4,6,5,2026-09-06 06:14:15
India,Delhi,Delhi,"Bawana, Delhi - DPCC",06-09-2026 11:00:00,28.7762,77.051074,CO,43,55,49,2026-09-06 06:14:15
India,Bihar,Gaya,"SFTI Kusdihra, Gaya - BSPCB",06-09-2026 11:00:00,24.762518,84.982348,PM2.5,16,41,31,2026-09-06 06:14:15
India,Bihar,Gaya,"Kareemganj, Gaya - BSPCB",06-09-2026 11:00:00,24.792403,84.992416,OZONE,7,38,22,2026-09-06 06:14:15
India,Bihar,Hajipur,"Industrial Area, Hajipur - BSPCB",06-09-2026 11:00:00,25.697189,85.2459,NO2,11,34,23,2026-09-06 06:14:15
India,Bihar,Hajipur,"Industrial Area, Hajipur - BSPCB",06-09-2026 11:00:00,25.697189,85.2459,NH3,12,16,15,2026-09-06 06:14:15
India,Bihar,Hajipur,"Industrial Area, Hajipur - BSPCB",06-09-2026 11:00:00,25.697189,85.2459,SO2,3,6,5,2026-09-06 06:14:15
India,Bihar,Hajipur,"Industrial Area, Hajipur - BSPCB",06-09-2026 11:00:00,25.697189,85.2459,OZONE,14,35,20,2026-09-06 06:14:15
India,Bihar,Katihar,"Mirchaibari, Katihar - BSPCB",06-09-2026 11:00:00,25.560083,87.553265,PM10,17,47,33,2026-09-06 06:14:15
India,Bihar,Katihar,"Mirchaibari, Katihar - BSPCB",06-09-2026 11:00:00,25.560083,87.553265,OZONE,10,52,28,2026-09-06 06:14:15
India,Bihar,Kishanganj,"SDM Office_Khagra, Kishanganj - BSPCB",06-09-2026 11:00:00,26.0881305,87.93840336,PM10,33,51,42,2026-09-06 06:14:15
India,Bihar,Manguraha,"Forest Rest House, Manguraha - BSPCB",06-09-2026 11:00:00,27.308328,84.531742,NH3,0,1,1,2026-09-06 06:14:15
India,Andhra Pradesh,Amaravati,"Secretariat, Amaravati - APPCB",06-09-2026 11:00:00,16.5150833,80.5181667,PM2.5,21,49,28,2026-09-06 06:14:15
India,Andhra Pradesh,Amaravati,"Secretariat, Amaravati - APPCB",06-09-2026 11:00:00,16.5150833,80.5181667,PM10,23,64,38,2026-09-06 06:14:15
India,Andhra Pradesh,Amaravati,"Secretariat, Amaravati - APPCB",06-09-2026 11:00:00,16.5150833,80.5181667,NH3,4,6,6,2026-09-06 06:14:15
India,Andhra Pradesh,Amaravati,"Secretariat, Amaravati - APPCB",06-09-2026 11:00:00,16.5150833,80.5181667,OZONE,16,59,33,2026-09-06 06:14:15
India,Andhra Pradesh,Anantapur,"Gulzarpet, Anantapur - APPCB",06-09-2026 11:00:00,14.675886,77.593027,NO2,16,23,19,2026-09-06 06:14:15
India,Andhra Pradesh,Anantapur,"Gulzarpet, Anantapur - APPCB",06-09-2026 11:00:00,14.675886,77.593027,CO,12,19,15,2026-09-06 06:14:15
India,Andhra Pradesh,Eluru,"District Court, Eluru - APPCB",06-09-2026 11:00:00,16.711754,81.092095,NO2,10,32,19,2026-09-06 06:14:15
India,Andhra Pradesh,Eluru,"District Court, Eluru - APPCB",06-09-2026 11:00:00,16.711754,81.092095,NH3,2,4,3,2026-09-06 06:14:15
India,Andhra Pradesh,Eluru,"District Court, Eluru - APPCB",06-09-2026 11:00:00,16.711754,81.092095,OZONE,9,47,22,2026-09-06 06:14:15
India,Andhra Pradesh,Guntur,"Rajendra Nagar North, Guntur - APPCB",06-09-2026 11:00:00,16.316553,80.413302,PM10,49,71,60,2026-09-06 06:14:15
India,Delhi,Delhi,"Okhla Phase-2, Delhi - DPCC",06-09-2026 11:00:00,28.530785,77.271255,NH3,2,9,4,2026-09-06 06:14:15
India,Delhi,Delhi,"Vivek Vihar, Delhi - DPCC",06-09-2026 11:00:00,28.672342,77.31526,NH3,4,4,4,2026-09-06 06:14:15
India,Delhi,Delhi,"Vivek Vihar, Delhi - DPCC",06-09-2026 11:00:00,28.672342,77.31526,SO2,4,7,5,2026-09-06 06:14:15
India,Delhi,Delhi,"Vivek Vihar, Delhi - DPCC",06-09-2026 11:00:00,28.672342,77.31526,CO,56,81,66,2026-09-06 06:14:15
India,Delhi,Delhi,"Jahangirpuri, Delhi - DPCC",06-09-2026 11:00:00,28.73282,77.170633,PM2.5,NA,NA,NA,2026-09-06 06:14:15
India,Delhi,Delhi,"Sri Aurobindo Marg, Delhi - DPCC",06-09-2026 11:00:00,28.531346,77.190156,CO,39,50,44,2026-09-06 06:14:15
India,Delhi,Delhi,"Jawaharlal Nehru Stadium, Delhi - DPCC",06-09-2026 11:00:00,28.58028,77.233829,PM10,8,52,37,2026-09-06 06:14:15
India,Delhi,Delhi,"Najafgarh, Delhi - DPCC",06-09-2026 11:00:00,28.570173,76.933762,CO,22,26,24,2026-09-06 06:14:15
India,Delhi,Delhi,"Wazirpur, Delhi - DPCC",06-09-2026 11:00:00,28.699793,77.165453,PM10,23,75,45,2026-09-06 06:14:15
India,Delhi,Delhi,"Wazirpur, Delhi - DPCC",06-09-2026 11:00:00,28.699793,77.165453,NO2,37,55,44,2026-09-06 06:14:15
India,Delhi,Delhi,"Wazirpur, Delhi - DPCC",06-09-2026 11:00:00,28.699793,77.165453,CO,50,62,56,2026-09-06 06:14:15
India,Delhi,Delhi,"Wazirpur, Delhi - DPCC",06-09-2026 11:00:00,28.699793,77.165453,OZONE,5,9,7,2026-09-06 06:14:15
India,Delhi,Delhi,"NSUT Jaffarpur, Delhi - DPCC",06-09-2026 11:00:00,28.594004,76.909423,SO2,1,3,2,2026-09-06 06:14:15
India,Delhi,Delhi,"NSUT Jaffarpur, Delhi - DPCC",06-09-2026 11:00:00,28.594004,76.909423,OZONE,0,9,3,2026-09-06 06:14:15
India,Delhi,Delhi,"Punjabi Bagh, Delhi - DPCC",06-09-2026 11:00:00,28.674045,77.131023,NO2,27,49,36,2026-09-06 06:14:15
India,Delhi,Delhi,"Punjabi Bagh, Delhi - DPCC",06-09-2026 11:00:00,28.674045,77.131023,SO2,16,64,43,2026-09-06 06:14:15
India,Delhi,Delhi,"Ashok Vihar, Delhi - DPCC",06-09-2026 11:00:00,28.695381,77.181665,PM2.5,8,72,38,2026-09-06 06:14:15
India,Delhi,Delhi,"Ashok Vihar, Delhi - DPCC",06-09-2026 11:00:00,28.695381,77.181665,NO2,15,38,23,2026-09-06 06:14:15
India,Delhi,Delhi,"Ashok Vihar, Delhi - DPCC",06-09-2026 11:00:00,28.695381,77.181665,OZONE,6,7,7,2026-09-06 06:14:15
India,Delhi,Delhi,"Shadipur, Delhi - CPCB",06-09-2026 11:00:00,28.6514781,77.1473105,PM10,20,37,27,2026-09-06 06:14:15
India,Delhi,Delhi,"Shadipur, Delhi - CPCB",06-09-2026 11:00:00,28.6514781,77.1473105,CO,28,56,42,2026-09-06 06:14:15
India,Delhi,Delhi,"Mandir Marg, Delhi - DPCC",06-09-2026 11:00:00,28.636429,77.201067,NO2,21,41,30,2026-09-06 06:14:15
India,Delhi,Delhi,"Pusa, Delhi - DPCC",06-09-2026 11:00:00,28.639652,77.146275,PM10,12,159,55,2026-09-06 06:14:15
India,Delhi,Delhi,"Pusa, Delhi - DPCC",06-09-2026 11:00:00,28.639652,77.146275,NH3,1,7,5,2026-09-06 06:14:15
India,Delhi,Delhi,"Pusa, Delhi - DPCC",06-09-2026 11:00:00,28.639652,77.146275,SO2,5,17,12,2026-09-06 06:14:15
India,Delhi,Delhi,"Sirifort, Delhi - CPCB",06-09-2026 11:00:00,28.5504249,77.2159377,NH3,6,9,8,2026-09-06 06:14:15
India,Delhi,Delhi,"Sirifort, Delhi - CPCB",06-09-2026 11:00:00,28.5504249,77.2159377,CO,21,36,26,2026-09-06 06:14:15
India,Delhi,Delhi,"Chandni Chowk, Delhi - IITM",06-09-2026 11:00:00,28.656756,77.227234,PM10,46,97,67,2026-09-06 06:14:15
India,Haryana,Ballabgarh,"Nathu Colony, Ballabgarh - HSPCB",06-09-2026 11:00:00,28.3419248,77.319699,SO2,2,3,3,2026-09-06 06:14:15
India,Haryana,Bhiwani,"H.B. Colony, Bhiwani - HSPCB",06-09-2026 11:00:00,28.806223,76.141105,PM2.5,NA,NA,NA,2026-09-06 06:14:15
India,Haryana,Bhiwani,"H.B. Colony, Bhiwani - HSPCB",06-09-2026 11:00:00,28.806223,76.141105,OZONE,16,23,18,2026-09-06 06:14:15
India,Haryana,Charkhi Dadri,"Mini Secretariat, Charkhi Dadri - HSPCB",06-09-2026 11:00:00,28.593883,76.270653,PM2.5,14,81,45,2026-09-06 06:14:15
India,Haryana,Charkhi Dadri,"Mini Secretariat, Charkhi Dadri - HSPCB",06-09-2026 11:00:00,28.593883,76.270653,NO2,9,20,15,2026-09-06 06:14:15
India,Haryana,Charkhi Dadri,"Mini Secretariat, Charkhi Dadri - HSPCB",06-09-2026 11:00:00,28.593883,76.270653,SO2,7,10,8,2026-09-06 06:14:15
India,Haryana,Faridabad,"New Industrial Town, Faridabad - HSPCB",06-09-2026 11:00:00,28.39072,77.30059,NO2,23,26,25,2026-09-06 06:14:15
India,Haryana,Faridabad,"New Industrial Town, Faridabad - HSPCB",06-09-2026 11:00:00,28.39072,77.30059,NH3,11,12,11,2026-09-06 06:14:15
India,Haryana,Fatehabad,"Huda Sector, Fatehabad - HSPCB",06-09-2026 11:00:00,29.503664,75.467934,CO,45,56,49,2026-09-06 06:14:15
India,Haryana,Gurugram,"Teri Gram, Gurugram - HSPCB",06-09-2026 11:00:00,28.4275,77.1465,PM2.5,65,223,127,2026-09-06 06:14:15
India,Haryana,Gurugram,"NISE Gwal Pahari, Gurugram - IITM",06-09-2026 11:00:00,28.422681,77.148944,NO2,13,32,24,2026-09-06 06:14:15
India,Haryana,Gurugram,"NISE Gwal Pahari, Gurugram - IITM",06-09-2026 11:00:00,28.422681,77.148944,SO2,NA,NA,NA,2026-09-06 06:14:15
India,Haryana,Gurugram,"Sector-51, Gurugram - HSPCB",06-09-2026 11:00:00,28.4227,77.0667,PM10,27,78,47,2026-09-06 06:14:15
India,Haryana,Gurugram,"Vikas Sadan, Gurugram - HSPCB",06-09-2026 11:00:00,28.4501238,77.0263051,NO2,NA,NA,NA,2026-09-06 06:14:15
India,Haryana,Gurugram,"Vikas Sadan, Gurugram - HSPCB",06-09-2026 11:00:00,28.4501238,77.0263051,NH3,NA,NA,NA,2026-09-06 06:14:15
India,Haryana,Hisar,"Urban Estate-II, Hisar - HSPCB",06-09-2026 11:00:00,29.14056,75.744941,NH3,NA,NA,NA,2026-09-06 06:14:15
India,Haryana,Hisar,"Urban Estate-II, Hisar - HSPCB",06-09-2026 11:00:00,29.14056,75.744941,SO2,12,132,57,2026-09-06 06:14:15
India,Delhi,Delhi,"Pusa, Delhi - IITM",06-09-2026 11:00:00,28.63611,77.173332,NH3,NA,NA,NA,2026-09-06 06:14:15
India,Delhi,Delhi,"DTU, Delhi - CPCB",06-09-2026 11:00:00,28.7500499,77.1112615,PM10,18,57,34,2026-09-06 06:14:15
India,Delhi,Delhi,"DTU, Delhi - CPCB",06-09-2026 11:00:00,28.7500499,77.1112615,CO,7,14,10,2026-09-06 06:14:15
India,Delhi,Delhi,"Dwarka-Sector 8, Delhi - DPCC ",06-09-2026 11:00:00,28.5710274,77.0719006,CO,11,15,12,2026-09-06 06:14:15
India,Delhi,Delhi,"Dwarka-Sector 8, Delhi - DPCC ",06-09-2026 11:00:00,28.5710274,77.0719006,OZONE,10,11,10,2026-09-06 06:14:15
India,Delhi,Delhi,"Dr. Karni Singh Shooting Range, Delhi - DPCC",06-09-2026 11:00:00,28.498571,77.26484,PM2.5,2,87,32,2026-09-06 06:14:15
India,Delhi,Delhi,"Dr. Karni Singh Shooting Range, Delhi - DPCC",06-09-2026 11:00:00,28.498571,77.26484,PM10,22,88,42,2026-09-06 06:14:15
India,Delhi,Delhi,"Dr. Karni Singh Shooting Range, Delhi - DPCC",06-09-2026 11:00:00,28.498571,77.26484,NH3,4,5,5,2026-09-06 06:14:15
India,Delhi,Delhi,"IIT Delhi, Delhi - IITM",06-09-2026 11:00:00,28.54246,77.191651,NH3,NA,NA,NA,2026-09-06 06:14:15
India,Delhi,Delhi,"IGI Airport (T3), Delhi - IITM",06-09-2026 11:00:00,28.5627763,77.1180053,SO2,NA,NA,NA,2026-09-06 06:14:15
India,Delhi,Delhi,"IGNOU_Maidan Garhi, Delhi - DPCC",06-09-2026 11:00:00,28.493624,77.201159,SO2,6,8,7,2026-09-06 06:14:15
India,Delhi,Delhi,"IGNOU_Maidan Garhi, Delhi - DPCC",06-09-2026 11:00:00,28.493624,77.201159,OZONE,5,6,6,2026-09-06 06:14:15
India,Delhi,Delhi,"Commonwealth Sports Complex, Delhi - DPCC",06-09-2026 11:00:00,28.615828,77.271992,PM2.5,32,87,54,2026-09-06 06:14:15
India,Delhi,Delhi,"Talkatora Garden, Delhi - DPCC",06-09-2026 11:00:00,28.62181,77.1944633,NH3,0,2,1,2026-09-06 06:14:15
India,Delhi,Delhi,"Talkatora Garden, Delhi - DPCC",06-09-2026 11:00:00,28.62181,77.1944633,OZONE,4,8,6,2026-09-06 06:14:15
India,Delhi,Delhi,"NSIT Dwarka, Delhi - CPCB",06-09-2026 11:00:00,28.60909,77.0325413,PM2.5,12,32,22,2026-09-06 06:14:15
India,Delhi,Delhi,"NSIT Dwarka, Delhi - CPCB",06-09-2026 11:00:00,28.60909,77.0325413,NH3,6,9,7,2026-09-06 06:14:15
India,Gujarat,Rajkot,"Mavdi, Rajkot - Nexteng Enviro ",06-09-2026 11:00:00,22.248853,70.776774,NH3,0,1,1,2026-09-06 06:14:15
India,Gujarat,Surat,"Science Center, Surat - SMC",06-09-2026 11:00:00,21.170046,72.795405,PM10,24,47,35,2026-09-06 06:14:15
India,Gujarat,Surat,"Katargam, Surat - Nexteng Enviro",06-09-2026 11:00:00,21.217779,72.834787,NH3,4,5,4,2026-09-06 06:14:15
India,Gujarat,Vadodara,"Bapunagar, Vadodara - Nexteng Enviro",06-09-2026 11:00:00,22.320153,73.216285,PM2.5,31,66,49,2026-09-06 06:14:15
India,Gujarat,Vadodara,"Bapunagar, Vadodara - Nexteng Enviro",06-09-2026 11:00:00,22.320153,73.216285,OZONE,2,3,3,2026-09-06 06:14:15
India,Gujarat,Vapi,"Phase-1 GIDC, Vapi - GPCB",06-09-2026 11:00:00,20.362421,72.918013,PM2.5,25,56,32,2026-09-06 06:14:15
India,Gujarat,Vapi,"Phase-1 GIDC, Vapi - GPCB",06-09-2026 11:00:00,20.362421,72.918013,CO,NA,NA,NA,2026-09-06 06:14:15
India,Gujarat,Vatva,"Phase-4 GIDC, Vatva - GPCB",06-09-2026 11:00:00,22.969611,72.6435,CO,53,71,64,2026-09-06 06:14:15
India,Haryana,Ambala,"Patti Mehar, Ambala - HSPCB",06-09-2026 11:00:00,30.379589,76.778328,PM2.5,10,66,41,2026-09-06 06:14:15
India,Haryana,Ambala,"Patti Mehar, Ambala - HSPCB",06-09-2026 11:00:00,30.379589,76.778328,PM10,40,134,75,2026-09-06 06:14:15
India,Haryana,Bahadurgarh,"Arya Nagar, Bahadurgarh - HSPCB",06-09-2026 11:00:00,28.6701,76.9254,NO2,21,27,25,2026-09-06 06:14:15
India,Haryana,Bahadurgarh,"Arya Nagar, Bahadurgarh - HSPCB",06-09-2026 11:00:00,28.6701,76.9254,SO2,5,7,6,2026-09-06 06:14:15
India,Haryana,Ballabgarh,"Nathu Colony, Ballabgarh - HSPCB",06-09-2026 11:00:00,28.3419248,77.319699,NH3,4,5,4,2026-09-06 06:14:15
India,Gujarat,Ahmedabad,"Maninagar, Ahmedabad - GPCB",06-09-2026 11:00:00,23.002657,72.591912,CO,91,102,99,2026-09-06 06:14:15
India,Gujarat,Ahmedabad,"Maninagar, Ahmedabad - GPCB",06-09-2026 11:00:00,23.002657,72.591912,OZONE,24,28,26,2026-09-06 06:14:15
India,Gujarat,Ahmedabad,"Chandkheda, Ahmedabad - IITM",06-09-2026 11:00:00,23.107969,72.574648,NO2,6,30,12,2026-09-06 06:14:15
India,Gujarat,Ahmedabad,"SAC ISRO Bopal, Ahmedabad - IITM",06-09-2026 11:00:00,23.041137,72.456691,PM2.5,35,57,48,2026-09-06 06:14:15
India,Gujarat,Ahmedabad,"SAC ISRO Satellite, Ahmedabad - IITM",06-09-2026 11:00:00,23.023389,72.515201,PM10,56,98,75,2026-09-06 06:14:15
India,Gujarat,Ahmedabad,"Raikhad, Ahmedabad - IITM",06-09-2026 11:00:00,23.020509,72.579261,PM10,53,133,81,2026-09-06 06:14:15
India,Gujarat,Ahmedabad,"Raikhad, Ahmedabad - IITM",06-09-2026 11:00:00,23.020509,72.579261,SO2,8,20,13,2026-09-06 06:14:15
India,Gujarat,Ahmedabad,"Raikhad, Ahmedabad - IITM",06-09-2026 11:00:00,23.020509,72.579261,CO,20,41,27,2026-09-06 06:14:15
India,Gujarat,Ankleshwar,"GIDC, Ankleshwar - GPCB",06-09-2026 11:00:00,21.613267,73.010555,PM10,59,101,77,2026-09-06 06:14:15
India,Gujarat,Bhavnagar,"Vidhyanagar, Bhavnagar - Nexteng Enviro",06-09-2026 11:00:00,21.755417,72.139056,PM2.5,12,59,35,2026-09-06 06:14:15
India,Gujarat,Gandhinagar,"IIPHG Lekawada, Gandhinagar - IITM",06-09-2026 11:00:00,23.243639,72.68994,PM2.5,33,78,49,2026-09-06 06:14:15
India,Gujarat,Gandhinagar,"IIPHG Lekawada, Gandhinagar - IITM",06-09-2026 11:00:00,23.243639,72.68994,NO2,7,24,13,2026-09-06 06:14:15
India,Gujarat,Gandhinagar,"IIPHG Lekawada, Gandhinagar - IITM",06-09-2026 11:00:00,23.243639,72.68994,CO,9,13,11,2026-09-06 06:14:15
India,Gujarat,Gandhinagar,"IIPHG Lekawada, Gandhinagar - IITM",06-09-2026 11:00:00,23.243639,72.68994,OZONE,2,2,2,2026-09-06 06:14:15
India,Haryana,Hisar,"Urban Estate-II, Hisar - HSPCB",06-09-2026 11:00:00,29.14056,75.744941,CO,10,19,14,2026-09-06 06:14:15
India,Haryana,Jind,"Police Lines, Jind - HSPCB",06-09-2026 11:00:00,29.307814,76.337619,PM2.5,79,101,89,2026-09-06 06:14:15
India,Haryana,Jind,"Police Lines, Jind - HSPCB",06-09-2026 11:00:00,29.307814,76.337619,CO,3,8,6,2026-09-06 06:14:15
India,Haryana,Jind,"Police Lines, Jind - HSPCB",06-09-2026 11:00:00,29.307814,76.337619,OZONE,7,11,9,2026-09-06 06:14:15
India,Haryana,Kaithal,"Rishi Nagar, Kaithal - HSPCB",06-09-2026 11:00:00,29.8006,76.4155,NO2,20,24,22,2026-09-06 06:14:15
India,Haryana,Kaithal,"Rishi Nagar, Kaithal - HSPCB",06-09-2026 11:00:00,29.8006,76.4155,NH3,4,6,5,2026-09-06 06:14:15
India,Haryana,Karnal,"Sector-12, Karnal - HSPCB",06-09-2026 11:00:00,29.6953,77.0027,OZONE,1,12,9,2026-09-06 06:14:15
India,Haryana,Kurukshetra,"Sector-7, Kurukshetra - HSPCB",06-09-2026 11:00:00,29.966942,76.875879,PM2.5,32,77,46,2026-09-06 06:14:15
India,Haryana,Mandikhera,"General Hospital, Mandikhera(Nuh) - HSPCB",06-09-2026 11:00:00,27.9002,76.9938,PM10,57,111,73,2026-09-06 06:14:15
India,Haryana,Mandikhera,"General Hospital, Mandikhera(Nuh) - HSPCB",06-09-2026 11:00:00,27.9002,76.9938,NH3,7,8,8,2026-09-06 06:14:15
India,Haryana,Mandikhera,"General Hospital, Mandikhera(Nuh) - HSPCB",06-09-2026 11:00:00,27.9002,76.9938,CO,33,50,48,2026-09-06 06:14:15
India,Haryana,Narnaul,"Shastri Nagar, Narnaul - HSPCB",06-09-2026 11:00:00,28.060249,76.113115,PM10,50,91,67,2026-09-06 06:14:15
India,Haryana,Palwal,"Shyam Nagar, Palwal - HSPCB",06-09-2026 11:00:00,28.1485564,77.3320667,OZONE,10,10,10,2026-09-06 06:14:15
India,Haryana,Panchkula,"Sector-6, Panchkula - HSPCB ",06-09-2026 11:00:00,30.7057778,76.8531805555555,CO,18,20,19,2026-09-06 06:14:15
India,Haryana,Panipat,"Sector-18, Panipat - HSPCB",06-09-2026 11:00:00,29.432304,76.972765,PM2.5,22,446,164,2026-09-06 06:14:15
India,Haryana,Panipat,"Sector-18, Panipat - HSPCB",06-09-2026 11:00:00,29.432304,76.972765,NH3,7,12,10,2026-09-06 06:14:15
India,Haryana,Rohtak,"MD University, Rohtak - HSPCB",06-09-2026 11:00:00,28.52123,76.37138,CO,32,41,35,2026-09-06 06:14:15
India,Haryana,Sirsa,"F-Block, Sirsa - HSPCB",06-09-2026 11:00:00,29.5364,75.0158,OZONE,13,60,35,2026-09-06 06:14:15
India,Haryana,Sonipat,"Murthal, Sonipat - HSPCB",06-09-2026 11:00:00,29.0272,77.0621,CO,60,93,72,2026-09-06 06:14:15
India,Haryana,Sonipat,"Murthal, Sonipat - HSPCB",06-09-2026 11:00:00,29.0272,77.0621,OZONE,48,52,50,2026-09-06 06:14:15
India,Himachal Pradesh,Baddi,"HIMUDA Complex Phase-1, Baddi - HPPCB",06-09-2026 11:00:00,30.943887,76.801991,NH3,2,5,3,2026-09-06 06:14:15
India,Himachal Pradesh,Baddi,"HIMUDA Complex Phase-1, Baddi - HPPCB",06-09-2026 11:00:00,30.943887,76.801991,CO,103,107,105,2026-09-06 06:14:15
India,Jammu and Kashmir,Pampore,"Khrew, Pampore - JKPCC",06-09-2026 11:00:00,34.031606,75.009712,PM2.5,18,78,41,2026-09-06 06:14:15
India,Jammu and Kashmir,Pampore,"Khrew, Pampore - JKPCC",06-09-2026 11:00:00,34.031606,75.009712,NH3,NA,NA,NA,2026-09-06 06:14:15
India,Jammu and Kashmir,Srinagar,"Rajbagh, Srinagar - JKPCC",06-09-2026 11:00:00,34.066206,74.81982,PM2.5,18,33,26,2026-09-06 06:14:15
India,Jammu and Kashmir,Srinagar,"Rajbagh, Srinagar - JKPCC",06-09-2026 11:00:00,34.066206,74.81982,SO2,3,4,3,2026-09-06 06:14:15
India,Jharkhand,Dhanbad,"Sardar Patel Nagar, Dhanbad - JSPCB",06-09-2026 11:00:00,23.80569,86.44268,SO2,NA,NA,NA,2026-09-06 06:14:15
India,Jharkhand,Dhanbad,"Sardar Patel Nagar, Dhanbad - JSPCB",06-09-2026 11:00:00,23.80569,86.44268,CO,8,8,8,2026-09-06 06:14:15
India,Jharkhand,Jorapokhar,"Tata Stadium, Jorapokhar - JSPCB",06-09-2026 11:00:00,23.707909,86.41467,PM10,35,164,75,2026-09-06 06:14:15
India,Jharkhand,Jorapokhar,"Tata Stadium, Jorapokhar - JSPCB",06-09-2026 11:00:00,23.707909,86.41467,CO,38,40,39,2026-09-06 06:14:15
India,Karnataka,Bengaluru,"Jayanagar 5th Block, Bengaluru - KSPCB",06-09-2026 11:00:00,12.920984,77.584908,PM10,32,119,57,2026-09-06 06:14:15
India,Karnataka,Bengaluru,"Jayanagar 5th Block, Bengaluru - KSPCB",06-09-2026 11:00:00,12.920984,77.584908,NH3,0,1,0,2026-09-06 06:14:15
India,Karnataka,Bengaluru,"Jayanagar 5th Block, Bengaluru - KSPCB",06-09-2026 11:00:00,12.920984,77.584908,OZONE,7,66,33,2026-09-06 06:14:15
India,Karnataka,Bengaluru,"Hombegowda Nagar, Bengaluru - KSPCB",06-09-2026 11:00:00,12.938539,77.5901,PM10,34,89,54,2026-09-06 06:14:15
India,Karnataka,Bengaluru,"Hombegowda Nagar, Bengaluru - KSPCB",06-09-2026 11:00:00,12.938539,77.5901,NH3,1,1,1,2026-09-06 06:14:15
India,Karnataka,Bengaluru,"Peenya, Bengaluru - CPCB",06-09-2026 11:00:00,13.0270199,77.494094,PM2.5,NA,NA,NA,2026-09-06 06:14:15
India,Karnataka,Bengaluru,"Peenya, Bengaluru - CPCB",06-09-2026 11:00:00,13.0270199,77.494094,NH3,NA,NA,NA,2026-09-06 06:14:15
India,Delhi,Delhi,"Aya Nagar, Delhi - IITM",06-09-2026 11:00:00,28.4706914,77.1099364,OZONE,2,10,4,2026-09-06 06:14:15
India,Delhi,Delhi,"Burari Crossing, Delhi - IITM",06-09-2026 11:00:00,28.7256504,77.2011573,NH3,NA,NA,NA,2026-09-06 06:14:15
India,Delhi,Delhi,"Burari Crossing, Delhi - IITM",06-09-2026 11:00:00,28.7256504,77.2011573,CO,14,30,21,2026-09-06 06:14:15
India,Delhi,Delhi,"JNU, Delhi - DPCC",06-09-2026 11:00:00,28.540721,77.168544,NO2,16,43,29,2026-09-06 06:14:15
India,Delhi,Delhi,"JNU, Delhi - DPCC",06-09-2026 11:00:00,28.540721,77.168544,OZONE,11,13,12,2026-09-06 06:14:15
India,Delhi,Delhi,"North Campus, DU, Delhi - IITM",06-09-2026 11:00:00,28.6573814,77.1585447,PM2.5,9,69,35,2026-09-06 06:14:15
India,Delhi,Delhi,"North Campus, DU, Delhi - IITM",06-09-2026 11:00:00,28.6573814,77.1585447,PM10,12,88,42,2026-09-06 06:14:15
India,Delhi,Delhi,"R K Puram, Delhi - DPCC",06-09-2026 11:00:00,28.563262,77.186937,OZONE,1,6,2,2026-09-06 06:14:15
India,Gujarat,Ahmedabad,"SVPI Airport Hansol, Ahmedabad - IITM",06-09-2026 11:00:00,23.076793,72.627874,OZONE,4,7,6,2026-09-06 06:14:15
India,Gujarat,Ahmedabad,"Rakhial, Ahmedabad - IITM",06-09-2026 11:00:00,23.016834,72.625775,NO2,18,100,45,2026-09-06 06:14:15
India,Karnataka,Bengaluru,"Silk Board, Bengaluru - KSPCB",06-09-2026 11:00:00,12.917348,77.622813,OZONE,11,20,15,2026-09-06 06:14:15
India,Karnataka,Bengaluru,"Bapuji Nagar, Bengaluru - KSPCB",06-09-2026 11:00:00,12.951913,77.539784,NO2,20,33,24,2026-09-06 06:14:15
India,Karnataka,Bengaluru,"Bapuji Nagar, Bengaluru - KSPCB",06-09-2026 11:00:00,12.951913,77.539784,SO2,7,41,24,2026-09-06 06:14:15
India,Karnataka,Bengaluru,"Bapuji Nagar, Bengaluru - KSPCB",06-09-2026 11:00:00,12.951913,77.539784,CO,13,38,29,2026-09-06 06:14:15
India,Karnataka,Bengaluru,"Bapuji Nagar, Bengaluru - KSPCB",06-09-2026 11:00:00,12.951913,77.539784,OZONE,20,30,23,2026-09-06 06:14:15
India,Karnataka,Chamarajanagar,"Urban, Chamarajanagar - KSPCB",06-09-2026 11:00:00,11.55358,76.55521,NH3,2,3,2,2026-09-06 06:14:15
India,Karnataka,Chamarajanagar,"Urban, Chamarajanagar - KSPCB",06-09-2026 11:00:00,11.55358,76.55521,CO,22,23,23,2026-09-06 06:14:15
India,Karnataka,Chikkamagaluru,"Kalyana Nagara, Chikkamagaluru - KSPCB",06-09-2026 11:00:00,13.328028,75.797056,PM2.5,NA,NA,NA,2026-09-06 06:14:15
India,Karnataka,Chikkamagaluru,"Kalyana Nagara, Chikkamagaluru - KSPCB",06-09-2026 11:00:00,13.328028,75.797056,PM10,NA,NA,NA,2026-09-06 06:14:15
India,Karnataka,Chikkamagaluru,"Kalyana Nagara, Chikkamagaluru - KSPCB",06-09-2026 11:00:00,13.328028,75.797056,NH3,NA,NA,NA,2026-09-06 06:14:15
India,Karnataka,Gadag,"Panchal Nagar, Gadag - KSPCB",06-09-2026 11:00:00,15.411456,75.638133,PM2.5,35,39,37,2026-09-06 06:14:15
India,Karnataka,Gadag,"Panchal Nagar, Gadag - KSPCB",06-09-2026 11:00:00,15.411456,75.638133,PM10,33,38,36,2026-09-06 06:14:15
India,Karnataka,Hubballi,"Lingaraj Nagar, Hubballi - KSPCB",06-09-2026 11:00:00,15.3714823,75.1160168,PM10,49,66,55,2026-09-06 06:14:15
India,Karnataka,Hubballi,"Lingaraj Nagar, Hubballi - KSPCB",06-09-2026 11:00:00,15.3714823,75.1160168,NO2,7,14,12,2026-09-06 06:14:15
India,Karnataka,Hubballi,"Lingaraj Nagar, Hubballi - KSPCB",06-09-2026 11:00:00,15.3714823,75.1160168,SO2,2,4,2,2026-09-06 06:14:15
India,Karnataka,Kalaburagi,"Mahatma Basaveswar Colony, Kalaburgi - KSPCB",06-09-2026 11:00:00,17.336318,76.847397,PM10,21,56,35,2026-09-06 06:14:15
India,Karnataka,Kalaburagi,"Mahatma Basaveswar Colony, Kalaburgi - KSPCB",06-09-2026 11:00:00,17.336318,76.847397,CO,28,32,31,2026-09-06 06:14:15
India,Karnataka,Karwar,"KHB Colony, Karwar - KSPCB",06-09-2026 11:00:00,14.816666,74.141003,NO2,9,11,10,2026-09-06 06:14:15
India,Karnataka,Karwar,"KHB Colony, Karwar - KSPCB",06-09-2026 11:00:00,14.816666,74.141003,OZONE,NA,NA,NA,2026-09-06 06:14:15
India,Karnataka,Madikeri,"Stuart Hill, Madikeri - KSPCB",06-09-2026 11:00:00,12.415911,75.73505,OZONE,0,3,2,2026-09-06 06:14:15
India,Maharashtra,Amravati,"Shri Shivaji Science College, Amravati - MPCB",06-09-2026 11:00:00,20.939198,77.765701,PM2.5,21,45,30,2026-09-06 06:14:15
India,Maharashtra,Amravati,"Shri Shivaji Science College, Amravati - MPCB",06-09-2026 11:00:00,20.939198,77.765701,PM10,37,83,49,2026-09-06 06:14:15
India,Maharashtra,Amravati,"Shri Shivaji Science College, Amravati - MPCB",06-09-2026 11:00:00,20.939198,77.765701,SO2,4,6,5,2026-09-06 06:14:15
India,Maharashtra,Amravati,"Shri Shivaji Science College, Amravati - MPCB",06-09-2026 11:00:00,20.939198,77.765701,OZONE,3,23,9,2026-09-06 06:14:15
India,Maharashtra,Amravati,"Shivneri Colony, Amravati - MPCB",06-09-2026 11:00:00,20.9402359,77.7895248,OZONE,5,15,8,2026-09-06 06:14:15
India,Maharashtra,Aurangabad,"MIDC Chilkalthana, Aurangabad - MPCB",06-09-2026 11:00:00,19.87562,75.38731,CO,10,28,20,2026-09-06 06:14:15
India,Maharashtra,Aurangabad,"MIDC Chilkalthana, Aurangabad - MPCB",06-09-2026 11:00:00,19.87562,75.38731,OZONE,17,33,23,2026-09-06 06:14:15
India,Maharashtra,Aurangabad,"Rachnakar Colony, Aurangabad - MPCB",06-09-2026 11:00:00,19.863756,75.321188,NH3,1,2,1,2026-09-06 06:14:15
India,Maharashtra,Aurangabad,"Rachnakar Colony, Aurangabad - MPCB",06-09-2026 11:00:00,19.863756,75.321188,SO2,4,5,5,2026-09-06 06:14:15
India,Maharashtra,Aurangabad,"More Chowk Waluj, Aurangabad - MPCB",06-09-2026 11:00:00,19.8389439,75.244448,CO,10,74,40,2026-09-06 06:14:15
India,Maharashtra,Badlapur,"Katrap, Badlapur - MPCB",06-09-2026 11:00:00,19.16485,73.23409,PM2.5,19,20,19,2026-09-06 06:14:15
India,Maharashtra,Badlapur,"Katrap, Badlapur - MPCB",06-09-2026 11:00:00,19.16485,73.23409,NO2,20,21,20,2026-09-06 06:14:15
India,Maharashtra,Badlapur,"Katrap, Badlapur - MPCB",06-09-2026 11:00:00,19.16485,73.23409,CO,43,43,43,2026-09-06 06:14:15
India,Maharashtra,Beed,"Bir, Beed - MPCB",06-09-2026 11:00:00,18.988474,75.753873,PM10,15,49,32,2026-09-06 06:14:15
India,Maharashtra,Beed,"Bir, Beed - MPCB",06-09-2026 11:00:00,18.988474,75.753873,CO,3,8,5,2026-09-06 06:14:15
India,Maharashtra,Belapur,"CBD Belapur, Belapur - MPCB",06-09-2026 11:00:00,19.0243902,73.0406721,OZONE,9,10,9,2026-09-06 06:14:15
India,Maharashtra,Bhiwandi,"Gokul Nagar, Bhiwandi - MPCB",06-09-2026 11:00:00,19.309073,73.057223,PM2.5,25,29,27,2026-09-06 06:14:15
India,Maharashtra,Mahad,"Kamble Tarf Birwadi, Mahad - MPCB",06-09-2026 11:00:00,18.1023399,73.4783687,PM10,25,45,33,2026-09-06 06:14:15
India,Maharashtra,Mahad,"Kamble Tarf Birwadi, Mahad - MPCB",06-09-2026 11:00:00,18.1023399,73.4783687,NH3,5,5,5,2026-09-06 06:14:15
India,Maharashtra,Mahad,"Kamble Tarf Birwadi, Mahad - MPCB",06-09-2026 11:00:00,18.1023399,73.4783687,CO,32,41,37,2026-09-06 06:14:15
India,Maharashtra,Malegaon,"Mahesh Nagar, Malegaon - MPCB",06-09-2026 11:00:00,20.555712,74.529236,NO2,16,18,17,2026-09-06 06:14:15
India,Maharashtra,Mira-Bhayandar,"Bhayandar West, Mira-Bhayandar - MPCB",06-09-2026 11:00:00,19.296481,72.840923,PM10,22,46,33,2026-09-06 06:14:15
India,Maharashtra,Mumbai,"Shivaji Nagar, Mumbai - BMC",06-09-2026 11:00:00,19.060498,72.923356,NH3,2,7,4,2026-09-06 06:14:15
India,Maharashtra,Mumbai,"Shivaji Nagar, Mumbai - BMC",06-09-2026 11:00:00,19.060498,72.923356,OZONE,10,11,11,2026-09-06 06:14:15
India,Maharashtra,Mumbai,"Borivali East, Mumbai - MPCB",06-09-2026 11:00:00,19.2243333,72.8658113,NO2,10,10,10,2026-09-06 06:14:15
India,Maharashtra,Mumbai,"Siddharth Nagar-Worli, Mumbai - IITM",06-09-2026 11:00:00,19.000083,72.813993,NH3,1,1,1,2026-09-06 06:14:15
India,Maharashtra,Mumbai,"Siddharth Nagar-Worli, Mumbai - IITM",06-09-2026 11:00:00,19.000083,72.813993,CO,2,2,2,2026-09-06 06:14:15
India,Maharashtra,Mumbai,"Bandra Kurla Complex, Mumbai - MPCB",06-09-2026 11:00:00,19.065931,72.862131,SO2,2,5,3,2026-09-06 06:14:15
India,Maharashtra,Mumbai,"Bandra Kurla Complex, Mumbai - MPCB",06-09-2026 11:00:00,19.065931,72.862131,OZONE,4,11,6,2026-09-06 06:14:15
India,Maharashtra,Mumbai,"Kherwadi_Bandra East, Mumbai - MPCB",06-09-2026 11:00:00,19.0632143,72.8456324,SO2,2,5,3,2026-09-06 06:14:15
India,Maharashtra,Mumbai,"Kherwadi_Bandra East, Mumbai - MPCB",06-09-2026 11:00:00,19.0632143,72.8456324,CO,31,45,40,2026-09-06 06:14:15
India,Maharashtra,Mumbai,"Byculla, Mumbai - BMC",06-09-2026 11:00:00,18.9767,72.838,NO2,8,34,18,2026-09-06 06:14:15
India,Maharashtra,Mumbai,"Mindspace-Malad West, Mumbai - MPCB",06-09-2026 11:00:00,19.1878657,72.8304069,NO2,18,19,18,2026-09-06 06:14:15
India,Karnataka,Ramanagara,"Vijay Nagar, Ramanagara - KSPCB",06-09-2026 11:00:00,12.733409,77.298051,NH3,NA,NA,NA,2026-09-06 06:14:15
India,Karnataka,Ramanagara,"Vijay Nagar, Ramanagara - KSPCB",06-09-2026 11:00:00,12.733409,77.298051,OZONE,14,36,20,2026-09-06 06:14:15
India,Karnataka,Shivamogga,"Vinoba Nagara, Shivamogga - KSPCB",06-09-2026 11:00:00,13.94,75.555917,SO2,2,3,2,2026-09-06 06:14:15
India,Karnataka,Vijayapura,"Ibrahimpur, Vijayapura - KSPCB",06-09-2026 11:00:00,16.802639,75.722694,NO2,11,12,11,2026-09-06 06:14:15
India,Kerala,Kannur,"Thavakkara, Kannur - Kerala PCB",06-09-2026 11:00:00,11.875,75.3732,PM10,75,86,78,2026-09-06 06:14:15
India,Kerala,Kannur,"Thavakkara, Kannur - Kerala PCB",06-09-2026 11:00:00,11.875,75.3732,NH3,1,1,1,2026-09-06 06:14:15
India,Kerala,Thiruvananthapuram,"Kariavattom, Thiruvananthapuram - Kerala PCB",06-09-2026 11:00:00,8.5637,76.8865,NO2,6,7,7,2026-09-06 06:14:15
India,Kerala,Thiruvananthapuram,"Kariavattom, Thiruvananthapuram - Kerala PCB",06-09-2026 11:00:00,8.5637,76.8865,NH3,0,0,0,2026-09-06 06:14:15
India,Kerala,Thiruvananthapuram,"Kariavattom, Thiruvananthapuram - Kerala PCB",06-09-2026 11:00:00,8.5637,76.8865,CO,21,23,22,2026-09-06 06:14:15
India,Kerala,Thrissur,"Corporation Ground, Thrissur - Kerala PCB",06-09-2026 11:00:00,10.5324,76.2159,NH3,0,0,0,2026-09-06 06:14:15
India,Madhya Pradesh,Bhopal,"Paryavaran Parisar, Bhopal - MPPCB",06-09-2026 11:00:00,23.210494,77.425409,CO,13,16,15,2026-09-06 06:14:15
India,Madhya Pradesh,Damoh,"Shrivastav Colony, Damoh - MPPCB",06-09-2026 11:00:00,23.81748678,79.446246,PM2.5,0,28,14,2026-09-06 06:14:15
India,Madhya Pradesh,Gwalior,"Maharaj Bada, Gwalior - MPPCB",06-09-2026 11:00:00,26.200388,78.147714,PM2.5,3,63,22,2026-09-06 06:14:15
India,Madhya Pradesh,Gwalior,"Maharaj Bada, Gwalior - MPPCB",06-09-2026 11:00:00,26.200388,78.147714,PM10,8,74,31,2026-09-06 06:14:15
India,Madhya Pradesh,Gwalior,"Maharaj Bada, Gwalior - MPPCB",06-09-2026 11:00:00,26.200388,78.147714,SO2,1,23,10,2026-09-06 06:14:15
India,Madhya Pradesh,Gwalior,"Deen Dayal Nagar, Gwalior - MPPCB",06-09-2026 11:00:00,26.259242,78.216432,PM2.5,5,38,14,2026-09-06 06:14:15
India,Madhya Pradesh,Gwalior,"Deen Dayal Nagar, Gwalior - MPPCB",06-09-2026 11:00:00,26.259242,78.216432,NH3,2,5,4,2026-09-06 06:14:15
India,Madhya Pradesh,Gwalior,"Deen Dayal Nagar, Gwalior - MPPCB",06-09-2026 11:00:00,26.259242,78.216432,SO2,8,12,10,2026-09-06 06:14:15
India,Madhya Pradesh,Indore,"Regional Park, Indore - IMC",06-09-2026 11:00:00,22.678,75.8559,PM2.5,3,41,24,2026-09-06 06:14:15
India,Madhya Pradesh,Indore,"Regional Park, Indore - IMC",06-09-2026 11:00:00,22.678,75.8559,CO,2,5,4,2026-09-06 06:14:15
India,Madhya Pradesh,Indore,"Airport Area, Indore - IMC",06-09-2026 11:00:00,22.7289,75.8076,SO2,9,11,10,2026-09-06 06:14:15
India,Madhya Pradesh,Indore,"Residency Area, Indore - IMC",06-09-2026 11:00:00,22.7084,75.8815,PM10,31,58,47,2026-09-06 06:14:15
India,Madhya Pradesh,Indore,"Residency Area, Indore - IMC",06-09-2026 11:00:00,22.7084,75.8815,NH3,0,0,0,2026-09-06 06:14:15
India,Madhya Pradesh,Indore,"Residency Area, Indore - IMC",06-09-2026 11:00:00,22.7084,75.8815,CO,1,3,2,2026-09-06 06:14:15
India,Madhya Pradesh,Jabalpur,"Marhatal, Jabalpur - MPPCB",06-09-2026 11:00:00,23.168606,79.932247,CO,41,100,70,2026-09-06 06:14:15
India,Madhya Pradesh,Jabalpur,"Govindh Bhavan Colony, Jabalpur - JMC",06-09-2026 11:00:00,23.163174,79.973061,NH3,5,6,5,2026-09-06 06:14:15
India,Madhya Pradesh,Jabalpur,"Suhagi, Jabalpur - JMC",06-09-2026 11:00:00,23.218135,79.95777,PM2.5,22,30,25,2026-09-06 06:14:15
India,Madhya Pradesh,Jabalpur,"Suhagi, Jabalpur - JMC",06-09-2026 11:00:00,23.218135,79.95777,OZONE,21,23,22,2026-09-06 06:14:15
India,Madhya Pradesh,Katni,"Gole Bazar, Katni - MPPCB",06-09-2026 11:00:00,23.50016,80.23284,PM2.5,12,50,34,2026-09-06 06:14:15
India,Madhya Pradesh,Maihar,"Sahilara, Maihar - KJS Cements",06-09-2026 11:00:00,24.2613009,80.7231783,NO2,NA,NA,NA,2026-09-06 06:14:15
India,Madhya Pradesh,Mandideep,"Sector-D Industrial Area, Mandideep - MPPCB",06-09-2026 11:00:00,23.10844,77.511428,SO2,3,7,5,2026-09-06 06:14:15
India,Madhya Pradesh,Mandideep,"Sector-D Industrial Area, Mandideep - MPPCB",06-09-2026 11:00:00,23.10844,77.511428,OZONE,20,30,25,2026-09-06 06:14:15
India,Madhya Pradesh,Sagar,"Civil Lines, Sagar - MPPCB",06-09-2026 11:00:00,23.838586,78.759431,OZONE,24,29,27,2026-09-06 06:14:15
India,Maharashtra,Ahmednagar,"Tarakpur, Ahmednagar - MPCB",06-09-2026 11:00:00,19.10122,74.73339,NH3,1,2,1,2026-09-06 06:14:15
India,Maharashtra,Mumbai,"Worli, Mumbai - MPCB",06-09-2026 11:00:00,18.9936162,72.8128113,PM2.5,7,72,23,2026-09-06 06:14:15
India,Maharashtra,Mumbai,"Worli, Mumbai - MPCB",06-09-2026 11:00:00,18.9936162,72.8128113,NO2,5,24,12,2026-09-06 06:14:15
India,Maharashtra,Mumbai,"Worli, Mumbai - MPCB",06-09-2026 11:00:00,18.9936162,72.8128113,NH3,0,0,0,2026-09-06 06:14:15
India,Maharashtra,Mumbai,"Worli, Mumbai - MPCB",06-09-2026 11:00:00,18.9936162,72.8128113,SO2,9,16,12,2026-09-06 06:14:15
India,Maharashtra,Mumbai,"Mulund West, Mumbai - MPCB",06-09-2026 11:00:00,19.175,72.9419,CO,NA,NA,NA,2026-09-06 06:14:15
India,Maharashtra,Mumbai,"Mulund West, Mumbai - MPCB",06-09-2026 11:00:00,19.175,72.9419,OZONE,NA,NA,NA,2026-09-06 06:14:15
India,Maharashtra,Mumbai,"Chembur, Mumbai - MPCB",06-09-2026 11:00:00,19.0364585,72.8954371,OZONE,4,31,12,2026-09-06 06:14:15
India,Maharashtra,Mumbai,"Sewri, Mumbai - BMC",06-09-2026 11:00:00,19.000084,72.85673,PM10,31,35,33,2026-09-06 06:14:15
India,Maharashtra,Mumbai,"Sewri, Mumbai - BMC",06-09-2026 11:00:00,19.000084,72.85673,NH3,2,12,5,2026-09-06 06:14:15
India,Maharashtra,Mumbai,"Sewri, Mumbai - BMC",06-09-2026 11:00:00,19.000084,72.85673,OZONE,2,10,4,2026-09-06 06:14:15
India,Maharashtra,Mumbai,"Khindipada-Bhandup West, Mumbai - IITM",06-09-2026 11:00:00,19.1653323,72.922099,NH3,1,2,1,2026-09-06 06:14:15
India,Maharashtra,Mumbai,"Malad West, Mumbai - IITM",06-09-2026 11:00:00,19.19709,72.82204,PM10,13,54,32,2026-09-06 06:14:15
India,Maharashtra,Chandrapur,"MIDC Khutala, Chandrapur - MPCB",06-09-2026 11:00:00,19.9775302,79.2337086,PM2.5,32,39,38,2026-09-06 06:14:15
India,Maharashtra,Chandrapur,"Chauhan Colony, Chandrapur - MPCB",06-09-2026 11:00:00,19.9629,79.298714,PM2.5,33,137,59,2026-09-06 06:14:15
India,Maharashtra,Chandrapur,"Chauhan Colony, Chandrapur - MPCB",06-09-2026 11:00:00,19.9629,79.298714,NH3,0,10,4,2026-09-06 06:14:15
India,Maharashtra,Chandrapur,"Chauhan Colony, Chandrapur - MPCB",06-09-2026 11:00:00,19.9629,79.298714,SO2,11,74,23,2026-09-06 06:14:15
India,Maharashtra,Dhule,"Deopur, Dhule - MPCB",06-09-2026 11:00:00,20.918946,74.776388,NH3,NA,NA,NA,2026-09-06 06:14:15
India,Maharashtra,Jalgaon,"Prabhat Colony, Jalgaon - MPCB",06-09-2026 11:00:00,21.001264,75.565602,NO2,NA,NA,NA,2026-09-06 06:14:15
India,Maharashtra,Jalgaon,"Prabhat Colony, Jalgaon - MPCB",06-09-2026 11:00:00,21.001264,75.565602,SO2,NA,NA,NA,2026-09-06 06:14:15
India,Maharashtra,Jalgaon,"Prabhat Colony, Jalgaon - MPCB",06-09-2026 11:00:00,21.001264,75.565602,OZONE,6,23,12,2026-09-06 06:14:15
India,Maharashtra,Kalyan,"Pimpleshwar Mandir, Kalyan - MPCB",06-09-2026 11:00:00,19.192056,72.9585188,PM2.5,10,72,45,2026-09-06 06:14:15
India,Maharashtra,Kolhapur,"Sinchan Bhavan, Kolhapur - MPCB",06-09-2026 11:00:00,16.7143745,74.2426398,NH3,1,2,1,2026-09-06 06:14:15
India,Maharashtra,Mumbai,"Borivali East, Mumbai - IITM",06-09-2026 11:00:00,19.23241,72.86895,SO2,NA,NA,NA,2026-09-06 06:14:15
India,Maharashtra,Mumbai,"Borivali East, Mumbai - IITM",06-09-2026 11:00:00,19.23241,72.86895,OZONE,11,16,12,2026-09-06 06:14:15
India,Maharashtra,Mumbai,"Chakala-Andheri East, Mumbai - IITM",06-09-2026 11:00:00,19.11074,72.86084,PM10,11,69,43,2026-09-06 06:14:15
India,Maharashtra,Mumbai,"Chakala-Andheri East, Mumbai - IITM",06-09-2026 11:00:00,19.11074,72.86084,NH3,6,9,7,2026-09-06 06:14:15
India,Maharashtra,Mumbai,"Bandra Kurla Complex, Mumbai - IITM",06-09-2026 11:00:00,19.053536,72.84643,CO,5,10,7,2026-09-06 06:14:15
India,Maharashtra,Mumbai,"Kurla, Mumbai - MPCB",06-09-2026 11:00:00,19.0863,72.8888,PM10,NA,NA,NA,2026-09-06 06:14:15
India,Maharashtra,Mumbai,"Kurla, Mumbai - MPCB",06-09-2026 11:00:00,19.0863,72.8888,NO2,9,9,9,2026-09-06 06:14:15
India,Maharashtra,Mumbai,"Powai, Mumbai - MPCB",06-09-2026 11:00:00,19.1375,72.915056,PM2.5,19,32,26,2026-09-06 06:14:15
India,Maharashtra,Mumbai,"Powai, Mumbai - MPCB",06-09-2026 11:00:00,19.1375,72.915056,NO2,5,7,6,2026-09-06 06:14:15
India,Odisha,Bhubaneswar,"Patia, Bhubaneswar - OSPCB",06-09-2026 11:00:00,20.34652,85.8163,PM10,10,109,49,2026-09-06 06:14:15
India,Odisha,Bhubaneswar,"Patia, Bhubaneswar - OSPCB",06-09-2026 11:00:00,20.34652,85.8163,NO2,3,17,9,2026-09-06 06:14:15
India,Odisha,Bhubaneswar,"Patia, Bhubaneswar - OSPCB",06-09-2026 11:00:00,20.34652,85.8163,CO,28,36,33,2026-09-06 06:14:15
India,Odisha,Bhubaneswar,"Lingraj Mandir, Bhubaneswar - OSPCB",06-09-2026 11:00:00,20.24079,85.836784,PM2.5,17,93,44,2026-09-06 06:14:15
India,Odisha,Bhubaneswar,"Lingraj Mandir, Bhubaneswar - OSPCB",06-09-2026 11:00:00,20.24079,85.836784,NO2,9,25,17,2026-09-06 06:14:15
India,Odisha,Bhubaneswar,"Lingraj Mandir, Bhubaneswar - OSPCB",06-09-2026 11:00:00,20.24079,85.836784,CO,39,54,48,2026-09-06 06:14:15
India,Odisha,Bileipada,"Tata Township, Bileipada - OSPCB",06-09-2026 11:00:00,22.06156703,85.47409613,NH3,5,5,5,2026-09-06 06:14:15
India,Odisha,Bileipada,"Tata Township, Bileipada - OSPCB",06-09-2026 11:00:00,22.06156703,85.47409613,SO2,6,7,7,2026-09-06 06:14:15
India,Odisha,Bileipada,"Tata Township, Bileipada - OSPCB",06-09-2026 11:00:00,22.06156703,85.47409613,CO,28,40,35,2026-09-06 06:14:15
India,Odisha,Byasanagar,"Ferro Chrome Colony, Byasanagar - OSPCB",06-09-2026 11:00:00,20.94185,86.1151,PM2.5,28,93,64,2026-09-06 06:14:15
India,Odisha,Byasanagar,"Ferro Chrome Colony, Byasanagar - OSPCB",06-09-2026 11:00:00,20.94185,86.1151,PM10,27,107,66,2026-09-06 06:14:15
India,Odisha,Cuttack,"CDA Area, Cuttack - OSPCB",06-09-2026 11:00:00,20.48891,85.84768,PM2.5,12,53,32,2026-09-06 06:14:15
India,Odisha,Keonjhar,"Jagamohanpur, Keonjhar - OSPCB",06-09-2026 11:00:00,21.6439,85.599355,NH3,2,3,2,2026-09-06 06:14:15
India,Odisha,Nayagarh,"Dabuna, Nayagarh - OSPCB",06-09-2026 11:00:00,21.847279,85.416905,NH3,6,10,9,2026-09-06 06:14:15
India,Odisha,Nayagarh,"Dabuna, Nayagarh - OSPCB",06-09-2026 11:00:00,21.847279,85.416905,SO2,19,20,19,2026-09-06 06:14:15
India,Odisha,Rairangpur,"Divisional Forest Office, Rairangpur - OSPCB",06-09-2026 11:00:00,22.265816,86.174829,OZONE,0,13,5,2026-09-06 06:14:15
India,Odisha,Rourkela,"Sector-2, Rourkela - OSPCB",06-09-2026 11:00:00,22.245,84.88111111,PM2.5,37,37,37,2026-09-06 06:14:15
India,Odisha,Rourkela,"Sector-2, Rourkela - OSPCB",06-09-2026 11:00:00,22.245,84.88111111,NO2,14,14,14,2026-09-06 06:14:15
India,Odisha,Rourkela,"Raghunathpali, Rourkela - OSPCB",06-09-2026 11:00:00,22.220833,84.809444,OZONE,4,17,8,2026-09-06 06:14:15
India,Maharashtra,Ulhasnagar,"Sidhi Vinayak Nagar, Ulhasnagar - MPCB",06-09-2026 11:00:00,19.235581,73.159121,PM10,10,48,31,2026-09-06 06:14:15
India,Maharashtra,Ulhasnagar,"Sidhi Vinayak Nagar, Ulhasnagar - MPCB",06-09-2026 11:00:00,19.235581,73.159121,NO2,9,11,10,2026-09-06 06:14:15
India,Maharashtra,Ulhasnagar,"Sidhi Vinayak Nagar, Ulhasnagar - MPCB",06-09-2026 11:00:00,19.235581,73.159121,SO2,0,10,5,2026-09-06 06:14:15
India,Maharashtra,Ulhasnagar,"Vithalwadi, Ulhasnagar - MPCB",06-09-2026 11:00:00,19.2307571,73.155192,NH3,6,7,6,2026-09-06 06:14:15
India,Maharashtra,Ulhasnagar,"Vithalwadi, Ulhasnagar - MPCB",06-09-2026 11:00:00,19.2307571,73.155192,CO,9,14,11,2026-09-06 06:14:15
India,Maharashtra,Virar,"Bolinj, Virar - MPCB",06-09-2026 11:00:00,19.445821,72.7988231,CO,16,53,30,2026-09-06 06:14:15
India,Maharashtra,Virar,"Bolinj, Virar - MPCB",06-09-2026 11:00:00,19.445821,72.7988231,OZONE,1,2,2,2026-09-06 06:14:15
India,Meghalaya,Shillong,"Lumpyngngad, Shillong - Meghalaya PCB",06-09-2026 11:00:00,25.5586,91.8985,SO2,12,13,12,2026-09-06 06:14:15
India,Meghalaya,Shillong,"Lumpyngngad, Shillong - Meghalaya PCB",06-09-2026 11:00:00,25.5586,91.8985,CO,8,10,9,2026-09-06 06:14:15
India,Nagaland,Kohima,"PWD Junction, Kohima - NPCB",06-09-2026 11:00:00,25.6635413,94.0989878,CO,2,4,3,2026-09-06 06:14:15
India,Odisha,Angul,"Hakimapada, Angul - OSPCB",06-09-2026 11:00:00,20.832874,85.104082,PM2.5,10,42,22,2026-09-06 06:14:15
India,Odisha,Angul,"Hakimapada, Angul - OSPCB",06-09-2026 11:00:00,20.832874,85.104082,PM10,42,87,59,2026-09-06 06:14:15
India,Odisha,Balasore,"Kalidaspur, Balasore - OSPCB",06-09-2026 11:00:00,21.51161,86.89088,PM2.5,30,103,52,2026-09-06 06:14:15
India,Odisha,Balasore,"Kalidaspur, Balasore - OSPCB",06-09-2026 11:00:00,21.51161,86.89088,PM10,38,94,65,2026-09-06 06:14:15
India,Odisha,Balasore,"Kalidaspur, Balasore - OSPCB",06-09-2026 11:00:00,21.51161,86.89088,CO,41,48,46,2026-09-06 06:14:15
India,Odisha,Barbil,"Forest Office, Barbil - OSPCB",06-09-2026 11:00:00,22.1166054,85.3945546,SO2,9,91,26,2026-09-06 06:14:15
India,Odisha,Baripada,"Meher Colony, Baripada - OSPCB",06-09-2026 11:00:00,21.941841,86.728318,PM2.5,32,73,50,2026-09-06 06:14:15
India,Odisha,Rourkela,"Fertilizer Township, Rourkela - OSPCB",06-09-2026 11:00:00,22.18972222,84.86277778,CO,21,26,24,2026-09-06 06:14:15
India,Odisha,Talcher,"Talcher Coalfields,Talcher - OSPCB",06-09-2026 11:00:00,20.9360711,85.1707021,PM2.5,18,181,66,2026-09-06 06:14:15
India,Odisha,Talcher,"Talcher Coalfields,Talcher - OSPCB",06-09-2026 11:00:00,20.9360711,85.1707021,PM10,67,421,166,2026-09-06 06:14:15
India,Odisha,Talcher,"Talcher Coalfields,Talcher - OSPCB",06-09-2026 11:00:00,20.9360711,85.1707021,NH3,5,7,6,2026-09-06 06:14:15
India,Puducherry,Puducherry,"Jawahar Nagar, Puducherry - PPCC",06-09-2026 11:00:00,11.9309,79.8027,PM2.5,NA,NA,NA,2026-09-06 06:14:15
India,Puducherry,Puducherry,"Jawahar Nagar, Puducherry - PPCC",06-09-2026 11:00:00,11.9309,79.8027,OZONE,23,54,35,2026-09-06 06:14:15
India,Punjab,Amritsar,"Golden Temple, Amritsar - PPCB",06-09-2026 11:00:00,31.62,74.876512,PM10,69,118,96,2026-09-06 06:14:15
India,Punjab,Amritsar,"Golden Temple, Amritsar - PPCB",06-09-2026 11:00:00,31.62,74.876512,NH3,7,9,8,2026-09-06 06:14:15
India,Punjab,Amritsar,"Golden Temple, Amritsar - PPCB",06-09-2026 11:00:00,31.62,74.876512,SO2,15,20,17,2026-09-06 06:14:15
India,Punjab,Bathinda,"Hardev Nagar, Bathinda - PPCB",06-09-2026 11:00:00,30.233011,74.907758,PM2.5,12,62,32,2026-09-06 06:14:15
India,Punjab,Bathinda,"Hardev Nagar, Bathinda - PPCB",06-09-2026 11:00:00,30.233011,74.907758,NO2,28,31,30,2026-09-06 06:14:15
India,Punjab,Jalandhar,"Civil Line, Jalandhar - PPCB",06-09-2026 11:00:00,31.321907,75.578914,NO2,40,45,43,2026-09-06 06:14:15
India,Punjab,Khanna,"Kalal Majra, Khanna - PPCB",06-09-2026 11:00:00,30.736056,76.209694,PM10,56,102,82,2026-09-06 06:14:15
India,Punjab,Patiala,"Model Town, Patiala - PPCB",06-09-2026 11:00:00,30.349388,76.366642,OZONE,16,24,17,2026-09-06 06:14:15
India,Punjab,Rupnagar,"Ratanpura, Rupnagar - Ambuja Cements",06-09-2026 11:00:00,31.0325454,76.5623046,PM10,8,100,31,2026-09-06 06:14:15
India,Punjab,Rupnagar,"Ratanpura, Rupnagar - Ambuja Cements",06-09-2026 11:00:00,31.0325454,76.5623046,SO2,9,15,12,2026-09-06 06:14:15
India,Maharashtra,Navi Mumbai,"Sanpada, Navi Mumbai - MPCB",06-09-2026 11:00:00,19.0575752,73.0151367,NH3,1,6,3,2026-09-06 06:14:15
India,Maharashtra,Navi Mumbai,"Sector-2E Kalamboli, Navi Mumbai - MPCB",06-09-2026 11:00:00,19.02579,73.10297,OZONE,9,12,11,2026-09-06 06:14:15
India,Maharashtra,Navi Mumbai,"Mahape, Navi Mumbai - MPCB",06-09-2026 11:00:00,19.1135051,73.008978,PM10,26,123,56,2026-09-06 06:14:15
India,Maharashtra,Navi Mumbai,"Mahape, Navi Mumbai - MPCB",06-09-2026 11:00:00,19.1135051,73.008978,NO2,43,44,43,2026-09-06 06:14:15
India,Maharashtra,Pimpri-Chinchwad,"Gavalinagar, Pimpri Chinchwad - MPCB",06-09-2026 11:00:00,18.63673,73.82487,PM2.5,18,36,26,2026-09-06 06:14:15
India,Maharashtra,Pimpri-Chinchwad,"Gavalinagar, Pimpri Chinchwad - MPCB",06-09-2026 11:00:00,18.63673,73.82487,NH3,1,2,2,2026-09-06 06:14:15
India,Maharashtra,Pimpri-Chinchwad,"Bhosari, Pune - IITM",06-09-2026 11:00:00,18.640051,73.848956,CO,2,2,2,2026-09-06 06:14:15
India,Maharashtra,Pimpri-Chinchwad,"Bhumkar Nagar, Pune - IITM",06-09-2026 11:00:00,18.60577,73.749976,SO2,NA,NA,NA,2026-09-06 06:14:15
India,Maharashtra,Pimpri-Chinchwad,"Bhumkar Nagar, Pune - IITM",06-09-2026 11:00:00,18.60577,73.749976,CO,16,35,26,2026-09-06 06:14:15
India,Maharashtra,Pimpri-Chinchwad,"Thergaon, Pimpri Chinchwad - MPCB",06-09-2026 11:00:00,18.616318,73.765797,PM2.5,8,30,16,2026-09-06 06:14:15
India,Maharashtra,Pimpri-Chinchwad,"Transport Nagar-Nigdi, Pune - IITM",06-09-2026 11:00:00,18.664282,73.763966,PM10,35,65,52,2026-09-06 06:14:15
India,Maharashtra,Pimpri-Chinchwad,"Savta Mali Nagar, Pimpri-Chinchwad - IITM",06-09-2026 11:00:00,18.614767,73.799516,NO2,20,33,26,2026-09-06 06:14:15
India,Maharashtra,Pimpri-Chinchwad,"Savta Mali Nagar, Pimpri-Chinchwad - IITM",06-09-2026 11:00:00,18.614767,73.799516,SO2,NA,NA,NA,2026-09-06 06:14:15
India,Maharashtra,Pune,"Hadapsar, Pune - IITM",06-09-2026 11:00:00,18.501793,73.927532,NH3,NA,NA,NA,2026-09-06 06:14:15
India,Maharashtra,Nagpur,"Ram Nagar, Nagpur - MPCB",06-09-2026 11:00:00,21.143383,79.048912,CO,9,13,11,2026-09-06 06:14:15
India,Maharashtra,Nagpur,"Ram Nagar, Nagpur - MPCB",06-09-2026 11:00:00,21.143383,79.048912,OZONE,8,22,13,2026-09-06 06:14:15
India,Maharashtra,Nagpur,"Opp GPO Civil Lines, Nagpur - MPCB",06-09-2026 11:00:00,21.152875,79.0517531,NH3,3,4,4,2026-09-06 06:14:15
India,Maharashtra,Nagpur,"Ambazari, Nagpur - MPCB",06-09-2026 11:00:00,21.121801,79.04952,NH3,2,3,2,2026-09-06 06:14:15
India,Maharashtra,Nanded,"Sneh Nagar, Nanded - MPCB",06-09-2026 11:00:00,19.173852,77.296291,CO,19,24,22,2026-09-06 06:14:15
India,Maharashtra,Nanded,"Sneh Nagar, Nanded - MPCB",06-09-2026 11:00:00,19.173852,77.296291,OZONE,11,33,17,2026-09-06 06:14:15
India,Maharashtra,Nashik,"Pandav Nagari, Nashik - MPCB",06-09-2026 11:00:00,19.9591346,73.7788008,NH3,2,4,3,2026-09-06 06:14:15
India,Maharashtra,Nashik,"Pandav Nagari, Nashik - MPCB",06-09-2026 11:00:00,19.9591346,73.7788008,SO2,0,5,2,2026-09-06 06:14:15
India,Maharashtra,Nashik,"MIDC Ambad, Nashik - MPCB",06-09-2026 11:00:00,19.95022,73.73148,PM10,14,39,26,2026-09-06 06:14:15
India,Maharashtra,Nashik,"MIDC Ambad, Nashik - MPCB",06-09-2026 11:00:00,19.95022,73.73148,NH3,3,5,4,2026-09-06 06:14:15
India,Maharashtra,Nashik,"MIDC Ambad, Nashik - MPCB",06-09-2026 11:00:00,19.95022,73.73148,OZONE,3,12,7,2026-09-06 06:14:15
India,Maharashtra,Navi Mumbai,"Kopripada-Vashi, Navi Mumbai - MPCB",06-09-2026 11:00:00,19.090337,73.014232,PM10,21,57,35,2026-09-06 06:14:15
India,Maharashtra,Navi Mumbai,"Kopripada-Vashi, Navi Mumbai - MPCB",06-09-2026 11:00:00,19.090337,73.014232,OZONE,6,13,8,2026-09-06 06:14:15
India,Maharashtra,Navi Mumbai,"Tondare-Taloja, Navi Mumbai - MPCB",06-09-2026 11:00:00,19.063,73.1209,PM2.5,10,47,32,2026-09-06 06:14:15
India,Maharashtra,Navi Mumbai,"Tondare-Taloja, Navi Mumbai - MPCB",06-09-2026 11:00:00,19.063,73.1209,NH3,7,12,9,2026-09-06 06:14:15
India,Rajasthan,Jaipur,"RIICO Sitapura, Jaipur - RSPCB",06-09-2026 11:00:00,26.786682,75.827928,NH3,NA,NA,NA,2026-09-06 06:14:15
India,Rajasthan,Jaipur,"Shastri Nagar, Jaipur - RSPCB",06-09-2026 11:00:00,26.9502929,75.730943,PM2.5,45,101,69,2026-09-06 06:14:15
India,Rajasthan,Jaipur,"Shastri Nagar, Jaipur - RSPCB",06-09-2026 11:00:00,26.9502929,75.730943,CO,14,43,28,2026-09-06 06:14:15
India,Rajasthan,Jaipur,"Adarsh Nagar, Jaipur - RSPCB",06-09-2026 11:00:00,26.902909,75.836858,NO2,14,65,31,2026-09-06 06:14:15
India,Rajasthan,Jaisalmer,"Sadar Bazar, Jaisalmer - RSPCB",06-09-2026 11:00:00,26.912329,70.909168,NO2,25,37,33,2026-09-06 06:14:15
India,Rajasthan,Jaisalmer,"Sadar Bazar, Jaisalmer - RSPCB",06-09-2026 11:00:00,26.912329,70.909168,NH3,9,12,10,2026-09-06 06:14:15
India,Rajasthan,Jaisalmer,"Sadar Bazar, Jaisalmer - RSPCB",06-09-2026 11:00:00,26.912329,70.909168,CO,17,21,18,2026-09-06 06:14:15
India,Rajasthan,Jalore,"Mudtra Sili, Jalore - RSPCB",06-09-2026 11:00:00,25.344694,72.626208,NO2,4,9,7,2026-09-06 06:14:15
India,Rajasthan,Jhalawar,"Rajlaxmi Nagar, Jhalawar - RSPCB",06-09-2026 11:00:00,24.588397,76.172782,NO2,24,38,32,2026-09-06 06:14:15
India,Rajasthan,Jodhpur,"Digari Kalan, Jodhpur - RSPCB",06-09-2026 11:00:00,26.29581,73.082283,PM2.5,8,32,15,2026-09-06 06:14:15
India,Rajasthan,Jodhpur,"Digari Kalan, Jodhpur - RSPCB",06-09-2026 11:00:00,26.29581,73.082283,SO2,7,9,7,2026-09-06 06:14:15
India,Rajasthan,Jodhpur,"Digari Kalan, Jodhpur - RSPCB",06-09-2026 11:00:00,26.29581,73.082283,OZONE,21,46,29,2026-09-06 06:14:15
India,Rajasthan,Bikaner,"MM Ground, Bikaner - RSPCB",06-09-2026 11:00:00,28.018792,73.292658,PM10,18,200,70,2026-09-06 06:14:15
India,Rajasthan,Bikaner,"MM Ground, Bikaner - RSPCB",06-09-2026 11:00:00,28.018792,73.292658,CO,3,18,10,2026-09-06 06:14:15
India,Rajasthan,Dausa,"Khatikan Mohalla, Dausa - RSPCB",06-09-2026 11:00:00,26.895552,76.334753,PM2.5,10,43,22,2026-09-06 06:14:15
India,Rajasthan,Dausa,"Khatikan Mohalla, Dausa - RSPCB",06-09-2026 11:00:00,26.895552,76.334753,NO2,10,35,19,2026-09-06 06:14:15
India,Rajasthan,Dausa,"Khatikan Mohalla, Dausa - RSPCB",06-09-2026 11:00:00,26.895552,76.334753,SO2,0,7,2,2026-09-06 06:14:15
India,Rajasthan,Dholpur,"Raja Ganj, Dholpur - RSPCB",06-09-2026 11:00:00,26.699557,77.898881,CO,16,26,22,2026-09-06 06:14:15
India,Rajasthan,Dungarpur,"Bhoiwada, Dungarpur - RSPCB",06-09-2026 11:00:00,23.837789,73.714926,OZONE,16,25,20,2026-09-06 06:14:15
India,Rajasthan,Hanumangarh,"Housing Board, Hanumangarh - RSPCB",06-09-2026 11:00:00,29.61075,74.283608,NO2,2,14,6,2026-09-06 06:14:15
India,Rajasthan,Jaipur,"Mansarovar Sector-12, Jaipur - RSPCB",06-09-2026 11:00:00,26.843698,75.766894,PM2.5,12,55,33,2026-09-06 06:14:15
India,Rajasthan,Jaipur,"Mansarovar Sector-12, Jaipur - RSPCB",06-09-2026 11:00:00,26.843698,75.766894,SO2,2,3,3,2026-09-06 06:14:15
India,Rajasthan,Jaipur,"Police Commissionerate, Jaipur - RSPCB",06-09-2026 11:00:00,26.9164092,75.7994901,CO,24,72,44,2026-09-06 06:14:15
India,Rajasthan,Ajmer,"Civil Lines,  Ajmer - RSPCB",06-09-2026 11:00:00,26.470859,74.646594,NH3,5,7,6,2026-09-06 06:14:15
India,Rajasthan,Alwar,"Vigyan Nagar, Alwar - RSPCB",06-09-2026 11:00:00,27.598796,76.63861,PM10,53,81,65,2026-09-06 06:14:15
India,Rajasthan,Alwar,"Vigyan Nagar, Alwar - RSPCB",06-09-2026 11:00:00,27.598796,76.63861,OZONE,6,21,10,2026-09-06 06:14:15
India,Rajasthan,Banswara,"Rati Talai, Banswara - RSPCB",06-09-2026 11:00:00,23.55519,74.44001,NO2,23,49,28,2026-09-06 06:14:15
India,Rajasthan,Baran,"Bamboliya, Baran - RSPCB",06-09-2026 11:00:00,25.106006,76.469948,SO2,4,7,6,2026-09-06 06:14:15
India,Rajasthan,Barmer,"Railway Colony, Barmer - RSPCB",06-09-2026 11:00:00,25.747299,71.393989,CO,19,23,21,2026-09-06 06:14:15
India,Rajasthan,Bhilwara,"Pratap Nagar, Bhilwara - RSPCB",06-09-2026 11:00:00,25.339605,74.618883,PM2.5,28,85,55,2026-09-06 06:14:15
India,Rajasthan,Bhiwadi,"RIICO Ind. Area III, Bhiwadi - RSPCB",06-09-2026 11:00:00,28.194909,76.862296,NH3,3,7,4,2026-09-06 06:14:15
India,Rajasthan,Bhiwadi,"Vasundhara Nagar_UIT, Bhiwadi - RSPCB",06-09-2026 11:00:00,28.207266,76.829265,PM10,34,132,87,2026-09-06 06:14:15
India,Rajasthan,Bhiwadi,"Vasundhara Nagar_UIT, Bhiwadi - RSPCB",06-09-2026 11:00:00,28.207266,76.829265,NH3,8,17,10,2026-09-06 06:14:15
India,Maharashtra,Pune,"Hadapsar, Pune - IITM",06-09-2026 11:00:00,18.501793,73.927532,CO,27,52,35,2026-09-06 06:14:15
India,Maharashtra,Pune,"Mhada Colony, Pune - IITM",06-09-2026 11:00:00,18.57304,73.927715,PM10,49,92,67,2026-09-06 06:14:15
India,Maharashtra,Pune,"Mhada Colony, Pune - IITM",06-09-2026 11:00:00,18.57304,73.927715,NH3,NA,NA,NA,2026-09-06 06:14:15
India,Maharashtra,Pune,"Mhada Colony, Pune - IITM",06-09-2026 11:00:00,18.57304,73.927715,SO2,NA,NA,NA,2026-09-06 06:14:15
India,Maharashtra,Pune,"Mhada Colony, Pune - IITM",06-09-2026 11:00:00,18.57304,73.927715,OZONE,7,16,10,2026-09-06 06:14:15
India,Maharashtra,Pune,"Savitribai Phule Pune University, Pune - MPCB",06-09-2026 11:00:00,18.547056,73.826908,PM2.5,10,23,16,2026-09-06 06:14:15
India,Maharashtra,Pune,"Savitribai Phule Pune University, Pune - MPCB",06-09-2026 11:00:00,18.547056,73.826908,PM10,29,42,34,2026-09-06 06:14:15
India,Maharashtra,Solapur,"Dnyaneshwar Nagar, Solapur - MPCB",06-09-2026 11:00:00,17.6336264,75.9132495,PM2.5,12,32,21,2026-09-06 06:14:15
India,Maharashtra,Solapur,"Dnyaneshwar Nagar, Solapur - MPCB",06-09-2026 11:00:00,17.6336264,75.9132495,CO,7,14,11,2026-09-06 06:14:15
India,Maharashtra,Solapur,"Ratandeep Housing Society, Solapur - MPCB",06-09-2026 11:00:00,17.65439,75.90649,NH3,1,6,3,2026-09-06 06:14:15
India,Maharashtra,Thane,"Upvan Fort, Thane - MPCB",06-09-2026 11:00:00,19.222279,72.957979,NO2,NA,NA,NA,2026-09-06 06:14:15
India,Maharashtra,Thane,"Upvan Fort, Thane - MPCB",06-09-2026 11:00:00,19.222279,72.957979,NH3,NA,NA,NA,2026-09-06 06:14:15
India,Telangana,Hyderabad,"ICRISAT Patancheru, Hyderabad - TSPCB",06-09-2026 11:00:00,17.5184,78.278777,NH3,0,2,2,2026-09-06 06:14:15
India,Uttar Pradesh,Agra,"Rohta, Agra - UPPCB",06-09-2026 11:00:00,27.106972,78.000111,NO2,16,16,16,2026-09-06 06:14:15
India,Uttar Pradesh,Agra,"Sector-3B Avas Vikas Colony, Agra - UPPCB",06-09-2026 11:00:00,27.19412,77.96237,SO2,26,27,26,2026-09-06 06:14:15
India,Uttar Pradesh,Agra,"Shahjahan Garden, Agra - UPPCB",06-09-2026 11:00:00,27.169338,78.03582,PM10,27,43,36,2026-09-06 06:14:15
India,Uttar Pradesh,Agra,"Shahjahan Garden, Agra - UPPCB",06-09-2026 11:00:00,27.169338,78.03582,OZONE,NA,NA,NA,2026-09-06 06:14:15
India,Uttar Pradesh,Agra,"Sanjay Palace, Agra - UPPCB",06-09-2026 11:00:00,27.19865833,78.00598056,PM2.5,NA,NA,NA,2026-09-06 06:14:15
India,Uttar Pradesh,Agra,"Sanjay Palace, Agra - UPPCB",06-09-2026 11:00:00,27.19865833,78.00598056,PM10,25,76,46,2026-09-06 06:14:15
India,Uttar Pradesh,Agra,"Sanjay Palace, Agra - UPPCB",06-09-2026 11:00:00,27.19865833,78.00598056,NO2,13,16,14,2026-09-06 06:14:15
India,Uttar Pradesh,Agra,"Sanjay Palace, Agra - UPPCB",06-09-2026 11:00:00,27.19865833,78.00598056,OZONE,4,6,5,2026-09-06 06:14:15
India,Uttar Pradesh,Agra,"Shastripuram, Agra - UPPCB",06-09-2026 11:00:00,27.19862,77.92066,OZONE,3,3,3,2026-09-06 06:14:15
India,Uttar Pradesh,Baghpat,"Sardar Patel Inter College, Baghpat - UPPCB",06-09-2026 11:00:00,28.964949,77.278761,SO2,8,19,14,2026-09-06 06:14:15
India,Uttar Pradesh,Bareilly,"Rajendra Nagar, Bareilly - UPPCB",06-09-2026 11:00:00,28.38910936,79.42963708,NO2,9,10,9,2026-09-06 06:14:15
India,Uttar Pradesh,Bareilly,"Rajendra Nagar, Bareilly - UPPCB",06-09-2026 11:00:00,28.38910936,79.42963708,SO2,11,15,12,2026-09-06 06:14:15
India,Uttar Pradesh,Bareilly,"Rajendra Nagar, Bareilly - UPPCB",06-09-2026 11:00:00,28.38910936,79.42963708,CO,20,27,22,2026-09-06 06:14:15
India,Uttar Pradesh,Bareilly,"Rajendra Nagar, Bareilly - UPPCB",06-09-2026 11:00:00,28.38910936,79.42963708,OZONE,NA,NA,NA,2026-09-06 06:14:15
India,Uttar Pradesh,Bareilly,"Civil Lines, Bareilly - UPPCB",06-09-2026 11:00:00,28.359581,79.414455,PM2.5,27,50,33,2026-09-06 06:14:15
India,Uttar Pradesh,Bulandshahr,"Yamunapuram, Bulandshahr - UPPCB",06-09-2026 11:00:00,28.406963,77.849831,NO2,9,15,12,2026-09-06 06:14:15
India,Rajasthan,Jodhpur,"Jhalamand, Jodhpur - RSPCB",06-09-2026 11:00:00,26.215415,73.070156,NO2,5,13,8,2026-09-06 06:14:15
India,Rajasthan,Jodhpur,"Mandor, Jodhpur - RSPCB",06-09-2026 11:00:00,26.358805,73.047444,PM10,48,78,56,2026-09-06 06:14:15
India,Rajasthan,Karauli,"Satyawati Vihar, Karauli - RSPCB",06-09-2026 11:00:00,26.506177,77.025989,PM2.5,2,18,7,2026-09-06 06:14:15
India,Rajasthan,Karauli,"Satyawati Vihar, Karauli - RSPCB",06-09-2026 11:00:00,26.506177,77.025989,OZONE,8,11,10,2026-09-06 06:14:15
India,Rajasthan,Khairthal,"New Anaj Mandi, Khairthal - RSPCB",06-09-2026 11:00:00,27.8015617,76.6365217,PM10,75,274,120,2026-09-06 06:14:15
India,Rajasthan,Kota,"Nayapura, Kota - RSPCB",06-09-2026 11:00:00,25.196024,75.855668,NH3,6,9,8,2026-09-06 06:14:15
India,Rajasthan,Kota,"Dhanmandi, Kota - RSPCB",06-09-2026 11:00:00,25.16409,75.858137,OZONE,9,23,13,2026-09-06 06:14:15
India,Rajasthan,Nagaur,"Karni Colony, Nagaur - RSPCB",06-09-2026 11:00:00,27.213494,73.734444,SO2,1,8,4,2026-09-06 06:14:15
India,Rajasthan,Pali,"Indira Colony Vistar, Pali - RSPCB",06-09-2026 11:00:00,25.771061,73.340227,PM2.5,54,84,62,2026-09-06 06:14:15
India,Rajasthan,Pali,"Indira Colony Vistar, Pali - RSPCB",06-09-2026 11:00:00,25.771061,73.340227,SO2,6,14,10,2026-09-06 06:14:15
India,Rajasthan,Pali,"Indira Colony Vistar, Pali - RSPCB",06-09-2026 11:00:00,25.771061,73.340227,OZONE,8,34,17,2026-09-06 06:14:15
India,Rajasthan,Pratapgarh,"Pragati Nagar, Pratapgarh - RSPCB",06-09-2026 11:00:00,24.041198,74.780702,PM10,17,67,45,2026-09-06 06:14:15
India,Rajasthan,Pratapgarh,"Pragati Nagar, Pratapgarh - RSPCB",06-09-2026 11:00:00,24.041198,74.780702,NO2,6,13,9,2026-09-06 06:14:15
India,Rajasthan,Pratapgarh,"Pragati Nagar, Pratapgarh - RSPCB",06-09-2026 11:00:00,24.041198,74.780702,NH3,4,5,4,2026-09-06 06:14:15
India,Rajasthan,Pratapgarh,"Pragati Nagar, Pratapgarh - RSPCB",06-09-2026 11:00:00,24.041198,74.780702,CO,11,16,13,2026-09-06 06:14:15
India,Rajasthan,Rajsamand,"Dhoinda, Rajsamand - RSPCB",06-09-2026 11:00:00,25.03636,73.883502,NH3,6,12,9,2026-09-06 06:14:15
India,Rajasthan,Sawai Madhopur,"Sahu Nagar, Sawai Madhopur - RSPCB",06-09-2026 11:00:00,26.031443,76.359327,NH3,1,13,3,2026-09-06 06:14:15
India,Rajasthan,Sawai Madhopur,"Sahu Nagar, Sawai Madhopur - RSPCB",06-09-2026 11:00:00,26.031443,76.359327,CO,28,41,34,2026-09-06 06:14:15
India,Rajasthan,Sawai Madhopur,"Sahu Nagar, Sawai Madhopur - RSPCB",06-09-2026 11:00:00,26.031443,76.359327,OZONE,27,57,37,2026-09-06 06:14:15
India,Rajasthan,Sikar,"Radhakishan Pura, Sikar - RSPCB",06-09-2026 11:00:00,27.608912,75.153302,PM10,58,121,88,2026-09-06 06:14:15
India,Rajasthan,Sikar,"Radhakishan Pura, Sikar - RSPCB",06-09-2026 11:00:00,27.608912,75.153302,CO,21,24,22,2026-09-06 06:14:15
India,Rajasthan,Sikar,"Radhakishan Pura, Sikar - RSPCB",06-09-2026 11:00:00,27.608912,75.153302,OZONE,19,40,30,2026-09-06 06:14:15
India,Rajasthan,Sirohi,"Vedhaynath Colony, Sirohi - RSPCB",06-09-2026 11:00:00,24.885261,72.857549,CO,8,17,10,2026-09-06 06:14:15
India,Rajasthan,Udaipur,"Ashok Nagar, Udaipur - RSPCB",06-09-2026 11:00:00,24.5886166,73.6321397,SO2,5,13,8,2026-09-06 06:14:15
India,Rajasthan,Udaipur,"Ashok Nagar, Udaipur - RSPCB",06-09-2026 11:00:00,24.5886166,73.6321397,CO,1,28,11,2026-09-06 06:14:15
India,Tamil Nadu,Chennai,"Arumbakkam, Chennai - TNPCB",06-09-2026 11:00:00,13.0664,80.2112,SO2,1,7,2,2026-09-06 06:14:15
India,Tamil Nadu,Chennai,"Arumbakkam, Chennai - TNPCB",06-09-2026 11:00:00,13.0664,80.2112,OZONE,NA,NA,NA,2026-09-06 06:14:15
India,Tamil Nadu,Chennai,"Velachery Res. Area, Chennai - CPCB",06-09-2026 11:00:00,13.0052189,80.2398125,PM2.5,46,46,46,2026-09-06 06:14:15
India,Tamil Nadu,Chennai,"Velachery Res. Area, Chennai - CPCB",06-09-2026 11:00:00,13.0052189,80.2398125,PM10,82,122,106,2026-09-06 06:14:15
India,Tamil Nadu,Chennai,"Perungudi, Chennai - TNPCB",06-09-2026 11:00:00,12.9533,80.2357,CO,23,34,29,2026-09-06 06:14:15
India,Tamil Nadu,Chennai,"Manali Village, Chennai - TNPCB",06-09-2026 11:00:00,13.1662,80.2584,SO2,11,13,12,2026-09-06 06:14:15
India,Tamil Nadu,Chennai,"Manali Village, Chennai - TNPCB",06-09-2026 11:00:00,13.1662,80.2584,CO,49,51,50,2026-09-06 06:14:15
India,Uttar Pradesh,Fatehpur Sikri,"Dadupura, Fatehpur Sikri - UPPCB",06-09-2026 11:00:00,27.097694,77.671335,OZONE,9,13,11,2026-09-06 06:14:15
India,Uttar Pradesh,Firozabad,"Nagla Bhau, Firozabad - UPPCB",06-09-2026 11:00:00,27.168897,78.37696,NO2,16,18,17,2026-09-06 06:14:15
India,Uttar Pradesh,Firozabad,"Vibhab Nagar, Firozabad - UPPCB",06-09-2026 11:00:00,27.1594,78.3953,NO2,15,16,15,2026-09-06 06:14:15
India,Uttar Pradesh,Gajraula,"Rajanpur, Gajraula - UPPCB",06-09-2026 11:00:00,28.829109,78.248796,NO2,6,39,18,2026-09-06 06:14:15
India,Uttar Pradesh,Gajraula,"Rajanpur, Gajraula - UPPCB",06-09-2026 11:00:00,28.829109,78.248796,NH3,0,2,1,2026-09-06 06:14:15
India,Uttar Pradesh,Gajraula,"Rajanpur, Gajraula - UPPCB",06-09-2026 11:00:00,28.829109,78.248796,OZONE,0,9,3,2026-09-06 06:14:15
India,Uttar Pradesh,Ghaziabad,"Ved Vihar-Loni, Ghaziabad - UPPCB",06-09-2026 11:00:00,28.739153,77.273668,OZONE,3,4,4,2026-09-06 06:14:15
India,Uttar Pradesh,Ghaziabad,"Sanjay Nagar, Ghaziabad - UPPCB",06-09-2026 11:00:00,28.685382,77.453839,NO2,17,60,28,2026-09-06 06:14:15
India,Uttar Pradesh,Ghaziabad,"Vasundhara, Ghaziabad - UPPCB",06-09-2026 11:00:00,28.6603346,77.3572563,PM10,3,74,40,2026-09-06 06:14:15
India,Uttar Pradesh,Ghaziabad,"Wave City, Ghaziabad - UPPCB",06-09-2026 11:00:00,28.646675,77.489049,SO2,1,4,3,2026-09-06 06:14:15
India,Uttar Pradesh,Ghaziabad,"Wave City, Ghaziabad - UPPCB",06-09-2026 11:00:00,28.646675,77.489049,CO,75,83,79,2026-09-06 06:14:15
India,Uttar Pradesh,Ghaziabad,"Wave City, Ghaziabad - UPPCB",06-09-2026 11:00:00,28.646675,77.489049,OZONE,1,3,2,2026-09-06 06:14:15
India,Uttar Pradesh,Ghaziabad,"Loni, Ghaziabad - UPPCB",06-09-2026 11:00:00,28.757294,77.278792,PM10,NA,NA,NA,2026-09-06 06:14:15
India,Uttar Pradesh,Ghaziabad,"Loni, Ghaziabad - UPPCB",06-09-2026 11:00:00,28.757294,77.278792,NH3,NA,NA,NA,2026-09-06 06:14:15
India,Uttar Pradesh,Ghaziabad,"Loni, Ghaziabad - UPPCB",06-09-2026 11:00:00,28.757294,77.278792,CO,45,45,45,2026-09-06 06:14:15
India,Uttar Pradesh,Ghaziabad,"Govindpuram, Ghaziabad - UPPCB",06-09-2026 11:00:00,28.694528,77.494705,PM10,4,31,12,2026-09-06 06:14:15
India,Tamil Nadu,Chennai,"Royapuram, Chennai - TNPCB",06-09-2026 11:00:00,13.1036,80.2909,NO2,12,16,14,2026-09-06 06:14:15
India,Tamil Nadu,Chennai,"Royapuram, Chennai - TNPCB",06-09-2026 11:00:00,13.1036,80.2909,OZONE,28,33,31,2026-09-06 06:14:15
India,Tamil Nadu,Coimbatore,"SIDCO Kurichi, Coimbatore - TNPCB",06-09-2026 11:00:00,10.942451,76.978996,PM10,16,32,23,2026-09-06 06:14:15
India,Tamil Nadu,Coimbatore,"SIDCO Kurichi, Coimbatore - TNPCB",06-09-2026 11:00:00,10.942451,76.978996,NO2,22,22,22,2026-09-06 06:14:15
India,Tamil Nadu,Coimbatore,"SIDCO Kurichi, Coimbatore - TNPCB",06-09-2026 11:00:00,10.942451,76.978996,CO,38,40,39,2026-09-06 06:14:15
India,Tamil Nadu,Cuddalore,"Kudikadu, Cuddalore - TNPCB",06-09-2026 11:00:00,11.6829898,79.7532099,PM10,NA,NA,NA,2026-09-06 06:14:15
India,Tamil Nadu,Cuddalore,"Kudikadu, Cuddalore - TNPCB",06-09-2026 11:00:00,11.6829898,79.7532099,NO2,NA,NA,NA,2026-09-06 06:14:15
India,Tamil Nadu,Gummidipoondi,"Anthoni Pillai Nagar, Gummidipoondi - TNPCB",06-09-2026 11:00:00,13.4127,80.1081,PM10,51,200,109,2026-09-06 06:14:15
India,Tamil Nadu,Thoothukudi,"Meelavittan, Thoothukudi - TNPCB",06-09-2026 11:00:00,8.816428,78.099039,PM2.5,NA,NA,NA,2026-09-06 06:14:15
India,Tamil Nadu,Thoothukudi,"Meelavittan, Thoothukudi - TNPCB",06-09-2026 11:00:00,8.816428,78.099039,SO2,6,20,11,2026-09-06 06:14:15
India,Tamil Nadu,Thoothukudi,"Meelavittan, Thoothukudi - TNPCB",06-09-2026 11:00:00,8.816428,78.099039,CO,13,25,18,2026-09-06 06:14:15
India,Telangana,Hyderabad,"Bollaram Industrial Area, Hyderabad - TSPCB",06-09-2026 11:00:00,17.518,78.383,PM2.5,NA,NA,NA,2026-09-06 06:14:15
India,Telangana,Hyderabad,"Zoo Park, Hyderabad - TSPCB",06-09-2026 11:00:00,17.349694,78.451437,PM2.5,15,91,38,2026-09-06 06:14:15
India,Telangana,Hyderabad,"Central University, Hyderabad - TSPCB",06-09-2026 11:00:00,17.460103,78.334361,NO2,3,31,16,2026-09-06 06:14:15
India,Telangana,Hyderabad,"Central University, Hyderabad - TSPCB",06-09-2026 11:00:00,17.460103,78.334361,CO,14,20,16,2026-09-06 06:14:15
India,Uttar Pradesh,Meerut,"Pallavpuram Phase 2, Meerut - UPPCB",06-09-2026 11:00:00,29.06351,77.709723,CO,9,27,18,2026-09-06 06:14:15
India,Uttar Pradesh,Meerut,"Ganga Nagar, Meerut - UPPCB",06-09-2026 11:00:00,28.999264,77.7590354,NH3,8,9,8,2026-09-06 06:14:15
India,Uttar Pradesh,Moradabad,"Eco Herbal Park, Moradabad - UPPCB",06-09-2026 11:00:00,28.840739,78.697531,SO2,10,18,14,2026-09-06 06:14:15
India,Uttar Pradesh,Moradabad,"Buddhi Vihar, Moradabad - UPPCB",06-09-2026 11:00:00,28.83526,78.7446,PM10,14,54,35,2026-09-06 06:14:15
India,Uttar Pradesh,Moradabad,"Jigar Colony, Moradabad - UPPCB",06-09-2026 11:00:00,28.856664,78.772638,PM2.5,17,42,29,2026-09-06 06:14:15
India,Uttar Pradesh,Moradabad,"Jigar Colony, Moradabad - UPPCB",06-09-2026 11:00:00,28.856664,78.772638,NO2,24,25,25,2026-09-06 06:14:15
India,Uttar Pradesh,Moradabad,"Transport Nagar, Moradabad - UPPCB",06-09-2026 11:00:00,28.802625,78.753728,PM2.5,1,306,55,2026-09-06 06:14:15
India,Uttar Pradesh,Moradabad,"Transport Nagar, Moradabad - UPPCB",06-09-2026 11:00:00,28.802625,78.753728,CO,44,50,48,2026-09-06 06:14:15
India,Uttar Pradesh,Moradabad,"Kashiram Nagar, Moradabad - UPPCB",06-09-2026 11:00:00,28.849399,78.742362,PM10,18,66,35,2026-09-06 06:14:15
India,Uttar Pradesh,Moradabad,"Kashiram Nagar, Moradabad - UPPCB",06-09-2026 11:00:00,28.849399,78.742362,SO2,33,58,44,2026-09-06 06:14:15
India,Uttar Pradesh,Moradabad,"Employment Office, Moradabad - UPPCB",06-09-2026 11:00:00,28.88528,78.7388,PM2.5,20,68,45,2026-09-06 06:14:15
India,Uttar Pradesh,Muzaffarnagar,"New Mandi, Muzaffarnagar - UPPCB",06-09-2026 11:00:00,29.4723508,77.7194031,PM10,16,74,38,2026-09-06 06:14:15
India,Uttar Pradesh,Muzaffarnagar,"New Mandi, Muzaffarnagar - UPPCB",06-09-2026 11:00:00,29.4723508,77.7194031,OZONE,5,17,10,2026-09-06 06:14:15
India,Telangana,Hyderabad,"New Malakpet, Hyderabad - TSPCB",06-09-2026 11:00:00,17.37206,78.50864,SO2,6,14,9,2026-09-06 06:14:15
India,Telangana,Hyderabad,"Kokapet, Hyderabad - TSPCB",06-09-2026 11:00:00,17.393559,78.339194,PM2.5,30,56,39,2026-09-06 06:14:15
India,Telangana,Hyderabad,"Kokapet, Hyderabad - TSPCB",06-09-2026 11:00:00,17.393559,78.339194,NO2,11,14,13,2026-09-06 06:14:15
India,Telangana,Hyderabad,"Kokapet, Hyderabad - TSPCB",06-09-2026 11:00:00,17.393559,78.339194,NH3,3,4,3,2026-09-06 06:14:15
India,Telangana,Hyderabad,"ECIL Kapra, Hyderabad - TSPCB",06-09-2026 11:00:00,17.470431,78.566959,NH3,2,4,3,2026-09-06 06:14:15
India,Telangana,Hyderabad,"Ramachandrapuram, Hyderabad - TSPCB",06-09-2026 11:00:00,17.528544,78.286195,NH3,3,4,3,2026-09-06 06:14:15
India,Telangana,Hyderabad,"Kompally Municipal Office, Hyderabad - TSPCB",06-09-2026 11:00:00,17.544899,78.486949,NH3,2,3,3,2026-09-06 06:14:15
India,Telangana,Hyderabad,"Somajiguda, Hyderabad - TSPCB",06-09-2026 11:00:00,17.417094,78.457437,NH3,4,4,4,2026-09-06 06:14:15
India,Telangana,Hyderabad,"Somajiguda, Hyderabad - TSPCB",06-09-2026 11:00:00,17.417094,78.457437,SO2,12,13,12,2026-09-06 06:14:15
India,Telangana,Hyderabad,"Somajiguda, Hyderabad - TSPCB",06-09-2026 11:00:00,17.417094,78.457437,CO,10,13,11,2026-09-06 06:14:15
India,Telangana,Hyderabad,"IDA Pashamylaram, Hyderabad - TSPCB",06-09-2026 11:00:00,17.5316895,78.218939,NO2,16,19,18,2026-09-06 06:14:15
India,Telangana,Hyderabad,"ICRISAT Patancheru, Hyderabad - TSPCB",06-09-2026 11:00:00,17.5184,78.278777,NO2,12,48,23,2026-09-06 06:14:15
India,Uttar Pradesh,Khora,"Prashant Garden, Khora - UPPCB",06-09-2026 11:00:00,28.61119,77.34206,OZONE,14,15,14,2026-09-06 06:14:15
India,Uttar Pradesh,Khurja,"Kalindi Kunj, Khurja - UPPCB",06-09-2026 11:00:00,28.2348927,77.8683002,PM10,20,107,38,2026-09-06 06:14:15
India,Uttar Pradesh,Khurja,"Kalindi Kunj, Khurja - UPPCB",06-09-2026 11:00:00,28.2348927,77.8683002,SO2,10,11,10,2026-09-06 06:14:15
India,Uttar Pradesh,Lucknow,"Talkatora District Industries Center, Lucknow - CPCB",06-09-2026 11:00:00,26.83399722,80.8917361,PM10,22,75,44,2026-09-06 06:14:15
India,Uttar Pradesh,Lucknow,"Kendriya Vidyalaya, Lucknow - CPCB",06-09-2026 11:00:00,26.906111,80.948222,SO2,3,8,7,2026-09-06 06:14:15
India,Uttar Pradesh,Lucknow,"B R Ambedkar University, Lucknow - UPPCB",06-09-2026 11:00:00,26.766433,80.927299,SO2,28,36,31,2026-09-06 06:14:15
India,Uttar Pradesh,Lucknow,"Lalbagh, Lucknow - CPCB",06-09-2026 11:00:00,26.8458805,80.9365541,SO2,2,6,4,2026-09-06 06:14:15
India,Uttar Pradesh,Lucknow,"Lalbagh, Lucknow - CPCB",06-09-2026 11:00:00,26.8458805,80.9365541,OZONE,5,45,26,2026-09-06 06:14:15
India,Uttar Pradesh,Meerut,"Jai Bhim Nagar, Meerut - UPPCB",06-09-2026 11:00:00,28.9535882,77.7622941,PM2.5,NA,NA,NA,2026-09-06 06:14:15
India,Uttar Pradesh,Meerut,"Jai Bhim Nagar, Meerut - UPPCB",06-09-2026 11:00:00,28.9535882,77.7622941,OZONE,13,31,19,2026-09-06 06:14:15
India,Uttar Pradesh,Ghaziabad,"Govindpuram, Ghaziabad - UPPCB",06-09-2026 11:00:00,28.694528,77.494705,CO,29,35,32,2026-09-06 06:14:15
India,Uttar Pradesh,Greater Noida,"Knowledge Park - III, Greater Noida - UPPCB",06-09-2026 11:00:00,28.47272,77.482,NH3,5,6,6,2026-09-06 06:14:15
India,Uttar Pradesh,Greater Noida,"Knowledge Park - III, Greater Noida - UPPCB",06-09-2026 11:00:00,28.47272,77.482,OZONE,8,11,9,2026-09-06 06:14:15
India,Uttar Pradesh,Hapur,"Anand Vihar, Hapur - UPPCB",06-09-2026 11:00:00,28.725645,77.749675,PM2.5,6,39,19,2026-09-06 06:14:15
India,Uttar Pradesh,Jhansi,"Shivaji Nagar, Jhansi - UPPCB",06-09-2026 11:00:00,25.4547,78.6039,SO2,20,31,25,2026-09-06 06:14:15
India,Uttar Pradesh,Kanpur,"FTI Kidwai Nagar, Kanpur - UPPCB",06-09-2026 11:00:00,26.428282,80.327067,PM10,14,127,38,2026-09-06 06:14:15
India,Uttar Pradesh,Kanpur,"NSI Kalyanpur, Kanpur - UPPCB",06-09-2026 11:00:00,26.509954,80.249612,NO2,31,32,31,2026-09-06 06:14:15
India,Uttar Pradesh,Kanpur,"NSI Kalyanpur, Kanpur - UPPCB",06-09-2026 11:00:00,26.509954,80.249612,SO2,24,25,25,2026-09-06 06:14:15
India,Uttar Pradesh,Noida,"Sector - 125, Noida - UPPCB",06-09-2026 11:00:00,28.5447608,77.3231257,SO2,10,13,11,2026-09-06 06:14:15
India,Uttar Pradesh,Noida,"Sector - 125, Noida - UPPCB",06-09-2026 11:00:00,28.5447608,77.3231257,OZONE,13,14,13,2026-09-06 06:14:15
India,Uttar Pradesh,Noida,"Sector - 62, Noida - IITM",06-09-2026 11:00:00,28.6245479,77.3577104,PM2.5,17,74,38,2026-09-06 06:14:15
India,Uttar Pradesh,Noida,"Sector-1, Noida - UPPCB",06-09-2026 11:00:00,28.5898,77.3101,NO2,NA,NA,NA,2026-09-06 06:14:15
India,Uttar Pradesh,Noida,"Sector-1, Noida - UPPCB",06-09-2026 11:00:00,28.5898,77.3101,SO2,NA,NA,NA,2026-09-06 06:14:15
India,Uttar Pradesh,Noida,"Sector-116, Noida - UPPCB",06-09-2026 11:00:00,28.56923,77.393848,PM2.5,58,133,86,2026-09-06 06:14:15
India,Uttar Pradesh,Noida,"Sector-116, Noida - UPPCB",06-09-2026 11:00:00,28.56923,77.393848,NO2,12,59,30,2026-09-06 06:14:15
India,Uttar Pradesh,Prayagraj,"Motilal Nehru NIT, Prayagraj - UPPCB",06-09-2026 11:00:00,25.494,81.863,PM2.5,4,12,9,2026-09-06 06:14:15
India,Uttar Pradesh,Prayagraj,"Nagar Nigam, Prayagraj - UPPCB",06-09-2026 11:00:00,25.44919916,81.82735986,PM10,26,280,83,2026-09-06 06:14:15
India,Uttar Pradesh,Prayagraj,"Nagar Nigam, Prayagraj - UPPCB",06-09-2026 11:00:00,25.44919916,81.82735986,SO2,33,78,52,2026-09-06 06:14:15
India,Uttar Pradesh,Prayagraj,"Nagar Nigam, Prayagraj - UPPCB",06-09-2026 11:00:00,25.44919916,81.82735986,OZONE,9,16,12,2026-09-06 06:14:15
India,Uttar Pradesh,Prayagraj,"Jhunsi, Prayagraj - UPPCB",06-09-2026 11:00:00,25.425602,81.917152,CO,18,35,25,2026-09-06 06:14:15
India,Uttar Pradesh,Raebareli,"Anand Nagar, Raebareli - UPPCB",06-09-2026 11:00:00,26.219512,81.237648,PM10,48,93,74,2026-09-06 06:14:15
India,Uttar Pradesh,Raebareli,"Anand Nagar, Raebareli - UPPCB",06-09-2026 11:00:00,26.219512,81.237648,CO,49,83,54,2026-09-06 06:14:15
India,Uttar Pradesh,Shamli,"New Tehsil, Shamli - UPPCB",06-09-2026 11:00:00,29.4603683,77.3410291,NO2,8,19,12,2026-09-06 06:14:15
India,Uttar Pradesh,Varanasi,"Maldahiya, Varanasi - UPPCB",06-09-2026 11:00:00,25.32393,82.99687,PM10,36,89,58,2026-09-06 06:14:15
India,Uttar Pradesh,Varanasi,"Ardhali Bazar, Varanasi - UPPCB",06-09-2026 11:00:00,25.3505986,82.9083074,PM10,24,63,39,2026-09-06 06:14:15
India,Uttar Pradesh,Varanasi,"Ardhali Bazar, Varanasi - UPPCB",06-09-2026 11:00:00,25.3505986,82.9083074,OZONE,9,17,12,2026-09-06 06:14:15
India,Uttar Pradesh,Varanasi,"IESD Banaras Hindu University, Varanasi - UPPCB",06-09-2026 11:00:00,25.262326,82.995408,PM2.5,7,53,25,2026-09-06 06:14:15
India,Uttar Pradesh,Varanasi,"IESD Banaras Hindu University, Varanasi - UPPCB",06-09-2026 11:00:00,25.262326,82.995408,PM10,11,42,31,2026-09-06 06:14:15
India,Uttar Pradesh,Varanasi,"IESD Banaras Hindu University, Varanasi - UPPCB",06-09-2026 11:00:00,25.262326,82.995408,NH3,0,0,0,2026-09-06 06:14:15
India,Uttar Pradesh,Varanasi,"IESD Banaras Hindu University, Varanasi - UPPCB",06-09-2026 11:00:00,25.262326,82.995408,SO2,20,41,28,2026-09-06 06:14:15
India,Uttar Pradesh,Varanasi,"IESD Banaras Hindu University, Varanasi - UPPCB",06-09-2026 11:00:00,25.262326,82.995408,CO,1,2,2,2026-09-06 06:14:15
India,Uttarakhand,Kashipur,"Govt. Girls Inter College, Kashipur - UKPCB",06-09-2026 11:00:00,29.2124114,78.9611753,NO2,NA,NA,NA,2026-09-06 06:14:15
India,Uttarakhand,Rishikesh,"Shivaji Nagar, Rishikesh - UKPCB",06-09-2026 11:00:00,30.075911,78.2859547,SO2,1,1,1,2026-09-06 06:14:15
India,West Bengal,Asansol,"Asansol Court Area, Asansol - WBPCB",06-09-2026 11:00:00,23.685297,86.945968,OZONE,10,18,15,2026-09-06 06:14:15
India,West Bengal,Asansol,"Evelyn Lodge, Asansol - WBPCB",06-09-2026 11:00:00,23.697936,86.944395,NO2,9,22,14,2026-09-06 06:14:15
India,West Bengal,Asansol,"Mahabir Colliery, Asansol - WBPCB",06-09-2026 11:00:00,23.618183,87.105718,PM2.5,33,56,45,2026-09-06 06:14:15
India,West Bengal,Asansol,"Mahabir Colliery, Asansol - WBPCB",06-09-2026 11:00:00,23.618183,87.105718,CO,10,13,11,2026-09-06 06:14:15
India,West Bengal,Barrackpore,"SVSPA Campus, Barrackpore - WBPCB",06-09-2026 11:00:00,22.7605581,88.3617589,NO2,11,23,17,2026-09-06 06:14:15
India,West Bengal,Barrackpore,"SVSPA Campus, Barrackpore - WBPCB",06-09-2026 11:00:00,22.7605581,88.3617589,NH3,5,8,6,2026-09-06 06:14:15
India,West Bengal,Barrackpore,"SVSPA Campus, Barrackpore - WBPCB",06-09-2026 11:00:00,22.7605581,88.3617589,CO,32,38,34,2026-09-06 06:14:15
India,West Bengal,Barrackpore,"SVSPA Campus, Barrackpore - WBPCB",06-09-2026 11:00:00,22.7605581,88.3617589,OZONE,4,10,6,2026-09-06 06:14:15
India,West Bengal,Durgapur,"PCBL Residential Complex, Durgapur - WBPCB",06-09-2026 11:00:00,23.508764,87.35444,NH3,4,6,5,2026-09-06 06:14:15
India,West Bengal,Durgapur,"Mahishkapur Road_B-Zone, Durgapur - WBPCB",06-09-2026 11:00:00,23.567923,87.306843,PM10,72,137,95,2026-09-06 06:14:15
India,West Bengal,Durgapur,"Mahishkapur Road_B-Zone, Durgapur - WBPCB",06-09-2026 11:00:00,23.567923,87.306843,NH3,0,1,0,2026-09-06 06:14:15
India,West Bengal,Durgapur,"Womens College_City Center, Durgapur - WBPCB",06-09-2026 11:00:00,23.549395,87.300496,PM2.5,60,133,83,2026-09-06 06:14:15
India,West Bengal,Haldia,"Priyambada Housing Estate, Haldia - WBPCB",06-09-2026 11:00:00,22.06047,88.109737,PM10,40,77,60,2026-09-06 06:14:15
India,West Bengal,Howrah,"Belur Math, Howrah - WBPCB",06-09-2026 11:00:00,22.629801,88.352017,PM2.5,50,96,70,2026-09-06 06:14:15
India,West Bengal,Howrah,"Belur Math, Howrah - WBPCB",06-09-2026 11:00:00,22.629801,88.352017,PM10,69,107,82,2026-09-06 06:14:15
India,West Bengal,Howrah,"Belur Math, Howrah - WBPCB",06-09-2026 11:00:00,22.629801,88.352017,SO2,8,9,8,2026-09-06 06:14:15
India,West Bengal,Howrah,"Belur Math, Howrah - WBPCB",06-09-2026 11:00:00,22.629801,88.352017,OZONE,8,9,8,2026-09-06 06:14:15
India,West Bengal,Howrah,"Dasnagar, Howrah - WBPCB",06-09-2026 11:00:00,22.6025571,88.3105664,NO2,4,22,10,2026-09-06 06:14:15
India,West Bengal,Howrah,"Dasnagar, Howrah - WBPCB",06-09-2026 11:00:00,22.6025571,88.3105664,NH3,1,8,3,2026-09-06 06:14:15
India,West Bengal,Howrah,"Botanical Garden, Howrah - WBPCB",06-09-2026 11:00:00,22.554954,88.292568,PM10,54,117,91,2026-09-06 06:14:15
India,West Bengal,Howrah,"Ghusuri, Howrah - WBPCB",06-09-2026 11:00:00,22.611968,88.347422,PM2.5,58,170,90,2026-09-06 06:14:15
India,West Bengal,Howrah,"Padmapukur, Howrah - WBPCB",06-09-2026 11:00:00,22.5687319,88.2797276,PM2.5,32,54,41,2026-09-06 06:14:15
India,West Bengal,Howrah,"Padmapukur, Howrah - WBPCB",06-09-2026 11:00:00,22.5687319,88.2797276,PM10,90,116,105,2026-09-06 06:14:15
India,West Bengal,Kolkata,"Bidhannagar, Kolkata - WBPCB",06-09-2026 11:00:00,22.58157048,88.41002457,PM10,43,68,56,2026-09-06 06:14:15
India,West Bengal,Kolkata,"Bidhannagar, Kolkata - WBPCB",06-09-2026 11:00:00,22.58157048,88.41002457,NH3,2,8,5,2026-09-06 06:14:15
India,West Bengal,Kolkata,"Jadavpur, Kolkata - WBPCB",06-09-2026 11:00:00,22.49929,88.36917,PM2.5,55,103,73,2026-09-06 06:14:15
India,West Bengal,Kolkata,"Jadavpur, Kolkata - WBPCB",06-09-2026 11:00:00,22.49929,88.36917,PM10,60,113,83,2026-09-06 06:14:15
India,West Bengal,Kolkata,"Rabindra Bharati University, Kolkata - WBPCB",06-09-2026 11:00:00,22.627847,88.380669,PM2.5,48,86,67,2026-09-06 06:14:15
India,West Bengal,Kolkata,"Rabindra Bharati University, Kolkata - WBPCB",06-09-2026 11:00:00,22.627847,88.380669,PM10,72,105,88,2026-09-06 06:14:15
India,West Bengal,Kolkata,"Rabindra Bharati University, Kolkata - WBPCB",06-09-2026 11:00:00,22.627847,88.380669,NH3,6,21,10,2026-09-06 06:14:15
India,West Bengal,Kolkata,"Ballygunge, Kolkata - WBPCB",06-09-2026 11:00:00,22.5367507,88.3638022,SO2,2,6,4,2026-09-06 06:14:15
India,West Bengal,Kolkata,"Ballygunge, Kolkata - WBPCB",06-09-2026 11:00:00,22.5367507,88.3638022,CO,18,22,20,2026-09-06 06:14:15
India,West Bengal,Kolkata,"Victoria, Kolkata - WBPCB",06-09-2026 11:00:00,22.5448082,88.3403691,PM2.5,36,57,43,2026-09-06 06:14:15
India,Bihar,Purnia,"Mariam Nagar, Purnia - BSPCB",06-09-2026 11:00:00,25.366336,87.117468,NO2,17,19,18,2026-09-06 06:14:15
India,Bihar,Purnia,"Mariam Nagar, Purnia - BSPCB",06-09-2026 11:00:00,25.366336,87.117468,NH3,4,4,4,2026-09-06 06:14:15
India,Bihar,Rajgir,"Dangi Tola, Rajgir - BSPCB",06-09-2026 11:00:00,25.0328,85.41948,NH3,3,3,3,2026-09-06 06:14:15
India,Bihar,Rajgir,"Dangi Tola, Rajgir - BSPCB",06-09-2026 11:00:00,25.0328,85.41948,OZONE,5,33,19,2026-09-06 06:14:15
India,Bihar,Saharsa,"Police Line, Saharsa - BSPCB",06-09-2026 11:00:00,25.892357,86.590325,SO2,17,20,19,2026-09-06 06:14:15
India,Bihar,Samastipur,"DM Office_Kasipur, Samastipur - BSPCB",06-09-2026 11:00:00,25.859655,85.77944,SO2,11,16,12,2026-09-06 06:14:15
India,Bihar,Sasaram,"Dada Peer, Sasaram - BSPCB",06-09-2026 11:00:00,24.952822,84.002396,NO2,2,3,2,2026-09-06 06:14:15
India,Bihar,Sasaram,"Dada Peer, Sasaram - BSPCB",06-09-2026 11:00:00,24.952822,84.002396,SO2,3,6,4,2026-09-06 06:14:15
India,Bihar,Sasaram,"Dada Peer, Sasaram - BSPCB",06-09-2026 11:00:00,24.952822,84.002396,CO,11,16,14,2026-09-06 06:14:15
India,Bihar,Siwan,"Chitragupta Nagar, Siwan - BSPCB",06-09-2026 11:00:00,26.2271665,84.3570427,PM2.5,NA,NA,NA,2026-09-06 06:14:15
India,Bihar,Siwan,"Chitragupta Nagar, Siwan - BSPCB",06-09-2026 11:00:00,26.2271665,84.3570427,NH3,0,1,1,2026-09-06 06:14:15
India,Bihar,Siwan,"Chitragupta Nagar, Siwan - BSPCB",06-09-2026 11:00:00,26.2271665,84.3570427,SO2,6,11,9,2026-09-06 06:14:15
India,Bihar,Siwan,"Chitragupta Nagar, Siwan - BSPCB",06-09-2026 11:00:00,26.2271665,84.3570427,CO,65,101,81,2026-09-06 06:14:15
India,Chandigarh,Chandigarh,"Sector 22, Chandigarh - CPCC",06-09-2026 11:00:00,30.735567,76.775714,SO2,4,7,6,2026-09-06 06:14:15
India,Chandigarh,Chandigarh,"Sector-25, Chandigarh - CPCC",06-09-2026 11:00:00,30.751462,76.762879,NO2,5,34,18,2026-09-06 06:14:15
India,Chandigarh,Chandigarh,"Sector-53, Chandigarh - CPCC",06-09-2026 11:00:00,30.719859,76.738637,PM10,9,36,20,2026-09-06 06:14:15
India,Chandigarh,Chandigarh,"Sector-53, Chandigarh - CPCC",06-09-2026 11:00:00,30.719859,76.738637,SO2,0,3,2,2026-09-06 06:14:15
India,Chandigarh,Chandigarh,"Sector-53, Chandigarh - CPCC",06-09-2026 11:00:00,30.719859,76.738637,CO,25,43,33,2026-09-06 06:14:15
India,Chhattisgarh,Bhilai,"32Bungalows, Bhilai - CECB",06-09-2026 11:00:00,21.194815,81.31477,NO2,3,11,6,2026-09-06 06:14:15
India,Chhattisgarh,Bhilai,"Civic Center, Bhilai - Bhilai Steel Plant",06-09-2026 11:00:00,21.185571,81.343175,PM10,8,34,18,2026-09-06 06:14:15
India,Chhattisgarh,Bhilai,"Civic Center, Bhilai - Bhilai Steel Plant",06-09-2026 11:00:00,21.185571,81.343175,SO2,6,14,10,2026-09-06 06:14:15
India,Chhattisgarh,Bhilai,"Hathkhoj, Bhilai - CECB",06-09-2026 11:00:00,21.224231,81.40835,SO2,3,24,13,2026-09-06 06:14:15
India,Chhattisgarh,Bhilai,"Hathkhoj, Bhilai - CECB",06-09-2026 11:00:00,21.224231,81.40835,CO,11,21,16,2026-09-06 06:14:15
India,Chhattisgarh,Bhilai,"Hathkhoj, Bhilai - CECB",06-09-2026 11:00:00,21.224231,81.40835,OZONE,10,13,11,2026-09-06 06:14:15
India,Chhattisgarh,Bilaspur,"Mangala, Bilaspur - NTPC",06-09-2026 11:00:00,22.08815,82.13737,OZONE,NA,NA,NA,2026-09-06 06:14:15
India,Chhattisgarh,Chhal,"Nawapara SECL Colony, Chhal - CECB",06-09-2026 11:00:00,22.118125,83.140608,PM2.5,42,110,71,2026-09-06 06:14:15
India,Chhattisgarh,Chhal,"Nawapara SECL Colony, Chhal - CECB",06-09-2026 11:00:00,22.118125,83.140608,SO2,9,32,17,2026-09-06 06:14:15
India,Chhattisgarh,Chhal,"Nawapara SECL Colony, Chhal - CECB",06-09-2026 11:00:00,22.118125,83.140608,OZONE,29,37,34,2026-09-06 06:14:15
India,Chhattisgarh,Korba,"Urja Nagar, Korba - CECB",06-09-2026 11:00:00,22.348441,82.549611,SO2,10,14,11,2026-09-06 06:14:15
India,Chhattisgarh,Korba,"Urja Nagar, Korba - CECB",06-09-2026 11:00:00,22.348441,82.549611,OZONE,5,5,5,2026-09-06 06:14:15
India,Chhattisgarh,Korba,"Rampur, Korba - CECB",06-09-2026 11:00:00,22.368195,82.746431,CO,7,14,11,2026-09-06 06:14:15
India,Chhattisgarh,Kunjemura,"OP Jindal School, Kunjemura - CECB",06-09-2026 11:00:00,22.12665,83.483212,NH3,2,2,2,2026-09-06 06:14:15
India,Chhattisgarh,Kunjemura,"OP Jindal School, Kunjemura - CECB",06-09-2026 11:00:00,22.12665,83.483212,CO,28,33,30,2026-09-06 06:14:15
India,Chhattisgarh,Kunjemura,"OP Jindal School, Kunjemura - CECB",06-09-2026 11:00:00,22.12665,83.483212,OZONE,4,5,4,2026-09-06 06:14:15
India,Chhattisgarh,Milupara,"Govt. Higher Secondary School, Milupara - CECB",06-09-2026 11:00:00,22.1910172,83.5197009,PM2.5,17,46,32,2026-09-06 06:14:15
India,Chhattisgarh,Milupara,"Govt. Higher Secondary School, Milupara - CECB",06-09-2026 11:00:00,22.1910172,83.5197009,OZONE,38,40,39,2026-09-06 06:14:15
India,Chhattisgarh,Raipur,"Krishak Nagar, Raipur - CECB",06-09-2026 11:00:00,21.237755,81.705301,PM2.5,14,33,23,2026-09-06 06:14:15
India,Chhattisgarh,Raipur,"Krishak Nagar, Raipur - CECB",06-09-2026 11:00:00,21.237755,81.705301,SO2,5,9,7,2026-09-06 06:14:15
India,Chhattisgarh,Raipur,"Krishak Nagar, Raipur - CECB",06-09-2026 11:00:00,21.237755,81.705301,OZONE,2,3,3,2026-09-06 06:14:15
India,Chhattisgarh,Raipur,"Bhatagaon New ISBT, Raipur - CECB",06-09-2026 11:00:00,21.219665,81.630094,PM2.5,3,35,17,2026-09-06 06:14:15
India,Chhattisgarh,Raipur,"Bhatagaon New ISBT, Raipur - CECB",06-09-2026 11:00:00,21.219665,81.630094,NO2,8,24,13,2026-09-06 06:14:15
India,Chhattisgarh,Raipur,"Bhatagaon New ISBT, Raipur - CECB",06-09-2026 11:00:00,21.219665,81.630094,NH3,2,2,2,2026-09-06 06:14:15
India,Bihar,Bihar Sharif,"D M Colony, Bihar Sharif - BSPCB",06-09-2026 11:00:00,25.204762,85.51496,NO2,NA,NA,NA,2026-09-06 06:14:15
India,Bihar,Bihar Sharif,"D M Colony, Bihar Sharif - BSPCB",06-09-2026 11:00:00,25.204762,85.51496,CO,12,12,12,2026-09-06 06:14:15
India,Bihar,Bihar Sharif,"D M Colony, Bihar Sharif - BSPCB",06-09-2026 11:00:00,25.204762,85.51496,OZONE,1,2,2,2026-09-06 06:14:15
India,Bihar,Chhapra,"Darshan Nagar, Chhapra - BSPCB",06-09-2026 11:00:00,25.7808257,84.7446768,PM10,109,115,113,2026-09-06 06:14:15
India,Bihar,Chhapra,"Darshan Nagar, Chhapra - BSPCB",06-09-2026 11:00:00,25.7808257,84.7446768,CO,80,95,84,2026-09-06 06:14:15
India,Bihar,Chhapra,"Darshan Nagar, Chhapra - BSPCB",06-09-2026 11:00:00,25.7808257,84.7446768,OZONE,1,4,2,2026-09-06 06:14:15
India,Bihar,Gaya,"Collectorate, Gaya - BSPCB",06-09-2026 11:00:00,24.7955,84.9994,SO2,7,7,7,2026-09-06 06:14:15
India,Bihar,Gaya,"SFTI Kusdihra, Gaya - BSPCB",06-09-2026 11:00:00,24.762518,84.982348,PM10,20,46,36,2026-09-06 06:14:15
India,Bihar,Gaya,"SFTI Kusdihra, Gaya - BSPCB",06-09-2026 11:00:00,24.762518,84.982348,CO,10,23,16,2026-09-06 06:14:15
India,Bihar,Gaya,"Kareemganj, Gaya - BSPCB",06-09-2026 11:00:00,24.792403,84.992416,PM2.5,2,357,61,2026-09-06 06:14:15
India,Bihar,Gaya,"Kareemganj, Gaya - BSPCB",06-09-2026 11:00:00,24.792403,84.992416,NO2,NA,NA,NA,2026-09-06 06:14:15
India,Bihar,Gaya,"Kareemganj, Gaya - BSPCB",06-09-2026 11:00:00,24.792403,84.992416,CO,33,60,46,2026-09-06 06:14:15
India,Bihar,Katihar,"Mirchaibari, Katihar - BSPCB",06-09-2026 11:00:00,25.560083,87.553265,CO,62,81,71,2026-09-06 06:14:15
India,Bihar,Kishanganj,"SDM Office_Khagra, Kishanganj - BSPCB",06-09-2026 11:00:00,26.0881305,87.93840336,PM2.5,40,65,53,2026-09-06 06:14:15
India,Bihar,Kishanganj,"SDM Office_Khagra, Kishanganj - BSPCB",06-09-2026 11:00:00,26.0881305,87.93840336,NO2,7,8,7,2026-09-06 06:14:15
India,Bihar,Manguraha,"Forest Rest House, Manguraha - BSPCB",06-09-2026 11:00:00,27.308328,84.531742,PM2.5,NA,NA,NA,2026-09-06 06:14:15
India,Bihar,Manguraha,"Forest Rest House, Manguraha - BSPCB",06-09-2026 11:00:00,27.308328,84.531742,PM10,39,176,89,2026-09-06 06:14:15
India,Bihar,Manguraha,"Forest Rest House, Manguraha - BSPCB",06-09-2026 11:00:00,27.308328,84.531742,CO,17,36,27,2026-09-06 06:14:15
India,Bihar,Manguraha,"Forest Rest House, Manguraha - BSPCB",06-09-2026 11:00:00,27.308328,84.531742,OZONE,29,47,36,2026-09-06 06:14:15
India,Andhra Pradesh,Kakinada,"Rama Rao Peta, Kakinada - APPCB",06-09-2026 11:00:00,16.962488,82.229513,SO2,10,18,12,2026-09-06 06:14:15
India,Andhra Pradesh,Kakinada,"Rama Rao Peta, Kakinada - APPCB",06-09-2026 11:00:00,16.962488,82.229513,CO,17,41,32,2026-09-06 06:14:15
India,Andhra Pradesh,Kurnool,"Sita Rama Nagar, Kurnool - APPCB",06-09-2026 11:00:00,15.83411,78.028546,NH3,5,5,5,2026-09-06 06:14:15
India,Andhra Pradesh,Nellore,"Ambedkar Nagar, Nellore - APPCB ",06-09-2026 11:00:00,14.438164,79.966814,PM10,54,70,64,2026-09-06 06:14:15
India,Andhra Pradesh,Nellore,"Ambedkar Nagar, Nellore - APPCB ",06-09-2026 11:00:00,14.438164,79.966814,NH3,5,6,6,2026-09-06 06:14:15
India,Andhra Pradesh,Nellore,"Ambedkar Nagar, Nellore - APPCB ",06-09-2026 11:00:00,14.438164,79.966814,CO,32,32,32,2026-09-06 06:14:15
India,Andhra Pradesh,Nellore,"Ambedkar Nagar, Nellore - APPCB ",06-09-2026 11:00:00,14.438164,79.966814,OZONE,29,33,31,2026-09-06 06:14:15
India,Andhra Pradesh,Rajamahendravaram,"Anand Kala Kshetram, Rajamahendravaram - APPCB",06-09-2026 11:00:00,16.9872867,81.7363176,PM10,23,81,54,2026-09-06 06:14:15
India,Andhra Pradesh,Srikakulam,"Chinna Bharatham Colony, Srikakulam - APPCB",06-09-2026 11:00:00,18.292191,83.897173,SO2,14,19,16,2026-09-06 06:14:15
India,Andhra Pradesh,Tirumala,"Toll Gate, Tirumala - APPCB",06-09-2026 11:00:00,13.67,79.35,SO2,6,10,8,2026-09-06 06:14:15
India,Andhra Pradesh,Tirupati,"Vaikuntapuram, Tirupati - APPCB",06-09-2026 11:00:00,13.615387,79.40923,PM10,72,79,76,2026-09-06 06:14:15
India,Andhra Pradesh,Tirupati,"Vaikuntapuram, Tirupati - APPCB",06-09-2026 11:00:00,13.615387,79.40923,NH3,3,4,3,2026-09-06 06:14:15
India,Andhra Pradesh,Tirupati,"Vaikuntapuram, Tirupati - APPCB",06-09-2026 11:00:00,13.615387,79.40923,SO2,19,20,19,2026-09-06 06:14:15
India,Andhra Pradesh,Vijayawada,"Rajiv Nagar, Vijayawada - APPCB",06-09-2026 11:00:00,16.554731,80.64911,PM2.5,59,74,62,2026-09-06 06:14:15
India,Andhra Pradesh,Vijayawada,"HB Colony, Vijayawada - APPCB",06-09-2026 11:00:00,16.536107,80.594233,PM2.5,38,57,50,2026-09-06 06:14:15
India,Andhra Pradesh,Vijayawada,"HB Colony, Vijayawada - APPCB",06-09-2026 11:00:00,16.536107,80.594233,SO2,10,18,13,2026-09-06 06:14:15
India,Andhra Pradesh,Vijayawada,"Rajiv Gandhi Park, Vijayawada - APPCB",06-09-2026 11:00:00,16.509717,80.612222,PM10,49,79,63,2026-09-06 06:14:15
India,Andhra Pradesh,Vijayawada,"Rajiv Gandhi Park, Vijayawada - APPCB",06-09-2026 11:00:00,16.509717,80.612222,NH3,5,8,7,2026-09-06 06:14:15
India,Andhra Pradesh,Vijayawada,"Rajiv Gandhi Park, Vijayawada - APPCB",06-09-2026 11:00:00,16.509717,80.612222,OZONE,13,13,13,2026-09-06 06:14:15
India,Andhra Pradesh,Visakhapatnam,"GVM Corporation, Visakhapatnam - APPCB",06-09-2026 11:00:00,17.72,83.3,NH3,2,3,2,2026-09-06 06:14:15
India,Andhra Pradesh,Visakhapatnam,"GVM Corporation, Visakhapatnam - APPCB",06-09-2026 11:00:00,17.72,83.3,SO2,6,112,28,2026-09-06 06:14:15
India,Arunachal Pradesh,Naharlagun,"Naharlagun, Naharlagun - APSPCB",06-09-2026 11:00:00,27.103358,93.679645,PM2.5,2,46,26,2026-09-06 06:14:15
India,Arunachal Pradesh,Naharlagun,"Naharlagun, Naharlagun - APSPCB",06-09-2026 11:00:00,27.103358,93.679645,CO,6,31,12,2026-09-06 06:14:15
India,Assam,Byrnihat,"Central Academy for SFS, Byrnihat - PCBA",06-09-2026 11:00:00,26.071318,91.87488,PM2.5,82,203,103,2026-09-06 06:14:15
India,Assam,Byrnihat,"Central Academy for SFS, Byrnihat - PCBA",06-09-2026 11:00:00,26.071318,91.87488,SO2,6,32,29,2026-09-06 06:14:15
India,Assam,Byrnihat,"Central Academy for SFS, Byrnihat - PCBA",06-09-2026 11:00:00,26.071318,91.87488,CO,54,68,61,2026-09-06 06:14:15
India,Assam,Guwahati,"IITG, Guwahati - PCBA",06-09-2026 11:00:00,26.2028636,91.70046436,NO2,1,3,2,2026-09-06 06:14:15
India,Assam,Guwahati,"LGBI Airport, Guwahati - PCBA",06-09-2026 11:00:00,26.10887,91.589544,SO2,7,13,11,2026-09-06 06:14:15
India,Assam,Guwahati,"Railway Colony, Guwahati - PCBA",06-09-2026 11:00:00,26.181742,91.78063,PM10,19,82,44,2026-09-06 06:14:15
India,Assam,Guwahati,"Railway Colony, Guwahati - PCBA",06-09-2026 11:00:00,26.181742,91.78063,NO2,3,4,3,2026-09-06 06:14:15
India,Chhattisgarh,Raipur,"AIIMS, Raipur - CECB",06-09-2026 11:00:00,21.258815,81.578979,NO2,0,2,1,2026-09-06 06:14:15
India,Chhattisgarh,Raipur,"AIIMS, Raipur - CECB",06-09-2026 11:00:00,21.258815,81.578979,NH3,2,2,2,2026-09-06 06:14:15
India,Chhattisgarh,Raipur,"AIIMS, Raipur - CECB",06-09-2026 11:00:00,21.258815,81.578979,CO,16,20,18,2026-09-06 06:14:15
India,Delhi,Delhi,"ITO, Delhi - CPCB",06-09-2026 11:00:00,28.628624,77.24106,PM10,20,78,40,2026-09-06 06:14:15
India,Delhi,Delhi,"ITO, Delhi - CPCB",06-09-2026 11:00:00,28.628624,77.24106,OZONE,14,17,15,2026-09-06 06:14:15
India,Delhi,Delhi,"Narela, Delhi - DPCC",06-09-2026 11:00:00,28.822836,77.101981,SO2,5,11,9,2026-09-06 06:14:15
India,Delhi,Delhi,"Narela, Delhi - DPCC",06-09-2026 11:00:00,28.822836,77.101981,CO,59,71,64,2026-09-06 06:14:15
India,Delhi,Delhi,"Major Dhyan Chand National Stadium, Delhi - DPCC",06-09-2026 11:00:00,28.611281,77.237738,CO,40,51,45,2026-09-06 06:14:15
India,Delhi,Delhi,"Major Dhyan Chand National Stadium, Delhi - DPCC",06-09-2026 11:00:00,28.611281,77.237738,OZONE,3,7,5,2026-09-06 06:14:15
India,Delhi,Delhi,"Sonia Vihar, Delhi - DPCC",06-09-2026 11:00:00,28.710508,77.249485,PM2.5,5,63,32,2026-09-06 06:14:15
India,Delhi,Delhi,"Sonia Vihar, Delhi - DPCC",06-09-2026 11:00:00,28.710508,77.249485,PM10,12,59,34,2026-09-06 06:14:15
India,Delhi,Delhi,"Sonia Vihar, Delhi - DPCC",06-09-2026 11:00:00,28.710508,77.249485,NH3,7,16,14,2026-09-06 06:14:15
India,Delhi,Delhi,"Okhla Phase-2, Delhi - DPCC",06-09-2026 11:00:00,28.530785,77.271255,PM10,34,500,73,2026-09-06 06:14:15
India,Assam,Nagaon,"Christianpatty, Nagaon - PCBA",06-09-2026 11:00:00,26.349082,92.68449,OZONE,6,11,9,2026-09-06 06:14:15
India,Assam,Nalbari,"Bata Chowk, Nalbari - PCBA",06-09-2026 11:00:00,26.446912,91.439057,PM2.5,20,122,46,2026-09-06 06:14:15
India,Assam,Silchar,"Tarapur, Silchar - PCBA",06-09-2026 11:00:00,24.82827,92.79525,CO,24,33,27,2026-09-06 06:14:15
India,Assam,Sivasagar,"Girls College, Sivasagar - PCBA",06-09-2026 11:00:00,26.987634,94.636574,PM2.5,18,45,29,2026-09-06 06:14:15
India,Bihar,Araria,"Kharahiya Basti, Araria - BSPCB",06-09-2026 11:00:00,26.146529,87.454184,PM2.5,33,82,53,2026-09-06 06:14:15
India,Bihar,Arrah,"New DM Office, Arrah - BSPCB",06-09-2026 11:00:00,25.5626095,84.663264,NH3,2,2,2,2026-09-06 06:14:15
India,Bihar,Arrah,"New DM Office, Arrah - BSPCB",06-09-2026 11:00:00,25.5626095,84.663264,OZONE,6,20,13,2026-09-06 06:14:15
India,Bihar,Bettiah,"Kamalnath Nagar, Bettiah - BSPCB",06-09-2026 11:00:00,26.80365,84.51954,NH3,2,5,3,2026-09-06 06:14:15
India,Bihar,Bhagalpur,"DM Office_Kachari Chowk, Bhagalpur - BSPCB",06-09-2026 11:00:00,25.251013,86.989001,PM2.5,17,325,107,2026-09-06 06:14:15
India,Bihar,Munger,"Town Hall, Munger - BSPCB",06-09-2026 11:00:00,25.376776,86.471523,PM10,NA,NA,NA,2026-09-06 06:14:15
India,Bihar,Muzaffarpur,"Buddha Colony, Muzaffarpur - BSPCB",06-09-2026 11:00:00,26.11442,85.39813,NO2,11,45,20,2026-09-06 06:14:15
India,Bihar,Muzaffarpur,"MIT-Daudpur Kothi, Muzaffarpur - BSPCB",06-09-2026 11:00:00,26.1403345,85.3650192,SO2,13,19,15,2026-09-06 06:14:15
India,Bihar,Patna,"Rajbansi Nagar, Patna - BSPCB",06-09-2026 11:00:00,25.599486,85.113666,PM2.5,24,60,39,2026-09-06 06:14:15
India,Bihar,Patna,"Rajbansi Nagar, Patna - BSPCB",06-09-2026 11:00:00,25.599486,85.113666,SO2,7,17,11,2026-09-06 06:14:15
India,Bihar,Patna,"Govt. High School Shikarpur, Patna - BSPCB",06-09-2026 11:00:00,25.592539,85.227158,NO2,5,6,6,2026-09-06 06:14:15
India,Bihar,Patna,"Govt. High School Shikarpur, Patna - BSPCB",06-09-2026 11:00:00,25.592539,85.227158,CO,32,40,36,2026-09-06 06:14:15
India,Bihar,Patna,"DRM Office Danapur, Patna - BSPCB",06-09-2026 11:00:00,25.586562,85.043586,SO2,5,7,6,2026-09-06 06:14:15
India,Bihar,Patna,"Samanpura, Patna - BSPCB",06-09-2026 11:00:00,25.596727,85.085624,CO,20,24,22,2026-09-06 06:14:15
India,Bihar,Patna,"Samanpura, Patna - BSPCB",06-09-2026 11:00:00,25.596727,85.085624,OZONE,22,24,23,2026-09-06 06:14:15
India,Delhi,Delhi,"Okhla Phase-2, Delhi - DPCC",06-09-2026 11:00:00,28.530785,77.271255,NO2,16,35,24,2026-09-06 06:14:15
India,Delhi,Delhi,"Rohini, Delhi - DPCC",06-09-2026 11:00:00,28.732528,77.11992,PM2.5,43,173,64,2026-09-06 06:14:15
India,Delhi,Delhi,"Rohini, Delhi - DPCC",06-09-2026 11:00:00,28.732528,77.11992,NO2,0,6,2,2026-09-06 06:14:15
India,Delhi,Delhi,"IHBAS, Dilshad Garden, Delhi - CPCB",06-09-2026 11:00:00,28.6811736,77.3025234,PM10,11,131,43,2026-09-06 06:14:15
India,Delhi,Delhi,"IHBAS, Dilshad Garden, Delhi - CPCB",06-09-2026 11:00:00,28.6811736,77.3025234,NH3,4,5,5,2026-09-06 06:14:15
India,Delhi,Delhi,"Sri Aurobindo Marg, Delhi - DPCC",06-09-2026 11:00:00,28.531346,77.190156,PM10,15,76,45,2026-09-06 06:14:15
India,Delhi,Delhi,"Nehru Nagar, Delhi - DPCC",06-09-2026 11:00:00,28.56789,77.250515,NO2,22,47,33,2026-09-06 06:14:15
India,Delhi,Delhi,"Jawaharlal Nehru Stadium, Delhi - DPCC",06-09-2026 11:00:00,28.58028,77.233829,CO,1,1,1,2026-09-06 06:14:15
India,Delhi,Delhi,"Najafgarh, Delhi - DPCC",06-09-2026 11:00:00,28.570173,76.933762,SO2,15,19,16,2026-09-06 06:14:15
India,Andhra Pradesh,Amaravati,"Secretariat, Amaravati - APPCB",06-09-2026 11:00:00,16.5150833,80.5181667,SO2,1,18,5,2026-09-06 06:14:15
India,Andhra Pradesh,Chittoor,"Gangineni Cheruvu, Chittoor - APPCB",06-09-2026 11:00:00,13.20488,79.097889,NO2,33,36,35,2026-09-06 06:14:15
India,Andhra Pradesh,Chittoor,"Gangineni Cheruvu, Chittoor - APPCB",06-09-2026 11:00:00,13.20488,79.097889,SO2,26,28,27,2026-09-06 06:14:15
India,Andhra Pradesh,Chittoor,"Gangineni Cheruvu, Chittoor - APPCB",06-09-2026 11:00:00,13.20488,79.097889,OZONE,33,36,35,2026-09-06 06:14:15
India,Andhra Pradesh,Eluru,"District Court, Eluru - APPCB",06-09-2026 11:00:00,16.711754,81.092095,PM2.5,41,58,49,2026-09-06 06:14:15
India,Andhra Pradesh,Eluru,"District Court, Eluru - APPCB",06-09-2026 11:00:00,16.711754,81.092095,CO,1,3,2,2026-09-06 06:14:15
India,Andhra Pradesh,Kakinada,"Rama Rao Peta, Kakinada - APPCB",06-09-2026 11:00:00,16.962488,82.229513,NO2,30,58,41,2026-09-06 06:14:15
India,Gujarat,Ahmedabad,"Chandkheda, Ahmedabad - IITM",06-09-2026 11:00:00,23.107969,72.574648,PM2.5,35,84,57,2026-09-06 06:14:15
India,Gujarat,Ahmedabad,"Chandkheda, Ahmedabad - IITM",06-09-2026 11:00:00,23.107969,72.574648,NH3,4,5,5,2026-09-06 06:14:15
India,Gujarat,Ahmedabad,"SAC ISRO Bopal, Ahmedabad - IITM",06-09-2026 11:00:00,23.041137,72.456691,PM10,40,64,54,2026-09-06 06:14:15
India,Gujarat,Ahmedabad,"SAC ISRO Bopal, Ahmedabad - IITM",06-09-2026 11:00:00,23.041137,72.456691,SO2,2,4,3,2026-09-06 06:14:15
India,Gujarat,Ahmedabad,"SAC ISRO Satellite, Ahmedabad - IITM",06-09-2026 11:00:00,23.023389,72.515201,CO,14,23,20,2026-09-06 06:14:15
India,Gujarat,Ahmedabad,"SAC ISRO Satellite, Ahmedabad - IITM",06-09-2026 11:00:00,23.023389,72.515201,OZONE,7,18,14,2026-09-06 06:14:15
India,Gujarat,Ahmedabad,"Gyaspur, Ahmedabad - IITM",06-09-2026 11:00:00,22.977134,72.553024,PM2.5,31,80,51,2026-09-06 06:14:15
India,Gujarat,Ahmedabad,"Gyaspur, Ahmedabad - IITM",06-09-2026 11:00:00,22.977134,72.553024,PM10,65,158,102,2026-09-06 06:14:15
India,Gujarat,Ahmedabad,"Gyaspur, Ahmedabad - IITM",06-09-2026 11:00:00,22.977134,72.553024,NO2,29,36,32,2026-09-06 06:14:15
India,Gujarat,Ahmedabad,"Gyaspur, Ahmedabad - IITM",06-09-2026 11:00:00,22.977134,72.553024,NH3,4,7,5,2026-09-06 06:14:15
India,Gujarat,Ahmedabad,"Gyaspur, Ahmedabad - IITM",06-09-2026 11:00:00,22.977134,72.553024,CO,35,52,47,2026-09-06 06:14:15
India,Gujarat,Ahmedabad,"Raikhad, Ahmedabad - IITM",06-09-2026 11:00:00,23.020509,72.579261,OZONE,5,7,6,2026-09-06 06:14:15
India,Gujarat,Ankleshwar,"GIDC, Ankleshwar - GPCB",06-09-2026 11:00:00,21.613267,73.010555,SO2,17,18,17,2026-09-06 06:14:15
India,Gujarat,Bhavnagar,"Vidhyanagar, Bhavnagar - Nexteng Enviro",06-09-2026 11:00:00,21.755417,72.139056,NH3,5,6,5,2026-09-06 06:14:15
India,Gujarat,Bhavnagar,"Vidhyanagar, Bhavnagar - Nexteng Enviro",06-09-2026 11:00:00,21.755417,72.139056,CO,62,63,62,2026-09-06 06:14:15
India,Gujarat,Gandhinagar,"Sector-10, Gandhinagar - GPCB",06-09-2026 11:00:00,23.221714,72.654328,NO2,5,6,5,2026-09-06 06:14:15
India,Gujarat,Gandhinagar,"Sector-10, Gandhinagar - GPCB",06-09-2026 11:00:00,23.221714,72.654328,NH3,1,1,1,2026-09-06 06:14:15
India,Gujarat,Gandhinagar,"Sector-10, Gandhinagar - GPCB",06-09-2026 11:00:00,23.221714,72.654328,CO,14,15,14,2026-09-06 06:14:15
India,Gujarat,Gandhinagar,"Sector-10, Gandhinagar - GPCB",06-09-2026 11:00:00,23.221714,72.654328,OZONE,NA,NA,NA,2026-09-06 06:14:15
India,Gujarat,Gandhinagar,"GIFT City, Gandhinagar - IITM",06-09-2026 11:00:00,23.163798,72.677768,PM10,68,110,85,2026-09-06 06:14:15
India,Gujarat,Gandhinagar,"GIFT City, Gandhinagar - IITM",06-09-2026 11:00:00,23.163798,72.677768,OZONE,3,4,3,2026-09-06 06:14:15
India,Gujarat,Mehsana,"Sadanand Nagar, Mehsana - Nexteng Enviro",06-09-2026 11:00:00,23.59315,72.372792,CO,40,41,40,2026-09-06 06:14:15
India,Haryana,Hisar,"Urban Estate-II, Hisar - HSPCB",06-09-2026 11:00:00,29.14056,75.744941,OZONE,32,34,33,2026-09-06 06:14:15
India,Haryana,Jind,"Police Lines, Jind - HSPCB",06-09-2026 11:00:00,29.307814,76.337619,PM10,52,66,59,2026-09-06 06:14:15
India,Haryana,Jind,"Police Lines, Jind - HSPCB",06-09-2026 11:00:00,29.307814,76.337619,NH3,4,6,5,2026-09-06 06:14:15
India,Haryana,Karnal,"Sector-12, Karnal - HSPCB",06-09-2026 11:00:00,29.6953,77.0027,PM2.5,26,419,55,2026-09-06 06:14:15
India,Haryana,Karnal,"Sector-12, Karnal - HSPCB",06-09-2026 11:00:00,29.6953,77.0027,PM10,30,434,58,2026-09-06 06:14:15
India,Haryana,Karnal,"Sector-12, Karnal - HSPCB",06-09-2026 11:00:00,29.6953,77.0027,NH3,5,12,8,2026-09-06 06:14:15
India,Haryana,Kurukshetra,"Sector-7, Kurukshetra - HSPCB",06-09-2026 11:00:00,29.966942,76.875879,CO,12,21,17,2026-09-06 06:14:15
India,Haryana,Mandikhera,"General Hospital, Mandikhera(Nuh) - HSPCB",06-09-2026 11:00:00,27.9002,76.9938,NO2,13,17,16,2026-09-06 06:14:15
India,Haryana,Mandikhera,"General Hospital, Mandikhera(Nuh) - HSPCB",06-09-2026 11:00:00,27.9002,76.9938,SO2,17,18,18,2026-09-06 06:14:15
India,Haryana,Mandikhera,"General Hospital, Mandikhera(Nuh) - HSPCB",06-09-2026 11:00:00,27.9002,76.9938,OZONE,46,48,47,2026-09-06 06:14:15
India,Haryana,Manesar,"Sector-2 IMT, Manesar - HSPCB",06-09-2026 11:00:00,28.360699,76.93609,PM2.5,8,78,58,2026-09-06 06:14:15
India,Haryana,Manesar,"Sector-2 IMT, Manesar - HSPCB",06-09-2026 11:00:00,28.360699,76.93609,SO2,7,41,15,2026-09-06 06:14:15
India,Haryana,Manesar,"Sector-2 IMT, Manesar - HSPCB",06-09-2026 11:00:00,28.360699,76.93609,CO,13,22,19,2026-09-06 06:14:15
India,Haryana,Manesar,"Sector-2 IMT, Manesar - HSPCB",06-09-2026 11:00:00,28.360699,76.93609,OZONE,8,39,19,2026-09-06 06:14:15
India,Haryana,Narnaul,"Shastri Nagar, Narnaul - HSPCB",06-09-2026 11:00:00,28.060249,76.113115,NO2,22,80,48,2026-09-06 06:14:15
India,Haryana,Narnaul,"Shastri Nagar, Narnaul - HSPCB",06-09-2026 11:00:00,28.060249,76.113115,OZONE,11,48,23,2026-09-06 06:14:15
India,Haryana,Palwal,"Shyam Nagar, Palwal - HSPCB",06-09-2026 11:00:00,28.1485564,77.3320667,PM10,46,69,55,2026-09-06 06:14:15
India,Haryana,Palwal,"Shyam Nagar, Palwal - HSPCB",06-09-2026 11:00:00,28.1485564,77.3320667,CO,39,179,81,2026-09-06 06:14:15
India,Haryana,Panchgaon,"Amity University, Panchgaon - IITM",06-09-2026 11:00:00,28.3153,76.9143,PM10,50,58,58,2026-09-06 06:14:15
India,Haryana,Panchgaon,"Amity University, Panchgaon - IITM",06-09-2026 11:00:00,28.3153,76.9143,NH3,4,15,9,2026-09-06 06:14:15
India,Haryana,Panchgaon,"Amity University, Panchgaon - IITM",06-09-2026 11:00:00,28.3153,76.9143,OZONE,9,33,19,2026-09-06 06:14:15
India,Haryana,Charkhi Dadri,"Mini Secretariat, Charkhi Dadri - HSPCB",06-09-2026 11:00:00,28.593883,76.270653,PM10,11,65,36,2026-09-06 06:14:15
India,Haryana,Dharuhera,"Municipal Corporation Office, Dharuhera -  HSPCB",06-09-2026 11:00:00,28.2068,76.7997,PM10,32,78,60,2026-09-06 06:14:15
India,Haryana,Dharuhera,"Municipal Corporation Office, Dharuhera -  HSPCB",06-09-2026 11:00:00,28.2068,76.7997,NO2,9,17,15,2026-09-06 06:14:15
India,Haryana,Dharuhera,"Municipal Corporation Office, Dharuhera -  HSPCB",06-09-2026 11:00:00,28.2068,76.7997,CO,39,56,48,2026-09-06 06:14:15
India,Haryana,Dharuhera,"Municipal Corporation Office, Dharuhera -  HSPCB",06-09-2026 11:00:00,28.2068,76.7997,OZONE,3,32,8,2026-09-06 06:14:15
India,Haryana,Faridabad,"New Industrial Town, Faridabad - HSPCB",06-09-2026 11:00:00,28.39072,77.30059,OZONE,14,15,14,2026-09-06 06:14:15
India,Haryana,Faridabad,"Sector 11, Faridabad - HSPCB",06-09-2026 11:00:00,28.376058,77.315741,PM2.5,50,245,92,2026-09-06 06:14:15
India,Haryana,Faridabad,"Sector 11, Faridabad - HSPCB",06-09-2026 11:00:00,28.376058,77.315741,NH3,8,9,8,2026-09-06 06:14:15
India,Haryana,Faridabad,"Sector 11, Faridabad - HSPCB",06-09-2026 11:00:00,28.376058,77.315741,SO2,3,12,8,2026-09-06 06:14:15
India,Haryana,Faridabad,"Sector 11, Faridabad - HSPCB",06-09-2026 11:00:00,28.376058,77.315741,OZONE,16,16,16,2026-09-06 06:14:15
India,Haryana,Faridabad,"Sector 30, Faridabad - HSPCB",06-09-2026 11:00:00,28.4417,77.3217,OZONE,5,38,12,2026-09-06 06:14:15
India,Haryana,Fatehabad,"Huda Sector, Fatehabad - HSPCB",06-09-2026 11:00:00,29.503664,75.467934,NH3,13,15,14,2026-09-06 06:14:15
India,Haryana,Gurugram,"Teri Gram, Gurugram - HSPCB",06-09-2026 11:00:00,28.4275,77.1465,PM10,68,146,110,2026-09-06 06:14:15
India,Haryana,Gurugram,"Teri Gram, Gurugram - HSPCB",06-09-2026 11:00:00,28.4275,77.1465,OZONE,5,17,8,2026-09-06 06:14:15
India,Haryana,Gurugram,"NISE Gwal Pahari, Gurugram - IITM",06-09-2026 11:00:00,28.422681,77.148944,CO,41,45,43,2026-09-06 06:14:15
India,Haryana,Gurugram,"Sector-51, Gurugram - HSPCB",06-09-2026 11:00:00,28.4227,77.0667,OZONE,11,45,22,2026-09-06 06:14:15
India,Haryana,Gurugram,"Vikas Sadan, Gurugram - HSPCB",06-09-2026 11:00:00,28.4501238,77.0263051,OZONE,NA,NA,NA,2026-09-06 06:14:15
India,Haryana,Panchkula,"Sector-6, Panchkula - HSPCB ",06-09-2026 11:00:00,30.7057778,76.8531805555555,PM10,NA,NA,NA,2026-09-06 06:14:15
India,Haryana,Panchkula,"Sector-6, Panchkula - HSPCB ",06-09-2026 11:00:00,30.7057778,76.8531805555555,NH3,NA,NA,NA,2026-09-06 06:14:15
India,Haryana,Panchkula,"Sector-6, Panchkula - HSPCB ",06-09-2026 11:00:00,30.7057778,76.8531805555555,SO2,9,13,11,2026-09-06 06:14:15
India,Haryana,Panipat,"Sector-18, Panipat - HSPCB",06-09-2026 11:00:00,29.432304,76.972765,NO2,5,9,7,2026-09-06 06:14:15
India,Haryana,Rohtak,"MD University, Rohtak - HSPCB",06-09-2026 11:00:00,28.52123,76.37138,PM2.5,7,37,25,2026-09-06 06:14:15
India,Haryana,Rohtak,"MD University, Rohtak - HSPCB",06-09-2026 11:00:00,28.52123,76.37138,NO2,8,11,9,2026-09-06 06:14:15
India,Haryana,Rohtak,"MD University, Rohtak - HSPCB",06-09-2026 11:00:00,28.52123,76.37138,OZONE,9,24,15,2026-09-06 06:14:15
India,Haryana,Sirsa,"F-Block, Sirsa - HSPCB",06-09-2026 11:00:00,29.5364,75.0158,PM10,38,100,55,2026-09-06 06:14:15
India,Haryana,Yamuna Nagar,"Gobind Pura, Yamuna Nagar - HSPCB",06-09-2026 11:00:00,30.1480566,77.2893471,SO2,10,15,12,2026-09-06 06:14:15
India,Haryana,Yamuna Nagar,"Gobind Pura, Yamuna Nagar - HSPCB",06-09-2026 11:00:00,30.1480566,77.2893471,CO,30,54,43,2026-09-06 06:14:15
India,Haryana,Yamuna Nagar,"Gobind Pura, Yamuna Nagar - HSPCB",06-09-2026 11:00:00,30.1480566,77.2893471,OZONE,8,65,32,2026-09-06 06:14:15
India,Himachal Pradesh,Baddi,"HIMUDA Complex Phase-1, Baddi - HPPCB",06-09-2026 11:00:00,30.943887,76.801991,PM2.5,2,314,87,2026-09-06 06:14:15
India,Himachal Pradesh,Baddi,"HIMUDA Complex Phase-1, Baddi - HPPCB",06-09-2026 11:00:00,30.943887,76.801991,NO2,3,33,16,2026-09-06 06:14:15
India,Himachal Pradesh,Baddi,"HIMUDA Complex Phase-1, Baddi - HPPCB",06-09-2026 11:00:00,30.943887,76.801991,SO2,NA,NA,NA,2026-09-06 06:14:15
India,Jammu and Kashmir,Pampore,"Khrew, Pampore - JKPCC",06-09-2026 11:00:00,34.031606,75.009712,NO2,1,3,2,2026-09-06 06:14:15
India,Jammu and Kashmir,Pampore,"Khrew, Pampore - JKPCC",06-09-2026 11:00:00,34.031606,75.009712,SO2,1,5,2,2026-09-06 06:14:15
India,Jammu and Kashmir,Srinagar,"Rajbagh, Srinagar - JKPCC",06-09-2026 11:00:00,34.066206,74.81982,PM10,28,53,41,2026-09-06 06:14:15
India,Delhi,Delhi,"Najafgarh, Delhi - DPCC",06-09-2026 11:00:00,28.570173,76.933762,OZONE,11,14,12,2026-09-06 06:14:15
India,Delhi,Delhi,"Wazirpur, Delhi - DPCC",06-09-2026 11:00:00,28.699793,77.165453,NH3,5,8,7,2026-09-06 06:14:15
India,Delhi,Delhi,"Mundka, Delhi - DPCC",06-09-2026 11:00:00,28.684678,77.076574,SO2,6,15,10,2026-09-06 06:14:15
India,Delhi,Delhi,"Mundka, Delhi - DPCC",06-09-2026 11:00:00,28.684678,77.076574,OZONE,12,16,15,2026-09-06 06:14:15
India,Delhi,Delhi,"Punjabi Bagh, Delhi - DPCC",06-09-2026 11:00:00,28.674045,77.131023,PM10,10,112,68,2026-09-06 06:14:15
India,Delhi,Delhi,"Ashok Vihar, Delhi - DPCC",06-09-2026 11:00:00,28.695381,77.181665,PM10,28,66,46,2026-09-06 06:14:15
India,Delhi,Delhi,"Ashok Vihar, Delhi - DPCC",06-09-2026 11:00:00,28.695381,77.181665,SO2,20,32,30,2026-09-06 06:14:15
India,Delhi,Delhi,"Shadipur, Delhi - CPCB",06-09-2026 11:00:00,28.6514781,77.1473105,SO2,2,17,10,2026-09-06 06:14:15
India,Delhi,Delhi,"Mandir Marg, Delhi - DPCC",06-09-2026 11:00:00,28.636429,77.201067,PM10,2,96,54,2026-09-06 06:14:15
India,Delhi,Delhi,"Pusa, Delhi - DPCC",06-09-2026 11:00:00,28.639652,77.146275,NO2,10,39,25,2026-09-06 06:14:15
India,Delhi,Delhi,"Sirifort, Delhi - CPCB",06-09-2026 11:00:00,28.5504249,77.2159377,OZONE,13,18,15,2026-09-06 06:14:15
India,Delhi,Delhi,"Chandni Chowk, Delhi - IITM",06-09-2026 11:00:00,28.656756,77.227234,CO,83,91,88,2026-09-06 06:14:15
India,Delhi,Delhi,"Pusa, Delhi - IITM",06-09-2026 11:00:00,28.63611,77.173332,PM10,17,85,49,2026-09-06 06:14:15
India,Delhi,Delhi,"Pusa, Delhi - IITM",06-09-2026 11:00:00,28.63611,77.173332,CO,22,30,25,2026-09-06 06:14:15
India,Jammu and Kashmir,Srinagar,"Rajbagh, Srinagar - JKPCC",06-09-2026 11:00:00,34.066206,74.81982,OZONE,0,3,1,2026-09-06 06:14:15
India,Jammu and Kashmir,Srinagar,"Khunmoh, Srinagar - JKPCC",06-09-2026 11:00:00,34.06313,74.96017,NH3,NA,NA,NA,2026-09-06 06:14:15
India,Jammu and Kashmir,Srinagar,"Khunmoh, Srinagar - JKPCC",06-09-2026 11:00:00,34.06313,74.96017,SO2,3,4,4,2026-09-06 06:14:15
India,Jammu and Kashmir,Srinagar,"Khunmoh, Srinagar - JKPCC",06-09-2026 11:00:00,34.06313,74.96017,CO,NA,NA,NA,2026-09-06 06:14:15
India,Jharkhand,Dhanbad,"Sardar Patel Nagar, Dhanbad - JSPCB",06-09-2026 11:00:00,23.80569,86.44268,PM2.5,NA,NA,NA,2026-09-06 06:14:15
India,Jharkhand,Dhanbad,"Sardar Patel Nagar, Dhanbad - JSPCB",06-09-2026 11:00:00,23.80569,86.44268,OZONE,12,26,17,2026-09-06 06:14:15
India,Jharkhand,Jorapokhar,"Tata Stadium, Jorapokhar - JSPCB",06-09-2026 11:00:00,23.707909,86.41467,PM2.5,44,49,45,2026-09-06 06:14:15
India,Jharkhand,Jorapokhar,"Tata Stadium, Jorapokhar - JSPCB",06-09-2026 11:00:00,23.707909,86.41467,OZONE,4,28,13,2026-09-06 06:14:15
India,Karnataka,Bengaluru,"Jigani, Bengaluru - KSPCB",06-09-2026 11:00:00,12.7816279,77.6299145,PM2.5,NA,NA,NA,2026-09-06 06:14:15
India,Karnataka,Bengaluru,"Jayanagar 5th Block, Bengaluru - KSPCB",06-09-2026 11:00:00,12.920984,77.584908,CO,5,13,9,2026-09-06 06:14:15
India,Karnataka,Bengaluru,"Hombegowda Nagar, Bengaluru - KSPCB",06-09-2026 11:00:00,12.938539,77.5901,NO2,8,66,25,2026-09-06 06:14:15
India,Karnataka,Bengaluru,"Hebbal, Bengaluru - KSPCB",06-09-2026 11:00:00,13.029152,77.585901,NO2,18,21,19,2026-09-06 06:14:15
India,Karnataka,Bengaluru,"Silk Board, Bengaluru - KSPCB",06-09-2026 11:00:00,12.917348,77.622813,NO2,16,18,17,2026-09-06 06:14:15
India,Delhi,Delhi,"Burari Crossing, Delhi - IITM",06-09-2026 11:00:00,28.7256504,77.2011573,NO2,12,52,32,2026-09-06 06:14:15
India,Delhi,Delhi,"IMD Lodhi Road, Delhi - IITM",06-09-2026 11:00:00,28.5918245,77.2273074,NH3,NA,NA,NA,2026-09-06 06:14:15
India,Delhi,Delhi,"JNU, Delhi - DPCC",06-09-2026 11:00:00,28.540721,77.168544,PM2.5,11,68,38,2026-09-06 06:14:15
India,Delhi,Delhi,"North Campus, DU, Delhi - IITM",06-09-2026 11:00:00,28.6573814,77.1585447,NO2,70,161,107,2026-09-06 06:14:15
India,Delhi,Delhi,"North Campus, DU, Delhi - IITM",06-09-2026 11:00:00,28.6573814,77.1585447,NH3,NA,NA,NA,2026-09-06 06:14:15
India,Delhi,Delhi,"North Campus, DU, Delhi - IITM",06-09-2026 11:00:00,28.6573814,77.1585447,OZONE,25,31,28,2026-09-06 06:14:15
India,Delhi,Delhi,"R K Puram, Delhi - DPCC",06-09-2026 11:00:00,28.563262,77.186937,CO,45,49,48,2026-09-06 06:14:15
India,Gujarat,Ahmedabad,"SVPI Airport Hansol, Ahmedabad - IITM",06-09-2026 11:00:00,23.076793,72.627874,NO2,9,46,23,2026-09-06 06:14:15
India,Gujarat,Ahmedabad,"SVPI Airport Hansol, Ahmedabad - IITM",06-09-2026 11:00:00,23.076793,72.627874,NH3,2,6,3,2026-09-06 06:14:15
India,Gujarat,Ahmedabad,"Rakhial, Ahmedabad - IITM",06-09-2026 11:00:00,23.016834,72.625775,PM2.5,32,89,50,2026-09-06 06:14:15
India,Gujarat,Ahmedabad,"Rakhial, Ahmedabad - IITM",06-09-2026 11:00:00,23.016834,72.625775,NH3,2,2,2,2026-09-06 06:14:15
India,Gujarat,Ahmedabad,"Rakhial, Ahmedabad - IITM",06-09-2026 11:00:00,23.016834,72.625775,CO,37,45,42,2026-09-06 06:14:15
India,Gujarat,Ahmedabad,"Rakhial, Ahmedabad - IITM",06-09-2026 11:00:00,23.016834,72.625775,OZONE,4,5,4,2026-09-06 06:14:15
India,Gujarat,Ahmedabad,"Maninagar, Ahmedabad - GPCB",06-09-2026 11:00:00,23.002657,72.591912,SO2,0,111,55,2026-09-06 06:14:15
India,Delhi,Delhi,"DTU, Delhi - CPCB",06-09-2026 11:00:00,28.7500499,77.1112615,NH3,5,5,5,2026-09-06 06:14:15
India,Delhi,Delhi,"DTU, Delhi - CPCB",06-09-2026 11:00:00,28.7500499,77.1112615,SO2,28,30,29,2026-09-06 06:14:15
India,Delhi,Delhi,"Dwarka-Sector 8, Delhi - DPCC ",06-09-2026 11:00:00,28.5710274,77.0719006,NH3,3,12,5,2026-09-06 06:14:15
India,Delhi,Delhi,"Dr. Karni Singh Shooting Range, Delhi - DPCC",06-09-2026 11:00:00,28.498571,77.26484,NO2,17,37,26,2026-09-06 06:14:15
India,Delhi,Delhi,"Dr. Karni Singh Shooting Range, Delhi - DPCC",06-09-2026 11:00:00,28.498571,77.26484,CO,20,38,28,2026-09-06 06:14:15
India,Delhi,Delhi,"IIT Delhi, Delhi - IITM",06-09-2026 11:00:00,28.54246,77.191651,PM10,27,118,67,2026-09-06 06:14:15
India,Delhi,Delhi,"IIT Delhi, Delhi - IITM",06-09-2026 11:00:00,28.54246,77.191651,SO2,NA,NA,NA,2026-09-06 06:14:15
India,Delhi,Delhi,"IGNOU_Maidan Garhi, Delhi - DPCC",06-09-2026 11:00:00,28.493624,77.201159,PM2.5,6,27,14,2026-09-06 06:14:15
India,Delhi,Delhi,"Commonwealth Sports Complex, Delhi - DPCC",06-09-2026 11:00:00,28.615828,77.271992,PM10,33,86,55,2026-09-06 06:14:15
India,Delhi,Delhi,"Talkatora Garden, Delhi - DPCC",06-09-2026 11:00:00,28.62181,77.1944633,PM10,22,76,46,2026-09-06 06:14:15
India,Delhi,Delhi,"Talkatora Garden, Delhi - DPCC",06-09-2026 11:00:00,28.62181,77.1944633,NO2,14,44,27,2026-09-06 06:14:15
India,Delhi,Delhi,"NSIT Dwarka, Delhi - CPCB",06-09-2026 11:00:00,28.60909,77.0325413,NO2,9,75,41,2026-09-06 06:14:15
India,Delhi,Delhi,"NSIT Dwarka, Delhi - CPCB",06-09-2026 11:00:00,28.60909,77.0325413,OZONE,16,161,75,2026-09-06 06:14:15
India,Gujarat,Nandesari,"GIDC, Nandesari - Nandesari Ind. Association",06-09-2026 11:00:00,22.410802,73.097923,PM2.5,29,205,56,2026-09-06 06:14:15
India,Gujarat,Rajkot,"Mavdi, Rajkot - Nexteng Enviro ",06-09-2026 11:00:00,22.248853,70.776774,PM10,30,72,45,2026-09-06 06:14:15
India,Gujarat,Rajkot,"Mavdi, Rajkot - Nexteng Enviro ",06-09-2026 11:00:00,22.248853,70.776774,OZONE,6,13,8,2026-09-06 06:14:15
India,Gujarat,Surat,"Science Center, Surat - SMC",06-09-2026 11:00:00,21.170046,72.795405,NO2,2,11,6,2026-09-06 06:14:15
India,Gujarat,Surat,"Katargam, Surat - Nexteng Enviro",06-09-2026 11:00:00,21.217779,72.834787,PM2.5,10,74,41,2026-09-06 06:14:15
India,Gujarat,Vatva,"Phase-4 GIDC, Vatva - GPCB",06-09-2026 11:00:00,22.969611,72.6435,NH3,5,5,5,2026-09-06 06:14:15
India,Haryana,Ballabgarh,"Nathu Colony, Ballabgarh - HSPCB",06-09-2026 11:00:00,28.3419248,77.319699,PM2.5,22,54,31,2026-09-06 06:14:15
India,Haryana,Ballabgarh,"Nathu Colony, Ballabgarh - HSPCB",06-09-2026 11:00:00,28.3419248,77.319699,PM10,72,78,74,2026-09-06 06:14:15
India,Haryana,Ballabgarh,"Nathu Colony, Ballabgarh - HSPCB",06-09-2026 11:00:00,28.3419248,77.319699,CO,15,18,17,2026-09-06 06:14:15
India,Maharashtra,Malegaon,"Mahesh Nagar, Malegaon - MPCB",06-09-2026 11:00:00,20.555712,74.529236,NH3,1,1,1,2026-09-06 06:14:15
India,Maharashtra,Malegaon,"Mahesh Nagar, Malegaon - MPCB",06-09-2026 11:00:00,20.555712,74.529236,OZONE,19,23,22,2026-09-06 06:14:15
India,Maharashtra,Mira-Bhayandar,"Bhayandar West, Mira-Bhayandar - MPCB",06-09-2026 11:00:00,19.296481,72.840923,NH3,1,20,8,2026-09-06 06:14:15
India,Maharashtra,Mira-Bhayandar,"Bhayandar West, Mira-Bhayandar - MPCB",06-09-2026 11:00:00,19.296481,72.840923,OZONE,1,6,3,2026-09-06 06:14:15
India,Maharashtra,Mumbai,"Shivaji Nagar, Mumbai - BMC",06-09-2026 11:00:00,19.060498,72.923356,PM2.5,11,35,22,2026-09-06 06:14:15
India,Maharashtra,Mumbai,"Sion, Mumbai - MPCB",06-09-2026 11:00:00,19.047,72.8746,NO2,51,219,130,2026-09-06 06:14:15
India,Maharashtra,Mumbai,"Sion, Mumbai - MPCB",06-09-2026 11:00:00,19.047,72.8746,NH3,0,1,1,2026-09-06 06:14:15
India,Maharashtra,Mumbai,"Borivali East, Mumbai - MPCB",06-09-2026 11:00:00,19.2243333,72.8658113,PM2.5,9,27,15,2026-09-06 06:14:15
India,Maharashtra,Mumbai,"Borivali East, Mumbai - MPCB",06-09-2026 11:00:00,19.2243333,72.8658113,NH3,2,2,2,2026-09-06 06:14:15
India,Maharashtra,Mumbai,"Siddharth Nagar-Worli, Mumbai - IITM",06-09-2026 11:00:00,19.000083,72.813993,PM2.5,11,14,13,2026-09-06 06:14:15
India,Maharashtra,Mumbai,"Siddharth Nagar-Worli, Mumbai - IITM",06-09-2026 11:00:00,19.000083,72.813993,NO2,11,28,15,2026-09-06 06:14:15
India,Maharashtra,Mumbai,"Siddharth Nagar-Worli, Mumbai - IITM",06-09-2026 11:00:00,19.000083,72.813993,OZONE,23,28,27,2026-09-06 06:14:15
India,Maharashtra,Mumbai,"Bandra Kurla Complex, Mumbai - MPCB",06-09-2026 11:00:00,19.065931,72.862131,NH3,0,1,0,2026-09-06 06:14:15
India,Maharashtra,Mumbai,"Kherwadi_Bandra East, Mumbai - MPCB",06-09-2026 11:00:00,19.0632143,72.8456324,PM10,43,95,63,2026-09-06 06:14:15
India,Maharashtra,Mumbai,"Byculla, Mumbai - BMC",06-09-2026 11:00:00,18.9767,72.838,PM10,14,41,26,2026-09-06 06:14:15
India,Maharashtra,Mumbai,"Byculla, Mumbai - BMC",06-09-2026 11:00:00,18.9767,72.838,NH3,2,9,4,2026-09-06 06:14:15
India,Maharashtra,Mumbai,"Mindspace-Malad West, Mumbai - MPCB",06-09-2026 11:00:00,19.1878657,72.8304069,PM2.5,22,23,22,2026-09-06 06:14:15
India,Maharashtra,Mumbai,"Mindspace-Malad West, Mumbai - MPCB",06-09-2026 11:00:00,19.1878657,72.8304069,PM10,38,41,40,2026-09-06 06:14:15
India,Maharashtra,Mumbai,"Mindspace-Malad West, Mumbai - MPCB",06-09-2026 11:00:00,19.1878657,72.8304069,OZONE,18,18,18,2026-09-06 06:14:15
India,Karnataka,Bengaluru,"Bapuji Nagar, Bengaluru - KSPCB",06-09-2026 11:00:00,12.951913,77.539784,NH3,2,3,3,2026-09-06 06:14:15
India,Karnataka,Chamarajanagar,"Urban, Chamarajanagar - KSPCB",06-09-2026 11:00:00,11.55358,76.55521,PM10,38,57,46,2026-09-06 06:14:15
India,Karnataka,Chamarajanagar,"Urban, Chamarajanagar - KSPCB",06-09-2026 11:00:00,11.55358,76.55521,OZONE,25,26,26,2026-09-06 06:14:15
India,Karnataka,Chikkamagaluru,"Kalyana Nagara, Chikkamagaluru - KSPCB",06-09-2026 11:00:00,13.328028,75.797056,CO,11,32,14,2026-09-06 06:14:15
India,Karnataka,Dharwad,"Kalabhavan, Dharwad - KSPCB",06-09-2026 11:00:00,15.459706,75.008381,NO2,23,27,26,2026-09-06 06:14:15
India,Karnataka,Dharwad,"Kalabhavan, Dharwad - KSPCB",06-09-2026 11:00:00,15.459706,75.008381,OZONE,26,27,26,2026-09-06 06:14:15
India,Karnataka,Gadag,"Panchal Nagar, Gadag - KSPCB",06-09-2026 11:00:00,15.411456,75.638133,NH3,3,6,4,2026-09-06 06:14:15
India,Karnataka,Hubballi,"Lingaraj Nagar, Hubballi - KSPCB",06-09-2026 11:00:00,15.3714823,75.1160168,PM2.5,32,52,39,2026-09-06 06:14:15
India,Karnataka,Kalaburagi,"Mahatma Basaveswar Colony, Kalaburgi - KSPCB",06-09-2026 11:00:00,17.336318,76.847397,PM2.5,15,43,26,2026-09-06 06:14:15
India,Karnataka,Kalaburagi,"Mahatma Basaveswar Colony, Kalaburgi - KSPCB",06-09-2026 11:00:00,17.336318,76.847397,OZONE,9,15,14,2026-09-06 06:14:15
India,Karnataka,Karwar,"KHB Colony, Karwar - KSPCB",06-09-2026 11:00:00,14.816666,74.141003,NH3,1,2,1,2026-09-06 06:14:15
India,Karnataka,Karwar,"KHB Colony, Karwar - KSPCB",06-09-2026 11:00:00,14.816666,74.141003,SO2,NA,NA,NA,2026-09-06 06:14:15
India,Karnataka,Madikeri,"Stuart Hill, Madikeri - KSPCB",06-09-2026 11:00:00,12.415911,75.73505,SO2,7,7,7,2026-09-06 06:14:15
India,Karnataka,Madikeri,"Stuart Hill, Madikeri - KSPCB",06-09-2026 11:00:00,12.415911,75.73505,CO,6,14,10,2026-09-06 06:14:15
India,Karnataka,Mysuru,"Hebbal 1st Stage, Mysuru - KSPCB",06-09-2026 11:00:00,12.21041,76.37376,NO2,13,24,18,2026-09-06 06:14:15
India,Maharashtra,Mumbai,"Chakala-Andheri East, Mumbai - IITM",06-09-2026 11:00:00,19.11074,72.86084,NO2,24,34,29,2026-09-06 06:14:15
India,Maharashtra,Mumbai,"Chakala-Andheri East, Mumbai - IITM",06-09-2026 11:00:00,19.11074,72.86084,OZONE,4,6,4,2026-09-06 06:14:15
India,Maharashtra,Mumbai,"Bandra Kurla Complex, Mumbai - IITM",06-09-2026 11:00:00,19.053536,72.84643,OZONE,9,9,9,2026-09-06 06:14:15
India,Maharashtra,Mumbai,"Kurla, Mumbai - MPCB",06-09-2026 11:00:00,19.0863,72.8888,NH3,2,2,2,2026-09-06 06:14:15
India,Maharashtra,Mumbai,"Kurla, Mumbai - MPCB",06-09-2026 11:00:00,19.0863,72.8888,SO2,29,29,29,2026-09-06 06:14:15
India,Maharashtra,Mumbai,"Kurla, Mumbai - MPCB",06-09-2026 11:00:00,19.0863,72.8888,CO,25,25,25,2026-09-06 06:14:15
India,Maharashtra,Mumbai,"Ghatkopar, Mumbai - BMC",06-09-2026 11:00:00,19.083694,72.920967,NO2,NA,NA,NA,2026-09-06 06:14:15
India,Maharashtra,Mumbai,"Ghatkopar, Mumbai - BMC",06-09-2026 11:00:00,19.083694,72.920967,SO2,0,4,2,2026-09-06 06:14:15
India,Maharashtra,Mumbai,"Ghatkopar, Mumbai - BMC",06-09-2026 11:00:00,19.083694,72.920967,OZONE,3,5,4,2026-09-06 06:14:15
India,Maharashtra,Mumbai,"Deonar, Mumbai - IITM",06-09-2026 11:00:00,19.04946,72.923,NH3,6,7,6,2026-09-06 06:14:15
India,Maharashtra,Mumbai,"Deonar, Mumbai - IITM",06-09-2026 11:00:00,19.04946,72.923,SO2,3,6,4,2026-09-06 06:14:15
India,Maharashtra,Mumbai,"Chhatrapati Shivaji Intl. Airport (T2), Mumbai - MPCB",06-09-2026 11:00:00,19.10078,72.87462,PM2.5,9,34,23,2026-09-06 06:14:15
India,Maharashtra,Mumbai,"Chhatrapati Shivaji Intl. Airport (T2), Mumbai - MPCB",06-09-2026 11:00:00,19.10078,72.87462,NO2,13,13,13,2026-09-06 06:14:15
India,Maharashtra,Mumbai,"Chhatrapati Shivaji Intl. Airport (T2), Mumbai - MPCB",06-09-2026 11:00:00,19.10078,72.87462,NH3,1,1,1,2026-09-06 06:14:15
India,Maharashtra,Mumbai,"Powai, Mumbai - MPCB",06-09-2026 11:00:00,19.1375,72.915056,NH3,NA,NA,NA,2026-09-06 06:14:15
India,Maharashtra,Mumbai,"Powai, Mumbai - MPCB",06-09-2026 11:00:00,19.1375,72.915056,OZONE,NA,NA,NA,2026-09-06 06:14:15
India,Maharashtra,Nagpur,"Mahal, Nagpur - MPCB",06-09-2026 11:00:00,21.14472,79.107595,PM2.5,23,44,34,2026-09-06 06:14:15
India,Maharashtra,Nagpur,"Mahal, Nagpur - MPCB",06-09-2026 11:00:00,21.14472,79.107595,SO2,3,16,11,2026-09-06 06:14:15
India,Karnataka,Shivamogga,"Vinoba Nagara, Shivamogga - KSPCB",06-09-2026 11:00:00,13.94,75.555917,NO2,21,22,21,2026-09-06 06:14:15
India,Karnataka,Shivamogga,"Vinoba Nagara, Shivamogga - KSPCB",06-09-2026 11:00:00,13.94,75.555917,NH3,2,2,2,2026-09-06 06:14:15
India,Kerala,Kannur,"Thavakkara, Kannur - Kerala PCB",06-09-2026 11:00:00,11.875,75.3732,OZONE,26,30,27,2026-09-06 06:14:15
India,Kerala,Thiruvananthapuram,"Plammoodu, Thiruvananthapuram - Kerala PCB",06-09-2026 11:00:00,8.5149093,76.9435879,PM2.5,13,28,21,2026-09-06 06:14:15
India,Kerala,Thrissur,"Corporation Ground, Thrissur - Kerala PCB",06-09-2026 11:00:00,10.5324,76.2159,PM10,40,79,53,2026-09-06 06:14:15
India,Kerala,Thrissur,"Corporation Ground, Thrissur - Kerala PCB",06-09-2026 11:00:00,10.5324,76.2159,SO2,0,1,1,2026-09-06 06:14:15
India,Madhya Pradesh,Bhopal,"Paryavaran Parisar, Bhopal - MPPCB",06-09-2026 11:00:00,23.210494,77.425409,PM10,22,53,37,2026-09-06 06:14:15
India,Madhya Pradesh,Bhopal,"Idgah Hills, Bhopal - MPPCB",06-09-2026 11:00:00,23.264759,77.381568,NO2,7,27,15,2026-09-06 06:14:15
India,Madhya Pradesh,Bhopal,"Idgah Hills, Bhopal - MPPCB",06-09-2026 11:00:00,23.264759,77.381568,SO2,5,6,5,2026-09-06 06:14:15
India,Madhya Pradesh,Bhopal,"T T Nagar, Bhopal - MPPCB",06-09-2026 11:00:00,23.233584,77.400574,NO2,9,16,12,2026-09-06 06:14:15
India,Madhya Pradesh,Bhopal,"T T Nagar, Bhopal - MPPCB",06-09-2026 11:00:00,23.233584,77.400574,OZONE,19,25,21,2026-09-06 06:14:15
India,Madhya Pradesh,Damoh,"Shrivastav Colony, Damoh - MPPCB",06-09-2026 11:00:00,23.81748678,79.446246,NO2,5,6,6,2026-09-06 06:14:15
India,Madhya Pradesh,Damoh,"Shrivastav Colony, Damoh - MPPCB",06-09-2026 11:00:00,23.81748678,79.446246,SO2,41,58,50,2026-09-06 06:14:15
India,Maharashtra,Amravati,"Shri Shivaji Science College, Amravati - MPCB",06-09-2026 11:00:00,20.939198,77.765701,NO2,4,66,13,2026-09-06 06:14:15
India,Maharashtra,Amravati,"Shri Shivaji Science College, Amravati - MPCB",06-09-2026 11:00:00,20.939198,77.765701,NH3,2,8,3,2026-09-06 06:14:15
India,Maharashtra,Amravati,"Shri Shivaji Science College, Amravati - MPCB",06-09-2026 11:00:00,20.939198,77.765701,CO,24,32,28,2026-09-06 06:14:15
India,Maharashtra,Aurangabad,"MIDC Chilkalthana, Aurangabad - MPCB",06-09-2026 11:00:00,19.87562,75.38731,PM2.5,8,32,27,2026-09-06 06:14:15
India,Maharashtra,Aurangabad,"Rachnakar Colony, Aurangabad - MPCB",06-09-2026 11:00:00,19.863756,75.321188,PM2.5,19,50,34,2026-09-06 06:14:15
India,Maharashtra,Aurangabad,"Rachnakar Colony, Aurangabad - MPCB",06-09-2026 11:00:00,19.863756,75.321188,PM10,31,53,40,2026-09-06 06:14:15
India,Maharashtra,Aurangabad,"Rachnakar Colony, Aurangabad - MPCB",06-09-2026 11:00:00,19.863756,75.321188,NO2,9,17,12,2026-09-06 06:14:15
India,Maharashtra,Aurangabad,"Rachnakar Colony, Aurangabad - MPCB",06-09-2026 11:00:00,19.863756,75.321188,OZONE,8,10,9,2026-09-06 06:14:15
India,Maharashtra,Aurangabad,"More Chowk Waluj, Aurangabad - MPCB",06-09-2026 11:00:00,19.8389439,75.244448,PM2.5,21,48,33,2026-09-06 06:14:15
India,Maharashtra,Aurangabad,"More Chowk Waluj, Aurangabad - MPCB",06-09-2026 11:00:00,19.8389439,75.244448,NO2,7,12,10,2026-09-06 06:14:15
India,Maharashtra,Aurangabad,"More Chowk Waluj, Aurangabad - MPCB",06-09-2026 11:00:00,19.8389439,75.244448,SO2,3,7,5,2026-09-06 06:14:15
India,Maharashtra,Badlapur,"Katrap, Badlapur - MPCB",06-09-2026 11:00:00,19.16485,73.23409,SO2,6,9,8,2026-09-06 06:14:15
India,Maharashtra,Beed,"Bir, Beed - MPCB",06-09-2026 11:00:00,18.988474,75.753873,OZONE,5,16,9,2026-09-06 06:14:15
India,Maharashtra,Belapur,"CBD Belapur, Belapur - MPCB",06-09-2026 11:00:00,19.0243902,73.0406721,PM2.5,17,40,28,2026-09-06 06:14:15
India,Maharashtra,Belapur,"CBD Belapur, Belapur - MPCB",06-09-2026 11:00:00,19.0243902,73.0406721,NO2,13,27,21,2026-09-06 06:14:15
India,Maharashtra,Bhiwandi,"Gokul Nagar, Bhiwandi - MPCB",06-09-2026 11:00:00,19.309073,73.057223,NH3,2,16,10,2026-09-06 06:14:15
India,Maharashtra,Bhiwandi,"Gokul Nagar, Bhiwandi - MPCB",06-09-2026 11:00:00,19.309073,73.057223,CO,21,26,23,2026-09-06 06:14:15
India,Maharashtra,Chandrapur,"MIDC Khutala, Chandrapur - MPCB",06-09-2026 11:00:00,19.9775302,79.2337086,NH3,1,4,2,2026-09-06 06:14:15
India,Maharashtra,Dhule,"Deopur, Dhule - MPCB",06-09-2026 11:00:00,20.918946,74.776388,NO2,4,18,10,2026-09-06 06:14:15
India,Maharashtra,Dombivli,"Kalu Nagar, Dombivli - MPCB",06-09-2026 11:00:00,19.2268427,73.0788456,PM2.5,3,18,10,2026-09-06 06:14:15
India,Maharashtra,Dombivli,"Kalu Nagar, Dombivli - MPCB",06-09-2026 11:00:00,19.2268427,73.0788456,PM10,7,33,19,2026-09-06 06:14:15
India,Maharashtra,Hingoli,"Ashta Vinayak Nagar, Hingoli - MPCB",06-09-2026 11:00:00,19.710842,77.151824,PM2.5,20,48,35,2026-09-06 06:14:15
India,Maharashtra,Hingoli,"Ashta Vinayak Nagar, Hingoli - MPCB",06-09-2026 11:00:00,19.710842,77.151824,PM10,25,105,68,2026-09-06 06:14:15
India,Maharashtra,Hingoli,"Ashta Vinayak Nagar, Hingoli - MPCB",06-09-2026 11:00:00,19.710842,77.151824,CO,7,11,9,2026-09-06 06:14:15
India,Maharashtra,Jalgaon,"Prabhat Colony, Jalgaon - MPCB",06-09-2026 11:00:00,21.001264,75.565602,NH3,NA,NA,NA,2026-09-06 06:14:15
India,Maharashtra,Jalgaon,"Prabhat Colony, Jalgaon - MPCB",06-09-2026 11:00:00,21.001264,75.565602,CO,16,34,23,2026-09-06 06:14:15
India,Maharashtra,Jalna,"Old MIDC, Jalna - MPCB",06-09-2026 11:00:00,19.854616,75.905894,SO2,1,2,2,2026-09-06 06:14:15
India,Maharashtra,Kalyan,"Pimpleshwar Mandir, Kalyan - MPCB",06-09-2026 11:00:00,19.192056,72.9585188,CO,55,67,61,2026-09-06 06:14:15
India,Madhya Pradesh,Gwalior,"Maharaj Bada, Gwalior - MPPCB",06-09-2026 11:00:00,26.200388,78.147714,NO2,4,27,14,2026-09-06 06:14:15
India,Madhya Pradesh,Gwalior,"Maharaj Bada, Gwalior - MPPCB",06-09-2026 11:00:00,26.200388,78.147714,CO,24,70,37,2026-09-06 06:14:15
India,Madhya Pradesh,Gwalior,"City Center, Gwalior - MPPCB",06-09-2026 11:00:00,26.203442,78.193251,PM10,22,50,31,2026-09-06 06:14:15
India,Madhya Pradesh,Gwalior,"City Center, Gwalior - MPPCB",06-09-2026 11:00:00,26.203442,78.193251,CO,21,38,31,2026-09-06 06:14:15
India,Madhya Pradesh,Gwalior,"Deen Dayal Nagar, Gwalior - MPPCB",06-09-2026 11:00:00,26.259242,78.216432,NO2,48,80,61,2026-09-06 06:14:15
India,Madhya Pradesh,Indore,"Regional Park, Indore - IMC",06-09-2026 11:00:00,22.678,75.8559,PM10,4,36,26,2026-09-06 06:14:15
India,Madhya Pradesh,Indore,"Regional Park, Indore - IMC",06-09-2026 11:00:00,22.678,75.8559,NH3,NA,NA,NA,2026-09-06 06:14:15
India,Madhya Pradesh,Indore,"Chhoti Gwaltoli, Indore - MPPCB",06-09-2026 11:00:00,22.431,75.5213,CO,21,27,23,2026-09-06 06:14:15
India,Madhya Pradesh,Indore,"Airport Area, Indore - IMC",06-09-2026 11:00:00,22.7289,75.8076,PM2.5,40,107,55,2026-09-06 06:14:15
India,Madhya Pradesh,Indore,"Airport Area, Indore - IMC",06-09-2026 11:00:00,22.7289,75.8076,NO2,20,21,20,2026-09-06 06:14:15
India,Madhya Pradesh,Indore,"Maguda Nagar, Indore - IMC",06-09-2026 11:00:00,22.7524,75.8872,PM10,NA,NA,NA,2026-09-06 06:14:15
India,Madhya Pradesh,Indore,"Maguda Nagar, Indore - IMC",06-09-2026 11:00:00,22.7524,75.8872,NH3,NA,NA,NA,2026-09-06 06:14:15
India,Madhya Pradesh,Indore,"Maguda Nagar, Indore - IMC",06-09-2026 11:00:00,22.7524,75.8872,SO2,16,29,21,2026-09-06 06:14:15
India,Madhya Pradesh,Indore,"Maguda Nagar, Indore - IMC",06-09-2026 11:00:00,22.7524,75.8872,CO,32,33,32,2026-09-06 06:14:15
India,Madhya Pradesh,Indore,"Maguda Nagar, Indore - IMC",06-09-2026 11:00:00,22.7524,75.8872,OZONE,9,12,11,2026-09-06 06:14:15
India,Madhya Pradesh,Katni,"Gole Bazar, Katni - MPPCB",06-09-2026 11:00:00,23.50016,80.23284,SO2,9,38,23,2026-09-06 06:14:15
India,Madhya Pradesh,Katni,"Gole Bazar, Katni - MPPCB",06-09-2026 11:00:00,23.50016,80.23284,OZONE,10,19,13,2026-09-06 06:14:15
India,Madhya Pradesh,Maihar,"Sahilara, Maihar - KJS Cements",06-09-2026 11:00:00,24.2613009,80.7231783,NH3,NA,NA,NA,2026-09-06 06:14:15
India,Madhya Pradesh,Maihar,"Sahilara, Maihar - KJS Cements",06-09-2026 11:00:00,24.2613009,80.7231783,SO2,NA,NA,NA,2026-09-06 06:14:15
India,Madhya Pradesh,Maihar,"Sahilara, Maihar - KJS Cements",06-09-2026 11:00:00,24.2613009,80.7231783,OZONE,NA,NA,NA,2026-09-06 06:14:15
India,Madhya Pradesh,Mandideep,"Sector-D Industrial Area, Mandideep - MPPCB",06-09-2026 11:00:00,23.10844,77.511428,PM10,33,71,53,2026-09-06 06:14:15
India,Madhya Pradesh,Mandideep,"Sector-D Industrial Area, Mandideep - MPPCB",06-09-2026 11:00:00,23.10844,77.511428,CO,14,31,19,2026-09-06 06:14:15
India,Madhya Pradesh,Sagar,"Civil Lines, Sagar - MPPCB",06-09-2026 11:00:00,23.838586,78.759431,PM2.5,2,35,17,2026-09-06 06:14:15
India,Madhya Pradesh,Sagar,"Civil Lines, Sagar - MPPCB",06-09-2026 11:00:00,23.838586,78.759431,NO2,5,154,13,2026-09-06 06:14:15
India,Madhya Pradesh,Sagar,"Civil Lines, Sagar - MPPCB",06-09-2026 11:00:00,23.838586,78.759431,CO,7,14,11,2026-09-06 06:14:15
India,Madhya Pradesh,Ujjain,"Mahashweta Nagar, Ujjain - MPPCB",06-09-2026 11:00:00,23.1633321,75.800225,PM10,45,101,65,2026-09-06 06:14:15
India,Madhya Pradesh,Ujjain,"Mahashweta Nagar, Ujjain - MPPCB",06-09-2026 11:00:00,23.1633321,75.800225,CO,23,30,27,2026-09-06 06:14:15
India,Maharashtra,Akola,"Ramdaspeth, Akola - MPCB",06-09-2026 11:00:00,20.719516,77.000253,NH3,6,9,8,2026-09-06 06:14:15
India,Maharashtra,Mumbai,"Worli, Mumbai - MPCB",06-09-2026 11:00:00,18.9936162,72.8128113,PM10,22,77,43,2026-09-06 06:14:15
India,Maharashtra,Mumbai,"Worli, Mumbai - MPCB",06-09-2026 11:00:00,18.9936162,72.8128113,CO,34,44,39,2026-09-06 06:14:15
India,Maharashtra,Mumbai,"Worli, Mumbai - MPCB",06-09-2026 11:00:00,18.9936162,72.8128113,OZONE,2,5,3,2026-09-06 06:14:15
India,Maharashtra,Mumbai,"Navy Nagar-Colaba, Mumbai - IITM",06-09-2026 11:00:00,18.897756,72.81332,NO2,27,46,36,2026-09-06 06:14:15
India,Maharashtra,Mumbai,"Navy Nagar-Colaba, Mumbai - IITM",06-09-2026 11:00:00,18.897756,72.81332,NH3,1,2,2,2026-09-06 06:14:15
India,Maharashtra,Mumbai,"Navy Nagar-Colaba, Mumbai - IITM",06-09-2026 11:00:00,18.897756,72.81332,SO2,0,18,5,2026-09-06 06:14:15
India,Maharashtra,Mumbai,"Mulund West, Mumbai - MPCB",06-09-2026 11:00:00,19.175,72.9419,NO2,12,14,13,2026-09-06 06:14:15
India,Maharashtra,Mumbai,"Chembur, Mumbai - MPCB",06-09-2026 11:00:00,19.0364585,72.8954371,PM10,19,37,27,2026-09-06 06:14:15
India,Maharashtra,Mumbai,"Chembur, Mumbai - MPCB",06-09-2026 11:00:00,19.0364585,72.8954371,NH3,11,16,13,2026-09-06 06:14:15
India,Maharashtra,Mumbai,"Chembur, Mumbai - MPCB",06-09-2026 11:00:00,19.0364585,72.8954371,SO2,1,6,3,2026-09-06 06:14:15
India,Maharashtra,Mumbai,"Chembur, Mumbai - MPCB",06-09-2026 11:00:00,19.0364585,72.8954371,CO,19,29,23,2026-09-06 06:14:15
India,Maharashtra,Mumbai,"Kandivali West, Mumbai - BMC",06-09-2026 11:00:00,19.215859,72.831718,NO2,9,71,23,2026-09-06 06:14:15
India,Maharashtra,Navi Mumbai,"Mahape, Navi Mumbai - MPCB",06-09-2026 11:00:00,19.1135051,73.008978,CO,28,30,29,2026-09-06 06:14:15
India,Maharashtra,Navi Mumbai,"Mahape, Navi Mumbai - MPCB",06-09-2026 11:00:00,19.1135051,73.008978,OZONE,9,10,10,2026-09-06 06:14:15
India,Maharashtra,Parbhani,"Masoom Colony, Parbhani - MPCB",06-09-2026 11:00:00,19.265594,76.761463,SO2,0,1,1,2026-09-06 06:14:15
India,Maharashtra,Pimpri-Chinchwad,"Gavalinagar, Pimpri Chinchwad - MPCB",06-09-2026 11:00:00,18.63673,73.82487,NO2,7,19,12,2026-09-06 06:14:15
India,Maharashtra,Pimpri-Chinchwad,"Bhumkar Nagar, Pune - IITM",06-09-2026 11:00:00,18.60577,73.749976,NH3,NA,NA,NA,2026-09-06 06:14:15
India,Maharashtra,Pimpri-Chinchwad,"Thergaon, Pimpri Chinchwad - MPCB",06-09-2026 11:00:00,18.616318,73.765797,NH3,2,4,3,2026-09-06 06:14:15
India,Maharashtra,Pimpri-Chinchwad,"Park Street Wakad, Pimpri Chinchwad - MPCB",06-09-2026 11:00:00,18.59051,73.77946,PM2.5,18,39,25,2026-09-06 06:14:15
India,Maharashtra,Pimpri-Chinchwad,"Park Street Wakad, Pimpri Chinchwad - MPCB",06-09-2026 11:00:00,18.59051,73.77946,PM10,28,60,39,2026-09-06 06:14:15
India,Maharashtra,Pimpri-Chinchwad,"Savta Mali Nagar, Pimpri-Chinchwad - IITM",06-09-2026 11:00:00,18.614767,73.799516,PM2.5,13,50,24,2026-09-06 06:14:15
India,Maharashtra,Pimpri-Chinchwad,"Savta Mali Nagar, Pimpri-Chinchwad - IITM",06-09-2026 11:00:00,18.614767,73.799516,PM10,23,54,41,2026-09-06 06:14:15
India,Maharashtra,Pimpri-Chinchwad,"Savta Mali Nagar, Pimpri-Chinchwad - IITM",06-09-2026 11:00:00,18.614767,73.799516,NH3,NA,NA,NA,2026-09-06 06:14:15
India,Maharashtra,Pune,"Katraj Dairy, Pune - MPCB",06-09-2026 11:00:00,18.45445,73.854155,SO2,2,3,3,2026-09-06 06:14:15
India,Maharashtra,Pune,"Katraj Dairy, Pune - MPCB",06-09-2026 11:00:00,18.45445,73.854155,CO,19,27,22,2026-09-06 06:14:15
India,Maharashtra,Pune,"Katraj Dairy, Pune - MPCB",06-09-2026 11:00:00,18.45445,73.854155,OZONE,10,10,10,2026-09-06 06:14:15
India,Maharashtra,Pune,"Hadapsar, Pune - IITM",06-09-2026 11:00:00,18.501793,73.927532,PM2.5,22,51,37,2026-09-06 06:14:15
India,Maharashtra,Pune,"Hadapsar, Pune - IITM",06-09-2026 11:00:00,18.501793,73.927532,NO2,8,40,20,2026-09-06 06:14:15
India,Odisha,Bhubaneswar,"Patia, Bhubaneswar - OSPCB",06-09-2026 11:00:00,20.34652,85.8163,SO2,6,10,8,2026-09-06 06:14:15
India,Odisha,Bhubaneswar,"Lingraj Mandir, Bhubaneswar - OSPCB",06-09-2026 11:00:00,20.24079,85.836784,NH3,2,11,6,2026-09-06 06:14:15
India,Odisha,Bileipada,"Tata Township, Bileipada - OSPCB",06-09-2026 11:00:00,22.06156703,85.47409613,OZONE,17,18,17,2026-09-06 06:14:15
India,Odisha,Brajrajnagar,"GM Office, Brajrajnagar - OSPCB",06-09-2026 11:00:00,21.8004996,83.8396977,NH3,4,4,4,2026-09-06 06:14:15
India,Odisha,Byasanagar,"Ferro Chrome Colony, Byasanagar - OSPCB",06-09-2026 11:00:00,20.94185,86.1151,OZONE,6,67,27,2026-09-06 06:14:15
India,Odisha,Cuttack,"CDA Area, Cuttack - OSPCB",06-09-2026 11:00:00,20.48891,85.84768,PM10,22,80,55,2026-09-06 06:14:15
India,Odisha,Cuttack,"CDA Area, Cuttack - OSPCB",06-09-2026 11:00:00,20.48891,85.84768,SO2,6,8,7,2026-09-06 06:14:15
India,Odisha,Keonjhar,"Jagamohanpur, Keonjhar - OSPCB",06-09-2026 11:00:00,21.6439,85.599355,SO2,18,47,24,2026-09-06 06:14:15
India,Odisha,Nayagarh,"Dabuna, Nayagarh - OSPCB",06-09-2026 11:00:00,21.847279,85.416905,OZONE,19,20,19,2026-09-06 06:14:15
India,Odisha,Rairangpur,"Divisional Forest Office, Rairangpur - OSPCB",06-09-2026 11:00:00,22.265816,86.174829,NH3,3,3,3,2026-09-06 06:14:15
India,Odisha,Rairangpur,"Divisional Forest Office, Rairangpur - OSPCB",06-09-2026 11:00:00,22.265816,86.174829,SO2,NA,NA,NA,2026-09-06 06:14:15
India,Odisha,Rourkela,"Sector-2, Rourkela - OSPCB",06-09-2026 11:00:00,22.245,84.88111111,SO2,NA,NA,NA,2026-09-06 06:14:15
India,Odisha,Rourkela,"Fertilizer Township, Rourkela - OSPCB",06-09-2026 11:00:00,22.18972222,84.86277778,NO2,11,11,11,2026-09-06 06:14:15
India,Rajasthan,Bikaner,"MM Ground, Bikaner - RSPCB",06-09-2026 11:00:00,28.018792,73.292658,NH3,3,7,4,2026-09-06 06:14:15
India,Rajasthan,Bikaner,"MM Ground, Bikaner - RSPCB",06-09-2026 11:00:00,28.018792,73.292658,OZONE,9,23,15,2026-09-06 06:14:15
India,Rajasthan,Bundi,"New Colony, Bundi - RSPCB",06-09-2026 11:00:00,25.435774,75.644272,CO,12,18,14,2026-09-06 06:14:15
India,Rajasthan,Chittorgarh,"Shastri Nagar, Chittorgarh - RSPCB",06-09-2026 11:00:00,24.892047,74.623527,PM10,31,84,53,2026-09-06 06:14:15
India,Rajasthan,Dausa,"Khatikan Mohalla, Dausa - RSPCB",06-09-2026 11:00:00,26.895552,76.334753,PM10,13,106,35,2026-09-06 06:14:15
India,Rajasthan,Dholpur,"Raja Ganj, Dholpur - RSPCB",06-09-2026 11:00:00,26.699557,77.898881,PM10,6,26,15,2026-09-06 06:14:15
India,Rajasthan,Dholpur,"Raja Ganj, Dholpur - RSPCB",06-09-2026 11:00:00,26.699557,77.898881,OZONE,11,16,14,2026-09-06 06:14:15
India,Rajasthan,Dungarpur,"Bhoiwada, Dungarpur - RSPCB",06-09-2026 11:00:00,23.837789,73.714926,PM10,40,86,66,2026-09-06 06:14:15
India,Rajasthan,Dungarpur,"Bhoiwada, Dungarpur - RSPCB",06-09-2026 11:00:00,23.837789,73.714926,NO2,6,12,9,2026-09-06 06:14:15
India,Rajasthan,Dungarpur,"Bhoiwada, Dungarpur - RSPCB",06-09-2026 11:00:00,23.837789,73.714926,NH3,6,8,7,2026-09-06 06:14:15
India,Rajasthan,Hanumangarh,"Housing Board, Hanumangarh - RSPCB",06-09-2026 11:00:00,29.61075,74.283608,OZONE,9,19,17,2026-09-06 06:14:15
India,Rajasthan,Jaipur,"Sector-2 Murlipura, Jaipur - RSPCB",06-09-2026 11:00:00,26.960669,75.771817,PM2.5,11,54,27,2026-09-06 06:14:15
India,Rajasthan,Jaipur,"Sector-2 Murlipura, Jaipur - RSPCB",06-09-2026 11:00:00,26.960669,75.771817,NO2,17,39,27,2026-09-06 06:14:15
India,Rajasthan,Jaipur,"Sector-2 Murlipura, Jaipur - RSPCB",06-09-2026 11:00:00,26.960669,75.771817,NH3,4,11,6,2026-09-06 06:14:15
India,Rajasthan,Jaipur,"Sector-2 Murlipura, Jaipur - RSPCB",06-09-2026 11:00:00,26.960669,75.771817,OZONE,5,14,7,2026-09-06 06:14:15
India,Rajasthan,Alwar,"Moti Doongri, Alwar - RSPCB",06-09-2026 11:00:00,27.554793,76.611536,NO2,53,97,76,2026-09-06 06:14:15
India,Rajasthan,Banswara,"Rati Talai, Banswara - RSPCB",06-09-2026 11:00:00,23.55519,74.44001,SO2,3,32,7,2026-09-06 06:14:15
India,Rajasthan,Banswara,"Rati Talai, Banswara - RSPCB",06-09-2026 11:00:00,23.55519,74.44001,CO,13,17,15,2026-09-06 06:14:15
India,Rajasthan,Baran,"Bamboliya, Baran - RSPCB",06-09-2026 11:00:00,25.106006,76.469948,NO2,19,35,30,2026-09-06 06:14:15
India,Rajasthan,Baran,"Bamboliya, Baran - RSPCB",06-09-2026 11:00:00,25.106006,76.469948,NH3,5,7,6,2026-09-06 06:14:15
India,Rajasthan,Barmer,"Railway Colony, Barmer - RSPCB",06-09-2026 11:00:00,25.747299,71.393989,NH3,2,3,3,2026-09-06 06:14:15
India,Rajasthan,Bharatpur,"Krishna Nagar, Bharatpur - RSPCB",06-09-2026 11:00:00,27.215415,77.50873,PM10,11,53,26,2026-09-06 06:14:15
India,Rajasthan,Bharatpur,"Krishna Nagar, Bharatpur - RSPCB",06-09-2026 11:00:00,27.215415,77.50873,NO2,4,9,6,2026-09-06 06:14:15
India,Rajasthan,Bharatpur,"Krishna Nagar, Bharatpur - RSPCB",06-09-2026 11:00:00,27.215415,77.50873,CO,19,27,22,2026-09-06 06:14:15
India,Rajasthan,Bhilwara,"Pratap Nagar, Bhilwara - RSPCB",06-09-2026 11:00:00,25.339605,74.618883,NO2,9,18,14,2026-09-06 06:14:15
India,Rajasthan,Bhilwara,"Pratap Nagar, Bhilwara - RSPCB",06-09-2026 11:00:00,25.339605,74.618883,NH3,2,7,6,2026-09-06 06:14:15
India,Rajasthan,Bhilwara,"Pratap Nagar, Bhilwara - RSPCB",06-09-2026 11:00:00,25.339605,74.618883,SO2,7,12,10,2026-09-06 06:14:15
India,Rajasthan,Bhiwadi,"RIICO Ind. Area III, Bhiwadi - RSPCB",06-09-2026 11:00:00,28.194909,76.862296,PM10,55,129,91,2026-09-06 06:14:15
India,Rajasthan,Bhiwadi,"RIICO Ind. Area III, Bhiwadi - RSPCB",06-09-2026 11:00:00,28.194909,76.862296,NO2,10,26,15,2026-09-06 06:14:15
India,Rajasthan,Bhiwadi,"RIICO Ind. Area III, Bhiwadi - RSPCB",06-09-2026 11:00:00,28.194909,76.862296,CO,49,100,74,2026-09-06 06:14:15
India,Rajasthan,Bhiwadi,"RIICO Ind. Area III, Bhiwadi - RSPCB",06-09-2026 11:00:00,28.194909,76.862296,OZONE,5,20,9,2026-09-06 06:14:15
India,Odisha,Rourkela,"Fertilizer Township, Rourkela - OSPCB",06-09-2026 11:00:00,22.18972222,84.86277778,NH3,NA,NA,NA,2026-09-06 06:14:15
India,Odisha,Rourkela,"Fertilizer Township, Rourkela - OSPCB",06-09-2026 11:00:00,22.18972222,84.86277778,OZONE,NA,NA,NA,2026-09-06 06:14:15
India,Odisha,Talcher,"Talcher Coalfields,Talcher - OSPCB",06-09-2026 11:00:00,20.9360711,85.1707021,SO2,27,36,34,2026-09-06 06:14:15
India,Puducherry,Puducherry,"Jawahar Nagar, Puducherry - PPCC",06-09-2026 11:00:00,11.9309,79.8027,NH3,NA,NA,NA,2026-09-06 06:14:15
India,Punjab,Bathinda,"Hardev Nagar, Bathinda - PPCB",06-09-2026 11:00:00,30.233011,74.907758,PM10,16,67,38,2026-09-06 06:14:15
India,Punjab,Bathinda,"Hardev Nagar, Bathinda - PPCB",06-09-2026 11:00:00,30.233011,74.907758,CO,15,26,19,2026-09-06 06:14:15
India,Punjab,Jalandhar,"Civil Line, Jalandhar - PPCB",06-09-2026 11:00:00,31.321907,75.578914,PM10,33,65,45,2026-09-06 06:14:15
India,Punjab,Khanna,"Kalal Majra, Khanna - PPCB",06-09-2026 11:00:00,30.736056,76.209694,OZONE,13,31,24,2026-09-06 06:14:15
India,Punjab,Mandi Gobindgarh,"RIMT University, Mandi Gobindgarh - PPCB",06-09-2026 11:00:00,30.649961,76.331442,PM2.5,NA,NA,NA,2026-09-06 06:14:15
India,Punjab,Patiala,"Model Town, Patiala - PPCB",06-09-2026 11:00:00,30.349388,76.366642,SO2,17,22,20,2026-09-06 06:14:15
India,Punjab,Patiala,"Model Town, Patiala - PPCB",06-09-2026 11:00:00,30.349388,76.366642,CO,17,23,20,2026-09-06 06:14:15
India,Punjab,Rupnagar,"Ratanpura, Rupnagar - Ambuja Cements",06-09-2026 11:00:00,31.0325454,76.5623046,PM2.5,7,90,27,2026-09-06 06:14:15
India,Maharashtra,Nagpur,"Opp GPO Civil Lines, Nagpur - MPCB",06-09-2026 11:00:00,21.152875,79.0517531,NO2,16,33,24,2026-09-06 06:14:15
India,Maharashtra,Nagpur,"Opp GPO Civil Lines, Nagpur - MPCB",06-09-2026 11:00:00,21.152875,79.0517531,CO,1,31,14,2026-09-06 06:14:15
India,Maharashtra,Nagpur,"Opp GPO Civil Lines, Nagpur - MPCB",06-09-2026 11:00:00,21.152875,79.0517531,OZONE,9,15,12,2026-09-06 06:14:15
India,Maharashtra,Nagpur,"Ambazari, Nagpur - MPCB",06-09-2026 11:00:00,21.121801,79.04952,NO2,4,20,12,2026-09-06 06:14:15
India,Maharashtra,Nagpur,"Ambazari, Nagpur - MPCB",06-09-2026 11:00:00,21.121801,79.04952,SO2,4,12,11,2026-09-06 06:14:15
India,Maharashtra,Nanded,"Sneh Nagar, Nanded - MPCB",06-09-2026 11:00:00,19.173852,77.296291,NH3,1,3,2,2026-09-06 06:14:15
India,Maharashtra,Nashik,"Gangapur Road, Nashik - MPCB",06-09-2026 11:00:00,20.0073285,73.7762427,PM10,15,245,46,2026-09-06 06:14:15
India,Maharashtra,Nashik,"Gangapur Road, Nashik - MPCB",06-09-2026 11:00:00,20.0073285,73.7762427,NH3,3,3,3,2026-09-06 06:14:15
India,Maharashtra,Nashik,"Pandav Nagari, Nashik - MPCB",06-09-2026 11:00:00,19.9591346,73.7788008,PM10,8,27,18,2026-09-06 06:14:15
India,Maharashtra,Nashik,"Pandav Nagari, Nashik - MPCB",06-09-2026 11:00:00,19.9591346,73.7788008,NO2,4,8,5,2026-09-06 06:14:15
India,Maharashtra,Nashik,"MIDC Ambad, Nashik - MPCB",06-09-2026 11:00:00,19.95022,73.73148,NO2,2,6,4,2026-09-06 06:14:15
India,Maharashtra,Navi Mumbai,"Tondare-Taloja, Navi Mumbai - MPCB",06-09-2026 11:00:00,19.063,73.1209,PM10,22,43,32,2026-09-06 06:14:15
India,Maharashtra,Navi Mumbai,"Tondare-Taloja, Navi Mumbai - MPCB",06-09-2026 11:00:00,19.063,73.1209,NO2,10,20,13,2026-09-06 06:14:15
India,Maharashtra,Navi Mumbai,"Sanpada, Navi Mumbai - MPCB",06-09-2026 11:00:00,19.0575752,73.0151367,PM2.5,8,41,17,2026-09-06 06:14:15
India,Maharashtra,Pune,"Hadapsar, Pune - IITM",06-09-2026 11:00:00,18.501793,73.927532,OZONE,11,14,12,2026-09-06 06:14:15
India,Maharashtra,Pune,"Mhada Colony, Pune - IITM",06-09-2026 11:00:00,18.57304,73.927715,PM2.5,24,61,35,2026-09-06 06:14:15
India,Maharashtra,Pune,"Mhada Colony, Pune - IITM",06-09-2026 11:00:00,18.57304,73.927715,CO,2,2,2,2026-09-06 06:14:15
India,Maharashtra,Pune,"Savitribai Phule Pune University, Pune - MPCB",06-09-2026 11:00:00,18.547056,73.826908,NO2,2,11,8,2026-09-06 06:14:15
India,Maharashtra,Pune,"Savitribai Phule Pune University, Pune - MPCB",06-09-2026 11:00:00,18.547056,73.826908,OZONE,2,12,6,2026-09-06 06:14:15
India,Maharashtra,Sangli,"Vijay Nagar, Sangli - MPCB",06-09-2026 11:00:00,16.5038,74.3623,OZONE,10,25,16,2026-09-06 06:14:15
India,Maharashtra,Solapur,"Ratandeep Housing Society, Solapur - MPCB",06-09-2026 11:00:00,17.65439,75.90649,PM10,24,54,38,2026-09-06 06:14:15
India,Maharashtra,Solapur,"Ratandeep Housing Society, Solapur - MPCB",06-09-2026 11:00:00,17.65439,75.90649,NO2,9,31,17,2026-09-06 06:14:15
India,Maharashtra,Solapur,"Ratandeep Housing Society, Solapur - MPCB",06-09-2026 11:00:00,17.65439,75.90649,SO2,1,3,2,2026-09-06 06:14:15
India,Maharashtra,Solapur,"Ratandeep Housing Society, Solapur - MPCB",06-09-2026 11:00:00,17.65439,75.90649,OZONE,7,21,12,2026-09-06 06:14:15
India,Maharashtra,Thane,"Upvan Fort, Thane - MPCB",06-09-2026 11:00:00,19.222279,72.957979,PM2.5,NA,NA,NA,2026-09-06 06:14:15
India,Maharashtra,Thane,"Upvan Fort, Thane - MPCB",06-09-2026 11:00:00,19.222279,72.957979,CO,9,35,20,2026-09-06 06:14:15
India,Maharashtra,Thane,"Kasarvadavali, Thane - MPCB",06-09-2026 11:00:00,19.26777,72.97182,PM2.5,24,44,33,2026-09-06 06:14:15
India,Maharashtra,Thane,"Kasarvadavali, Thane - MPCB",06-09-2026 11:00:00,19.26777,72.97182,PM10,37,68,56,2026-09-06 06:14:15
India,Maharashtra,Thane,"Kasarvadavali, Thane - MPCB",06-09-2026 11:00:00,19.26777,72.97182,OZONE,2,10,5,2026-09-06 06:14:15
India,Maharashtra,Ulhasnagar,"Vithalwadi, Ulhasnagar - MPCB",06-09-2026 11:00:00,19.2307571,73.155192,NO2,5,8,7,2026-09-06 06:14:15
India,Meghalaya,Shillong,"Lumpyngngad, Shillong - Meghalaya PCB",06-09-2026 11:00:00,25.5586,91.8985,PM2.5,NA,NA,NA,2026-09-06 06:14:15
India,Meghalaya,Shillong,"Lumpyngngad, Shillong - Meghalaya PCB",06-09-2026 11:00:00,25.5586,91.8985,NH3,0,0,0,2026-09-06 06:14:15
India,Meghalaya,Shillong,"Lumpyngngad, Shillong - Meghalaya PCB",06-09-2026 11:00:00,25.5586,91.8985,OZONE,20,34,27,2026-09-06 06:14:15
India,Mizoram,Aizawl,"Sikulpuikawn, Aizawl - Mizoram PCB",06-09-2026 11:00:00,23.7176342,92.7192841,PM10,7,41,20,2026-09-06 06:14:15
India,Mizoram,Aizawl,"Sikulpuikawn, Aizawl - Mizoram PCB",06-09-2026 11:00:00,23.7176342,92.7192841,SO2,14,15,14,2026-09-06 06:14:15
India,Nagaland,Kohima,"PWD Junction, Kohima - NPCB",06-09-2026 11:00:00,25.6635413,94.0989878,OZONE,NA,NA,NA,2026-09-06 06:14:15
India,Odisha,Angul,"Hakimapada, Angul - OSPCB",06-09-2026 11:00:00,20.832874,85.104082,CO,43,57,50,2026-09-06 06:14:15
India,Odisha,Baripada,"Meher Colony, Baripada - OSPCB",06-09-2026 11:00:00,21.941841,86.728318,NO2,0,12,7,2026-09-06 06:14:15
India,Odisha,Baripada,"Meher Colony, Baripada - OSPCB",06-09-2026 11:00:00,21.941841,86.728318,NH3,1,4,2,2026-09-06 06:14:15
India,Odisha,Baripada,"Meher Colony, Baripada - OSPCB",06-09-2026 11:00:00,21.941841,86.728318,CO,1,12,5,2026-09-06 06:14:15
India,Rajasthan,Jaipur,"RIICO Sitapura, Jaipur - RSPCB",06-09-2026 11:00:00,26.786682,75.827928,OZONE,18,23,21,2026-09-06 06:14:15
India,Rajasthan,Jaipur,"Shastri Nagar, Jaipur - RSPCB",06-09-2026 11:00:00,26.9502929,75.730943,NO2,20,44,33,2026-09-06 06:14:15
India,Rajasthan,Jaipur,"Shastri Nagar, Jaipur - RSPCB",06-09-2026 11:00:00,26.9502929,75.730943,SO2,14,29,21,2026-09-06 06:14:15
India,Rajasthan,Jaipur,"Adarsh Nagar, Jaipur - RSPCB",06-09-2026 11:00:00,26.902909,75.836858,SO2,6,78,25,2026-09-06 06:14:15
India,Rajasthan,Jaisalmer,"Sadar Bazar, Jaisalmer - RSPCB",06-09-2026 11:00:00,26.912329,70.909168,PM2.5,15,40,27,2026-09-06 06:14:15
India,Rajasthan,Jalore,"Mudtra Sili, Jalore - RSPCB",06-09-2026 11:00:00,25.344694,72.626208,NH3,2,5,2,2026-09-06 06:14:15
India,Rajasthan,Jalore,"Mudtra Sili, Jalore - RSPCB",06-09-2026 11:00:00,25.344694,72.626208,OZONE,25,34,29,2026-09-06 06:14:15
India,Rajasthan,Jhalawar,"Rajlaxmi Nagar, Jhalawar - RSPCB",06-09-2026 11:00:00,24.588397,76.172782,PM2.5,7,58,31,2026-09-06 06:14:15
India,Rajasthan,Jodhpur,"Jhalamand, Jodhpur - RSPCB",06-09-2026 11:00:00,26.215415,73.070156,PM2.5,12,50,23,2026-09-06 06:14:15
India,Rajasthan,Jodhpur,"Jhalamand, Jodhpur - RSPCB",06-09-2026 11:00:00,26.215415,73.070156,NH3,5,6,6,2026-09-06 06:14:15
India,Rajasthan,Jodhpur,"Jhalamand, Jodhpur - RSPCB",06-09-2026 11:00:00,26.215415,73.070156,SO2,2,5,3,2026-09-06 06:14:15
India,Rajasthan,Jodhpur,"Collectorate, Jodhpur - RSPCB",06-09-2026 11:00:00,26.268249,73.0193853,PM10,23,66,52,2026-09-06 06:14:15
India,Rajasthan,Jodhpur,"Collectorate, Jodhpur - RSPCB",06-09-2026 11:00:00,26.268249,73.0193853,NH3,1,6,4,2026-09-06 06:14:15
India,Rajasthan,Jodhpur,"Collectorate, Jodhpur - RSPCB",06-09-2026 11:00:00,26.268249,73.0193853,SO2,1,15,8,2026-09-06 06:14:15
India,Rajasthan,Jodhpur,"Samrat Ashok Udhyan, Jodhpur - RSPCB",06-09-2026 11:00:00,26.253384,72.976571,SO2,NA,NA,NA,2026-09-06 06:14:15
India,Rajasthan,Karauli,"Satyawati Vihar, Karauli - RSPCB",06-09-2026 11:00:00,26.506177,77.025989,PM10,4,33,13,2026-09-06 06:14:15
India,Rajasthan,Khairthal,"New Anaj Mandi, Khairthal - RSPCB",06-09-2026 11:00:00,27.8015617,76.6365217,NO2,28,41,32,2026-09-06 06:14:15
India,Rajasthan,Khairthal,"New Anaj Mandi, Khairthal - RSPCB",06-09-2026 11:00:00,27.8015617,76.6365217,SO2,0,2,1,2026-09-06 06:14:15
India,Rajasthan,Khairthal,"New Anaj Mandi, Khairthal - RSPCB",06-09-2026 11:00:00,27.8015617,76.6365217,CO,77,109,96,2026-09-06 06:14:15
India,Rajasthan,Khairthal,"New Anaj Mandi, Khairthal - RSPCB",06-09-2026 11:00:00,27.8015617,76.6365217,OZONE,11,35,18,2026-09-06 06:14:15
India,Rajasthan,Kota,"Nayapura, Kota - RSPCB",06-09-2026 11:00:00,25.196024,75.855668,PM2.5,28,45,34,2026-09-06 06:14:15
India,Rajasthan,Kota,"Nayapura, Kota - RSPCB",06-09-2026 11:00:00,25.196024,75.855668,SO2,6,8,6,2026-09-06 06:14:15
India,Rajasthan,Kota,"Dhanmandi, Kota - RSPCB",06-09-2026 11:00:00,25.16409,75.858137,NH3,1,2,2,2026-09-06 06:14:15
India,Rajasthan,Kota,"Dhanmandi, Kota - RSPCB",06-09-2026 11:00:00,25.16409,75.858137,SO2,7,12,8,2026-09-06 06:14:15
India,Rajasthan,Kota,"Shrinath Puram, Kota - RSPCB",06-09-2026 11:00:00,25.14389,75.821256,SO2,5,8,6,2026-09-06 06:14:15
India,Rajasthan,Nagaur,"Karni Colony, Nagaur - RSPCB",06-09-2026 11:00:00,27.213494,73.734444,PM10,43,164,75,2026-09-06 06:14:15
India,Rajasthan,Nagaur,"Karni Colony, Nagaur - RSPCB",06-09-2026 11:00:00,27.213494,73.734444,NO2,3,15,7,2026-09-06 06:14:15
India,Rajasthan,Pratapgarh,"Pragati Nagar, Pratapgarh - RSPCB",06-09-2026 11:00:00,24.041198,74.780702,SO2,0,3,1,2026-09-06 06:14:15
India,Rajasthan,Pratapgarh,"Pragati Nagar, Pratapgarh - RSPCB",06-09-2026 11:00:00,24.041198,74.780702,OZONE,16,31,22,2026-09-06 06:14:15
India,Rajasthan,Rajsamand,"Dhoinda, Rajsamand - RSPCB",06-09-2026 11:00:00,25.03636,73.883502,PM10,49,91,66,2026-09-06 06:14:15
India,Rajasthan,Rajsamand,"Dhoinda, Rajsamand - RSPCB",06-09-2026 11:00:00,25.03636,73.883502,NO2,7,24,12,2026-09-06 06:14:15
India,Rajasthan,Rajsamand,"Dhoinda, Rajsamand - RSPCB",06-09-2026 11:00:00,25.03636,73.883502,CO,23,35,28,2026-09-06 06:14:15
India,Uttar Pradesh,Meerut,"Pallavpuram Phase 2, Meerut - UPPCB",06-09-2026 11:00:00,29.06351,77.709723,NO2,13,35,20,2026-09-06 06:14:15
India,Uttar Pradesh,Meerut,"Ganga Nagar, Meerut - UPPCB",06-09-2026 11:00:00,28.999264,77.7590354,NO2,40,47,42,2026-09-06 06:14:15
India,Uttar Pradesh,Meerut,"Ganga Nagar, Meerut - UPPCB",06-09-2026 11:00:00,28.999264,77.7590354,OZONE,21,45,29,2026-09-06 06:14:15
India,Uttar Pradesh,Modinagar,"SRM University, Modinagar - UPPCB",06-09-2026 11:00:00,28.798171,77.540243,NO2,13,23,17,2026-09-06 06:14:15
India,Uttar Pradesh,Modinagar,"SRM University, Modinagar - UPPCB",06-09-2026 11:00:00,28.798171,77.540243,NH3,4,4,4,2026-09-06 06:14:15
India,Uttar Pradesh,Moradabad,"Eco Herbal Park, Moradabad - UPPCB",06-09-2026 11:00:00,28.840739,78.697531,PM2.5,5,78,30,2026-09-06 06:14:15
India,Uttar Pradesh,Moradabad,"Buddhi Vihar, Moradabad - UPPCB",06-09-2026 11:00:00,28.83526,78.7446,SO2,33,36,35,2026-09-06 06:14:15
India,Uttar Pradesh,Moradabad,"Buddhi Vihar, Moradabad - UPPCB",06-09-2026 11:00:00,28.83526,78.7446,OZONE,20,25,23,2026-09-06 06:14:15
India,Uttar Pradesh,Moradabad,"Jigar Colony, Moradabad - UPPCB",06-09-2026 11:00:00,28.856664,78.772638,OZONE,22,23,22,2026-09-06 06:14:15
India,Uttar Pradesh,Moradabad,"Transport Nagar, Moradabad - UPPCB",06-09-2026 11:00:00,28.802625,78.753728,OZONE,1,49,18,2026-09-06 06:14:15
India,Uttar Pradesh,Moradabad,"Kashiram Nagar, Moradabad - UPPCB",06-09-2026 11:00:00,28.849399,78.742362,CO,34,42,37,2026-09-06 06:14:15
India,Uttar Pradesh,Moradabad,"Employment Office, Moradabad - UPPCB",06-09-2026 11:00:00,28.88528,78.7388,NH3,3,3,3,2026-09-06 06:14:15
India,Uttar Pradesh,Moradabad,"Employment Office, Moradabad - UPPCB",06-09-2026 11:00:00,28.88528,78.7388,CO,14,14,14,2026-09-06 06:14:15
India,Uttar Pradesh,Muzaffarnagar,"New Mandi, Muzaffarnagar - UPPCB",06-09-2026 11:00:00,29.4723508,77.7194031,PM2.5,22,93,42,2026-09-06 06:14:15
India,Uttar Pradesh,Muzaffarnagar,"New Mandi, Muzaffarnagar - UPPCB",06-09-2026 11:00:00,29.4723508,77.7194031,NH3,2,5,3,2026-09-06 06:14:15
India,Uttar Pradesh,Noida,"Sector - 125, Noida - UPPCB",06-09-2026 11:00:00,28.5447608,77.3231257,PM2.5,3,68,29,2026-09-06 06:14:15
India,Uttar Pradesh,Noida,"Sector - 125, Noida - UPPCB",06-09-2026 11:00:00,28.5447608,77.3231257,PM10,NA,NA,NA,2026-09-06 06:14:15
India,Rajasthan,Sawai Madhopur,"Sahu Nagar, Sawai Madhopur - RSPCB",06-09-2026 11:00:00,26.031443,76.359327,SO2,4,10,7,2026-09-06 06:14:15
India,Rajasthan,Sirohi,"Vedhaynath Colony, Sirohi - RSPCB",06-09-2026 11:00:00,24.885261,72.857549,PM2.5,13,35,23,2026-09-06 06:14:15
India,Rajasthan,Sirohi,"Vedhaynath Colony, Sirohi - RSPCB",06-09-2026 11:00:00,24.885261,72.857549,NH3,3,5,3,2026-09-06 06:14:15
India,Rajasthan,Sirohi,"Vedhaynath Colony, Sirohi - RSPCB",06-09-2026 11:00:00,24.885261,72.857549,SO2,4,6,4,2026-09-06 06:14:15
India,Rajasthan,Sri Ganganagar,"Old City, Sri Ganganagar - RSPCB",06-09-2026 11:00:00,29.931624,73.864511,NO2,25,72,43,2026-09-06 06:14:15
India,Rajasthan,Tonk,"Shastri Nagar, Tonk - RSPCB",06-09-2026 11:00:00,26.159933,75.780517,PM2.5,8,52,28,2026-09-06 06:14:15
India,Rajasthan,Tonk,"Shastri Nagar, Tonk - RSPCB",06-09-2026 11:00:00,26.159933,75.780517,SO2,2,5,3,2026-09-06 06:14:15
India,Rajasthan,Tonk,"Shastri Nagar, Tonk - RSPCB",06-09-2026 11:00:00,26.159933,75.780517,CO,13,57,30,2026-09-06 06:14:15
India,Rajasthan,Udaipur,"Ashok Nagar, Udaipur - RSPCB",06-09-2026 11:00:00,24.5886166,73.6321397,NH3,3,5,4,2026-09-06 06:14:15
India,Sikkim,Gangtok,"Zero Point GICI, Gangtok - SSPCB",06-09-2026 11:00:00,27.33853,88.614099,OZONE,1,2,1,2026-09-06 06:14:15
India,Tamil Nadu,Chennai,"Arumbakkam, Chennai - TNPCB",06-09-2026 11:00:00,13.0664,80.2112,NH3,2,3,2,2026-09-06 06:14:15
India,Tamil Nadu,Chennai,"Velachery Res. Area, Chennai - CPCB",06-09-2026 11:00:00,13.0052189,80.2398125,SO2,4,8,5,2026-09-06 06:14:15
India,Tamil Nadu,Chennai,"Perungudi, Chennai - TNPCB",06-09-2026 11:00:00,12.9533,80.2357,PM2.5,22,430,238,2026-09-06 06:14:15
India,Tamil Nadu,Chennai,"Perungudi, Chennai - TNPCB",06-09-2026 11:00:00,12.9533,80.2357,OZONE,0,3,1,2026-09-06 06:14:15
India,Tamil Nadu,Chennai,"Manali Village, Chennai - TNPCB",06-09-2026 11:00:00,13.1662,80.2584,PM2.5,23,61,38,2026-09-06 06:14:15
India,Tamil Nadu,Chennai,"Manali Village, Chennai - TNPCB",06-09-2026 11:00:00,13.1662,80.2584,PM10,24,75,43,2026-09-06 06:14:15
India,Tamil Nadu,Chennai,"Manali Village, Chennai - TNPCB",06-09-2026 11:00:00,13.1662,80.2584,NH3,2,6,2,2026-09-06 06:14:15
India,Uttar Pradesh,Bulandshahr,"Yamunapuram, Bulandshahr - UPPCB",06-09-2026 11:00:00,28.406963,77.849831,OZONE,12,24,15,2026-09-06 06:14:15
India,Uttar Pradesh,Fatehpur Sikri,"Dadupura, Fatehpur Sikri - UPPCB",06-09-2026 11:00:00,27.097694,77.671335,PM10,13,55,31,2026-09-06 06:14:15
India,Uttar Pradesh,Fatehpur Sikri,"Dadupura, Fatehpur Sikri - UPPCB",06-09-2026 11:00:00,27.097694,77.671335,NO2,7,8,7,2026-09-06 06:14:15
India,Uttar Pradesh,Fatehpur Sikri,"Dadupura, Fatehpur Sikri - UPPCB",06-09-2026 11:00:00,27.097694,77.671335,CO,17,20,19,2026-09-06 06:14:15
India,Uttar Pradesh,Firozabad,"Nagla Bhau, Firozabad - UPPCB",06-09-2026 11:00:00,27.168897,78.37696,SO2,22,54,30,2026-09-06 06:14:15
India,Uttar Pradesh,Gajraula,"Rajanpur, Gajraula - UPPCB",06-09-2026 11:00:00,28.829109,78.248796,PM2.5,10,55,25,2026-09-06 06:14:15
India,Uttar Pradesh,Gajraula,"Rajanpur, Gajraula - UPPCB",06-09-2026 11:00:00,28.829109,78.248796,PM10,15,56,29,2026-09-06 06:14:15
India,Uttar Pradesh,Ghaziabad,"Ved Vihar-Loni, Ghaziabad - UPPCB",06-09-2026 11:00:00,28.739153,77.273668,PM10,20,39,26,2026-09-06 06:14:15
India,Uttar Pradesh,Ghaziabad,"Sanjay Nagar, Ghaziabad - UPPCB",06-09-2026 11:00:00,28.685382,77.453839,PM2.5,2,45,18,2026-09-06 06:14:15
India,Uttar Pradesh,Ghaziabad,"Indirapuram, Ghaziabad - UPPCB",06-09-2026 11:00:00,28.646233,77.358075,PM10,18,74,42,2026-09-06 06:14:15
India,Uttar Pradesh,Ghaziabad,"Indirapuram, Ghaziabad - UPPCB",06-09-2026 11:00:00,28.646233,77.358075,NO2,18,40,27,2026-09-06 06:14:15
India,Uttar Pradesh,Ghaziabad,"Indirapuram, Ghaziabad - UPPCB",06-09-2026 11:00:00,28.646233,77.358075,CO,16,19,17,2026-09-06 06:14:15
India,Uttar Pradesh,Ghaziabad,"Vasundhara, Ghaziabad - UPPCB",06-09-2026 11:00:00,28.6603346,77.3572563,OZONE,33,66,42,2026-09-06 06:14:15
India,Uttar Pradesh,Ghaziabad,"Wave City, Ghaziabad - UPPCB",06-09-2026 11:00:00,28.646675,77.489049,PM10,NA,NA,NA,2026-09-06 06:14:15
India,Uttar Pradesh,Ghaziabad,"Wave City, Ghaziabad - UPPCB",06-09-2026 11:00:00,28.646675,77.489049,NO2,15,69,21,2026-09-06 06:14:15
India,Uttar Pradesh,Ghaziabad,"Loni, Ghaziabad - UPPCB",06-09-2026 11:00:00,28.757294,77.278792,SO2,NA,NA,NA,2026-09-06 06:14:15
India,Uttar Pradesh,Ghaziabad,"Loni, Ghaziabad - UPPCB",06-09-2026 11:00:00,28.757294,77.278792,OZONE,6,6,6,2026-09-06 06:14:15
India,Uttar Pradesh,Khora,"Prashant Garden, Khora - UPPCB",06-09-2026 11:00:00,28.61119,77.34206,CO,50,54,52,2026-09-06 06:14:15
India,Uttar Pradesh,Lucknow,"Talkatora District Industries Center, Lucknow - CPCB",06-09-2026 11:00:00,26.83399722,80.8917361,NO2,18,31,24,2026-09-06 06:14:15
India,Uttar Pradesh,Lucknow,"Talkatora District Industries Center, Lucknow - CPCB",06-09-2026 11:00:00,26.83399722,80.8917361,SO2,1,42,12,2026-09-06 06:14:15
India,Uttar Pradesh,Lucknow,"Kendriya Vidyalaya, Lucknow - CPCB",06-09-2026 11:00:00,26.906111,80.948222,CO,22,41,31,2026-09-06 06:14:15
India,Uttar Pradesh,Lucknow,"Gomti Nagar, Lucknow - UPPCB",06-09-2026 11:00:00,26.86812,81.005119,PM10,23,80,42,2026-09-06 06:14:15
India,Uttar Pradesh,Lucknow,"Gomti Nagar, Lucknow - UPPCB",06-09-2026 11:00:00,26.86812,81.005119,NO2,9,10,9,2026-09-06 06:14:15
India,Uttar Pradesh,Lucknow,"Gomti Nagar, Lucknow - UPPCB",06-09-2026 11:00:00,26.86812,81.005119,SO2,11,11,11,2026-09-06 06:14:15
India,Uttar Pradesh,Lucknow,"B R Ambedkar University, Lucknow - UPPCB",06-09-2026 11:00:00,26.766433,80.927299,OZONE,12,27,18,2026-09-06 06:14:15
India,Uttar Pradesh,Lucknow,"Lalbagh, Lucknow - CPCB",06-09-2026 11:00:00,26.8458805,80.9365541,NO2,19,37,27,2026-09-06 06:14:15
India,Uttar Pradesh,Lucknow,"Lalbagh, Lucknow - CPCB",06-09-2026 11:00:00,26.8458805,80.9365541,CO,15,106,39,2026-09-06 06:14:15
India,Uttar Pradesh,Mathura,"Pali Dungra, Mathura - UPPCB",06-09-2026 11:00:00,27.410954,77.550619,PM2.5,41,41,41,2026-09-06 06:14:15
India,Uttar Pradesh,Mathura,"Pali Dungra, Mathura - UPPCB",06-09-2026 11:00:00,27.410954,77.550619,NO2,4,5,4,2026-09-06 06:14:15
India,Uttar Pradesh,Meerut,"Jai Bhim Nagar, Meerut - UPPCB",06-09-2026 11:00:00,28.9535882,77.7622941,NO2,5,16,10,2026-09-06 06:14:15
India,Uttar Pradesh,Meerut,"Jai Bhim Nagar, Meerut - UPPCB",06-09-2026 11:00:00,28.9535882,77.7622941,SO2,8,10,9,2026-09-06 06:14:15
India,Uttar Pradesh,Meerut,"MIET College, Meerut - UPPCB",06-09-2026 11:00:00,28.972677,77.641018,NH3,1,10,4,2026-09-06 06:14:15
India,Uttar Pradesh,Meerut,"Pallavpuram Phase 2, Meerut - UPPCB",06-09-2026 11:00:00,29.06351,77.709723,PM2.5,33,64,51,2026-09-06 06:14:15
India,Tamil Nadu,Chennai,"Manali, Chennai - CPCB",06-09-2026 11:00:00,13.164544,80.26285,NH3,6,7,7,2026-09-06 06:14:15
India,Tamil Nadu,Coimbatore,"SIDCO Kurichi, Coimbatore - TNPCB",06-09-2026 11:00:00,10.942451,76.978996,PM2.5,NA,NA,NA,2026-09-06 06:14:15
India,Tamil Nadu,Coimbatore,"SIDCO Kurichi, Coimbatore - TNPCB",06-09-2026 11:00:00,10.942451,76.978996,OZONE,19,20,20,2026-09-06 06:14:15
India,Tamil Nadu,Gummidipoondi,"Anthoni Pillai Nagar, Gummidipoondi - TNPCB",06-09-2026 11:00:00,13.4127,80.1081,NO2,13,28,23,2026-09-06 06:14:15
India,Tamil Nadu,Thoothukudi,"Meelavittan, Thoothukudi - TNPCB",06-09-2026 11:00:00,8.816428,78.099039,NO2,13,22,16,2026-09-06 06:14:15
India,Telangana,Hyderabad,"Bollaram Industrial Area, Hyderabad - TSPCB",06-09-2026 11:00:00,17.518,78.383,SO2,10,16,13,2026-09-06 06:14:15
India,Telangana,Hyderabad,"Zoo Park, Hyderabad - TSPCB",06-09-2026 11:00:00,17.349694,78.451437,NH3,2,2,2,2026-09-06 06:14:15
India,Telangana,Hyderabad,"Central University, Hyderabad - TSPCB",06-09-2026 11:00:00,17.460103,78.334361,PM2.5,13,47,23,2026-09-06 06:14:15
India,Telangana,Hyderabad,"Central University, Hyderabad - TSPCB",06-09-2026 11:00:00,17.460103,78.334361,SO2,1,11,6,2026-09-06 06:14:15
India,Telangana,Hyderabad,"IITH Kandi, Hyderabad - TSPCB",06-09-2026 11:00:00,17.585705,78.126199,PM2.5,34,51,40,2026-09-06 06:14:15
India,Telangana,Hyderabad,"IITH Kandi, Hyderabad - TSPCB",06-09-2026 11:00:00,17.585705,78.126199,OZONE,15,22,17,2026-09-06 06:14:15
India,Telangana,Hyderabad,"Nacharam_TSIIC IALA, Hyderabad - TSPCB",06-09-2026 11:00:00,17.429398,78.569354,PM2.5,37,51,43,2026-09-06 06:14:15
India,Telangana,Hyderabad,"New Malakpet, Hyderabad - TSPCB",06-09-2026 11:00:00,17.37206,78.50864,NO2,12,16,14,2026-09-06 06:14:15
India,Telangana,Hyderabad,"New Malakpet, Hyderabad - TSPCB",06-09-2026 11:00:00,17.37206,78.50864,NH3,2,4,3,2026-09-06 06:14:15
India,Telangana,Hyderabad,"ICRISAT Patancheru, Hyderabad - TSPCB",06-09-2026 11:00:00,17.5184,78.278777,OZONE,31,69,47,2026-09-06 06:14:15
India,Tripura,Agartala,"Bardowali, Agartala - Tripura SPCB",06-09-2026 11:00:00,23.8175497,91.2726974,PM10,52,107,79,2026-09-06 06:14:15
India,Tripura,Agartala,"Bardowali, Agartala - Tripura SPCB",06-09-2026 11:00:00,23.8175497,91.2726974,NO2,13,14,13,2026-09-06 06:14:15
India,Uttar Pradesh,Agra,"Rohta, Agra - UPPCB",06-09-2026 11:00:00,27.106972,78.000111,PM2.5,12,35,24,2026-09-06 06:14:15
India,Uttar Pradesh,Agra,"Rohta, Agra - UPPCB",06-09-2026 11:00:00,27.106972,78.000111,SO2,15,25,17,2026-09-06 06:14:15
India,Uttar Pradesh,Agra,"Sector-3B Avas Vikas Colony, Agra - UPPCB",06-09-2026 11:00:00,27.19412,77.96237,NH3,5,6,5,2026-09-06 06:14:15
India,Uttar Pradesh,Agra,"Shahjahan Garden, Agra - UPPCB",06-09-2026 11:00:00,27.169338,78.03582,NH3,1,1,1,2026-09-06 06:14:15
India,Uttar Pradesh,Agra,"Manoharpur, Agra - UPPCB",06-09-2026 11:00:00,27.23711,78.01936,NO2,31,31,31,2026-09-06 06:14:15
India,Uttar Pradesh,Agra,"Manoharpur, Agra - UPPCB",06-09-2026 11:00:00,27.23711,78.01936,NH3,2,2,2,2026-09-06 06:14:15
India,Uttar Pradesh,Agra,"Manoharpur, Agra - UPPCB",06-09-2026 11:00:00,27.23711,78.01936,OZONE,6,6,6,2026-09-06 06:14:15
India,Uttar Pradesh,Agra,"Sanjay Palace, Agra - UPPCB",06-09-2026 11:00:00,27.19865833,78.00598056,SO2,17,18,18,2026-09-06 06:14:15
India,Uttar Pradesh,Baghpat,"Sardar Patel Inter College, Baghpat - UPPCB",06-09-2026 11:00:00,28.964949,77.278761,NO2,9,26,14,2026-09-06 06:14:15
India,Uttar Pradesh,Bareilly,"Civil Lines, Bareilly - UPPCB",06-09-2026 11:00:00,28.359581,79.414455,PM10,21,36,29,2026-09-06 06:14:15
India,Uttar Pradesh,Bareilly,"Civil Lines, Bareilly - UPPCB",06-09-2026 11:00:00,28.359581,79.414455,NH3,0,0,0,2026-09-06 06:14:15
India,Uttar Pradesh,Gorakhpur,"Madan Mohan Malaviya University of Technology, Gorakhpur - UPPCB",06-09-2026 11:00:00,26.730136,83.433859,PM2.5,3,121,52,2026-09-06 06:14:15
India,Uttar Pradesh,Gorakhpur,"Madan Mohan Malaviya University of Technology, Gorakhpur - UPPCB",06-09-2026 11:00:00,26.730136,83.433859,CO,5,6,6,2026-09-06 06:14:15
India,Uttar Pradesh,Greater Noida,"Knowledge Park - V, Greater Noida - UPPCB",06-09-2026 11:00:00,28.557054,77.453663,PM10,45,139,97,2026-09-06 06:14:15
India,Uttar Pradesh,Greater Noida,"Knowledge Park - V, Greater Noida - UPPCB",06-09-2026 11:00:00,28.557054,77.453663,NH3,6,8,7,2026-09-06 06:14:15
India,Uttar Pradesh,Greater Noida,"Knowledge Park - V, Greater Noida - UPPCB",06-09-2026 11:00:00,28.557054,77.453663,OZONE,6,10,8,2026-09-06 06:14:15
India,Uttar Pradesh,Greater Noida,"Knowledge Park - III, Greater Noida - UPPCB",06-09-2026 11:00:00,28.47272,77.482,PM2.5,8,83,36,2026-09-06 06:14:15
India,Uttar Pradesh,Greater Noida,"Knowledge Park - III, Greater Noida - UPPCB",06-09-2026 11:00:00,28.47272,77.482,SO2,6,8,7,2026-09-06 06:14:15
India,Uttar Pradesh,Hapur,"Anand Vihar, Hapur - UPPCB",06-09-2026 11:00:00,28.725645,77.749675,CO,32,36,34,2026-09-06 06:14:15
India,Uttar Pradesh,Jhansi,"Shivaji Nagar, Jhansi - UPPCB",06-09-2026 11:00:00,25.4547,78.6039,NO2,6,7,6,2026-09-06 06:14:15
India,Uttar Pradesh,Jhansi,"Shivaji Nagar, Jhansi - UPPCB",06-09-2026 11:00:00,25.4547,78.6039,CO,6,13,9,2026-09-06 06:14:15
India,Uttar Pradesh,Kanpur,"FTI Kidwai Nagar, Kanpur - UPPCB",06-09-2026 11:00:00,26.428282,80.327067,SO2,28,39,31,2026-09-06 06:14:15
India,Uttar Pradesh,Kanpur,"NSI Kalyanpur, Kanpur - UPPCB",06-09-2026 11:00:00,26.509954,80.249612,OZONE,21,22,21,2026-09-06 06:14:15
India,Uttar Pradesh,Kanpur,"Nehru Nagar, Kanpur - UPPCB",06-09-2026 11:00:00,26.4703136,80.3229863,NH3,NA,NA,NA,2026-09-06 06:14:15
India,Uttar Pradesh,Khora,"Prashant Garden, Khora - UPPCB",06-09-2026 11:00:00,28.61119,77.34206,PM10,60,97,74,2026-09-06 06:14:15
India,Telangana,Hyderabad,"Kokapet, Hyderabad - TSPCB",06-09-2026 11:00:00,17.393559,78.339194,OZONE,12,20,15,2026-09-06 06:14:15
India,Telangana,Hyderabad,"ECIL Kapra, Hyderabad - TSPCB",06-09-2026 11:00:00,17.470431,78.566959,CO,13,19,16,2026-09-06 06:14:15
India,Telangana,Hyderabad,"Ramachandrapuram, Hyderabad - TSPCB",06-09-2026 11:00:00,17.528544,78.286195,PM2.5,35,52,41,2026-09-06 06:14:15
India,Telangana,Hyderabad,"Ramachandrapuram, Hyderabad - TSPCB",06-09-2026 11:00:00,17.528544,78.286195,CO,23,36,25,2026-09-06 06:14:15
India,Telangana,Hyderabad,"Kompally Municipal Office, Hyderabad - TSPCB",06-09-2026 11:00:00,17.544899,78.486949,PM10,53,69,59,2026-09-06 06:14:15
India,Telangana,Hyderabad,"Somajiguda, Hyderabad - TSPCB",06-09-2026 11:00:00,17.417094,78.457437,PM2.5,69,107,83,2026-09-06 06:14:15
India,Telangana,Hyderabad,"Somajiguda, Hyderabad - TSPCB",06-09-2026 11:00:00,17.417094,78.457437,OZONE,15,16,15,2026-09-06 06:14:15
India,Telangana,Hyderabad,"IDA Pashamylaram, Hyderabad - TSPCB",06-09-2026 11:00:00,17.5316895,78.218939,PM2.5,25,93,48,2026-09-06 06:14:15
India,Telangana,Hyderabad,"IDA Pashamylaram, Hyderabad - TSPCB",06-09-2026 11:00:00,17.5316895,78.218939,NH3,1,1,1,2026-09-06 06:14:15
India,Telangana,Hyderabad,"Sanathnagar, Hyderabad - TSPCB",06-09-2026 11:00:00,17.4559458,78.4332152,OZONE,14,16,14,2026-09-06 06:14:15
India,Uttar Pradesh,Noida,"Sector - 62, Noida - IITM",06-09-2026 11:00:00,28.6245479,77.3577104,NH3,NA,NA,NA,2026-09-06 06:14:15
India,Uttar Pradesh,Noida,"Sector - 62, Noida - IITM",06-09-2026 11:00:00,28.6245479,77.3577104,SO2,NA,NA,NA,2026-09-06 06:14:15
India,Uttar Pradesh,Noida,"Sector - 62, Noida - IITM",06-09-2026 11:00:00,28.6245479,77.3577104,CO,21,31,25,2026-09-06 06:14:15
India,Uttar Pradesh,Noida,"Sector-1, Noida - UPPCB",06-09-2026 11:00:00,28.5898,77.3101,NH3,NA,NA,NA,2026-09-06 06:14:15
India,Uttar Pradesh,Noida,"Sector-1, Noida - UPPCB",06-09-2026 11:00:00,28.5898,77.3101,OZONE,NA,NA,NA,2026-09-06 06:14:15
India,Uttar Pradesh,Noida,"Sector-116, Noida - UPPCB",06-09-2026 11:00:00,28.56923,77.393848,NH3,4,11,9,2026-09-06 06:14:15
India,Uttar Pradesh,Prayagraj,"Motilal Nehru NIT, Prayagraj - UPPCB",06-09-2026 11:00:00,25.494,81.863,NH3,8,8,8,2026-09-06 06:14:15
India,Uttar Pradesh,Prayagraj,"Motilal Nehru NIT, Prayagraj - UPPCB",06-09-2026 11:00:00,25.494,81.863,SO2,31,100,71,2026-09-06 06:14:15
India,Uttar Pradesh,Prayagraj,"Nagar Nigam, Prayagraj - UPPCB",06-09-2026 11:00:00,25.44919916,81.82735986,NH3,3,8,6,2026-09-06 06:14:15
India,Uttar Pradesh,Prayagraj,"Jhunsi, Prayagraj - UPPCB",06-09-2026 11:00:00,25.425602,81.917152,SO2,27,101,47,2026-09-06 06:14:15
India,Uttar Pradesh,Raebareli,"Anand Nagar, Raebareli - UPPCB",06-09-2026 11:00:00,26.219512,81.237648,PM2.5,25,42,35,2026-09-06 06:14:15
India,Uttar Pradesh,Raebareli,"Anand Nagar, Raebareli - UPPCB",06-09-2026 11:00:00,26.219512,81.237648,OZONE,45,70,52,2026-09-06 06:14:15
India,Uttar Pradesh,Raebareli," Indira Nagar, Raebareli - NTPC Unchahar",06-09-2026 11:00:00,26.207781,81.245571,CO,54,61,57,2026-09-06 06:14:15
India,Uttar Pradesh,Raebareli," Indira Nagar, Raebareli - NTPC Unchahar",06-09-2026 11:00:00,26.207781,81.245571,OZONE,7,25,13,2026-09-06 06:14:15
India,Uttar Pradesh,Shamli,"New Tehsil, Shamli - UPPCB",06-09-2026 11:00:00,29.4603683,77.3410291,PM2.5,17,40,30,2026-09-06 06:14:15
India,Uttar Pradesh,Shamli,"New Tehsil, Shamli - UPPCB",06-09-2026 11:00:00,29.4603683,77.3410291,NH3,1,1,1,2026-09-06 06:14:15
India,Uttar Pradesh,Shamli,"New Tehsil, Shamli - UPPCB",06-09-2026 11:00:00,29.4603683,77.3410291,SO2,2,3,2,2026-09-06 06:14:15
India,Uttar Pradesh,Shamli,"New Tehsil, Shamli - UPPCB",06-09-2026 11:00:00,29.4603683,77.3410291,OZONE,16,17,17,2026-09-06 06:14:15
India,Uttar Pradesh,Varanasi,"Bhelupur, Varanasi - UPPCB",06-09-2026 11:00:00,25.301778,82.996789,PM10,16,405,100,2026-09-06 06:14:15
India,Uttar Pradesh,Varanasi,"Maldahiya, Varanasi - UPPCB",06-09-2026 11:00:00,25.32393,82.99687,NO2,2,4,3,2026-09-06 06:14:15
India,Uttar Pradesh,Varanasi,"Ardhali Bazar, Varanasi - UPPCB",06-09-2026 11:00:00,25.3505986,82.9083074,NO2,20,23,22,2026-09-06 06:14:15
India,Uttar Pradesh,Vrindavan,"Omex Eternity, Vrindavan - UPPCB",06-09-2026 11:00:00,27.571409,77.655757,PM2.5,10,57,28,2026-09-06 06:14:15
India,Uttarakhand,Dehradun,"Doon University, Dehradun - UKPCB",06-09-2026 11:00:00,30.269444,78.044167,PM10,14,54,37,2026-09-06 06:14:15
India,Uttarakhand,Kashipur,"Govt. Girls Inter College, Kashipur - UKPCB",06-09-2026 11:00:00,29.2124114,78.9611753,NH3,NA,NA,NA,2026-09-06 06:14:15
India,Uttarakhand,Rishikesh,"Shivaji Nagar, Rishikesh - UKPCB",06-09-2026 11:00:00,30.075911,78.2859547,NH3,6,6,6,2026-09-06 06:14:15
India,West Bengal,Asansol,"Asansol Court Area, Asansol - WBPCB",06-09-2026 11:00:00,23.685297,86.945968,PM2.5,35,68,47,2026-09-06 06:14:15
India,West Bengal,Asansol,"Asansol Court Area, Asansol - WBPCB",06-09-2026 11:00:00,23.685297,86.945968,PM10,43,104,57,2026-09-06 06:14:15
India,West Bengal,Asansol,"Evelyn Lodge, Asansol - WBPCB",06-09-2026 11:00:00,23.697936,86.944395,PM2.5,33,48,38,2026-09-06 06:14:15
India,West Bengal,Asansol,"Trivenidevi Bhalotia College, Asansol - WBPCB",06-09-2026 11:00:00,23.616515,87.119133,PM2.5,15,118,36,2026-09-06 06:14:15
India,West Bengal,Asansol,"Trivenidevi Bhalotia College, Asansol - WBPCB",06-09-2026 11:00:00,23.616515,87.119133,PM10,27,48,33,2026-09-06 06:14:15
India,West Bengal,Asansol,"Trivenidevi Bhalotia College, Asansol - WBPCB",06-09-2026 11:00:00,23.616515,87.119133,NH3,6,9,8,2026-09-06 06:14:15
India,West Bengal,Durgapur,"PCBL Residential Complex, Durgapur - WBPCB",06-09-2026 11:00:00,23.508764,87.35444,NO2,47,72,60,2026-09-06 06:14:15
India,West Bengal,Durgapur,"Womens College_City Center, Durgapur - WBPCB",06-09-2026 11:00:00,23.549395,87.300496,NH3,2,4,3,2026-09-06 06:14:15
India,West Bengal,Haldia,"Priyambada Housing Estate, Haldia - WBPCB",06-09-2026 11:00:00,22.06047,88.109737,PM2.5,28,56,42,2026-09-06 06:14:15
India,West Bengal,Haldia,"Priyambada Housing Estate, Haldia - WBPCB",06-09-2026 11:00:00,22.06047,88.109737,NH3,11,13,12,2026-09-06 06:14:15
India,West Bengal,Haldia,"Priyambada Housing Estate, Haldia - WBPCB",06-09-2026 11:00:00,22.06047,88.109737,OZONE,23,28,26,2026-09-06 06:14:15
India,West Bengal,Howrah,"Belur Math, Howrah - WBPCB",06-09-2026 11:00:00,22.629801,88.352017,NO2,26,75,46,2026-09-06 06:14:15
India,West Bengal,Howrah,"Dasnagar, Howrah - WBPCB",06-09-2026 11:00:00,22.6025571,88.3105664,SO2,3,4,3,2026-09-06 06:14:15
India,West Bengal,Howrah,"Botanical Garden, Howrah - WBPCB",06-09-2026 11:00:00,22.554954,88.292568,NH3,2,5,3,2026-09-06 06:14:15
India,West Bengal,Howrah,"Ghusuri, Howrah - WBPCB",06-09-2026 11:00:00,22.611968,88.347422,PM10,68,129,101,2026-09-06 06:14:15
India,West Bengal,Howrah,"Ghusuri, Howrah - WBPCB",06-09-2026 11:00:00,22.611968,88.347422,NH3,2,4,3,2026-09-06 06:14:15
India,West Bengal,Howrah,"Padmapukur, Howrah - WBPCB",06-09-2026 11:00:00,22.5687319,88.2797276,NO2,15,51,29,2026-09-06 06:14:15
India,West Bengal,Howrah,"Padmapukur, Howrah - WBPCB",06-09-2026 11:00:00,22.5687319,88.2797276,NH3,3,11,7,2026-09-06 06:14:15
India,West Bengal,Howrah,"Padmapukur, Howrah - WBPCB",06-09-2026 11:00:00,22.5687319,88.2797276,CO,50,56,54,2026-09-06 06:14:15
India,West Bengal,Kolkata,"Bidhannagar, Kolkata - WBPCB",06-09-2026 11:00:00,22.58157048,88.41002457,PM2.5,22,57,42,2026-09-06 06:14:15
India,West Bengal,Kolkata,"Bidhannagar, Kolkata - WBPCB",06-09-2026 11:00:00,22.58157048,88.41002457,CO,19,24,21,2026-09-06 06:14:15
India,West Bengal,Kolkata,"Jadavpur, Kolkata - WBPCB",06-09-2026 11:00:00,22.49929,88.36917,SO2,6,15,7,2026-09-06 06:14:15
India,West Bengal,Kolkata,"Rabindra Bharati University, Kolkata - WBPCB",06-09-2026 11:00:00,22.627847,88.380669,NO2,26,77,44,2026-09-06 06:14:15
India,West Bengal,Kolkata,"Rabindra Bharati University, Kolkata - WBPCB",06-09-2026 11:00:00,22.627847,88.380669,CO,28,35,32,2026-09-06 06:14:15
India,West Bengal,Kolkata,"Fort William, Kolkata - WBPCB",06-09-2026 11:00:00,22.55664,88.342674,NH3,7,8,7,2026-09-06 06:14:15
India,West Bengal,Kolkata,"Rabindra Sarobar, Kolkata - WBPCB",06-09-2026 11:00:00,22.51106,88.35142,OZONE,10,19,13,2026-09-06 06:14:15
India,West Bengal,Kolkata,"Ballygunge, Kolkata - WBPCB",06-09-2026 11:00:00,22.5367507,88.3638022,PM2.5,35,68,52,2026-09-06 06:14:15
India,West Bengal,Kolkata,"Victoria, Kolkata - WBPCB",06-09-2026 11:00:00,22.5448082,88.3403691,SO2,1,10,5,2026-09-06 06:14:15
India,West Bengal,Kolkata,"Victoria, Kolkata - WBPCB",06-09-2026 11:00:00,22.5448082,88.3403691,CO,35,46,39,2026-09-06 06:14:15
India,Bihar,Purnia,"Mariam Nagar, Purnia - BSPCB",06-09-2026 11:00:00,25.366336,87.117468,CO,56,57,57,2026-09-06 06:14:15
India,Bihar,Rajgir,"Dangi Tola, Rajgir - BSPCB",06-09-2026 11:00:00,25.0328,85.41948,PM10,NA,NA,NA,2026-09-06 06:14:15
India,Bihar,Rajgir,"Dangi Tola, Rajgir - BSPCB",06-09-2026 11:00:00,25.0328,85.41948,NO2,10,15,13,2026-09-06 06:14:15
India,Bihar,Rajgir,"Dangi Tola, Rajgir - BSPCB",06-09-2026 11:00:00,25.0328,85.41948,SO2,2,3,3,2026-09-06 06:14:15
India,Bihar,Saharsa,"Police Line, Saharsa - BSPCB",06-09-2026 11:00:00,25.892357,86.590325,PM10,48,71,54,2026-09-06 06:14:15
India,Bihar,Saharsa,"Police Line, Saharsa - BSPCB",06-09-2026 11:00:00,25.892357,86.590325,OZONE,13,26,18,2026-09-06 06:14:15
India,Bihar,Samastipur,"DM Office_Kasipur, Samastipur - BSPCB",06-09-2026 11:00:00,25.859655,85.77944,NH3,1,1,1,2026-09-06 06:14:15
India,Bihar,Sasaram,"Dada Peer, Sasaram - BSPCB",06-09-2026 11:00:00,24.952822,84.002396,PM10,3,122,43,2026-09-06 06:14:15
India,Chandigarh,Chandigarh,"Sector 22, Chandigarh - CPCC",06-09-2026 11:00:00,30.735567,76.775714,CO,33,36,35,2026-09-06 06:14:15
India,Chandigarh,Chandigarh,"Sector-25, Chandigarh - CPCC",06-09-2026 11:00:00,30.751462,76.762879,NH3,11,14,12,2026-09-06 06:14:15
India,Chandigarh,Chandigarh,"Sector-25, Chandigarh - CPCC",06-09-2026 11:00:00,30.751462,76.762879,OZONE,9,21,14,2026-09-06 06:14:15
India,Chandigarh,Chandigarh,"Sector-53, Chandigarh - CPCC",06-09-2026 11:00:00,30.719859,76.738637,NO2,6,61,29,2026-09-06 06:14:15
India,Chhattisgarh,Bhilai,"32Bungalows, Bhilai - CECB",06-09-2026 11:00:00,21.194815,81.31477,PM10,NA,NA,NA,2026-09-06 06:14:15
India,Chhattisgarh,Bhilai,"Civic Center, Bhilai - Bhilai Steel Plant",06-09-2026 11:00:00,21.185571,81.343175,NH3,1,2,1,2026-09-06 06:14:15
India,Chhattisgarh,Bhilai,"Civic Center, Bhilai - Bhilai Steel Plant",06-09-2026 11:00:00,21.185571,81.343175,CO,20,20,20,2026-09-06 06:14:15
India,Chhattisgarh,Bhilai,"Civic Center, Bhilai - Bhilai Steel Plant",06-09-2026 11:00:00,21.185571,81.343175,OZONE,11,12,11,2026-09-06 06:14:15
India,Chhattisgarh,Bhilai,"Hathkhoj, Bhilai - CECB",06-09-2026 11:00:00,21.224231,81.40835,NO2,9,39,18,2026-09-06 06:14:15
India,Bihar,Bhagalpur,"DM Office_Kachari Chowk, Bhagalpur - BSPCB",06-09-2026 11:00:00,25.251013,86.989001,CO,24,30,28,2026-09-06 06:14:15
India,Bihar,Bhagalpur,"DM Office_Kachari Chowk, Bhagalpur - BSPCB",06-09-2026 11:00:00,25.251013,86.989001,OZONE,15,19,18,2026-09-06 06:14:15
India,Bihar,Bihar Sharif,"D M Colony, Bihar Sharif - BSPCB",06-09-2026 11:00:00,25.204762,85.51496,PM10,NA,NA,NA,2026-09-06 06:14:15
India,Bihar,Bihar Sharif,"D M Colony, Bihar Sharif - BSPCB",06-09-2026 11:00:00,25.204762,85.51496,NH3,3,4,3,2026-09-06 06:14:15
India,Bihar,Chhapra,"Darshan Nagar, Chhapra - BSPCB",06-09-2026 11:00:00,25.7808257,84.7446768,PM2.5,88,96,92,2026-09-06 06:14:15
India,Bihar,Gaya,"Collectorate, Gaya - BSPCB",06-09-2026 11:00:00,24.7955,84.9994,PM2.5,10,184,70,2026-09-06 06:14:15
India,Bihar,Gaya,"Collectorate, Gaya - BSPCB",06-09-2026 11:00:00,24.7955,84.9994,NO2,7,10,9,2026-09-06 06:14:15
India,Bihar,Gaya,"Collectorate, Gaya - BSPCB",06-09-2026 11:00:00,24.7955,84.9994,NH3,NA,NA,NA,2026-09-06 06:14:15
India,Bihar,Gaya,"Collectorate, Gaya - BSPCB",06-09-2026 11:00:00,24.7955,84.9994,OZONE,27,29,28,2026-09-06 06:14:15
India,Bihar,Gaya,"Kareemganj, Gaya - BSPCB",06-09-2026 11:00:00,24.792403,84.992416,PM10,2,288,86,2026-09-06 06:14:15
India,Bihar,Gaya,"Kareemganj, Gaya - BSPCB",06-09-2026 11:00:00,24.792403,84.992416,NH3,1,2,1,2026-09-06 06:14:15
India,Bihar,Hajipur,"Industrial Area, Hajipur - BSPCB",06-09-2026 11:00:00,25.697189,85.2459,PM2.5,43,79,61,2026-09-06 06:14:15
India,Bihar,Hajipur,"Industrial Area, Hajipur - BSPCB",06-09-2026 11:00:00,25.697189,85.2459,CO,29,36,34,2026-09-06 06:14:15
India,Bihar,Kishanganj,"SDM Office_Khagra, Kishanganj - BSPCB",06-09-2026 11:00:00,26.0881305,87.93840336,OZONE,32,35,33,2026-09-06 06:14:15
India,Bihar,Manguraha,"Forest Rest House, Manguraha - BSPCB",06-09-2026 11:00:00,27.308328,84.531742,NO2,5,21,13,2026-09-06 06:14:15
India,Bihar,Motihari,"Gandak Colony, Motihari - BSPCB",06-09-2026 11:00:00,26.63086,84.90051,PM10,12,111,31,2026-09-06 06:14:15
India,Assam,Nagaon,"Christianpatty, Nagaon - PCBA",06-09-2026 11:00:00,26.349082,92.68449,CO,11,21,16,2026-09-06 06:14:15
India,Assam,Silchar,"Tarapur, Silchar - PCBA",06-09-2026 11:00:00,24.82827,92.79525,PM2.5,37,44,39,2026-09-06 06:14:15
India,Assam,Silchar,"Tarapur, Silchar - PCBA",06-09-2026 11:00:00,24.82827,92.79525,NH3,1,1,1,2026-09-06 06:14:15
India,Assam,Sivasagar,"Girls College, Sivasagar - PCBA",06-09-2026 11:00:00,26.987634,94.636574,NO2,9,13,10,2026-09-06 06:14:15
India,Assam,Sivasagar,"Girls College, Sivasagar - PCBA",06-09-2026 11:00:00,26.987634,94.636574,CO,13,18,16,2026-09-06 06:14:15
India,Bihar,Araria,"Kharahiya Basti, Araria - BSPCB",06-09-2026 11:00:00,26.146529,87.454184,NO2,12,18,15,2026-09-06 06:14:15
India,Bihar,Araria,"Kharahiya Basti, Araria - BSPCB",06-09-2026 11:00:00,26.146529,87.454184,OZONE,32,47,37,2026-09-06 06:14:15
India,Bihar,Arrah,"New DM Office, Arrah - BSPCB",06-09-2026 11:00:00,25.5626095,84.663264,PM10,NA,NA,NA,2026-09-06 06:14:15
India,Bihar,Arrah,"New DM Office, Arrah - BSPCB",06-09-2026 11:00:00,25.5626095,84.663264,NO2,0,9,7,2026-09-06 06:14:15
India,Bihar,Begusarai,"Lohiyanagar, Begusarai - BSPCB",06-09-2026 11:00:00,25.42742023,86.13886079,NO2,7,12,9,2026-09-06 06:14:15
India,Bihar,Begusarai,"Lohiyanagar, Begusarai - BSPCB",06-09-2026 11:00:00,25.42742023,86.13886079,NH3,2,3,3,2026-09-06 06:14:15
India,Bihar,Begusarai,"Lohiyanagar, Begusarai - BSPCB",06-09-2026 11:00:00,25.42742023,86.13886079,SO2,17,20,19,2026-09-06 06:14:15
India,Bihar,Bettiah,"Kamalnath Nagar, Bettiah - BSPCB",06-09-2026 11:00:00,26.80365,84.51954,CO,26,35,30,2026-09-06 06:14:15
India,Bihar,Bhagalpur,"Mayaganj, Bhagalpur - BSPCB",06-09-2026 11:00:00,25.265194,87.012947,PM10,21,393,89,2026-09-06 06:14:15
India,Bihar,Bhagalpur,"DM Office_Kachari Chowk, Bhagalpur - BSPCB",06-09-2026 11:00:00,25.251013,86.989001,PM10,14,231,130,2026-09-06 06:14:15
India,Delhi,Delhi,"Okhla Phase-2, Delhi - DPCC",06-09-2026 11:00:00,28.530785,77.271255,OZONE,5,10,7,2026-09-06 06:14:15
India,Delhi,Delhi,"Jahangirpuri, Delhi - DPCC",06-09-2026 11:00:00,28.73282,77.170633,PM10,9,70,33,2026-09-06 06:14:15
India,Delhi,Delhi,"Jahangirpuri, Delhi - DPCC",06-09-2026 11:00:00,28.73282,77.170633,NO2,13,30,20,2026-09-06 06:14:15
India,Delhi,Delhi,"IHBAS, Dilshad Garden, Delhi - CPCB",06-09-2026 11:00:00,28.6811736,77.3025234,CO,31,38,37,2026-09-06 06:14:15
India,Delhi,Delhi,"IHBAS, Dilshad Garden, Delhi - CPCB",06-09-2026 11:00:00,28.6811736,77.3025234,OZONE,4,13,9,2026-09-06 06:14:15
India,Delhi,Delhi,"Sri Aurobindo Marg, Delhi - DPCC",06-09-2026 11:00:00,28.531346,77.190156,NH3,0,1,1,2026-09-06 06:14:15
India,Delhi,Delhi,"Nehru Nagar, Delhi - DPCC",06-09-2026 11:00:00,28.56789,77.250515,PM2.5,5,107,54,2026-09-06 06:14:15
India,Delhi,Delhi,"Patparganj, Delhi - DPCC",06-09-2026 11:00:00,28.623763,77.287209,PM2.5,2,193,41,2026-09-06 06:14:15
India,Delhi,Delhi,"Patparganj, Delhi - DPCC",06-09-2026 11:00:00,28.623763,77.287209,PM10,22,118,52,2026-09-06 06:14:15
India,Delhi,Delhi,"Patparganj, Delhi - DPCC",06-09-2026 11:00:00,28.623763,77.287209,NH3,7,9,8,2026-09-06 06:14:15
India,Delhi,Delhi,"Patparganj, Delhi - DPCC",06-09-2026 11:00:00,28.623763,77.287209,CO,32,51,39,2026-09-06 06:14:15
India,Delhi,Delhi,"Patparganj, Delhi - DPCC",06-09-2026 11:00:00,28.623763,77.287209,OZONE,12,14,13,2026-09-06 06:14:15
India,Delhi,Delhi,"Jawaharlal Nehru Stadium, Delhi - DPCC",06-09-2026 11:00:00,28.58028,77.233829,PM2.5,8,57,33,2026-09-06 06:14:15
India,Delhi,Delhi,"Jawaharlal Nehru Stadium, Delhi - DPCC",06-09-2026 11:00:00,28.58028,77.233829,SO2,14,28,23,2026-09-06 06:14:15
India,Delhi,Delhi,"Wazirpur, Delhi - DPCC",06-09-2026 11:00:00,28.699793,77.165453,PM2.5,13,52,29,2026-09-06 06:14:15
India,Andhra Pradesh,Kurnool,"Sita Rama Nagar, Kurnool - APPCB",06-09-2026 11:00:00,15.83411,78.028546,PM10,35,58,45,2026-09-06 06:14:15
India,Andhra Pradesh,Kurnool,"Sita Rama Nagar, Kurnool - APPCB",06-09-2026 11:00:00,15.83411,78.028546,CO,5,11,8,2026-09-06 06:14:15
India,Andhra Pradesh,Machilipatnam,"Srinivas Nagar Colony, Machilipatnam - APPCB",06-09-2026 11:00:00,16.186555,81.13219,NH3,3,3,3,2026-09-06 06:14:15
India,Andhra Pradesh,Rajamahendravaram,"Anand Kala Kshetram, Rajamahendravaram - APPCB",06-09-2026 11:00:00,16.9872867,81.7363176,NO2,5,16,9,2026-09-06 06:14:15
India,Andhra Pradesh,Rajamahendravaram,"Anand Kala Kshetram, Rajamahendravaram - APPCB",06-09-2026 11:00:00,16.9872867,81.7363176,SO2,2,8,4,2026-09-06 06:14:15
India,Andhra Pradesh,Srikakulam,"Chinna Bharatham Colony, Srikakulam - APPCB",06-09-2026 11:00:00,18.292191,83.897173,OZONE,7,11,9,2026-09-06 06:14:15
India,Andhra Pradesh,Tirumala,"Toll Gate, Tirumala - APPCB",06-09-2026 11:00:00,13.67,79.35,NO2,28,68,50,2026-09-06 06:14:15
India,Andhra Pradesh,Vijayawada,"Rajiv Nagar, Vijayawada - APPCB",06-09-2026 11:00:00,16.554731,80.64911,PM10,63,76,66,2026-09-06 06:14:15
India,Andhra Pradesh,Vijayawada,"Rajiv Nagar, Vijayawada - APPCB",06-09-2026 11:00:00,16.554731,80.64911,SO2,11,19,13,2026-09-06 06:14:15
India,Andhra Pradesh,Vijayawada,"HB Colony, Vijayawada - APPCB",06-09-2026 11:00:00,16.536107,80.594233,NO2,19,25,20,2026-09-06 06:14:15
India,Andhra Pradesh,Visakhapatnam,"GVM Corporation, Visakhapatnam - APPCB",06-09-2026 11:00:00,17.72,83.3,CO,NA,NA,NA,2026-09-06 06:14:15
India,Arunachal Pradesh,Naharlagun,"Naharlagun, Naharlagun - APSPCB",06-09-2026 11:00:00,27.103358,93.679645,PM10,11,48,32,2026-09-06 06:14:15
India,Arunachal Pradesh,Naharlagun,"Naharlagun, Naharlagun - APSPCB",06-09-2026 11:00:00,27.103358,93.679645,SO2,11,11,11,2026-09-06 06:14:15
India,Arunachal Pradesh,Naharlagun,"Naharlagun, Naharlagun - APSPCB",06-09-2026 11:00:00,27.103358,93.679645,OZONE,6,7,7,2026-09-06 06:14:15
India,Assam,Byrnihat,"Central Academy for SFS, Byrnihat - PCBA",06-09-2026 11:00:00,26.071318,91.87488,NO2,6,9,8,2026-09-06 06:14:15
India,Assam,Guwahati,"IITG, Guwahati - PCBA",06-09-2026 11:00:00,26.2028636,91.70046436,NH3,1,1,1,2026-09-06 06:14:15
India,Assam,Guwahati,"Pan Bazaar, Guwahati - PCBA",06-09-2026 11:00:00,26.1875,91.744194,PM2.5,NA,NA,NA,2026-09-06 06:14:15
India,Assam,Guwahati,"Pan Bazaar, Guwahati - PCBA",06-09-2026 11:00:00,26.1875,91.744194,PM10,NA,NA,NA,2026-09-06 06:14:15
India,Assam,Guwahati,"LGBI Airport, Guwahati - PCBA",06-09-2026 11:00:00,26.10887,91.589544,PM2.5,18,74,50,2026-09-06 06:14:15
India,Assam,Guwahati,"LGBI Airport, Guwahati - PCBA",06-09-2026 11:00:00,26.10887,91.589544,NO2,12,15,14,2026-09-06 06:14:15
India,Assam,Nagaon,"Christianpatty, Nagaon - PCBA",06-09-2026 11:00:00,26.349082,92.68449,NO2,1,1,1,2026-09-06 06:14:15
India,Chhattisgarh,Bilaspur,"Mangala, Bilaspur - NTPC",06-09-2026 11:00:00,22.08815,82.13737,SO2,10,20,15,2026-09-06 06:14:15
India,Chhattisgarh,Korba,"Rampur, Korba - CECB",06-09-2026 11:00:00,22.368195,82.746431,PM2.5,12,37,23,2026-09-06 06:14:15
India,Chhattisgarh,Korba,"Rampur, Korba - CECB",06-09-2026 11:00:00,22.368195,82.746431,NO2,11,36,15,2026-09-06 06:14:15
India,Chhattisgarh,Korba,"Rampur, Korba - CECB",06-09-2026 11:00:00,22.368195,82.746431,NH3,1,1,1,2026-09-06 06:14:15
India,Chhattisgarh,Korba,"Rampur, Korba - CECB",06-09-2026 11:00:00,22.368195,82.746431,SO2,6,70,20,2026-09-06 06:14:15
India,Chhattisgarh,Kunjemura,"OP Jindal School, Kunjemura - CECB",06-09-2026 11:00:00,22.12665,83.483212,NO2,6,25,13,2026-09-06 06:14:15
India,Chhattisgarh,Kunjemura,"OP Jindal School, Kunjemura - CECB",06-09-2026 11:00:00,22.12665,83.483212,SO2,4,16,10,2026-09-06 06:14:15
India,Chhattisgarh,Raipur,"Krishak Nagar, Raipur - CECB",06-09-2026 11:00:00,21.237755,81.705301,CO,14,18,16,2026-09-06 06:14:15
India,Chhattisgarh,Raipur,"Bhatagaon New ISBT, Raipur - CECB",06-09-2026 11:00:00,21.219665,81.630094,CO,18,25,20,2026-09-06 06:14:15
India,Chhattisgarh,Raipur,"Siltara Phase-II, Raipur - CECB",06-09-2026 11:00:00,21.371751,81.664929,PM2.5,15,50,30,2026-09-06 06:14:15
India,Chhattisgarh,Raipur,"Siltara Phase-II, Raipur - CECB",06-09-2026 11:00:00,21.371751,81.664929,PM10,31,83,57,2026-09-06 06:14:15
India,Chhattisgarh,Raipur,"Siltara Phase-II, Raipur - CECB",06-09-2026 11:00:00,21.371751,81.664929,CO,17,17,17,2026-09-06 06:14:15
India,Chhattisgarh,Tumidih,"OP Jindal Industrial Park, Tumidih - CECB",06-09-2026 11:00:00,22.06631475,83.33820077,NH3,1,2,2,2026-09-06 06:14:15
India,Delhi,Delhi,"ITO, Delhi - CPCB",06-09-2026 11:00:00,28.628624,77.24106,PM2.5,12,87,43,2026-09-06 06:14:15
India,Delhi,Delhi,"Narela, Delhi - DPCC",06-09-2026 11:00:00,28.822836,77.101981,NH3,6,12,8,2026-09-06 06:14:15
India,Delhi,Delhi,"Cantonment Area, Delhi - DPCC",06-09-2026 11:00:00,28.594169,77.1251,PM2.5,5,25,14,2026-09-06 06:14:15
India,Delhi,Delhi,"Cantonment Area, Delhi - DPCC",06-09-2026 11:00:00,28.594169,77.1251,NO2,3,11,6,2026-09-06 06:14:15
India,Delhi,Delhi,"Cantonment Area, Delhi - DPCC",06-09-2026 11:00:00,28.594169,77.1251,OZONE,7,8,7,2026-09-06 06:14:15
India,Delhi,Delhi,"Sonia Vihar, Delhi - DPCC",06-09-2026 11:00:00,28.710508,77.249485,OZONE,NA,NA,NA,2026-09-06 06:14:15
India,Delhi,Delhi,"Bawana, Delhi - DPCC",06-09-2026 11:00:00,28.7762,77.051074,PM10,12,66,32,2026-09-06 06:14:15
India,Delhi,Delhi,"Bawana, Delhi - DPCC",06-09-2026 11:00:00,28.7762,77.051074,OZONE,15,17,16,2026-09-06 06:14:15
India,Andhra Pradesh,Amaravati,"Secretariat, Amaravati - APPCB",06-09-2026 11:00:00,16.5150833,80.5181667,NO2,12,47,23,2026-09-06 06:14:15
India,Andhra Pradesh,Anantapur,"Gulzarpet, Anantapur - APPCB",06-09-2026 11:00:00,14.675886,77.593027,PM2.5,47,81,65,2026-09-06 06:14:15
India,Andhra Pradesh,Chittoor,"Gangineni Cheruvu, Chittoor - APPCB",06-09-2026 11:00:00,13.20488,79.097889,NH3,8,8,8,2026-09-06 06:14:15
India,Andhra Pradesh,Kadapa,"Yerramukkapalli, Kadapa - APPCB",06-09-2026 11:00:00,14.465052,78.824187,PM10,61,65,63,2026-09-06 06:14:15
India,Andhra Pradesh,Kadapa,"Yerramukkapalli, Kadapa - APPCB",06-09-2026 11:00:00,14.465052,78.824187,NO2,21,23,23,2026-09-06 06:14:15
India,Andhra Pradesh,Kadapa,"Yerramukkapalli, Kadapa - APPCB",06-09-2026 11:00:00,14.465052,78.824187,NH3,3,3,3,2026-09-06 06:14:15
India,Andhra Pradesh,Kadapa,"Yerramukkapalli, Kadapa - APPCB",06-09-2026 11:00:00,14.465052,78.824187,CO,23,27,24,2026-09-06 06:14:15
India,Andhra Pradesh,Kakinada,"Rama Rao Peta, Kakinada - APPCB",06-09-2026 11:00:00,16.962488,82.229513,PM2.5,3,27,14,2026-09-06 06:14:15
India,Bihar,Motihari,"Gandak Colony, Motihari - BSPCB",06-09-2026 11:00:00,26.63086,84.90051,OZONE,39,53,50,2026-09-06 06:14:15
India,Bihar,Munger,"Town Hall, Munger - BSPCB",06-09-2026 11:00:00,25.376776,86.471523,OZONE,14,15,14,2026-09-06 06:14:15
India,Bihar,Patna,"DRM Office Danapur, Patna - BSPCB",06-09-2026 11:00:00,25.586562,85.043586,PM2.5,23,38,30,2026-09-06 06:14:15
India,Bihar,Patna,"DRM Office Danapur, Patna - BSPCB",06-09-2026 11:00:00,25.586562,85.043586,NH3,9,9,9,2026-09-06 06:14:15
India,Bihar,Patna,"Samanpura, Patna - BSPCB",06-09-2026 11:00:00,25.596727,85.085624,PM10,72,163,122,2026-09-06 06:14:15
India,Delhi,Delhi,"NSUT Jaffarpur, Delhi - DPCC",06-09-2026 11:00:00,28.594004,76.909423,PM10,21,62,43,2026-09-06 06:14:15
India,Delhi,Delhi,"Mundka, Delhi - DPCC",06-09-2026 11:00:00,28.684678,77.076574,PM2.5,8,55,26,2026-09-06 06:14:15
India,Delhi,Delhi,"Mundka, Delhi - DPCC",06-09-2026 11:00:00,28.684678,77.076574,NO2,45,80,69,2026-09-06 06:14:15
India,Delhi,Delhi,"Mundka, Delhi - DPCC",06-09-2026 11:00:00,28.684678,77.076574,NH3,5,9,6,2026-09-06 06:14:15
India,Delhi,Delhi,"Mundka, Delhi - DPCC",06-09-2026 11:00:00,28.684678,77.076574,CO,37,47,42,2026-09-06 06:14:15
India,Delhi,Delhi,"Anand Vihar, Delhi - DPCC",06-09-2026 11:00:00,28.647622,77.315809,PM2.5,2,2,2,2026-09-06 06:14:15
India,Delhi,Delhi,"Anand Vihar, Delhi - DPCC",06-09-2026 11:00:00,28.647622,77.315809,NH3,0,9,3,2026-09-06 06:14:15
India,Delhi,Delhi,"Anand Vihar, Delhi - DPCC",06-09-2026 11:00:00,28.647622,77.315809,CO,2,8,5,2026-09-06 06:14:15
India,Delhi,Delhi,"Anand Vihar, Delhi - DPCC",06-09-2026 11:00:00,28.647622,77.315809,OZONE,12,21,14,2026-09-06 06:14:15
India,Delhi,Delhi,"Shadipur, Delhi - CPCB",06-09-2026 11:00:00,28.6514781,77.1473105,NO2,19,35,28,2026-09-06 06:14:15
India,Delhi,Delhi,"Shadipur, Delhi - CPCB",06-09-2026 11:00:00,28.6514781,77.1473105,NH3,4,8,6,2026-09-06 06:14:15
India,Delhi,Delhi,"Shadipur, Delhi - CPCB",06-09-2026 11:00:00,28.6514781,77.1473105,OZONE,8,12,10,2026-09-06 06:14:15
India,Delhi,Delhi,"Mandir Marg, Delhi - DPCC",06-09-2026 11:00:00,28.636429,77.201067,NH3,9,10,9,2026-09-06 06:14:15
India,Delhi,Delhi,"Mandir Marg, Delhi - DPCC",06-09-2026 11:00:00,28.636429,77.201067,OZONE,1,3,2,2026-09-06 06:14:15
India,Delhi,Delhi,"Sirifort, Delhi - CPCB",06-09-2026 11:00:00,28.5504249,77.2159377,PM10,31,76,50,2026-09-06 06:14:15
India,Delhi,Delhi,"Sirifort, Delhi - CPCB",06-09-2026 11:00:00,28.5504249,77.2159377,NO2,48,61,51,2026-09-06 06:14:15
India,Delhi,Delhi,"Chandni Chowk, Delhi - IITM",06-09-2026 11:00:00,28.656756,77.227234,SO2,6,11,8,2026-09-06 06:14:15
India,Delhi,Delhi,"Pusa, Delhi - IITM",06-09-2026 11:00:00,28.63611,77.173332,SO2,NA,NA,NA,2026-09-06 06:14:15
India,Delhi,Delhi,"Pusa, Delhi - IITM",06-09-2026 11:00:00,28.63611,77.173332,OZONE,25,38,30,2026-09-06 06:14:15
India,Delhi,Delhi,"DTU, Delhi - CPCB",06-09-2026 11:00:00,28.7500499,77.1112615,PM2.5,17,73,33,2026-09-06 06:14:15
India,Gujarat,Ahmedabad,"Chandkheda, Ahmedabad - IITM",06-09-2026 11:00:00,23.107969,72.574648,SO2,5,8,6,2026-09-06 06:14:15
India,Gujarat,Ahmedabad,"SAC ISRO Bopal, Ahmedabad - IITM",06-09-2026 11:00:00,23.041137,72.456691,NO2,NA,NA,NA,2026-09-06 06:14:15
India,Gujarat,Ahmedabad,"SAC ISRO Satellite, Ahmedabad - IITM",06-09-2026 11:00:00,23.023389,72.515201,NO2,16,29,20,2026-09-06 06:14:15
India,Gujarat,Ahmedabad,"SAC ISRO Satellite, Ahmedabad - IITM",06-09-2026 11:00:00,23.023389,72.515201,SO2,1,3,2,2026-09-06 06:14:15
India,Gujarat,Ahmedabad,"Raikhad, Ahmedabad - IITM",06-09-2026 11:00:00,23.020509,72.579261,PM2.5,30,81,50,2026-09-06 06:14:15
India,Gujarat,Ahmedabad,"Raikhad, Ahmedabad - IITM",06-09-2026 11:00:00,23.020509,72.579261,NO2,10,36,17,2026-09-06 06:14:15
India,Gujarat,Ankleshwar,"GIDC, Ankleshwar - GPCB",06-09-2026 11:00:00,21.613267,73.010555,NO2,27,28,27,2026-09-06 06:14:15
India,Gujarat,Ankleshwar,"GIDC, Ankleshwar - GPCB",06-09-2026 11:00:00,21.613267,73.010555,CO,31,48,38,2026-09-06 06:14:15
India,Gujarat,Ankleshwar,"GIDC, Ankleshwar - GPCB",06-09-2026 11:00:00,21.613267,73.010555,OZONE,45,50,48,2026-09-06 06:14:15
India,Gujarat,Gandhinagar,"Sector-10, Gandhinagar - GPCB",06-09-2026 11:00:00,23.221714,72.654328,SO2,7,8,7,2026-09-06 06:14:15
India,Gujarat,Gandhinagar,"IIPHG Lekawada, Gandhinagar - IITM",06-09-2026 11:00:00,23.243639,72.68994,PM10,57,87,69,2026-09-06 06:14:15
India,Gujarat,Gandhinagar,"IIPHG Lekawada, Gandhinagar - IITM",06-09-2026 11:00:00,23.243639,72.68994,NH3,4,13,5,2026-09-06 06:14:15
India,Gujarat,Gandhinagar,"GIFT City, Gandhinagar - IITM",06-09-2026 11:00:00,23.163798,72.677768,SO2,1,7,4,2026-09-06 06:14:15
India,Gujarat,Mehsana,"Sadanand Nagar, Mehsana - Nexteng Enviro",06-09-2026 11:00:00,23.59315,72.372792,PM2.5,16,50,32,2026-09-06 06:14:15
India,Gujarat,Mehsana,"Sadanand Nagar, Mehsana - Nexteng Enviro",06-09-2026 11:00:00,23.59315,72.372792,PM10,32,100,59,2026-09-06 06:14:15
India,Gujarat,Mehsana,"Sadanand Nagar, Mehsana - Nexteng Enviro",06-09-2026 11:00:00,23.59315,72.372792,OZONE,10,10,10,2026-09-06 06:14:15
India,Haryana,Charkhi Dadri,"Mini Secretariat, Charkhi Dadri - HSPCB",06-09-2026 11:00:00,28.593883,76.270653,CO,10,23,16,2026-09-06 06:14:15
India,Haryana,Dharuhera,"Municipal Corporation Office, Dharuhera -  HSPCB",06-09-2026 11:00:00,28.2068,76.7997,PM2.5,33,440,84,2026-09-06 06:14:15
India,Haryana,Faridabad,"New Industrial Town, Faridabad - HSPCB",06-09-2026 11:00:00,28.39072,77.30059,PM2.5,47,68,55,2026-09-06 06:14:15
India,Haryana,Faridabad,"New Industrial Town, Faridabad - HSPCB",06-09-2026 11:00:00,28.39072,77.30059,SO2,4,9,6,2026-09-06 06:14:15
India,Haryana,Faridabad,"Sector 30, Faridabad - HSPCB",06-09-2026 11:00:00,28.4417,77.3217,PM2.5,26,69,52,2026-09-06 06:14:15
India,Haryana,Faridabad,"Sector 30, Faridabad - HSPCB",06-09-2026 11:00:00,28.4417,77.3217,NH3,6,12,10,2026-09-06 06:14:15
India,Haryana,Gurugram,"Teri Gram, Gurugram - HSPCB",06-09-2026 11:00:00,28.4275,77.1465,NO2,36,76,53,2026-09-06 06:14:15
India,Haryana,Gurugram,"Teri Gram, Gurugram - HSPCB",06-09-2026 11:00:00,28.4275,77.1465,CO,20,33,27,2026-09-06 06:14:15
India,Haryana,Gurugram,"NISE Gwal Pahari, Gurugram - IITM",06-09-2026 11:00:00,28.422681,77.148944,OZONE,7,13,9,2026-09-06 06:14:15
India,Haryana,Gurugram,"Sector-51, Gurugram - HSPCB",06-09-2026 11:00:00,28.4227,77.0667,NO2,23,66,40,2026-09-06 06:14:15
India,Haryana,Gurugram,"Sector-51, Gurugram - HSPCB",06-09-2026 11:00:00,28.4227,77.0667,NH3,8,22,13,2026-09-06 06:14:15
India,Haryana,Gurugram,"Sector-51, Gurugram - HSPCB",06-09-2026 11:00:00,28.4227,77.0667,CO,15,32,24,2026-09-06 06:14:15
India,Haryana,Gurugram,"Vikas Sadan, Gurugram - HSPCB",06-09-2026 11:00:00,28.4501238,77.0263051,PM2.5,NA,NA,NA,2026-09-06 06:14:15
India,Haryana,Gurugram,"Vikas Sadan, Gurugram - HSPCB",06-09-2026 11:00:00,28.4501238,77.0263051,PM10,NA,NA,NA,2026-09-06 06:14:15
India,Haryana,Hisar,"Urban Estate-II, Hisar - HSPCB",06-09-2026 11:00:00,29.14056,75.744941,PM10,42,85,55,2026-09-06 06:14:15
India,Gujarat,Nandesari,"GIDC, Nandesari - Nandesari Ind. Association",06-09-2026 11:00:00,22.410802,73.097923,NH3,NA,NA,NA,2026-09-06 06:14:15
India,Gujarat,Nandesari,"GIDC, Nandesari - Nandesari Ind. Association",06-09-2026 11:00:00,22.410802,73.097923,SO2,3,3,3,2026-09-06 06:14:15
India,Gujarat,Rajkot,"Mavdi, Rajkot - Nexteng Enviro ",06-09-2026 11:00:00,22.248853,70.776774,PM2.5,13,50,33,2026-09-06 06:14:15
India,Gujarat,Surat,"Science Center, Surat - SMC",06-09-2026 11:00:00,21.170046,72.795405,NH3,NA,NA,NA,2026-09-06 06:14:15
India,Gujarat,Surat,"Science Center, Surat - SMC",06-09-2026 11:00:00,21.170046,72.795405,OZONE,NA,NA,NA,2026-09-06 06:14:15
India,Gujarat,Surat,"Katargam, Surat - Nexteng Enviro",06-09-2026 11:00:00,21.217779,72.834787,CO,29,33,31,2026-09-06 06:14:15
India,Gujarat,Vadodara,"Bapunagar, Vadodara - Nexteng Enviro",06-09-2026 11:00:00,22.320153,73.216285,NH3,2,2,2,2026-09-06 06:14:15
India,Gujarat,Vatva,"Phase-4 GIDC, Vatva - GPCB",06-09-2026 11:00:00,22.969611,72.6435,SO2,0,22,6,2026-09-06 06:14:15
India,Gujarat,Vatva,"Phase-4 GIDC, Vatva - GPCB",06-09-2026 11:00:00,22.969611,72.6435,OZONE,9,10,10,2026-09-06 06:14:15
India,Haryana,Bahadurgarh,"Arya Nagar, Bahadurgarh - HSPCB",06-09-2026 11:00:00,28.6701,76.9254,PM10,25,43,31,2026-09-06 06:14:15
India,Delhi,Delhi,"Dr. Karni Singh Shooting Range, Delhi - DPCC",06-09-2026 11:00:00,28.498571,77.26484,SO2,5,10,6,2026-09-06 06:14:15
India,Delhi,Delhi,"IIT Delhi, Delhi - IITM",06-09-2026 11:00:00,28.54246,77.191651,OZONE,15,21,17,2026-09-06 06:14:15
India,Delhi,Delhi,"IGNOU_Maidan Garhi, Delhi - DPCC",06-09-2026 11:00:00,28.493624,77.201159,NO2,3,19,9,2026-09-06 06:14:15
India,Delhi,Delhi,"IGNOU_Maidan Garhi, Delhi - DPCC",06-09-2026 11:00:00,28.493624,77.201159,NH3,1,4,3,2026-09-06 06:14:15
India,Delhi,Delhi,"Commonwealth Sports Complex, Delhi - DPCC",06-09-2026 11:00:00,28.615828,77.271992,NH3,0,2,1,2026-09-06 06:14:15
India,Delhi,Delhi,"Talkatora Garden, Delhi - DPCC",06-09-2026 11:00:00,28.62181,77.1944633,SO2,1,2,2,2026-09-06 06:14:15
India,Delhi,Delhi,"NSIT Dwarka, Delhi - CPCB",06-09-2026 11:00:00,28.60909,77.0325413,CO,1,4,2,2026-09-06 06:14:15
India,Delhi,Delhi,"Aya Nagar, Delhi - IITM",06-09-2026 11:00:00,28.4706914,77.1099364,PM2.5,6,109,40,2026-09-06 06:14:15
India,Delhi,Delhi,"Aya Nagar, Delhi - IITM",06-09-2026 11:00:00,28.4706914,77.1099364,NH3,NA,NA,NA,2026-09-06 06:14:15
India,Delhi,Delhi,"Aya Nagar, Delhi - IITM",06-09-2026 11:00:00,28.4706914,77.1099364,CO,28,39,31,2026-09-06 06:14:15
India,Delhi,Delhi,"CRRI Mathura Road, Delhi - IITM",06-09-2026 11:00:00,28.5512005,77.2735737,PM10,9,83,39,2026-09-06 06:14:15
India,Delhi,Delhi,"Burari Crossing, Delhi - IITM",06-09-2026 11:00:00,28.7256504,77.2011573,PM10,23,61,42,2026-09-06 06:14:15
India,Delhi,Delhi,"IMD Lodhi Road, Delhi - IITM",06-09-2026 11:00:00,28.5918245,77.2273074,PM2.5,NA,NA,NA,2026-09-06 06:14:15
India,Delhi,Delhi,"IMD Lodhi Road, Delhi - IITM",06-09-2026 11:00:00,28.5918245,77.2273074,NO2,9,25,16,2026-09-06 06:14:15
India,Delhi,Delhi,"IMD Lodhi Road, Delhi - IITM",06-09-2026 11:00:00,28.5918245,77.2273074,SO2,NA,NA,NA,2026-09-06 06:14:15
India,Delhi,Delhi,"IMD Lodhi Road, Delhi - IITM",06-09-2026 11:00:00,28.5918245,77.2273074,CO,14,18,16,2026-09-06 06:14:15
India,Delhi,Delhi,"R K Puram, Delhi - DPCC",06-09-2026 11:00:00,28.563262,77.186937,NH3,5,5,5,2026-09-06 06:14:15
India,Gujarat,Ahmedabad,"SVPI Airport Hansol, Ahmedabad - IITM",06-09-2026 11:00:00,23.076793,72.627874,PM2.5,12,63,34,2026-09-06 06:14:15
India,Gujarat,Ahmedabad,"SVPI Airport Hansol, Ahmedabad - IITM",06-09-2026 11:00:00,23.076793,72.627874,CO,40,43,42,2026-09-06 06:14:15
India,Karnataka,Mysuru,"Hebbal 1st Stage, Mysuru - KSPCB",06-09-2026 11:00:00,12.21041,76.37376,OZONE,8,35,15,2026-09-06 06:14:15
India,Karnataka,Ramanagara,"Vijay Nagar, Ramanagara - KSPCB",06-09-2026 11:00:00,12.733409,77.298051,CO,18,35,29,2026-09-06 06:14:15
India,Karnataka,Shivamogga,"Vinoba Nagara, Shivamogga - KSPCB",06-09-2026 11:00:00,13.94,75.555917,PM2.5,35,36,35,2026-09-06 06:14:15
India,Karnataka,Vijayapura,"Ibrahimpur, Vijayapura - KSPCB",06-09-2026 11:00:00,16.802639,75.722694,PM2.5,26,27,27,2026-09-06 06:14:15
India,Karnataka,Vijayapura,"Ibrahimpur, Vijayapura - KSPCB",06-09-2026 11:00:00,16.802639,75.722694,PM10,42,43,43,2026-09-06 06:14:15
India,Karnataka,Vijayapura,"Ibrahimpur, Vijayapura - KSPCB",06-09-2026 11:00:00,16.802639,75.722694,CO,18,30,24,2026-09-06 06:14:15
India,Karnataka,Vijayapura,"Ibrahimpur, Vijayapura - KSPCB",06-09-2026 11:00:00,16.802639,75.722694,OZONE,16,17,16,2026-09-06 06:14:15
India,Kerala,Kannur,"Thavakkara, Kannur - Kerala PCB",06-09-2026 11:00:00,11.875,75.3732,SO2,0,0,0,2026-09-06 06:14:15
India,Kerala,Thiruvananthapuram,"Plammoodu, Thiruvananthapuram - Kerala PCB",06-09-2026 11:00:00,8.5149093,76.9435879,NO2,2,5,4,2026-09-06 06:14:15
India,Kerala,Thiruvananthapuram,"Plammoodu, Thiruvananthapuram - Kerala PCB",06-09-2026 11:00:00,8.5149093,76.9435879,CO,3,8,6,2026-09-06 06:14:15
India,Kerala,Thiruvananthapuram,"Kariavattom, Thiruvananthapuram - Kerala PCB",06-09-2026 11:00:00,8.5637,76.8865,PM2.5,38,43,41,2026-09-06 06:14:15
India,Kerala,Thiruvananthapuram,"Kariavattom, Thiruvananthapuram - Kerala PCB",06-09-2026 11:00:00,8.5637,76.8865,OZONE,30,31,30,2026-09-06 06:14:15
India,Kerala,Thrissur,"Corporation Ground, Thrissur - Kerala PCB",06-09-2026 11:00:00,10.5324,76.2159,CO,17,28,24,2026-09-06 06:14:15
India,Kerala,Thrissur,"Corporation Ground, Thrissur - Kerala PCB",06-09-2026 11:00:00,10.5324,76.2159,OZONE,31,32,32,2026-09-06 06:14:15
India,Madhya Pradesh,Bhopal,"Paryavaran Parisar, Bhopal - MPPCB",06-09-2026 11:00:00,23.210494,77.425409,PM2.5,20,42,31,2026-09-06 06:14:15
India,Madhya Pradesh,Bhopal,"Paryavaran Parisar, Bhopal - MPPCB",06-09-2026 11:00:00,23.210494,77.425409,NO2,7,11,8,2026-09-06 06:14:15
India,Madhya Pradesh,Bhopal,"Idgah Hills, Bhopal - MPPCB",06-09-2026 11:00:00,23.264759,77.381568,OZONE,15,20,18,2026-09-06 06:14:15
India,Madhya Pradesh,Bhopal,"T T Nagar, Bhopal - MPPCB",06-09-2026 11:00:00,23.233584,77.400574,PM2.5,17,43,30,2026-09-06 06:14:15
India,Madhya Pradesh,Bhopal,"T T Nagar, Bhopal - MPPCB",06-09-2026 11:00:00,23.233584,77.400574,PM10,28,50,37,2026-09-06 06:14:15
India,Madhya Pradesh,Indore,"Residency Area, Indore - IMC",06-09-2026 11:00:00,22.7084,75.8815,NO2,NA,NA,NA,2026-09-06 06:14:15
India,Madhya Pradesh,Indore,"Residency Area, Indore - IMC",06-09-2026 11:00:00,22.7084,75.8815,OZONE,5,7,6,2026-09-06 06:14:15
India,Madhya Pradesh,Jabalpur,"Marhatal, Jabalpur - MPPCB",06-09-2026 11:00:00,23.168606,79.932247,PM2.5,10,27,19,2026-09-06 06:14:15
India,Madhya Pradesh,Jabalpur,"Marhatal, Jabalpur - MPPCB",06-09-2026 11:00:00,23.168606,79.932247,NO2,24,32,29,2026-09-06 06:14:15
India,Madhya Pradesh,Jabalpur,"Marhatal, Jabalpur - MPPCB",06-09-2026 11:00:00,23.168606,79.932247,NH3,4,5,5,2026-09-06 06:14:15
India,Madhya Pradesh,Jabalpur,"Marhatal, Jabalpur - MPPCB",06-09-2026 11:00:00,23.168606,79.932247,SO2,10,13,12,2026-09-06 06:14:15
India,Madhya Pradesh,Jabalpur,"Marhatal, Jabalpur - MPPCB",06-09-2026 11:00:00,23.168606,79.932247,OZONE,21,32,24,2026-09-06 06:14:15
India,Madhya Pradesh,Jabalpur,"Govindh Bhavan Colony, Jabalpur - JMC",06-09-2026 11:00:00,23.163174,79.973061,PM2.5,12,40,24,2026-09-06 06:14:15
India,Madhya Pradesh,Jabalpur,"Govindh Bhavan Colony, Jabalpur - JMC",06-09-2026 11:00:00,23.163174,79.973061,PM10,9,49,26,2026-09-06 06:14:15
India,Madhya Pradesh,Jabalpur,"Govindh Bhavan Colony, Jabalpur - JMC",06-09-2026 11:00:00,23.163174,79.973061,SO2,6,8,7,2026-09-06 06:14:15
India,Madhya Pradesh,Jabalpur,"Suhagi, Jabalpur - JMC",06-09-2026 11:00:00,23.218135,79.95777,PM10,21,42,30,2026-09-06 06:14:15
India,Madhya Pradesh,Jabalpur,"Suhagi, Jabalpur - JMC",06-09-2026 11:00:00,23.218135,79.95777,SO2,6,7,6,2026-09-06 06:14:15
India,Madhya Pradesh,Katni,"Gole Bazar, Katni - MPPCB",06-09-2026 11:00:00,23.50016,80.23284,CO,34,41,37,2026-09-06 06:14:15
India,Madhya Pradesh,Maihar,"Sahilara, Maihar - KJS Cements",06-09-2026 11:00:00,24.2613009,80.7231783,PM2.5,NA,NA,NA,2026-09-06 06:14:15
India,Madhya Pradesh,Maihar,"Sahilara, Maihar - KJS Cements",06-09-2026 11:00:00,24.2613009,80.7231783,CO,17,25,21,2026-09-06 06:14:15
India,Madhya Pradesh,Pithampur,"Sector-2 Industrial Area, Pithampur - MPPCB",06-09-2026 11:00:00,22.624758,75.675238,NO2,9,39,21,2026-09-06 06:14:15
India,Madhya Pradesh,Pithampur,"Sector-2 Industrial Area, Pithampur - MPPCB",06-09-2026 11:00:00,22.624758,75.675238,NH3,7,8,7,2026-09-06 06:14:15
India,Madhya Pradesh,Pithampur,"Sector-2 Industrial Area, Pithampur - MPPCB",06-09-2026 11:00:00,22.624758,75.675238,SO2,30,59,41,2026-09-06 06:14:15
India,Madhya Pradesh,Ratlam,"Shasthri Nagar, Ratlam - IPCA Lab",06-09-2026 11:00:00,23.331731,75.045981,SO2,9,11,10,2026-09-06 06:14:15
India,Madhya Pradesh,Ratlam,"Shasthri Nagar, Ratlam - IPCA Lab",06-09-2026 11:00:00,23.331731,75.045981,OZONE,NA,NA,NA,2026-09-06 06:14:15
India,Madhya Pradesh,Sagar,"Civil Lines, Sagar - MPPCB",06-09-2026 11:00:00,23.838586,78.759431,PM10,3,43,28,2026-09-06 06:14:15
India,Madhya Pradesh,Sagar,"Civil Lines, Sagar - MPPCB",06-09-2026 11:00:00,23.838586,78.759431,NH3,2,2,2,2026-09-06 06:14:15
India,Madhya Pradesh,Sagar,"Civil Lines, Sagar - MPPCB",06-09-2026 11:00:00,23.838586,78.759431,SO2,4,8,6,2026-09-06 06:14:15
India,Madhya Pradesh,Satna,"Bandhavgar Colony, Satna - Birla Cement",06-09-2026 11:00:00,24.58434363,80.8549414,PM10,69,71,70,2026-09-06 06:14:15
India,Madhya Pradesh,Satna,"Bandhavgar Colony, Satna - Birla Cement",06-09-2026 11:00:00,24.58434363,80.8549414,NO2,12,13,13,2026-09-06 06:14:15
India,Madhya Pradesh,Satna,"Bandhavgar Colony, Satna - Birla Cement",06-09-2026 11:00:00,24.58434363,80.8549414,SO2,NA,NA,NA,2026-09-06 06:14:15
India,Madhya Pradesh,Satna,"Bandhavgar Colony, Satna - Birla Cement",06-09-2026 11:00:00,24.58434363,80.8549414,CO,11,17,14,2026-09-06 06:14:15
India,Madhya Pradesh,Ujjain,"Mahashweta Nagar, Ujjain - MPPCB",06-09-2026 11:00:00,23.1633321,75.800225,OZONE,29,35,32,2026-09-06 06:14:15
India,Maharashtra,Ahmednagar,"Tarakpur, Ahmednagar - MPCB",06-09-2026 11:00:00,19.10122,74.73339,NO2,3,7,4,2026-09-06 06:14:15
India,Maharashtra,Ahmednagar,"Tarakpur, Ahmednagar - MPCB",06-09-2026 11:00:00,19.10122,74.73339,SO2,4,8,6,2026-09-06 06:14:15
India,Maharashtra,Akola,"Ramdaspeth, Akola - MPCB",06-09-2026 11:00:00,20.719516,77.000253,SO2,1,6,2,2026-09-06 06:14:15
India,Maharashtra,Ambernath,"Chinchpada, Ambernath - MPCB",06-09-2026 11:00:00,19.215784,73.199781,PM10,28,120,67,2026-09-06 06:14:15
India,Maharashtra,Ambernath,"Chinchpada, Ambernath - MPCB",06-09-2026 11:00:00,19.215784,73.199781,NO2,13,39,22,2026-09-06 06:14:15
India,Maharashtra,Ambernath,"Chinchpada, Ambernath - MPCB",06-09-2026 11:00:00,19.215784,73.199781,NH3,3,4,3,2026-09-06 06:14:15
India,Maharashtra,Ambernath,"Chinchpada, Ambernath - MPCB",06-09-2026 11:00:00,19.215784,73.199781,SO2,24,30,27,2026-09-06 06:14:15
India,Maharashtra,Amravati,"Shivneri Colony, Amravati - MPCB",06-09-2026 11:00:00,20.9402359,77.7895248,PM10,22,46,34,2026-09-06 06:14:15
India,Maharashtra,Amravati,"Shivneri Colony, Amravati - MPCB",06-09-2026 11:00:00,20.9402359,77.7895248,NO2,3,14,6,2026-09-06 06:14:15
India,Maharashtra,Amravati,"Shivneri Colony, Amravati - MPCB",06-09-2026 11:00:00,20.9402359,77.7895248,SO2,3,7,4,2026-09-06 06:14:15
India,Maharashtra,Amravati,"Shivneri Colony, Amravati - MPCB",06-09-2026 11:00:00,20.9402359,77.7895248,CO,8,17,12,2026-09-06 06:14:15
India,Madhya Pradesh,Damoh,"Shrivastav Colony, Damoh - MPPCB",06-09-2026 11:00:00,23.81748678,79.446246,PM10,0,34,17,2026-09-06 06:14:15
India,Madhya Pradesh,Damoh,"Shrivastav Colony, Damoh - MPPCB",06-09-2026 11:00:00,23.81748678,79.446246,NH3,NA,NA,NA,2026-09-06 06:14:15
India,Madhya Pradesh,Damoh,"Shrivastav Colony, Damoh - MPPCB",06-09-2026 11:00:00,23.81748678,79.446246,OZONE,NA,NA,NA,2026-09-06 06:14:15
India,Madhya Pradesh,Dewas,"Bhopal Chauraha, Dewas - MPPCB",06-09-2026 11:00:00,22.9682591,76.064118,NO2,48,83,59,2026-09-06 06:14:15
India,Madhya Pradesh,Dewas,"Bhopal Chauraha, Dewas - MPPCB",06-09-2026 11:00:00,22.9682591,76.064118,SO2,41,80,57,2026-09-06 06:14:15
India,Madhya Pradesh,Dewas,"Bhopal Chauraha, Dewas - MPPCB",06-09-2026 11:00:00,22.9682591,76.064118,CO,11,23,15,2026-09-06 06:14:15
India,Madhya Pradesh,Dewas,"Bhopal Chauraha, Dewas - MPPCB",06-09-2026 11:00:00,22.9682591,76.064118,OZONE,40,127,53,2026-09-06 06:14:15
India,Madhya Pradesh,Gwalior,"Maharaj Bada, Gwalior - MPPCB",06-09-2026 11:00:00,26.200388,78.147714,NH3,2,5,3,2026-09-06 06:14:15
India,Madhya Pradesh,Gwalior,"Maharaj Bada, Gwalior - MPPCB",06-09-2026 11:00:00,26.200388,78.147714,OZONE,27,41,35,2026-09-06 06:14:15
India,Madhya Pradesh,Gwalior,"City Center, Gwalior - MPPCB",06-09-2026 11:00:00,26.203442,78.193251,PM2.5,19,56,32,2026-09-06 06:14:15
India,Madhya Pradesh,Gwalior,"City Center, Gwalior - MPPCB",06-09-2026 11:00:00,26.203442,78.193251,NO2,50,66,58,2026-09-06 06:14:15
India,Madhya Pradesh,Gwalior,"City Center, Gwalior - MPPCB",06-09-2026 11:00:00,26.203442,78.193251,NH3,1,3,2,2026-09-06 06:14:15
India,Madhya Pradesh,Gwalior,"Deen Dayal Nagar, Gwalior - MPPCB",06-09-2026 11:00:00,26.259242,78.216432,PM10,9,69,29,2026-09-06 06:14:15
India,Madhya Pradesh,Gwalior,"Deen Dayal Nagar, Gwalior - MPPCB",06-09-2026 11:00:00,26.259242,78.216432,OZONE,10,45,35,2026-09-06 06:14:15
India,Madhya Pradesh,Indore,"Airport Area, Indore - IMC",06-09-2026 11:00:00,22.7289,75.8076,PM10,34,77,52,2026-09-06 06:14:15
India,Madhya Pradesh,Indore,"Airport Area, Indore - IMC",06-09-2026 11:00:00,22.7289,75.8076,OZONE,4,9,6,2026-09-06 06:14:15
India,Karnataka,Chikkamagaluru,"Kalyana Nagara, Chikkamagaluru - KSPCB",06-09-2026 11:00:00,13.328028,75.797056,SO2,NA,NA,NA,2026-09-06 06:14:15
India,Karnataka,Dharwad,"Kalabhavan, Dharwad - KSPCB",06-09-2026 11:00:00,15.459706,75.008381,PM10,66,79,71,2026-09-06 06:14:15
India,Karnataka,Gadag,"Panchal Nagar, Gadag - KSPCB",06-09-2026 11:00:00,15.411456,75.638133,CO,60,77,65,2026-09-06 06:14:15
India,Karnataka,Hubballi,"Lingaraj Nagar, Hubballi - KSPCB",06-09-2026 11:00:00,15.3714823,75.1160168,NH3,1,3,2,2026-09-06 06:14:15
India,Karnataka,Kalaburagi,"Mahatma Basaveswar Colony, Kalaburgi - KSPCB",06-09-2026 11:00:00,17.336318,76.847397,NH3,2,3,2,2026-09-06 06:14:15
India,Karnataka,Kalaburagi,"Mahatma Basaveswar Colony, Kalaburgi - KSPCB",06-09-2026 11:00:00,17.336318,76.847397,SO2,2,3,3,2026-09-06 06:14:15
India,Karnataka,Karwar,"KHB Colony, Karwar - KSPCB",06-09-2026 11:00:00,14.816666,74.141003,PM10,12,43,19,2026-09-06 06:14:15
India,Karnataka,Madikeri,"Stuart Hill, Madikeri - KSPCB",06-09-2026 11:00:00,12.415911,75.73505,PM2.5,15,36,26,2026-09-06 06:14:15
India,Karnataka,Madikeri,"Stuart Hill, Madikeri - KSPCB",06-09-2026 11:00:00,12.415911,75.73505,PM10,19,32,26,2026-09-06 06:14:15
India,Karnataka,Mysuru,"Hebbal 1st Stage, Mysuru - KSPCB",06-09-2026 11:00:00,12.21041,76.37376,PM2.5,11,37,22,2026-09-06 06:14:15
India,Karnataka,Mysuru,"Hebbal 1st Stage, Mysuru - KSPCB",06-09-2026 11:00:00,12.21041,76.37376,CO,4,6,5,2026-09-06 06:14:15
India,Haryana,Sirsa,"F-Block, Sirsa - HSPCB",06-09-2026 11:00:00,29.5364,75.0158,NO2,17,26,21,2026-09-06 06:14:15
India,Haryana,Sonipat,"Murthal, Sonipat - HSPCB",06-09-2026 11:00:00,29.0272,77.0621,PM10,28,84,57,2026-09-06 06:14:15
India,Haryana,Sonipat,"Murthal, Sonipat - HSPCB",06-09-2026 11:00:00,29.0272,77.0621,SO2,43,47,45,2026-09-06 06:14:15
India,Haryana,Yamuna Nagar,"Gobind Pura, Yamuna Nagar - HSPCB",06-09-2026 11:00:00,30.1480566,77.2893471,NH3,1,6,4,2026-09-06 06:14:15
India,Himachal Pradesh,Baddi,"HIMUDA Complex Phase-1, Baddi - HPPCB",06-09-2026 11:00:00,30.943887,76.801991,OZONE,1,28,10,2026-09-06 06:14:15
India,Jammu and Kashmir,Pampore,"Khrew, Pampore - JKPCC",06-09-2026 11:00:00,34.031606,75.009712,PM10,26,107,58,2026-09-06 06:14:15
India,Jammu and Kashmir,Srinagar,"Khunmoh, Srinagar - JKPCC",06-09-2026 11:00:00,34.06313,74.96017,NO2,9,45,20,2026-09-06 06:14:15
India,Jharkhand,Dhanbad,"Sardar Patel Nagar, Dhanbad - JSPCB",06-09-2026 11:00:00,23.80569,86.44268,NO2,96,147,103,2026-09-06 06:14:15
India,Karnataka,Bengaluru,"Jayanagar 5th Block, Bengaluru - KSPCB",06-09-2026 11:00:00,12.920984,77.584908,PM2.5,22,87,39,2026-09-06 06:14:15
India,Karnataka,Bengaluru,"Hombegowda Nagar, Bengaluru - KSPCB",06-09-2026 11:00:00,12.938539,77.5901,PM2.5,13,35,24,2026-09-06 06:14:15
India,Karnataka,Bengaluru,"Peenya, Bengaluru - CPCB",06-09-2026 11:00:00,13.0270199,77.494094,NO2,NA,NA,NA,2026-09-06 06:14:15
India,Karnataka,Bengaluru,"Peenya, Bengaluru - CPCB",06-09-2026 11:00:00,13.0270199,77.494094,SO2,6,18,11,2026-09-06 06:14:15
India,Karnataka,Bengaluru,"Hebbal, Bengaluru - KSPCB",06-09-2026 11:00:00,13.029152,77.585901,NH3,2,3,3,2026-09-06 06:14:15
India,Karnataka,Bengaluru,"Hebbal, Bengaluru - KSPCB",06-09-2026 11:00:00,13.029152,77.585901,SO2,10,20,14,2026-09-06 06:14:15
India,Karnataka,Bengaluru,"Hebbal, Bengaluru - KSPCB",06-09-2026 11:00:00,13.029152,77.585901,CO,22,43,37,2026-09-06 06:14:15
India,Karnataka,Bengaluru,"Silk Board, Bengaluru - KSPCB",06-09-2026 11:00:00,12.917348,77.622813,PM10,86,318,160,2026-09-06 06:14:15
India,Karnataka,Bengaluru,"Silk Board, Bengaluru - KSPCB",06-09-2026 11:00:00,12.917348,77.622813,NH3,2,2,2,2026-09-06 06:14:15
India,Karnataka,Chamarajanagar,"Urban, Chamarajanagar - KSPCB",06-09-2026 11:00:00,11.55358,76.55521,PM2.5,24,47,32,2026-09-06 06:14:15
India,Haryana,Narnaul,"Shastri Nagar, Narnaul - HSPCB",06-09-2026 11:00:00,28.060249,76.113115,NH3,4,11,7,2026-09-06 06:14:15
India,Haryana,Palwal,"Shyam Nagar, Palwal - HSPCB",06-09-2026 11:00:00,28.1485564,77.3320667,NH3,6,6,6,2026-09-06 06:14:15
India,Haryana,Panchgaon,"Amity University, Panchgaon - IITM",06-09-2026 11:00:00,28.3153,76.9143,NO2,59,147,102,2026-09-06 06:14:15
India,Haryana,Panchgaon,"Amity University, Panchgaon - IITM",06-09-2026 11:00:00,28.3153,76.9143,CO,115,123,119,2026-09-06 06:14:15
India,Haryana,Panipat,"Sector-18, Panipat - HSPCB",06-09-2026 11:00:00,29.432304,76.972765,SO2,34,67,49,2026-09-06 06:14:15
India,Haryana,Panipat,"Sector-18, Panipat - HSPCB",06-09-2026 11:00:00,29.432304,76.972765,CO,27,28,27,2026-09-06 06:14:15
India,Haryana,Rohtak,"MD University, Rohtak - HSPCB",06-09-2026 11:00:00,28.52123,76.37138,PM10,9,44,30,2026-09-06 06:14:15
India,Haryana,Rohtak,"MD University, Rohtak - HSPCB",06-09-2026 11:00:00,28.52123,76.37138,SO2,9,11,10,2026-09-06 06:14:15
India,Maharashtra,Bhiwandi,"Gokul Nagar, Bhiwandi - MPCB",06-09-2026 11:00:00,19.309073,73.057223,NO2,13,49,33,2026-09-06 06:14:15
India,Maharashtra,Bhiwandi,"Gokul Nagar, Bhiwandi - MPCB",06-09-2026 11:00:00,19.309073,73.057223,OZONE,24,34,27,2026-09-06 06:14:15
India,Maharashtra,Dhule,"Deopur, Dhule - MPCB",06-09-2026 11:00:00,20.918946,74.776388,PM10,12,33,21,2026-09-06 06:14:15
India,Maharashtra,Dhule,"Deopur, Dhule - MPCB",06-09-2026 11:00:00,20.918946,74.776388,SO2,0,3,1,2026-09-06 06:14:15
India,Maharashtra,Dhule,"Deopur, Dhule - MPCB",06-09-2026 11:00:00,20.918946,74.776388,CO,2,9,4,2026-09-06 06:14:15
India,Maharashtra,Dhule,"Deopur, Dhule - MPCB",06-09-2026 11:00:00,20.918946,74.776388,OZONE,10,12,11,2026-09-06 06:14:15
India,Maharashtra,Dombivli,"Kalu Nagar, Dombivli - MPCB",06-09-2026 11:00:00,19.2268427,73.0788456,SO2,23,45,26,2026-09-06 06:14:15
India,Maharashtra,Dombivli,"Kalu Nagar, Dombivli - MPCB",06-09-2026 11:00:00,19.2268427,73.0788456,CO,13,30,19,2026-09-06 06:14:15
India,Maharashtra,Dombivli,"Kalu Nagar, Dombivli - MPCB",06-09-2026 11:00:00,19.2268427,73.0788456,OZONE,22,32,25,2026-09-06 06:14:15
India,Maharashtra,Jalna,"Old MIDC, Jalna - MPCB",06-09-2026 11:00:00,19.854616,75.905894,PM2.5,NA,NA,NA,2026-09-06 06:14:15
India,Maharashtra,Kalyan,"Pimpleshwar Mandir, Kalyan - MPCB",06-09-2026 11:00:00,19.192056,72.9585188,PM10,40,62,48,2026-09-06 06:14:15
India,Maharashtra,Kalyan,"Pimpleshwar Mandir, Kalyan - MPCB",06-09-2026 11:00:00,19.192056,72.9585188,OZONE,13,24,18,2026-09-06 06:14:15
India,Maharashtra,Kolhapur,"Sinchan Bhavan, Kolhapur - MPCB",06-09-2026 11:00:00,16.7143745,74.2426398,OZONE,5,19,10,2026-09-06 06:14:15
India,Maharashtra,Latur,"Sawe Wadi, Latur - MPCB",06-09-2026 11:00:00,18.39963,76.57452,PM2.5,NA,NA,NA,2026-09-06 06:14:15
India,Maharashtra,Latur,"Sawe Wadi, Latur - MPCB",06-09-2026 11:00:00,18.39963,76.57452,NH3,1,4,2,2026-09-06 06:14:15
India,Maharashtra,Mahad,"Kamble Tarf Birwadi, Mahad - MPCB",06-09-2026 11:00:00,18.1023399,73.4783687,NO2,3,30,12,2026-09-06 06:14:15
India,Maharashtra,Malegaon,"Mahesh Nagar, Malegaon - MPCB",06-09-2026 11:00:00,20.555712,74.529236,PM10,62,105,81,2026-09-06 06:14:15
India,Maharashtra,Malegaon,"Mahesh Nagar, Malegaon - MPCB",06-09-2026 11:00:00,20.555712,74.529236,CO,6,12,9,2026-09-06 06:14:15
India,Maharashtra,Mira-Bhayandar,"Bhayandar West, Mira-Bhayandar - MPCB",06-09-2026 11:00:00,19.296481,72.840923,PM2.5,14,37,23,2026-09-06 06:14:15
India,Maharashtra,Mira-Bhayandar,"Bhayandar West, Mira-Bhayandar - MPCB",06-09-2026 11:00:00,19.296481,72.840923,SO2,0,5,2,2026-09-06 06:14:15
India,Maharashtra,Mira-Bhayandar,"Bhayandar West, Mira-Bhayandar - MPCB",06-09-2026 11:00:00,19.296481,72.840923,CO,11,30,25,2026-09-06 06:14:15
India,Maharashtra,Sangli,"Vijay Nagar, Sangli - MPCB",06-09-2026 11:00:00,16.5038,74.3623,NO2,4,10,6,2026-09-06 06:14:15
India,Maharashtra,Sangli,"Vijay Nagar, Sangli - MPCB",06-09-2026 11:00:00,16.5038,74.3623,CO,10,18,14,2026-09-06 06:14:15
India,Maharashtra,Satara,"Koyana Nagar, Satara - MPCB",06-09-2026 11:00:00,17.696651,74.003387,SO2,3,5,4,2026-09-06 06:14:15
India,Maharashtra,Satara,"Koyana Nagar, Satara - MPCB",06-09-2026 11:00:00,17.696651,74.003387,OZONE,12,20,16,2026-09-06 06:14:15
India,Maharashtra,Solapur,"Dnyaneshwar Nagar, Solapur - MPCB",06-09-2026 11:00:00,17.6336264,75.9132495,OZONE,6,15,9,2026-09-06 06:14:15
India,Maharashtra,Solapur,"Ratandeep Housing Society, Solapur - MPCB",06-09-2026 11:00:00,17.65439,75.90649,PM2.5,22,64,43,2026-09-06 06:14:15
India,Maharashtra,Solapur,"Ratandeep Housing Society, Solapur - MPCB",06-09-2026 11:00:00,17.65439,75.90649,CO,6,17,12,2026-09-06 06:14:15
India,Maharashtra,Thane,"Upvan Fort, Thane - MPCB",06-09-2026 11:00:00,19.222279,72.957979,PM10,NA,NA,NA,2026-09-06 06:14:15
India,Maharashtra,Thane,"Kasarvadavali, Thane - MPCB",06-09-2026 11:00:00,19.26777,72.97182,SO2,5,6,5,2026-09-06 06:14:15
India,Maharashtra,Thane,"Kasarvadavali, Thane - MPCB",06-09-2026 11:00:00,19.26777,72.97182,CO,37,51,44,2026-09-06 06:14:15
India,Maharashtra,Ulhasnagar,"Sidhi Vinayak Nagar, Ulhasnagar - MPCB",06-09-2026 11:00:00,19.235581,73.159121,PM2.5,10,45,29,2026-09-06 06:14:15
India,Maharashtra,Ulhasnagar,"Vithalwadi, Ulhasnagar - MPCB",06-09-2026 11:00:00,19.2307571,73.155192,PM2.5,5,30,17,2026-09-06 06:14:15
India,Maharashtra,Virar,"Bolinj, Virar - MPCB",06-09-2026 11:00:00,19.445821,72.7988231,PM10,16,55,39,2026-09-06 06:14:15
India,Maharashtra,Virar,"Bolinj, Virar - MPCB",06-09-2026 11:00:00,19.445821,72.7988231,NO2,5,19,10,2026-09-06 06:14:15
India,Meghalaya,Shillong,"Lumpyngngad, Shillong - Meghalaya PCB",06-09-2026 11:00:00,25.5586,91.8985,PM10,NA,NA,NA,2026-09-06 06:14:15
India,Mizoram,Aizawl,"Sikulpuikawn, Aizawl - Mizoram PCB",06-09-2026 11:00:00,23.7176342,92.7192841,PM2.5,NA,NA,NA,2026-09-06 06:14:15
India,Nagaland,Kohima,"PWD Junction, Kohima - NPCB",06-09-2026 11:00:00,25.6635413,94.0989878,PM2.5,4,31,15,2026-09-06 06:14:15
India,Nagaland,Kohima,"PWD Junction, Kohima - NPCB",06-09-2026 11:00:00,25.6635413,94.0989878,NO2,3,4,3,2026-09-06 06:14:15
India,Nagaland,Kohima,"PWD Junction, Kohima - NPCB",06-09-2026 11:00:00,25.6635413,94.0989878,NH3,0,1,1,2026-09-06 06:14:15
India,Nagaland,Kohima,"PWD Junction, Kohima - NPCB",06-09-2026 11:00:00,25.6635413,94.0989878,SO2,55,66,60,2026-09-06 06:14:15
India,Odisha,Balasore,"Kalidaspur, Balasore - OSPCB",06-09-2026 11:00:00,21.51161,86.89088,NH3,3,4,4,2026-09-06 06:14:15
India,Odisha,Balasore,"Kalidaspur, Balasore - OSPCB",06-09-2026 11:00:00,21.51161,86.89088,SO2,6,18,8,2026-09-06 06:14:15
India,Odisha,Balasore,"Kalidaspur, Balasore - OSPCB",06-09-2026 11:00:00,21.51161,86.89088,OZONE,18,50,30,2026-09-06 06:14:15
India,Odisha,Barbil,"Forest Office, Barbil - OSPCB",06-09-2026 11:00:00,22.1166054,85.3945546,PM2.5,15,57,35,2026-09-06 06:14:15
India,Odisha,Barbil,"Forest Office, Barbil - OSPCB",06-09-2026 11:00:00,22.1166054,85.3945546,NO2,6,66,19,2026-09-06 06:14:15
India,Odisha,Barbil,"Forest Office, Barbil - OSPCB",06-09-2026 11:00:00,22.1166054,85.3945546,NH3,2,3,2,2026-09-06 06:14:15
India,Odisha,Baripada,"Meher Colony, Baripada - OSPCB",06-09-2026 11:00:00,21.941841,86.728318,OZONE,30,55,40,2026-09-06 06:14:15
India,Odisha,Bhubaneswar,"Patia, Bhubaneswar - OSPCB",06-09-2026 11:00:00,20.34652,85.8163,OZONE,4,49,24,2026-09-06 06:14:15
India,Odisha,Bhubaneswar,"Lingraj Mandir, Bhubaneswar - OSPCB",06-09-2026 11:00:00,20.24079,85.836784,OZONE,8,76,37,2026-09-06 06:14:15
India,Odisha,Bileipada,"Tata Township, Bileipada - OSPCB",06-09-2026 11:00:00,22.06156703,85.47409613,PM2.5,24,78,44,2026-09-06 06:14:15
India,Odisha,Bileipada,"Tata Township, Bileipada - OSPCB",06-09-2026 11:00:00,22.06156703,85.47409613,NO2,14,16,15,2026-09-06 06:14:15
India,Maharashtra,Mumbai,"Shivaji Nagar, Mumbai - BMC",06-09-2026 11:00:00,19.060498,72.923356,PM10,37,77,50,2026-09-06 06:14:15
India,Maharashtra,Mumbai,"Shivaji Nagar, Mumbai - BMC",06-09-2026 11:00:00,19.060498,72.923356,SO2,2,7,5,2026-09-06 06:14:15
India,Maharashtra,Mumbai,"Shivaji Nagar, Mumbai - BMC",06-09-2026 11:00:00,19.060498,72.923356,CO,11,27,19,2026-09-06 06:14:15
India,Maharashtra,Mumbai,"Sion, Mumbai - MPCB",06-09-2026 11:00:00,19.047,72.8746,PM10,5,36,15,2026-09-06 06:14:15
India,Maharashtra,Mumbai,"Sion, Mumbai - MPCB",06-09-2026 11:00:00,19.047,72.8746,OZONE,NA,NA,NA,2026-09-06 06:14:15
India,Maharashtra,Mumbai,"Borivali East, Mumbai - MPCB",06-09-2026 11:00:00,19.2243333,72.8658113,CO,7,8,8,2026-09-06 06:14:15
India,Maharashtra,Mumbai,"Borivali East, Mumbai - MPCB",06-09-2026 11:00:00,19.2243333,72.8658113,OZONE,NA,NA,NA,2026-09-06 06:14:15
India,Maharashtra,Mumbai,"Siddharth Nagar-Worli, Mumbai - IITM",06-09-2026 11:00:00,19.000083,72.813993,SO2,NA,NA,NA,2026-09-06 06:14:15
India,Maharashtra,Mumbai,"Bandra Kurla Complex, Mumbai - MPCB",06-09-2026 11:00:00,19.065931,72.862131,PM10,26,56,39,2026-09-06 06:14:15
India,Maharashtra,Mumbai,"Kherwadi_Bandra East, Mumbai - MPCB",06-09-2026 11:00:00,19.0632143,72.8456324,PM2.5,16,29,21,2026-09-06 06:14:15
India,Maharashtra,Mumbai,"Kherwadi_Bandra East, Mumbai - MPCB",06-09-2026 11:00:00,19.0632143,72.8456324,NO2,2,7,4,2026-09-06 06:14:15
India,Maharashtra,Mumbai,"Byculla, Mumbai - BMC",06-09-2026 11:00:00,18.9767,72.838,OZONE,0,1,0,2026-09-06 06:14:15
India,Maharashtra,Mumbai,"Mindspace-Malad West, Mumbai - MPCB",06-09-2026 11:00:00,19.1878657,72.8304069,SO2,4,4,4,2026-09-06 06:14:15
India,Maharashtra,Pimpri-Chinchwad,"Park Street Wakad, Pimpri Chinchwad - MPCB",06-09-2026 11:00:00,18.59051,73.77946,NO2,10,23,16,2026-09-06 06:14:15
India,Maharashtra,Pimpri-Chinchwad,"Park Street Wakad, Pimpri Chinchwad - MPCB",06-09-2026 11:00:00,18.59051,73.77946,CO,8,25,15,2026-09-06 06:14:15
India,Maharashtra,Pune,"Katraj Dairy, Pune - MPCB",06-09-2026 11:00:00,18.45445,73.854155,NO2,9,11,10,2026-09-06 06:14:15
India,Maharashtra,Pune,"Katraj Dairy, Pune - MPCB",06-09-2026 11:00:00,18.45445,73.854155,NH3,1,1,1,2026-09-06 06:14:15
India,Maharashtra,Pune,"Hadapsar, Pune - IITM",06-09-2026 11:00:00,18.501793,73.927532,PM10,20,97,59,2026-09-06 06:14:15
India,Maharashtra,Pune,"Hadapsar, Pune - IITM",06-09-2026 11:00:00,18.501793,73.927532,SO2,NA,NA,NA,2026-09-06 06:14:15
India,Maharashtra,Pune,"Revenue Colony-Shivajinagar, Pune - IITM",06-09-2026 11:00:00,18.530085,73.849598,SO2,7,27,16,2026-09-06 06:14:15
India,Maharashtra,Pune,"Revenue Colony-Shivajinagar, Pune - IITM",06-09-2026 11:00:00,18.530085,73.849598,OZONE,3,8,5,2026-09-06 06:14:15
India,Maharashtra,Pune,"Panchawati_Pashan, Pune - IITM",06-09-2026 11:00:00,18.536457,73.805454,PM2.5,21,41,29,2026-09-06 06:14:15
India,Maharashtra,Pune,"Panchawati_Pashan, Pune - IITM",06-09-2026 11:00:00,18.536457,73.805454,CO,24,41,31,2026-09-06 06:14:15
India,Maharashtra,Sangli,"Vijay Nagar, Sangli - MPCB",06-09-2026 11:00:00,16.5038,74.3623,PM2.5,10,43,24,2026-09-06 06:14:15
India,Maharashtra,Sangli,"Vijay Nagar, Sangli - MPCB",06-09-2026 11:00:00,16.5038,74.3623,PM10,28,50,37,2026-09-06 06:14:15
India,Maharashtra,Navi Mumbai,"Kopripada-Vashi, Navi Mumbai - MPCB",06-09-2026 11:00:00,19.090337,73.014232,SO2,2,2,2,2026-09-06 06:14:15
India,Maharashtra,Navi Mumbai,"Kopripada-Vashi, Navi Mumbai - MPCB",06-09-2026 11:00:00,19.090337,73.014232,CO,17,58,42,2026-09-06 06:14:15
India,Maharashtra,Navi Mumbai,"Sector-2E Kalamboli, Navi Mumbai - MPCB",06-09-2026 11:00:00,19.02579,73.10297,PM2.5,17,26,22,2026-09-06 06:14:15
India,Maharashtra,Navi Mumbai,"Sector-2E Kalamboli, Navi Mumbai - MPCB",06-09-2026 11:00:00,19.02579,73.10297,SO2,4,5,4,2026-09-06 06:14:15
India,Maharashtra,Parbhani,"Masoom Colony, Parbhani - MPCB",06-09-2026 11:00:00,19.265594,76.761463,PM10,7,22,13,2026-09-06 06:14:15
India,Maharashtra,Parbhani,"Masoom Colony, Parbhani - MPCB",06-09-2026 11:00:00,19.265594,76.761463,NH3,1,3,2,2026-09-06 06:14:15
India,Maharashtra,Parbhani,"Masoom Colony, Parbhani - MPCB",06-09-2026 11:00:00,19.265594,76.761463,OZONE,21,25,23,2026-09-06 06:14:15
India,Maharashtra,Pimpri-Chinchwad,"Bhosari, Pune - IITM",06-09-2026 11:00:00,18.640051,73.848956,PM10,36,80,55,2026-09-06 06:14:15
India,Maharashtra,Pimpri-Chinchwad,"Bhosari, Pune - IITM",06-09-2026 11:00:00,18.640051,73.848956,NO2,23,37,29,2026-09-06 06:14:15
India,Maharashtra,Pimpri-Chinchwad,"Thergaon, Pimpri Chinchwad - MPCB",06-09-2026 11:00:00,18.616318,73.765797,CO,12,65,35,2026-09-06 06:14:15
India,Maharashtra,Pimpri-Chinchwad,"Thergaon, Pimpri Chinchwad - MPCB",06-09-2026 11:00:00,18.616318,73.765797,OZONE,5,7,6,2026-09-06 06:14:15
India,Maharashtra,Mumbai,"Mulund West, Mumbai - MPCB",06-09-2026 11:00:00,19.175,72.9419,SO2,NA,NA,NA,2026-09-06 06:14:15
India,Maharashtra,Mumbai,"Kandivali West, Mumbai - BMC",06-09-2026 11:00:00,19.215859,72.831718,OZONE,9,18,14,2026-09-06 06:14:15
India,Maharashtra,Mumbai,"Sewri, Mumbai - BMC",06-09-2026 11:00:00,19.000084,72.85673,PM2.5,16,34,22,2026-09-06 06:14:15
India,Maharashtra,Mumbai,"Khindipada-Bhandup West, Mumbai - IITM",06-09-2026 11:00:00,19.1653323,72.922099,PM10,8,47,24,2026-09-06 06:14:15
India,Maharashtra,Mumbai,"Khindipada-Bhandup West, Mumbai - IITM",06-09-2026 11:00:00,19.1653323,72.922099,CO,32,51,44,2026-09-06 06:14:15
India,Maharashtra,Mumbai,"Khindipada-Bhandup West, Mumbai - IITM",06-09-2026 11:00:00,19.1653323,72.922099,OZONE,11,29,15,2026-09-06 06:14:15
India,Maharashtra,Mumbai,"Malad West, Mumbai - IITM",06-09-2026 11:00:00,19.19709,72.82204,CO,34,46,40,2026-09-06 06:14:15
India,Maharashtra,Mumbai,"Borivali East, Mumbai - IITM",06-09-2026 11:00:00,19.23241,72.86895,NH3,3,4,3,2026-09-06 06:14:15
India,Maharashtra,Mumbai,"Mazgaon, Mumbai - IITM",06-09-2026 11:00:00,18.96702,72.84214,NO2,12,50,30,2026-09-06 06:14:15
India,Maharashtra,Mumbai,"Mazgaon, Mumbai - IITM",06-09-2026 11:00:00,18.96702,72.84214,SO2,3,9,7,2026-09-06 06:14:15
India,Maharashtra,Mumbai,"Mazgaon, Mumbai - IITM",06-09-2026 11:00:00,18.96702,72.84214,CO,51,67,59,2026-09-06 06:14:15
India,Maharashtra,Mumbai,"Mazgaon, Mumbai - IITM",06-09-2026 11:00:00,18.96702,72.84214,OZONE,9,12,10,2026-09-06 06:14:15
India,Maharashtra,Mumbai,"Chakala-Andheri East, Mumbai - IITM",06-09-2026 11:00:00,19.11074,72.86084,PM2.5,3,18,9,2026-09-06 06:14:15
India,Maharashtra,Mumbai,"Chakala-Andheri East, Mumbai - IITM",06-09-2026 11:00:00,19.11074,72.86084,CO,20,33,27,2026-09-06 06:14:15
India,Maharashtra,Mumbai,"Bandra Kurla Complex, Mumbai - IITM",06-09-2026 11:00:00,19.053536,72.84643,NH3,4,21,10,2026-09-06 06:14:15
India,Maharashtra,Mumbai,"Ghatkopar, Mumbai - BMC",06-09-2026 11:00:00,19.083694,72.920967,NH3,4,7,5,2026-09-06 06:14:15
India,Maharashtra,Mumbai,"Ghatkopar, Mumbai - BMC",06-09-2026 11:00:00,19.083694,72.920967,CO,19,31,25,2026-09-06 06:14:15
India,Maharashtra,Mumbai,"Deonar, Mumbai - IITM",06-09-2026 11:00:00,19.04946,72.923,PM10,25,57,41,2026-09-06 06:14:15
India,Maharashtra,Mumbai,"Deonar, Mumbai - IITM",06-09-2026 11:00:00,19.04946,72.923,NO2,NA,NA,NA,2026-09-06 06:14:15
India,Maharashtra,Mumbai,"Chhatrapati Shivaji Intl. Airport (T2), Mumbai - MPCB",06-09-2026 11:00:00,19.10078,72.87462,CO,NA,NA,NA,2026-09-06 06:14:15
India,Maharashtra,Nagpur,"Ram Nagar, Nagpur - MPCB",06-09-2026 11:00:00,21.143383,79.048912,NH3,3,4,3,2026-09-06 06:14:15
India,Maharashtra,Nagpur,"Ambazari, Nagpur - MPCB",06-09-2026 11:00:00,21.121801,79.04952,PM2.5,23,51,36,2026-09-06 06:14:15
India,Maharashtra,Nagpur,"Ambazari, Nagpur - MPCB",06-09-2026 11:00:00,21.121801,79.04952,OZONE,2,22,7,2026-09-06 06:14:15
India,Maharashtra,Nanded,"Sneh Nagar, Nanded - MPCB",06-09-2026 11:00:00,19.173852,77.296291,PM2.5,21,46,34,2026-09-06 06:14:15
India,Maharashtra,Nashik,"Gangapur Road, Nashik - MPCB",06-09-2026 11:00:00,20.0073285,73.7762427,SO2,1,6,2,2026-09-06 06:14:15
India,Maharashtra,Nashik,"MIDC Ambad, Nashik - MPCB",06-09-2026 11:00:00,19.95022,73.73148,PM2.5,10,35,20,2026-09-06 06:14:15
India,Maharashtra,Nashik,"MIDC Ambad, Nashik - MPCB",06-09-2026 11:00:00,19.95022,73.73148,SO2,0,5,2,2026-09-06 06:14:15
India,Odisha,Talcher,"Talcher Coalfields,Talcher - OSPCB",06-09-2026 11:00:00,20.9360711,85.1707021,CO,1,15,8,2026-09-06 06:14:15
India,Puducherry,Puducherry,"Jawahar Nagar, Puducherry - PPCC",06-09-2026 11:00:00,11.9309,79.8027,PM10,NA,NA,NA,2026-09-06 06:14:15
India,Puducherry,Puducherry,"Jawahar Nagar, Puducherry - PPCC",06-09-2026 11:00:00,11.9309,79.8027,SO2,NA,NA,NA,2026-09-06 06:14:15
India,Punjab,Amritsar,"Golden Temple, Amritsar - PPCB",06-09-2026 11:00:00,31.62,74.876512,CO,26,27,26,2026-09-06 06:14:15
India,Punjab,Bathinda,"Hardev Nagar, Bathinda - PPCB",06-09-2026 11:00:00,30.233011,74.907758,OZONE,NA,NA,NA,2026-09-06 06:14:15
India,Punjab,Jalandhar,"Civil Line, Jalandhar - PPCB",06-09-2026 11:00:00,31.321907,75.578914,OZONE,19,26,24,2026-09-06 06:14:15
India,Punjab,Khanna,"Kalal Majra, Khanna - PPCB",06-09-2026 11:00:00,30.736056,76.209694,SO2,5,16,10,2026-09-06 06:14:15
India,Punjab,Mandi Gobindgarh,"RIMT University, Mandi Gobindgarh - PPCB",06-09-2026 11:00:00,30.649961,76.331442,NO2,NA,NA,NA,2026-09-06 06:14:15
India,Punjab,Mandi Gobindgarh,"RIMT University, Mandi Gobindgarh - PPCB",06-09-2026 11:00:00,30.649961,76.331442,SO2,NA,NA,NA,2026-09-06 06:14:15
India,Punjab,Patiala,"Model Town, Patiala - PPCB",06-09-2026 11:00:00,30.349388,76.366642,PM10,9,26,18,2026-09-06 06:14:15
India,Punjab,Rupnagar,"Ratanpura, Rupnagar - Ambuja Cements",06-09-2026 11:00:00,31.0325454,76.5623046,CO,54,59,56,2026-09-06 06:14:15
India,Punjab,Rupnagar,"Ratanpura, Rupnagar - Ambuja Cements",06-09-2026 11:00:00,31.0325454,76.5623046,OZONE,NA,NA,NA,2026-09-06 06:14:15
India,Rajasthan,Ajmer,"Civil Lines,  Ajmer - RSPCB",06-09-2026 11:00:00,26.470859,74.646594,NO2,17,19,18,2026-09-06 06:14:15
India,Rajasthan,Ajmer,"Civil Lines,  Ajmer - RSPCB",06-09-2026 11:00:00,26.470859,74.646594,OZONE,11,12,12,2026-09-06 06:14:15
India,Rajasthan,Alwar,"Moti Doongri, Alwar - RSPCB",06-09-2026 11:00:00,27.554793,76.611536,PM10,82,103,87,2026-09-06 06:14:15
India,Rajasthan,Jaipur,"Police Commissionerate, Jaipur - RSPCB",06-09-2026 11:00:00,26.9164092,75.7994901,SO2,3,18,9,2026-09-06 06:14:15
India,Rajasthan,Jaipur,"RIICO Sitapura, Jaipur - RSPCB",06-09-2026 11:00:00,26.786682,75.827928,SO2,0,14,3,2026-09-06 06:14:15
India,Rajasthan,Jaipur,"Shastri Nagar, Jaipur - RSPCB",06-09-2026 11:00:00,26.9502929,75.730943,PM10,29,84,52,2026-09-06 06:14:15
India,Rajasthan,Jaipur,"Shastri Nagar, Jaipur - RSPCB",06-09-2026 11:00:00,26.9502929,75.730943,NH3,6,12,9,2026-09-06 06:14:15
India,Rajasthan,Jaipur,"Adarsh Nagar, Jaipur - RSPCB",06-09-2026 11:00:00,26.902909,75.836858,NH3,5,12,9,2026-09-06 06:14:15
India,Rajasthan,Jaipur,"Adarsh Nagar, Jaipur - RSPCB",06-09-2026 11:00:00,26.902909,75.836858,CO,14,45,36,2026-09-06 06:14:15
India,Rajasthan,Jalore,"Mudtra Sili, Jalore - RSPCB",06-09-2026 11:00:00,25.344694,72.626208,PM2.5,10,38,24,2026-09-06 06:14:15
India,Rajasthan,Jalore,"Mudtra Sili, Jalore - RSPCB",06-09-2026 11:00:00,25.344694,72.626208,PM10,47,83,65,2026-09-06 06:14:15
India,Rajasthan,Jalore,"Mudtra Sili, Jalore - RSPCB",06-09-2026 11:00:00,25.344694,72.626208,CO,19,25,21,2026-09-06 06:14:15
India,Rajasthan,Jhalawar,"Rajlaxmi Nagar, Jhalawar - RSPCB",06-09-2026 11:00:00,24.588397,76.172782,SO2,8,9,8,2026-09-06 06:14:15
India,Rajasthan,Jhalawar,"Rajlaxmi Nagar, Jhalawar - RSPCB",06-09-2026 11:00:00,24.588397,76.172782,CO,30,36,33,2026-09-06 06:14:15
India,Rajasthan,Jhalawar,"Rajlaxmi Nagar, Jhalawar - RSPCB",06-09-2026 11:00:00,24.588397,76.172782,OZONE,10,16,13,2026-09-06 06:14:15
India,Rajasthan,Jhunjhunu,"Indra Nagar, Jhunjhunu - RSPCB",06-09-2026 11:00:00,28.108988,75.386577,NO2,6,17,11,2026-09-06 06:14:15
India,Rajasthan,Jhunjhunu,"Indra Nagar, Jhunjhunu - RSPCB",06-09-2026 11:00:00,28.108988,75.386577,NH3,3,6,5,2026-09-06 06:14:15
India,Sikkim,Gangtok,"Zero Point GICI, Gangtok - SSPCB",06-09-2026 11:00:00,27.33853,88.614099,PM2.5,4,35,16,2026-09-06 06:14:15
India,Sikkim,Gangtok,"Zero Point GICI, Gangtok - SSPCB",06-09-2026 11:00:00,27.33853,88.614099,NH3,1,1,1,2026-09-06 06:14:15
India,Tamil Nadu,Chennai,"Arumbakkam, Chennai - TNPCB",06-09-2026 11:00:00,13.0664,80.2112,PM2.5,28,55,42,2026-09-06 06:14:15
India,Tamil Nadu,Chennai,"Arumbakkam, Chennai - TNPCB",06-09-2026 11:00:00,13.0664,80.2112,PM10,52,100,76,2026-09-06 06:14:15
India,Tamil Nadu,Chennai,"Velachery Res. Area, Chennai - CPCB",06-09-2026 11:00:00,13.0052189,80.2398125,NO2,11,12,11,2026-09-06 06:14:15
India,Tamil Nadu,Chennai,"Velachery Res. Area, Chennai - CPCB",06-09-2026 11:00:00,13.0052189,80.2398125,OZONE,8,12,9,2026-09-06 06:14:15
India,Tamil Nadu,Chennai,"Perungudi, Chennai - TNPCB",06-09-2026 11:00:00,12.9533,80.2357,NH3,0,1,0,2026-09-06 06:14:15
India,Tamil Nadu,Chennai,"Manali Village, Chennai - TNPCB",06-09-2026 11:00:00,13.1662,80.2584,NO2,1,18,15,2026-09-06 06:14:15
India,Tamil Nadu,Chennai,"Manali, Chennai - CPCB",06-09-2026 11:00:00,13.164544,80.26285,SO2,4,8,6,2026-09-06 06:14:15
India,Tamil Nadu,Chennai,"Manali, Chennai - CPCB",06-09-2026 11:00:00,13.164544,80.26285,OZONE,8,17,10,2026-09-06 06:14:15
India,Tamil Nadu,Coimbatore,"SIDCO Kurichi, Coimbatore - TNPCB",06-09-2026 11:00:00,10.942451,76.978996,SO2,25,28,27,2026-09-06 06:14:15
India,Tamil Nadu,Cuddalore,"Kudikadu, Cuddalore - TNPCB",06-09-2026 11:00:00,11.6829898,79.7532099,PM2.5,NA,NA,NA,2026-09-06 06:14:15
India,Odisha,Brajrajnagar,"GM Office, Brajrajnagar - OSPCB",06-09-2026 11:00:00,21.8004996,83.8396977,CO,29,56,45,2026-09-06 06:14:15
India,Odisha,Byasanagar,"Ferro Chrome Colony, Byasanagar - OSPCB",06-09-2026 11:00:00,20.94185,86.1151,NO2,7,14,10,2026-09-06 06:14:15
India,Odisha,Byasanagar,"Ferro Chrome Colony, Byasanagar - OSPCB",06-09-2026 11:00:00,20.94185,86.1151,NH3,1,2,1,2026-09-06 06:14:15
India,Odisha,Cuttack,"CDA Area, Cuttack - OSPCB",06-09-2026 11:00:00,20.48891,85.84768,NO2,8,30,15,2026-09-06 06:14:15
India,Odisha,Cuttack,"CDA Area, Cuttack - OSPCB",06-09-2026 11:00:00,20.48891,85.84768,NH3,5,9,7,2026-09-06 06:14:15
India,Odisha,Rairangpur,"Divisional Forest Office, Rairangpur - OSPCB",06-09-2026 11:00:00,22.265816,86.174829,PM10,51,79,63,2026-09-06 06:14:15
India,Odisha,Rairangpur,"Divisional Forest Office, Rairangpur - OSPCB",06-09-2026 11:00:00,22.265816,86.174829,NO2,6,7,6,2026-09-06 06:14:15
India,Odisha,Rourkela,"Raghunathpali, Rourkela - OSPCB",06-09-2026 11:00:00,22.220833,84.809444,PM2.5,57,87,67,2026-09-06 06:14:15
India,Odisha,Rourkela,"Raghunathpali, Rourkela - OSPCB",06-09-2026 11:00:00,22.220833,84.809444,PM10,46,67,55,2026-09-06 06:14:15
India,Odisha,Rourkela,"Raghunathpali, Rourkela - OSPCB",06-09-2026 11:00:00,22.220833,84.809444,SO2,3,5,4,2026-09-06 06:14:15
India,Odisha,Rourkela,"Fertilizer Township, Rourkela - OSPCB",06-09-2026 11:00:00,22.18972222,84.86277778,SO2,11,12,11,2026-09-06 06:14:15
India,Tamil Nadu,Cuddalore,"Kudikadu, Cuddalore - TNPCB",06-09-2026 11:00:00,11.6829898,79.7532099,OZONE,13,13,13,2026-09-06 06:14:15
India,Tamil Nadu,Gummidipoondi,"Anthoni Pillai Nagar, Gummidipoondi - TNPCB",06-09-2026 11:00:00,13.4127,80.1081,CO,NA,NA,NA,2026-09-06 06:14:15
India,Tamil Nadu,Gummidipoondi,"Anthoni Pillai Nagar, Gummidipoondi - TNPCB",06-09-2026 11:00:00,13.4127,80.1081,OZONE,NA,NA,NA,2026-09-06 06:14:15
India,Tamil Nadu,Thoothukudi,"Meelavittan, Thoothukudi - TNPCB",06-09-2026 11:00:00,8.816428,78.099039,OZONE,28,32,30,2026-09-06 06:14:15
India,Telangana,Hyderabad,"Bollaram Industrial Area, Hyderabad - TSPCB",06-09-2026 11:00:00,17.518,78.383,CO,48,48,48,2026-09-06 06:14:15
India,Telangana,Hyderabad,"Central University, Hyderabad - TSPCB",06-09-2026 11:00:00,17.460103,78.334361,PM10,11,52,22,2026-09-06 06:14:15
India,Telangana,Hyderabad,"Nacharam_TSIIC IALA, Hyderabad - TSPCB",06-09-2026 11:00:00,17.429398,78.569354,PM10,60,81,68,2026-09-06 06:14:15
India,Telangana,Hyderabad,"Nacharam_TSIIC IALA, Hyderabad - TSPCB",06-09-2026 11:00:00,17.429398,78.569354,NH3,2,4,3,2026-09-06 06:14:15
India,Telangana,Hyderabad,"Nacharam_TSIIC IALA, Hyderabad - TSPCB",06-09-2026 11:00:00,17.429398,78.569354,SO2,11,18,13,2026-09-06 06:14:15
India,Telangana,Hyderabad,"Kokapet, Hyderabad - TSPCB",06-09-2026 11:00:00,17.393559,78.339194,CO,20,30,24,2026-09-06 06:14:15
India,Rajasthan,Bundi,"New Colony, Bundi - RSPCB",06-09-2026 11:00:00,25.435774,75.644272,OZONE,2,27,10,2026-09-06 06:14:15
India,Rajasthan,Chittorgarh,"Shastri Nagar, Chittorgarh - RSPCB",06-09-2026 11:00:00,24.892047,74.623527,PM2.5,32,65,45,2026-09-06 06:14:15
India,Rajasthan,Chittorgarh,"Shastri Nagar, Chittorgarh - RSPCB",06-09-2026 11:00:00,24.892047,74.623527,NO2,4,34,14,2026-09-06 06:14:15
India,Rajasthan,Chittorgarh,"Shastri Nagar, Chittorgarh - RSPCB",06-09-2026 11:00:00,24.892047,74.623527,CO,7,14,11,2026-09-06 06:14:15
India,Rajasthan,Churu,"Subash Chowk, Churu - RSPCB",06-09-2026 11:00:00,28.296139,74.961696,PM2.5,5,37,17,2026-09-06 06:14:15
India,Rajasthan,Dausa,"Khatikan Mohalla, Dausa - RSPCB",06-09-2026 11:00:00,26.895552,76.334753,OZONE,17,24,20,2026-09-06 06:14:15
India,Rajasthan,Dungarpur,"Bhoiwada, Dungarpur - RSPCB",06-09-2026 11:00:00,23.837789,73.714926,PM2.5,10,52,33,2026-09-06 06:14:15
India,Rajasthan,Hanumangarh,"Housing Board, Hanumangarh - RSPCB",06-09-2026 11:00:00,29.61075,74.283608,SO2,4,5,4,2026-09-06 06:14:15
India,Rajasthan,Hanumangarh,"Housing Board, Hanumangarh - RSPCB",06-09-2026 11:00:00,29.61075,74.283608,CO,17,21,19,2026-09-06 06:14:15
India,Rajasthan,Jaipur,"Police Commissionerate, Jaipur - RSPCB",06-09-2026 11:00:00,26.9164092,75.7994901,PM10,37,94,53,2026-09-06 06:14:15
India,Rajasthan,Pali,"Indira Colony Vistar, Pali - RSPCB",06-09-2026 11:00:00,25.771061,73.340227,PM10,89,124,106,2026-09-06 06:14:15
India,Rajasthan,Pali,"Indira Colony Vistar, Pali - RSPCB",06-09-2026 11:00:00,25.771061,73.340227,NO2,11,23,17,2026-09-06 06:14:15
India,Rajasthan,Pali,"Indira Colony Vistar, Pali - RSPCB",06-09-2026 11:00:00,25.771061,73.340227,CO,14,38,24,2026-09-06 06:14:15
India,Rajasthan,Pratapgarh,"Pragati Nagar, Pratapgarh - RSPCB",06-09-2026 11:00:00,24.041198,74.780702,PM2.5,15,57,29,2026-09-06 06:14:15
India,Rajasthan,Sikar,"Radhakishan Pura, Sikar - RSPCB",06-09-2026 11:00:00,27.608912,75.153302,SO2,2,3,2,2026-09-06 06:14:15
India,Rajasthan,Sirohi,"Vedhaynath Colony, Sirohi - RSPCB",06-09-2026 11:00:00,24.885261,72.857549,PM10,53,79,63,2026-09-06 06:14:15
India,Rajasthan,Sirohi,"Vedhaynath Colony, Sirohi - RSPCB",06-09-2026 11:00:00,24.885261,72.857549,OZONE,28,42,34,2026-09-06 06:14:15
India,Rajasthan,Sri Ganganagar,"Old City, Sri Ganganagar - RSPCB",06-09-2026 11:00:00,29.931624,73.864511,SO2,2,5,4,2026-09-06 06:14:15
India,Rajasthan,Tonk,"Shastri Nagar, Tonk - RSPCB",06-09-2026 11:00:00,26.159933,75.780517,PM10,13,89,42,2026-09-06 06:14:15
India,Rajasthan,Tonk,"Shastri Nagar, Tonk - RSPCB",06-09-2026 11:00:00,26.159933,75.780517,NH3,3,4,4,2026-09-06 06:14:15
India,Rajasthan,Alwar,"Moti Doongri, Alwar - RSPCB",06-09-2026 11:00:00,27.554793,76.611536,NH3,7,12,9,2026-09-06 06:14:15
India,Rajasthan,Alwar,"Vigyan Nagar, Alwar - RSPCB",06-09-2026 11:00:00,27.598796,76.63861,NO2,9,12,10,2026-09-06 06:14:15
India,Rajasthan,Baran,"Bamboliya, Baran - RSPCB",06-09-2026 11:00:00,25.106006,76.469948,PM10,15,44,29,2026-09-06 06:14:15
India,Rajasthan,Barmer,"Railway Colony, Barmer - RSPCB",06-09-2026 11:00:00,25.747299,71.393989,PM2.5,12,68,28,2026-09-06 06:14:15
India,Rajasthan,Barmer,"Railway Colony, Barmer - RSPCB",06-09-2026 11:00:00,25.747299,71.393989,SO2,2,6,4,2026-09-06 06:14:15
India,Rajasthan,Bhilwara,"Pratap Nagar, Bhilwara - RSPCB",06-09-2026 11:00:00,25.339605,74.618883,CO,26,32,31,2026-09-06 06:14:15
India,Rajasthan,Bhiwadi,"Vasundhara Nagar_UIT, Bhiwadi - RSPCB",06-09-2026 11:00:00,28.207266,76.829265,NO2,10,37,23,2026-09-06 06:14:15
India,Rajasthan,Bikaner,"MM Ground, Bikaner - RSPCB",06-09-2026 11:00:00,28.018792,73.292658,PM2.5,11,37,21,2026-09-06 06:14:15
India,Rajasthan,Bikaner,"MM Ground, Bikaner - RSPCB",06-09-2026 11:00:00,28.018792,73.292658,NO2,7,30,13,2026-09-06 06:14:15
India,Rajasthan,Jodhpur,"Mandor, Jodhpur - RSPCB",06-09-2026 11:00:00,26.358805,73.047444,PM2.5,8,32,21,2026-09-06 06:14:15
India,Rajasthan,Jodhpur,"Collectorate, Jodhpur - RSPCB",06-09-2026 11:00:00,26.268249,73.0193853,NO2,15,24,19,2026-09-06 06:14:15
India,Rajasthan,Jodhpur,"Samrat Ashok Udhyan, Jodhpur - RSPCB",06-09-2026 11:00:00,26.253384,72.976571,PM10,45,84,59,2026-09-06 06:14:15
India,Rajasthan,Jodhpur,"Samrat Ashok Udhyan, Jodhpur - RSPCB",06-09-2026 11:00:00,26.253384,72.976571,CO,7,9,8,2026-09-06 06:14:15
India,Rajasthan,Karauli,"Satyawati Vihar, Karauli - RSPCB",06-09-2026 11:00:00,26.506177,77.025989,NO2,20,46,37,2026-09-06 06:14:15
India,Rajasthan,Karauli,"Satyawati Vihar, Karauli - RSPCB",06-09-2026 11:00:00,26.506177,77.025989,NH3,5,9,8,2026-09-06 06:14:15
India,Rajasthan,Khairthal,"New Anaj Mandi, Khairthal - RSPCB",06-09-2026 11:00:00,27.8015617,76.6365217,PM2.5,17,226,111,2026-09-06 06:14:15
India,Rajasthan,Kota,"Dhanmandi, Kota - RSPCB",06-09-2026 11:00:00,25.16409,75.858137,CO,17,23,18,2026-09-06 06:14:15
India,Rajasthan,Kota,"Shrinath Puram, Kota - RSPCB",06-09-2026 11:00:00,25.14389,75.821256,PM10,43,59,52,2026-09-06 06:14:15
India,Uttar Pradesh,Prayagraj,"Jhunsi, Prayagraj - UPPCB",06-09-2026 11:00:00,25.425602,81.917152,OZONE,33,47,40,2026-09-06 06:14:15
India,Uttar Pradesh,Raebareli," Indira Nagar, Raebareli - NTPC Unchahar",06-09-2026 11:00:00,26.207781,81.245571,PM10,61,98,82,2026-09-06 06:14:15
India,Uttar Pradesh,Raebareli," Indira Nagar, Raebareli - NTPC Unchahar",06-09-2026 11:00:00,26.207781,81.245571,NO2,16,35,23,2026-09-06 06:14:15
India,Uttar Pradesh,Raebareli," Indira Nagar, Raebareli - NTPC Unchahar",06-09-2026 11:00:00,26.207781,81.245571,NH3,8,15,11,2026-09-06 06:14:15
India,Uttar Pradesh,Shamli,"New Tehsil, Shamli - UPPCB",06-09-2026 11:00:00,29.4603683,77.3410291,PM10,24,55,41,2026-09-06 06:14:15
India,Uttar Pradesh,Varanasi,"Bhelupur, Varanasi - UPPCB",06-09-2026 11:00:00,25.301778,82.996789,NO2,8,8,8,2026-09-06 06:14:15
India,Uttar Pradesh,Varanasi,"Bhelupur, Varanasi - UPPCB",06-09-2026 11:00:00,25.301778,82.996789,CO,4,6,5,2026-09-06 06:14:15
India,Uttar Pradesh,Varanasi,"Maldahiya, Varanasi - UPPCB",06-09-2026 11:00:00,25.32393,82.99687,PM2.5,7,76,23,2026-09-06 06:14:15
India,Uttar Pradesh,Varanasi,"Maldahiya, Varanasi - UPPCB",06-09-2026 11:00:00,25.32393,82.99687,SO2,30,31,30,2026-09-06 06:14:15
India,Uttar Pradesh,Varanasi,"Maldahiya, Varanasi - UPPCB",06-09-2026 11:00:00,25.32393,82.99687,CO,10,14,13,2026-09-06 06:14:15
India,Uttar Pradesh,Varanasi,"Ardhali Bazar, Varanasi - UPPCB",06-09-2026 11:00:00,25.3505986,82.9083074,NH3,NA,NA,NA,2026-09-06 06:14:15
India,Uttar Pradesh,Varanasi,"Ardhali Bazar, Varanasi - UPPCB",06-09-2026 11:00:00,25.3505986,82.9083074,SO2,4,7,5,2026-09-06 06:14:15
India,Uttar Pradesh,Varanasi,"IESD Banaras Hindu University, Varanasi - UPPCB",06-09-2026 11:00:00,25.262326,82.995408,OZONE,0,1,1,2026-09-06 06:14:15
India,Uttar Pradesh,Vrindavan,"Omex Eternity, Vrindavan - UPPCB",06-09-2026 11:00:00,27.571409,77.655757,PM10,8,52,26,2026-09-06 06:14:15
India,Uttar Pradesh,Vrindavan,"Omex Eternity, Vrindavan - UPPCB",06-09-2026 11:00:00,27.571409,77.655757,SO2,26,41,30,2026-09-06 06:14:15
India,Uttar Pradesh,Vrindavan,"Omex Eternity, Vrindavan - UPPCB",06-09-2026 11:00:00,27.571409,77.655757,OZONE,16,17,16,2026-09-06 06:14:15
India,Uttarakhand,Dehradun,"Doon University, Dehradun - UKPCB",06-09-2026 11:00:00,30.269444,78.044167,NO2,1,6,4,2026-09-06 06:14:15
India,Uttarakhand,Dehradun,"Doon University, Dehradun - UKPCB",06-09-2026 11:00:00,30.269444,78.044167,NH3,NA,NA,NA,2026-09-06 06:14:15
India,Uttarakhand,Dehradun,"Doon University, Dehradun - UKPCB",06-09-2026 11:00:00,30.269444,78.044167,OZONE,2,9,4,2026-09-06 06:14:15
India,Uttarakhand,Kashipur,"Govt. Girls Inter College, Kashipur - UKPCB",06-09-2026 11:00:00,29.2124114,78.9611753,PM2.5,NA,NA,NA,2026-09-06 06:14:15
India,Uttarakhand,Kashipur,"Govt. Girls Inter College, Kashipur - UKPCB",06-09-2026 11:00:00,29.2124114,78.9611753,PM10,NA,NA,NA,2026-09-06 06:14:15
India,Uttar Pradesh,Mathura,"Pali Dungra, Mathura - UPPCB",06-09-2026 11:00:00,27.410954,77.550619,NH3,1,3,2,2026-09-06 06:14:15
India,Uttar Pradesh,Mathura,"Pali Dungra, Mathura - UPPCB",06-09-2026 11:00:00,27.410954,77.550619,CO,14,36,23,2026-09-06 06:14:15
India,Uttar Pradesh,Mathura,"Pali Dungra, Mathura - UPPCB",06-09-2026 11:00:00,27.410954,77.550619,OZONE,4,8,6,2026-09-06 06:14:15
India,Uttar Pradesh,Meerut,"Jai Bhim Nagar, Meerut - UPPCB",06-09-2026 11:00:00,28.9535882,77.7622941,PM10,1,29,15,2026-09-06 06:14:15
India,Uttar Pradesh,Meerut,"MIET College, Meerut - UPPCB",06-09-2026 11:00:00,28.972677,77.641018,PM2.5,13,51,33,2026-09-06 06:14:15
India,Uttar Pradesh,Meerut,"MIET College, Meerut - UPPCB",06-09-2026 11:00:00,28.972677,77.641018,NO2,22,46,34,2026-09-06 06:14:15
India,Uttar Pradesh,Meerut,"MIET College, Meerut - UPPCB",06-09-2026 11:00:00,28.972677,77.641018,CO,33,68,54,2026-09-06 06:14:15
India,Uttar Pradesh,Meerut,"Pallavpuram Phase 2, Meerut - UPPCB",06-09-2026 11:00:00,29.06351,77.709723,PM10,23,72,49,2026-09-06 06:14:15
India,Uttar Pradesh,Meerut,"Pallavpuram Phase 2, Meerut - UPPCB",06-09-2026 11:00:00,29.06351,77.709723,SO2,5,28,17,2026-09-06 06:14:15
India,Uttar Pradesh,Meerut,"Ganga Nagar, Meerut - UPPCB",06-09-2026 11:00:00,28.999264,77.7590354,PM2.5,7,60,32,2026-09-06 06:14:15
India,Uttar Pradesh,Meerut,"Ganga Nagar, Meerut - UPPCB",06-09-2026 11:00:00,28.999264,77.7590354,PM10,11,60,34,2026-09-06 06:14:15
India,Uttar Pradesh,Meerut,"Ganga Nagar, Meerut - UPPCB",06-09-2026 11:00:00,28.999264,77.7590354,SO2,22,25,24,2026-09-06 06:14:15
India,Uttar Pradesh,Modinagar,"SRM University, Modinagar - UPPCB",06-09-2026 11:00:00,28.798171,77.540243,PM2.5,23,57,37,2026-09-06 06:14:15
India,Uttar Pradesh,Modinagar,"SRM University, Modinagar - UPPCB",06-09-2026 11:00:00,28.798171,77.540243,PM10,24,41,33,2026-09-06 06:14:15
India,Uttar Pradesh,Modinagar,"SRM University, Modinagar - UPPCB",06-09-2026 11:00:00,28.798171,77.540243,OZONE,1,1,1,2026-09-06 06:14:15
India,Uttar Pradesh,Moradabad,"Eco Herbal Park, Moradabad - UPPCB",06-09-2026 11:00:00,28.840739,78.697531,NO2,14,27,20,2026-09-06 06:14:15
India,Uttar Pradesh,Moradabad,"Eco Herbal Park, Moradabad - UPPCB",06-09-2026 11:00:00,28.840739,78.697531,NH3,6,7,6,2026-09-06 06:14:15
India,Uttar Pradesh,Moradabad,"Buddhi Vihar, Moradabad - UPPCB",06-09-2026 11:00:00,28.83526,78.7446,NH3,5,5,5,2026-09-06 06:14:15
India,Uttar Pradesh,Moradabad,"Transport Nagar, Moradabad - UPPCB",06-09-2026 11:00:00,28.802625,78.753728,PM10,38,133,67,2026-09-06 06:14:15
India,Uttar Pradesh,Agra,"Rohta, Agra - UPPCB",06-09-2026 11:00:00,27.106972,78.000111,PM10,17,117,39,2026-09-06 06:14:15
India,Uttar Pradesh,Agra,"Rohta, Agra - UPPCB",06-09-2026 11:00:00,27.106972,78.000111,NH3,6,6,6,2026-09-06 06:14:15
India,Uttar Pradesh,Agra,"Sector-3B Avas Vikas Colony, Agra - UPPCB",06-09-2026 11:00:00,27.19412,77.96237,PM10,29,58,40,2026-09-06 06:14:15
India,Uttar Pradesh,Agra,"Sector-3B Avas Vikas Colony, Agra - UPPCB",06-09-2026 11:00:00,27.19412,77.96237,CO,39,42,40,2026-09-06 06:14:15
India,Uttar Pradesh,Agra,"Shahjahan Garden, Agra - UPPCB",06-09-2026 11:00:00,27.169338,78.03582,NO2,21,24,23,2026-09-06 06:14:15
India,Uttar Pradesh,Agra,"Manoharpur, Agra - UPPCB",06-09-2026 11:00:00,27.23711,78.01936,PM10,51,80,65,2026-09-06 06:14:15
India,Uttar Pradesh,Agra,"Manoharpur, Agra - UPPCB",06-09-2026 11:00:00,27.23711,78.01936,CO,20,20,20,2026-09-06 06:14:15
India,Uttar Pradesh,Agra,"Shastripuram, Agra - UPPCB",06-09-2026 11:00:00,27.19862,77.92066,PM10,16,32,23,2026-09-06 06:14:15
India,Uttar Pradesh,Agra,"Shastripuram, Agra - UPPCB",06-09-2026 11:00:00,27.19862,77.92066,NO2,53,54,54,2026-09-06 06:14:15
India,Uttar Pradesh,Agra,"Shastripuram, Agra - UPPCB",06-09-2026 11:00:00,27.19862,77.92066,NH3,3,3,3,2026-09-06 06:14:15
India,Uttar Pradesh,Agra,"Shastripuram, Agra - UPPCB",06-09-2026 11:00:00,27.19862,77.92066,SO2,16,23,19,2026-09-06 06:14:15
India,Uttar Pradesh,Agra,"Shastripuram, Agra - UPPCB",06-09-2026 11:00:00,27.19862,77.92066,CO,46,48,47,2026-09-06 06:14:15
India,Uttar Pradesh,Baghpat,"Sardar Patel Inter College, Baghpat - UPPCB",06-09-2026 11:00:00,28.964949,77.278761,PM2.5,3,37,11,2026-09-06 06:14:15
India,Uttar Pradesh,Baghpat,"Sardar Patel Inter College, Baghpat - UPPCB",06-09-2026 11:00:00,28.964949,77.278761,CO,20,30,27,2026-09-06 06:14:15
India,Uttar Pradesh,Baghpat,"Sardar Patel Inter College, Baghpat - UPPCB",06-09-2026 11:00:00,28.964949,77.278761,OZONE,6,29,12,2026-09-06 06:14:15
India,Uttar Pradesh,Bareilly,"Civil Lines, Bareilly - UPPCB",06-09-2026 11:00:00,28.359581,79.414455,SO2,22,51,37,2026-09-06 06:14:15
India,Uttar Pradesh,Bareilly,"Civil Lines, Bareilly - UPPCB",06-09-2026 11:00:00,28.359581,79.414455,CO,23,29,25,2026-09-06 06:14:15
India,Uttar Pradesh,Bulandshahr,"Yamunapuram, Bulandshahr - UPPCB",06-09-2026 11:00:00,28.406963,77.849831,SO2,11,15,13,2026-09-06 06:14:15
India,Uttar Pradesh,Ghaziabad,"Govindpuram, Ghaziabad - UPPCB",06-09-2026 11:00:00,28.694528,77.494705,NO2,40,54,47,2026-09-06 06:14:15
India,Uttar Pradesh,Ghaziabad,"Govindpuram, Ghaziabad - UPPCB",06-09-2026 11:00:00,28.694528,77.494705,NH3,1,2,1,2026-09-06 06:14:15
India,Uttar Pradesh,Gorakhpur,"Madan Mohan Malaviya University of Technology, Gorakhpur - UPPCB",06-09-2026 11:00:00,26.730136,83.433859,NO2,8,12,11,2026-09-06 06:14:15
India,Uttar Pradesh,Gorakhpur,"Madan Mohan Malaviya University of Technology, Gorakhpur - UPPCB",06-09-2026 11:00:00,26.730136,83.433859,NH3,0,1,1,2026-09-06 06:14:15
India,Uttar Pradesh,Gorakhpur,"Madan Mohan Malaviya University of Technology, Gorakhpur - UPPCB",06-09-2026 11:00:00,26.730136,83.433859,SO2,50,52,51,2026-09-06 06:14:15
India,Uttar Pradesh,Greater Noida,"Knowledge Park - III, Greater Noida - UPPCB",06-09-2026 11:00:00,28.47272,77.482,NO2,11,30,19,2026-09-06 06:14:15
India,Uttar Pradesh,Jhansi,"Shivaji Nagar, Jhansi - UPPCB",06-09-2026 11:00:00,25.4547,78.6039,PM2.5,12,48,30,2026-09-06 06:14:15
India,Uttar Pradesh,Jhansi,"Shivaji Nagar, Jhansi - UPPCB",06-09-2026 11:00:00,25.4547,78.6039,NH3,4,4,4,2026-09-06 06:14:15
India,Uttar Pradesh,Kanpur,"FTI Kidwai Nagar, Kanpur - UPPCB",06-09-2026 11:00:00,26.428282,80.327067,PM2.5,9,98,27,2026-09-06 06:14:15
India,Uttar Pradesh,Kanpur,"FTI Kidwai Nagar, Kanpur - UPPCB",06-09-2026 11:00:00,26.428282,80.327067,NO2,26,27,27,2026-09-06 06:14:15
India,Uttar Pradesh,Kanpur,"FTI Kidwai Nagar, Kanpur - UPPCB",06-09-2026 11:00:00,26.428282,80.327067,NH3,3,3,3,2026-09-06 06:14:15
India,Uttar Pradesh,Kanpur,"NSI Kalyanpur, Kanpur - UPPCB",06-09-2026 11:00:00,26.509954,80.249612,PM2.5,16,31,23,2026-09-06 06:14:15
India,Uttar Pradesh,Kanpur,"NSI Kalyanpur, Kanpur - UPPCB",06-09-2026 11:00:00,26.509954,80.249612,NH3,2,2,2,2026-09-06 06:14:15
India,Uttar Pradesh,Kanpur,"NSI Kalyanpur, Kanpur - UPPCB",06-09-2026 11:00:00,26.509954,80.249612,CO,10,15,12,2026-09-06 06:14:15
India,Uttar Pradesh,Fatehpur Sikri,"Dadupura, Fatehpur Sikri - UPPCB",06-09-2026 11:00:00,27.097694,77.671335,NH3,2,2,2,2026-09-06 06:14:15
India,Uttar Pradesh,Fatehpur Sikri,"Dadupura, Fatehpur Sikri - UPPCB",06-09-2026 11:00:00,27.097694,77.671335,SO2,10,11,11,2026-09-06 06:14:15
India,Uttar Pradesh,Firozabad,"Nagla Bhau, Firozabad - UPPCB",06-09-2026 11:00:00,27.168897,78.37696,OZONE,11,20,13,2026-09-06 06:14:15
India,Uttar Pradesh,Firozabad,"Vibhab Nagar, Firozabad - UPPCB",06-09-2026 11:00:00,27.1594,78.3953,CO,30,31,31,2026-09-06 06:14:15
India,Uttar Pradesh,Ghaziabad,"Ved Vihar-Loni, Ghaziabad - UPPCB",06-09-2026 11:00:00,28.739153,77.273668,NO2,19,28,24,2026-09-06 06:14:15
India,Uttar Pradesh,Ghaziabad,"Ved Vihar-Loni, Ghaziabad - UPPCB",06-09-2026 11:00:00,28.739153,77.273668,CO,81,90,86,2026-09-06 06:14:15
India,Uttar Pradesh,Ghaziabad,"Sanjay Nagar, Ghaziabad - UPPCB",06-09-2026 11:00:00,28.685382,77.453839,CO,23,46,36,2026-09-06 06:14:15
India,Uttar Pradesh,Ghaziabad,"Sanjay Nagar, Ghaziabad - UPPCB",06-09-2026 11:00:00,28.685382,77.453839,OZONE,15,21,17,2026-09-06 06:14:15
India,Uttar Pradesh,Ghaziabad,"Indirapuram, Ghaziabad - UPPCB",06-09-2026 11:00:00,28.646233,77.358075,PM2.5,16,69,39,2026-09-06 06:14:15
India,Uttar Pradesh,Ghaziabad,"Vasundhara, Ghaziabad - UPPCB",06-09-2026 11:00:00,28.6603346,77.3572563,SO2,3,36,13,2026-09-06 06:14:15
India,Uttar Pradesh,Ghaziabad,"Vasundhara, Ghaziabad - UPPCB",06-09-2026 11:00:00,28.6603346,77.3572563,CO,32,94,63,2026-09-06 06:14:15
India,Uttar Pradesh,Kanpur,"Nehru Nagar, Kanpur - UPPCB",06-09-2026 11:00:00,26.4703136,80.3229863,PM10,2,25,15,2026-09-06 06:14:15
India,Uttar Pradesh,Kanpur,"Nehru Nagar, Kanpur - UPPCB",06-09-2026 11:00:00,26.4703136,80.3229863,SO2,11,12,11,2026-09-06 06:14:15
India,Uttar Pradesh,Khurja,"Kalindi Kunj, Khurja - UPPCB",06-09-2026 11:00:00,28.2348927,77.8683002,NO2,12,13,13,2026-09-06 06:14:15
India,Uttar Pradesh,Khurja,"Kalindi Kunj, Khurja - UPPCB",06-09-2026 11:00:00,28.2348927,77.8683002,NH3,1,1,1,2026-09-06 06:14:15
India,Uttar Pradesh,Lucknow,"Talkatora District Industries Center, Lucknow - CPCB",06-09-2026 11:00:00,26.83399722,80.8917361,NH3,4,10,7,2026-09-06 06:14:15
India,Uttar Pradesh,Lucknow,"Talkatora District Industries Center, Lucknow - CPCB",06-09-2026 11:00:00,26.83399722,80.8917361,CO,36,63,51,2026-09-06 06:14:15
India,Uttar Pradesh,Lucknow,"Kendriya Vidyalaya, Lucknow - CPCB",06-09-2026 11:00:00,26.906111,80.948222,PM10,27,48,37,2026-09-06 06:14:15
India,Uttar Pradesh,Lucknow,"Kendriya Vidyalaya, Lucknow - CPCB",06-09-2026 11:00:00,26.906111,80.948222,NH3,8,29,17,2026-09-06 06:14:15
India,Uttar Pradesh,Lucknow,"Kendriya Vidyalaya, Lucknow - CPCB",06-09-2026 11:00:00,26.906111,80.948222,OZONE,40,66,45,2026-09-06 06:14:15
India,Uttar Pradesh,Lucknow,"Gomti Nagar, Lucknow - UPPCB",06-09-2026 11:00:00,26.86812,81.005119,CO,37,39,38,2026-09-06 06:14:15
India,Uttar Pradesh,Lucknow,"Lalbagh, Lucknow - CPCB",06-09-2026 11:00:00,26.8458805,80.9365541,PM10,37,77,54,2026-09-06 06:14:15
India,Uttarakhand,Rishikesh,"Shivaji Nagar, Rishikesh - UKPCB",06-09-2026 11:00:00,30.075911,78.2859547,PM10,20,20,20,2026-09-06 06:14:15
India,Uttarakhand,Rishikesh,"Shivaji Nagar, Rishikesh - UKPCB",06-09-2026 11:00:00,30.075911,78.2859547,NO2,6,6,6,2026-09-06 06:14:15
India,Uttarakhand,Rishikesh,"Shivaji Nagar, Rishikesh - UKPCB",06-09-2026 11:00:00,30.075911,78.2859547,OZONE,34,34,34,2026-09-06 06:14:15
India,West Bengal,Asansol,"Trivenidevi Bhalotia College, Asansol - WBPCB",06-09-2026 11:00:00,23.616515,87.119133,CO,28,36,32,2026-09-06 06:14:15
India,West Bengal,Barrackpore,"SVSPA Campus, Barrackpore - WBPCB",06-09-2026 11:00:00,22.7605581,88.3617589,PM2.5,43,89,65,2026-09-06 06:14:15
India,West Bengal,Durgapur,"Mahishkapur Road_B-Zone, Durgapur - WBPCB",06-09-2026 11:00:00,23.567923,87.306843,PM2.5,51,140,72,2026-09-06 06:14:15
India,West Bengal,Durgapur,"Mahishkapur Road_B-Zone, Durgapur - WBPCB",06-09-2026 11:00:00,23.567923,87.306843,NO2,4,18,10,2026-09-06 06:14:15
India,West Bengal,Durgapur,"Mahishkapur Road_B-Zone, Durgapur - WBPCB",06-09-2026 11:00:00,23.567923,87.306843,SO2,2,8,3,2026-09-06 06:14:15
India,West Bengal,Durgapur,"Mahishkapur Road_B-Zone, Durgapur - WBPCB",06-09-2026 11:00:00,23.567923,87.306843,CO,48,65,55,2026-09-06 06:14:15
India,West Bengal,Durgapur,"Womens College_City Center, Durgapur - WBPCB",06-09-2026 11:00:00,23.549395,87.300496,PM10,56,80,66,2026-09-06 06:14:15
India,Uttar Pradesh,Moradabad,"Kashiram Nagar, Moradabad - UPPCB",06-09-2026 11:00:00,28.849399,78.742362,PM2.5,5,95,40,2026-09-06 06:14:15
India,Uttar Pradesh,Moradabad,"Employment Office, Moradabad - UPPCB",06-09-2026 11:00:00,28.88528,78.7388,NO2,23,24,23,2026-09-06 06:14:15
India,Uttar Pradesh,Moradabad,"Employment Office, Moradabad - UPPCB",06-09-2026 11:00:00,28.88528,78.7388,OZONE,14,19,17,2026-09-06 06:14:15
India,Uttar Pradesh,Muzaffarnagar,"New Mandi, Muzaffarnagar - UPPCB",06-09-2026 11:00:00,29.4723508,77.7194031,CO,28,52,37,2026-09-06 06:14:15
India,Uttar Pradesh,Noida,"Sector - 125, Noida - UPPCB",06-09-2026 11:00:00,28.5447608,77.3231257,CO,1,5,3,2026-09-06 06:14:15
India,Uttar Pradesh,Noida,"Sector - 62, Noida - IITM",06-09-2026 11:00:00,28.6245479,77.3577104,OZONE,17,20,19,2026-09-06 06:14:15
India,Uttar Pradesh,Noida,"Sector-116, Noida - UPPCB",06-09-2026 11:00:00,28.56923,77.393848,CO,34,60,45,2026-09-06 06:14:15
India,Telangana,Hyderabad,"IDA Pashamylaram, Hyderabad - TSPCB",06-09-2026 11:00:00,17.5316895,78.218939,CO,4,44,14,2026-09-06 06:14:15
India,Telangana,Hyderabad,"IDA Pashamylaram, Hyderabad - TSPCB",06-09-2026 11:00:00,17.5316895,78.218939,OZONE,5,6,6,2026-09-06 06:14:15
India,Telangana,Hyderabad,"Sanathnagar, Hyderabad - TSPCB",06-09-2026 11:00:00,17.4559458,78.4332152,PM2.5,14,147,34,2026-09-06 06:14:15
India,Telangana,Hyderabad,"Sanathnagar, Hyderabad - TSPCB",06-09-2026 11:00:00,17.4559458,78.4332152,NH3,NA,NA,NA,2026-09-06 06:14:15
India,Telangana,Hyderabad,"Sanathnagar, Hyderabad - TSPCB",06-09-2026 11:00:00,17.4559458,78.4332152,CO,32,45,39,2026-09-06 06:14:15
India,Telangana,Hyderabad,"ICRISAT Patancheru, Hyderabad - TSPCB",06-09-2026 11:00:00,17.5184,78.278777,PM2.5,6,66,31,2026-09-06 06:14:15
India,Telangana,Hyderabad,"ICRISAT Patancheru, Hyderabad - TSPCB",06-09-2026 11:00:00,17.5184,78.278777,PM10,23,140,67,2026-09-06 06:14:15
India,Tripura,Agartala,"Bardowali, Agartala - Tripura SPCB",06-09-2026 11:00:00,23.8175497,91.2726974,CO,28,31,29,2026-09-06 06:14:15
India,West Bengal,Durgapur,"Womens College_City Center, Durgapur - WBPCB",06-09-2026 11:00:00,23.549395,87.300496,OZONE,19,20,19,2026-09-06 06:14:15
India,West Bengal,Haldia,"Priyambada Housing Estate, Haldia - WBPCB",06-09-2026 11:00:00,22.06047,88.109737,SO2,12,13,13,2026-09-06 06:14:15
India,West Bengal,Howrah,"Belur Math, Howrah - WBPCB",06-09-2026 11:00:00,22.629801,88.352017,NH3,3,4,4,2026-09-06 06:14:15
India,West Bengal,Howrah,"Dasnagar, Howrah - WBPCB",06-09-2026 11:00:00,22.6025571,88.3105664,PM2.5,31,228,106,2026-09-06 06:14:15
India,West Bengal,Howrah,"Dasnagar, Howrah - WBPCB",06-09-2026 11:00:00,22.6025571,88.3105664,PM10,43,126,87,2026-09-06 06:14:15
India,West Bengal,Howrah,"Dasnagar, Howrah - WBPCB",06-09-2026 11:00:00,22.6025571,88.3105664,CO,38,46,41,2026-09-06 06:14:15
India,West Bengal,Howrah,"Botanical Garden, Howrah - WBPCB",06-09-2026 11:00:00,22.554954,88.292568,CO,14,17,15,2026-09-06 06:14:15
India,West Bengal,Howrah,"Botanical Garden, Howrah - WBPCB",06-09-2026 11:00:00,22.554954,88.292568,OZONE,33,58,39,2026-09-06 06:14:15
India,West Bengal,Howrah,"Ghusuri, Howrah - WBPCB",06-09-2026 11:00:00,22.611968,88.347422,SO2,8,15,10,2026-09-06 06:14:15
India,West Bengal,Howrah,"Padmapukur, Howrah - WBPCB",06-09-2026 11:00:00,22.5687319,88.2797276,OZONE,16,26,21,2026-09-06 06:14:15
India,West Bengal,Kolkata,"Bidhannagar, Kolkata - WBPCB",06-09-2026 11:00:00,22.58157048,88.41002457,NO2,6,22,14,2026-09-06 06:14:15
India,West Bengal,Kolkata,"Jadavpur, Kolkata - WBPCB",06-09-2026 11:00:00,22.49929,88.36917,CO,23,33,26,2026-09-06 06:14:15
India,West Bengal,Kolkata,"Jadavpur, Kolkata - WBPCB",06-09-2026 11:00:00,22.49929,88.36917,OZONE,11,13,12,2026-09-06 06:14:15
India,West Bengal,Kolkata,"Rabindra Bharati University, Kolkata - WBPCB",06-09-2026 11:00:00,22.627847,88.380669,SO2,8,10,9,2026-09-06 06:14:15
India,West Bengal,Kolkata,"Fort William, Kolkata - WBPCB",06-09-2026 11:00:00,22.55664,88.342674,PM10,38,75,59,2026-09-06 06:14:15
India,West Bengal,Kolkata,"Fort William, Kolkata - WBPCB",06-09-2026 11:00:00,22.55664,88.342674,SO2,5,6,5,2026-09-06 06:14:15
India,West Bengal,Kolkata,"Fort William, Kolkata - WBPCB",06-09-2026 11:00:00,22.55664,88.342674,OZONE,57,75,66,2026-09-06 06:14:15
India,West Bengal,Kolkata,"Ballygunge, Kolkata - WBPCB",06-09-2026 11:00:00,22.5367507,88.3638022,OZONE,16,20,17,2026-09-06 06:14:15
India,West Bengal,Kolkata,"Victoria, Kolkata - WBPCB",06-09-2026 11:00:00,22.5448082,88.3403691,NH3,5,6,6,2026-09-06 06:14:15
